Workbook

Sheet 日报
A1: 46143 | F1: 注：“可用结存”列中红色数据代表库存量过低;
A2: 序号 | B2: 供应商代码 | C2: 供应商名称 | D2: 供应商内部料号 | E2: 零跑零件编号 | F2: 零件名称 | G2: SNP | H2: 器具类型 | I2: 良品上月结存 | J2: 不良品上月结存 | K2: 累进 | L2: 累出 | M2: 零跑退回 | N2: 库内不良 | O2: 退回供应商 | P2: 当前库存 | Q2: 不合格品库存 | R2: 可用结存 | S2: 最高库存量 | T2: 单车用量 | U2: 入库 | AZ2: 出库
U3: 46143 | V3: =U3+1 -> 46144 | W3: =V3+1 -> 46145 | X3: =W3+1 -> 46146 | Y3: =X3+1 -> 46147 | Z3: =Y3+1 -> 46148 | AA3: =Z3+1 -> 46149 | AB3: =AA3+1 -> 46150 | AC3: =AB3+1 -> 46151 | ... AY3: =AX3+1 -> 46173 | AZ3: 46143 | BA3: =AZ3+1 -> 46144 | BB3: =BA3+1 -> 46145 | BC3: =BB3+1 -> 46146 | BD3: =BC3+1 -> 46147 | BE3: =BD3+1 -> 46148 | BF3: =BE3+1 -> 46149 | BG3: =BF3+1 -> 46150 | BH3: =BG3+1 -> 46151 | ... CD3: =CC3+1 -> 46173
A4: =ROW()-3 -> 1 | B4: =IFERROR(VLOOKUP(基础数据!B3,基础数据!B:B,1,0),"") -> 2GQ | C4: =IFERROR(VLOOKUP(基础数据!C3,基础数据!C:C,1,0),"") -> 浙江富特科技股份有限公司 | D4: =IFERROR(VLOOKUP(基础数据!D3,基础数据!D:D,1,0),"") | E4: =IFERROR(VLOOKUP(基础数据!E3,基础数据!E:E,1,0),"") -> 3.1.03.20.00045-A03 | F4: =IFERROR(VLOOKUP(基础数据!F3,基础数据!F:F,1,0),"") -> A平台车载电源二合一 | G4: =IFERROR(VLOOKUP(基础数据!G3,基础数据!G:G,1,0),"") -> 45 | H4: =IFERROR(VLOOKUP(基础数据!H3,基础数据!H:H,1,0),"") -> 围板箱 | I4: 0 | J4: 0 | K4: =SUMIF(合格品入货记录!E:E,日报!E4,合格品入货记录!G:G) -> 0 | L4: =SUMIF(合格品出库记录!E:E,日报!E4,合格品出库记录!G:G) -> 0 | M4: =SUMIF(零跑退回!D:D,日报!E:E,零跑退回!F:F) -> 0 | N4: =SUMIF(库内不良!D:D,E:E,库内不良!F:F) -> 0 | O4: =SUMIF(退回供应商!D:D,日报!E:E,退回供应商!F:F) -> 0 | P4: =R4+Q4 -> 0 | Q4: =J4+M4+N4-O4 -> 0 | R4: =I4+K4-L4-N4 -> 0 | V4: =IF(SUMIFS(合格品入货记录!$G:$G,合格品入货记录!$E:$E,日报!$E:$E,合格品入货记录!$A:$A,日报!V$3)<>0,SUMIFS(合格品入货记录!$G:$G,合格品入货记录!$E:$E,日报!$E:$E,合格品入货记录!$A:$A,日报!V$3),"") | W4: =IF(SUMIFS(合格品入货记录!$G:$G,合格品入货记录!$E:$E,日报!$E:$E,合格品入货记录!$A:$A,日报!W$3)<>0,SUMIFS(合格品入货记录!$G:$G,合格品入货记录!$E:$E,日报!$E:$E,合格品入货记录!$A:$A,日报!W$3),"") | X4: =IF(SUMIFS(合格品入货记录!$G:$G,合格品入货记录!$E:$E,日报!$E:$E,合格品入货记录!$A:$A,日报!X$3)<>0,SUMIFS(合格品入货记录!$G:$G,合格品入货记录!$E:$E,日报!$E:$E,合格品入货记录!$A:$A,日报!X$3),"") | Y4: =IF(SUMIFS(合格品入货记录!$G:$G,合格品入货记录!$E:$E,日报!$E:$E,合格品入货记录!$A:$A,日报!Y$3)<>0,SUMIFS(合格品入货记录!$G:$G,合格品入货记录!$E:$E,日报!$E:$E,合格品入货记录!$A:$A,日报!Y$3),"") | Z4: =IF(SUMIFS(合格品入货记录!$G:$G,合格品入货记录!$E:$E,日报!$E:$E,合格品入货记录!$A:$A,日报!Z$3)<>0,SUMIFS(合格品入货记录!$G:$G,合格品入货记录!$E:$E,日报!$E:$E,合格品入货记录!$A:$A,日报!Z$3),"") | AA4: =IF(SUMIFS(合格品入货记录!$G:$G,合格品入货记录!$E:$E,日报!$E:$E,合格品入货记录!$A:$A,日报!AA$3)<>0,SUMIFS(合格品入货记录!$G:$G,合格品入货记录!$E:$E,日报!$E:$E,合格品入货记录!$A:$A,日报!AA$3),"") | AB4: =IF(SUMIFS(合格品入货记录!$G:$G,合格品入货记录!$E:$E,日报!$E:$E,合格品入货记录!$A:$A,日报!AB$3)<>0,SUMIFS(合格品入货记录!$G:$G,合格品入货记录!$E:$E,日报!$E:$E,合格品入货记录!$A:$A,日报!AB$3),"") | AC4: =IF(SUMIFS(合格品入货记录!$G:$G,合格品入货记录!$E:$E,日报!$E:$E,合格品入货记录!$A:$A,日报!AC$3)<>0,SUMIFS(合格品入货记录!$G:$G,合格品入货记录!$E:$E,日报!$E:$E,合格品入货记录!$A:$A,日报!AC$3),"") | ... AV4: =IF(SUMIFS(合格品入货记录!$G:$G,合格品入货记录!$E:$E,日报!$E:$E,合格品入货记录!$A:$A,日报!AV$3)<>0,SUMIFS(合格品入货记录!$G:$G,合格品入货记录!$E:$E,日报!$E:$E,合格品入货记录!$A:$A,日报!AV$3),"") | AZ4: =IF(SUMIFS(合格品出库记录!$G:$G,合格品出库记录!$E:$E,日报!$E:$E,合格品出库记录!$A:$A,日报!AZ$3)<>0,SUMIFS(合格品出库记录!$G:$G,合格品出库记录!$E:$E,日报!$E:$E,合格品出库记录!$A:$A,日报!AZ$3),"") | BA4: =IF(SUMIFS(合格品出库记录!$G:$G,合格品出库记录!$E:$E,日报!$E:$E,合格品出库记录!$A:$A,日报!BA$3)<>0,SUMIFS(合格品出库记录!$G:$G,合格品出库记录!$E:$E,日报!$E:$E,合格品出库记录!$A:$A,日报!BA$3),"") | BB4: =IF(SUMIFS(合格品出库记录!$G:$G,合格品出库记录!$E:$E,日报!$E:$E,合格品出库记录!$A:$A,日报!BB$3)<>0,SUMIFS(合格品出库记录!$G:$G,合格品出库记录!$E:$E,日报!$E:$E,合格品出库记录!$A:$A,日报!BB$3),"") | BC4: =IF(SUMIFS(合格品出库记录!$G:$G,合格品出库记录!$E:$E,日报!$E:$E,合格品出库记录!$A:$A,日报!BC$3)<>0,SUMIFS(合格品出库记录!$G:$G,合格品出库记录!$E:$E,日报!$E:$E,合格品出库记录!$A:$A,日报!BC$3),"") | BD4: =IF(SUMIFS(合格品出库记录!$G:$G,合格品出库记录!$E:$E,日报!$E:$E,合格品出库记录!$A:$A,日报!BD$3)<>0,SUMIFS(合格品出库记录!$G:$G,合格品出库记录!$E:$E,日报!$E:$E,合格品出库记录!$A:$A,日报!BD$3),"") | BE4: =IF(SUMIFS(合格品出库记录!$G:$G,合格品出库记录!$E:$E,日报!$E:$E,合格品出库记录!$A:$A,日报!BE$3)<>0,SUMIFS(合格品出库记录!$G:$G,合格品出库记录!$E:$E,日报!$E:$E,合格品出库记录!$A:$A,日报!BE$3),"") | BF4: =IF(SUMIFS(合格品出库记录!$G:$G,合格品出库记录!$E:$E,日报!$E:$E,合格品出库记录!$A:$A,日报!BF$3)<>0,SUMIFS(合格品出库记录!$G:$G,合格品出库记录!$E:$E,日报!$E:$E,合格品出库记录!$A:$A,日报!BF$3),"") | BG4: =IF(SUMIFS(合格品出库记录!$G:$G,合格品出库记录!$E:$E,日报!$E:$E,合格品出库记录!$A:$A,日报!BG$3)<>0,SUMIFS(合格品出库记录!$G:$G,合格品出库记录!$E:$E,日报!$E:$E,合格品出库记录!$A:$A,日报!BG$3),"") | ... CD4: =IF(SUMIFS(合格品出库记录!$G:$G,合格品出库记录!$E:$E,日报!$E:$E,合格品出库记录!$A:$A,日报!CD$3)<>0,SUMIFS(合格品出库记录!$G:$G,合格品出库记录!$E:$E,日报!$E:$E,合格品出库记录!$A:$A,日报!CD$3),"")
A5: =ROW()-3 -> 2 | B5: =IFERROR(VLOOKUP(基础数据!B4,基础数据!B:B,1,0),"") -> 2GQ | C5: =IFERROR(VLOOKUP(基础数据!C4,基础数据!C:C,1,0),"") -> 浙江富特科技股份有限公司 | D5: =IFERROR(VLOOKUP(基础数据!D4,基础数据!D:D,1,0),"") | E5: =IFERROR(VLOOKUP(基础数据!E4,基础数据!E:E,1,0),"") -> 3.1.03.20.00073 | F5: =IFERROR(VLOOKUP(基础数据!F4,基础数据!F:F,1,0),"") -> 车载电源二合一 | G5: 45 | H5: =IFERROR(VLOOKUP(基础数据!H4,基础数据!H:H,1,0),"") -> 围板箱 | I5: 3757 | J5: 0 | K5: =SUMIF(合格品入货记录!E:E,日报!E5,合格品入货记录!G:G) -> 4455 | L5: =SUMIF(合格品出库记录!E:E,日报!E5,合格品出库记录!G:G) -> 4500 | M5: =SUMIF(零跑退回!D:D,日报!E:E,零跑退回!F:F) -> 63 | N5: =SUMIF(库内不良!D:D,E:E,库内不良!F:F) -> 52 | O5: =SUMIF(退回供应商!D:D,日报!E:E,退回供应商!F:F) -> 115 | P5: =R5+Q5 -> 3660 | Q5: =J5+M5+N5-O5 -> 0 | R5: =I5+K5-L5-N5 -> 3660 | V5: =IF(SUMIFS(合格品入货记录!$G:$G,合格品入货记录!$E:$E,日报!$E:$E,合格品入货记录!$A:$A,日报!V$3)<>0,SUMIFS(合格品入货记录!$G:$G,合格品入货记录!$E:$E,日报!$E:$E,合格品入货记录!$A:$A,日报!V$3),"") | W5: =IF(SUMIFS(合格品入货记录!$G:$G,合格品入货记录!$E:$E,日报!$E:$E,合格品入货记录!$A:$A,日报!W$3)<>0,SUMIFS(合格品入货记录!$G:$G,合格品入货记录!$E:$E,日报!$E:$E,合格品入货记录!$A:$A,日报!W$3),"") | X5: =IF(SUMIFS(合格品入货记录!$G:$G,合格品入货记录!$E:$E,日报!$E:$E,合格品入货记录!$A:$A,日报!X$3)<>0,SUMIFS(合格品入货记录!$G:$G,合格品入货记录!$E:$E,日报!$E:$E,合格品入货记录!$A:$A,日报!X$3),"") -> 1260 | Y5: =IF(SUMIFS(合格品入货记录!$G:$G,合格品入货记录!$E:$E,日报!$E:$E,合格品入货记录!$A:$A,日报!Y$3)<>0,SUMIFS(合格品入货记录!$G:$G,合格品入货记录!$E:$E,日报!$E:$E,合格品入货记录!$A:$A,日报!Y$3),"") | Z5: =IF(SUMIFS(合格品入货记录!$G:$G,合格品入货记录!$E:$E,日报!$E:$E,合格品入货记录!$A:$A,日报!Z$3)<>0,SUMIFS(合格品入货记录!$G:$G,合格品入货记录!$E:$E,日报!$E:$E,合格品入货记录!$A:$A,日报!Z$3),"") -> 945 | AA5: =IF(SUMIFS(合格品入货记录!$G:$G,合格品入货记录!$E:$E,日报!$E:$E,合格品入货记录!$A:$A,日报!AA$3)<>0,SUMIFS(合格品入货记录!$G:$G,合格品入货记录!$E:$E,日报!$E:$E,合格品入货记录!$A:$A,日报!AA$3),"") | AB5: =IF(SUMIFS(合格品入货记录!$G:$G,合格品入货记录!$E:$E,日报!$E:$E,合格品入货记录!$A:$A,日报!AB$3)<>0,SUMIFS(合格品入货记录!$G:$G,合格品入货记录!$E:$E,日报!$E:$E,合格品入货记录!$A:$A,日报!AB$3),"") -> 990 | AC5: =IF(SUMIFS(合格品入货记录!$G:$G,合格品入货记录!$E:$E,日报!$E:$E,合格品入货记录!$A:$A,日报!AC$3)<>0,SUMIFS(合格品入货记录!$G:$G,合格品入货记录!$E:$E,日报!$E:$E,合格品入货记录!$A:$A,日报!AC$3),"") | ... AV5: =IF(SUMIFS(合格品入货记录!$G:$G,合格品入货记录!$E:$E,日报!$E:$E,合格品入货记录!$A:$A,日报!AV$3)<>0,SUMIFS(合格品入货记录!$G:$G,合格品入货记录!$E:$E,日报!$E:$E,合格品入货记录!$A:$A,日报!AV$3),"") | AZ5: =IF(SUMIFS(合格品出库记录!$G:$G,合格品出库记录!$E:$E,日报!$E:$E,合格品出库记录!$A:$A,日报!AZ$3)<>0,SUMIFS(合格品出库记录!$G:$G,合格品出库记录!$E:$E,日报!$E:$E,合格品出库记录!$A:$A,日报!AZ$3),"") | BA5: =IF(SUMIFS(合格品出库记录!$G:$G,合格品出库记录!$E:$E,日报!$E:$E,合格品出库记录!$A:$A,日报!BA$3)<>0,SUMIFS(合格品出库记录!$G:$G,合格品出库记录!$E:$E,日报!$E:$E,合格品出库记录!$A:$A,日报!BA$3),"") | BB5: =IF(SUMIFS(合格品出库记录!$G:$G,合格品出库记录!$E:$E,日报!$E:$E,合格品出库记录!$A:$A,日报!BB$3)<>0,SUMIFS(合格品出库记录!$G:$G,合格品出库记录!$E:$E,日报!$E:$E,合格品出库记录!$A:$A,日报!BB$3),"") | BC5: =IF(SUMIFS(合格品出库记录!$G:$G,合格品出库记录!$E:$E,日报!$E:$E,合格品出库记录!$A:$A,日报!BC$3)<>0,SUMIFS(合格品出库记录!$G:$G,合格品出库记录!$E:$E,日报!$E:$E,合格品出库记录!$A:$A,日报!BC$3),"") -> 1215 | BD5: =IF(SUMIFS(合格品出库记录!$G:$G,合格品出库记录!$E:$E,日报!$E:$E,合格品出库记录!$A:$A,日报!BD$3)<>0,SUMIFS(合格品出库记录!$G:$G,合格品出库记录!$E:$E,日报!$E:$E,合格品出库记录!$A:$A,日报!BD$3),"") -> 1215 | BE5: =IF(SUMIFS(合格品出库记录!$G:$G,合格品出库记录!$E:$E,日报!$E:$E,合格品出库记录!$A:$A,日报!BE$3)<>0,SUMIFS(合格品出库记录!$G:$G,合格品出库记录!$E:$E,日报!$E:$E,合格品出库记录!$A:$A,日报!BE$3),"") -> 1035 | BF5: =IF(SUMIFS(合格品出库记录!$G:$G,合格品出库记录!$E:$E,日报!$E:$E,合格品出库记录!$A:$A,日报!BF$3)<>0,SUMIFS(合格品出库记录!$G:$G,合格品出库记录!$E:$E,日报!$E:$E,合格品出库记录!$A:$A,日报!BF$3),"") -> 1035 | BG5: =IF(SUMIFS(合格品出库记录!$G:$G,合格品出库记录!$E:$E,日报!$E:$E,合格品出库记录!$A:$A,日报!BG$3)<>0,SUMIFS(合格品出库记录!$G:$G,合格品出库记录!$E:$E,日报!$E:$E,合格品出库记录!$A:$A,日报!BG$3),"") | ... CD5: =IF(SUMIFS(合格品出库记录!$G:$G,合格品出库记录!$E:$E,日报!$E:$E,合格品出库记录!$A:$A,日报!CD$3)<>0,SUMIFS(合格品出库记录!$G:$G,合格品出库记录!$E:$E,日报!$E:$E,合格品出库记录!$A:$A,日报!CD$3),"")
A6: =ROW()-3 -> 3 | B6: =IFERROR(VLOOKUP(基础数据!B5,基础数据!B:B,1,0),"") -> 2GQ | C6: =IFERROR(VLOOKUP(基础数据!C5,基础数据!C:C,1,0),"") -> 浙江富特科技股份有限公司 | D6: =IFERROR(VLOOKUP(基础数据!D5,基础数据!D:D,1,0),"") | E6: =IFERROR(VLOOKUP(基础数据!E5,基础数据!E:E,1,0),"") -> 3.1.03.20.00143 | F6: =IFERROR(VLOOKUP(基础数据!F5,基础数据!F:F,1,0),"") -> 800V车载二合一电源总成 | G6: =IFERROR(VLOOKUP(基础数据!G5,基础数据!G:G,1,0),"") -> 45 | H6: =IFERROR(VLOOKUP(基础数据!H5,基础数据!H:H,1,0),"") -> 围板箱 | I6: 0 | J6: 0 | K6: =SUMIF(合格品入货记录!E:E,日报!E6,合格品入货记录!G:G) -> 0 | L6: =SUMIF(合格品出库记录!E:E,日报!E6,合格品出库记录!G:G) -> 0 | M6: =SUMIF(零跑退回!D:D,日报!E:E,零跑退回!F:F) -> 182 | N6: =SUMIF(库内不良!D:D,E:E,库内不良!F:F) -> 0 | O6: =SUMIF(退回供应商!D:D,日报!E:E,退回供应商!F:F) -> 182 | P6: =R6+Q6 -> 0 | Q6: =J6+M6+N6-O6 -> 0 | R6: =I6+K6-L6-N6 -> 0 | V6: =IF(SUMIFS(合格品入货记录!$G:$G,合格品入货记录!$E:$E,日报!$E:$E,合格品入货记录!$A:$A,日报!V$3)<>0,SUMIFS(合格品入货记录!$G:$G,合格品入货记录!$E:$E,日报!$E:$E,合格品入货记录!$A:$A,日报!V$3),"") | W6: =IF(SUMIFS(合格品入货记录!$G:$G,合格品入货记录!$E:$E,日报!$E:$E,合格品入货记录!$A:$A,日报!W$3)<>0,SUMIFS(合格品入货记录!$G:$G,合格品入货记录!$E:$E,日报!$E:$E,合格品入货记录!$A:$A,日报!W$3),"") | X6: =IF(SUMIFS(合格品入货记录!$G:$G,合格品入货记录!$E:$E,日报!$E:$E,合格品入货记录!$A:$A,日报!X$3)<>0,SUMIFS(合格品入货记录!$G:$G,合格品入货记录!$E:$E,日报!$E:$E,合格品入货记录!$A:$A,日报!X$3),"") | Y6: =IF(SUMIFS(合格品入货记录!$G:$G,合格品入货记录!$E:$E,日报!$E:$E,合格品入货记录!$A:$A,日报!Y$3)<>0,SUMIFS(合格品入货记录!$G:$G,合格品入货记录!$E:$E,日报!$E:$E,合格品入货记录!$A:$A,日报!Y$3),"") | Z6: =IF(SUMIFS(合格品入货记录!$G:$G,合格品入货记录!$E:$E,日报!$E:$E,合格品入货记录!$A:$A,日报!Z$3)<>0,SUMIFS(合格品入货记录!$G:$G,合格品入货记录!$E:$E,日报!$E:$E,合格品入货记录!$A:$A,日报!Z$3),"") | AA6: =IF(SUMIFS(合格品入货记录!$G:$G,合格品入货记录!$E:$E,日报!$E:$E,合格品入货记录!$A:$A,日报!AA$3)<>0,SUMIFS(合格品入货记录!$G:$G,合格品入货记录!$E:$E,日报!$E:$E,合格品入货记录!$A:$A,日报!AA$3),"") | AB6: =IF(SUMIFS(合格品入货记录!$G:$G,合格品入货记录!$E:$E,日报!$E:$E,合格品入货记录!$A:$A,日报!AB$3)<>0,SUMIFS(合格品入货记录!$G:$G,合格品入货记录!$E:$E,日报!$E:$E,合格品入货记录!$A:$A,日报!AB$3),"") | AC6: =IF(SUMIFS(合格品入货记录!$G:$G,合格品入货记录!$E:$E,日报!$E:$E,合格品入货记录!$A:$A,日报!AC$3)<>0,SUMIFS(合格品入货记录!$G:$G,合格品入货记录!$E:$E,日报!$E:$E,合格品入货记录!$A:$A,日报!AC$3),"") | ... AV6: =IF(SUMIFS(合格品入货记录!$G:$G,合格品入货记录!$E:$E,日报!$E:$E,合格品入货记录!$A:$A,日报!AV$3)<>0,SUMIFS(合格品入货记录!$G:$G,合格品入货记录!$E:$E,日报!$E:$E,合格品入货记录!$A:$A,日报!AV$3),"") | AZ6: =IF(SUMIFS(合格品出库记录!$G:$G,合格品出库记录!$E:$E,日报!$E:$E,合格品出库记录!$A:$A,日报!AZ$3)<>0,SUMIFS(合格品出库记录!$G:$G,合格品出库记录!$E:$E,日报!$E:$E,合格品出库记录!$A:$A,日报!AZ$3),"") | BA6: =IF(SUMIFS(合格品出库记录!$G:$G,合格品出库记录!$E:$E,日报!$E:$E,合格品出库记录!$A:$A,日报!BA$3)<>0,SUMIFS(合格品出库记录!$G:$G,合格品出库记录!$E:$E,日报!$E:$E,合格品出库记录!$A:$A,日报!BA$3),"") | BB6: =IF(SUMIFS(合格品出库记录!$G:$G,合格品出库记录!$E:$E,日报!$E:$E,合格品出库记录!$A:$A,日报!BB$3)<>0,SUMIFS(合格品出库记录!$G:$G,合格品出库记录!$E:$E,日报!$E:$E,合格品出库记录!$A:$A,日报!BB$3),"") | BC6: =IF(SUMIFS(合格品出库记录!$G:$G,合格品出库记录!$E:$E,日报!$E:$E,合格品出库记录!$A:$A,日报!BC$3)<>0,SUMIFS(合格品出库记录!$G:$G,合格品出库记录!$E:$E,日报!$E:$E,合格品出库记录!$A:$A,日报!BC$3),"") | BD6: =IF(SUMIFS(合格品出库记录!$G:$G,合格品出库记录!$E:$E,日报!$E:$E,合格品出库记录!$A:$A,日报!BD$3)<>0,SUMIFS(合格品出库记录!$G:$G,合格品出库记录!$E:$E,日报!$E:$E,合格品出库记录!$A:$A,日报!BD$3),"") | BE6: =IF(SUMIFS(合格品出库记录!$G:$G,合格品出库记录!$E:$E,日报!$E:$E,合格品出库记录!$A:$A,日报!BE$3)<>0,SUMIFS(合格品出库记录!$G:$G,合格品出库记录!$E:$E,日报!$E:$E,合格品出库记录!$A:$A,日报!BE$3),"") | BF6: =IF(SUMIFS(合格品出库记录!$G:$G,合格品出库记录!$E:$E,日报!$E:$E,合格品出库记录!$A:$A,日报!BF$3)<>0,SUMIFS(合格品出库记录!$G:$G,合格品出库记录!$E:$E,日报!$E:$E,合格品出库记录!$A:$A,日报!BF$3),"") | BG6: =IF(SUMIFS(合格品出库记录!$G:$G,合格品出库记录!$E:$E,日报!$E:$E,合格品出库记录!$A:$A,日报!BG$3)<>0,SUMIFS(合格品出库记录!$G:$G,合格品出库记录!$E:$E,日报!$E:$E,合格品出库记录!$A:$A,日报!BG$3),"") | ... CD6: =IF(SUMIFS(合格品出库记录!$G:$G,合格品出库记录!$E:$E,日报!$E:$E,合格品出库记录!$A:$A,日报!CD$3)<>0,SUMIFS(合格品出库记录!$G:$G,合格品出库记录!$E:$E,日报!$E:$E,合格品出库记录!$A:$A,日报!CD$3),"")

Sheet 合格品入货记录
A1: 到货日期 | B1: 厂家代码 | C1: 供应商名称 | D1: 到货单号 | E1: 零件编号 | F1: 零件名称 | G1: 收货数量 | H1: 包装类型 | I1: 包装数量 | J1: 箱数 | K1: 备注
A2: 46146 | B2: 2GQ | C2: 浙江富特科技股份有限公司 | E2: 3.1.03.20.00073 | F2: =VLOOKUP(E2,基础数据!E:F,2,0) -> 车载电源二合一 | G2: 1260 | H2: =VLOOKUP(E2,基础数据!E:H,4,0) -> 围板箱 | I2: =VLOOKUP(E2,基础数据!E:G,3,0) -> 45 | J2: =G2/I2 -> 28 | K2: 昌 玉
A3: 46148 | B3: 2GQ | C3: 浙江富特科技股份有限公司 | E3: 3.1.03.20.00073 | F3: =VLOOKUP(E3,基础数据!E:F,2,0) -> 车载电源二合一 | G3: 945 | H3: =VLOOKUP(E3,基础数据!E:H,4,0) -> 围板箱 | I3: =VLOOKUP(E3,基础数据!E:G,3,0) -> 45 | J3: =G3/I3 -> 21 | K3: 昌 玉
A4: 46150 | B4: 2GQ | C4: 浙江富特科技股份有限公司 | E4: 3.1.03.20.00073 | F4: =VLOOKUP(E4,基础数据!E:F,2,0) -> 车载电源二合一 | G4: 990 | H4: =VLOOKUP(E4,基础数据!E:H,4,0) -> 围板箱 | I4: =VLOOKUP(E4,基础数据!E:G,3,0) -> 45 | J4: =G4/I4 -> 22 | K4: 昌 玉
A5: 46154 | B5: 2GQ | C5: 浙江富特科技股份有限公司 | E5: 3.1.03.20.00073 | F5: =VLOOKUP(E5,基础数据!E:F,2,0) -> 车载电源二合一 | G5: 1260 | H5: =VLOOKUP(E5,基础数据!E:H,4,0) -> 围板箱 | I5: =VLOOKUP(E5,基础数据!E:G,3,0) -> 45 | J5: =G5/I5 -> 28 | K5: 昌 玉
F17: =IFERROR(VLOOKUP(E17,日报!E:F,2,0),"") | H17: =IFERROR(VLOOKUP(E17,日报!E:H,4,0),"") | I17: =IFERROR(VLOOKUP(E17,日报!E:G,3,0),"") | J17: =IFERROR(G17/I17,"")
F18: =IFERROR(VLOOKUP(E18,日报!E:F,2,0),"") | H18: =IFERROR(VLOOKUP(E18,日报!E:H,4,0),"") | I18: =IFERROR(VLOOKUP(E18,日报!E:G,3,0),"") | J18: =IFERROR(G18/I18,"")
F19: =IFERROR(VLOOKUP(E19,日报!E:F,2,0),"") | H19: =IFERROR(VLOOKUP(E19,日报!E:H,4,0),"") | I19: =IFERROR(VLOOKUP(E19,日报!E:G,3,0),"") | J19: =IFERROR(G19/I19,"")
F20: =IFERROR(VLOOKUP(E20,日报!E:F,2,0),"") | H20: =IFERROR(VLOOKUP(E20,日报!E:H,4,0),"") | I20: =IFERROR(VLOOKUP(E20,日报!E:G,3,0),"") | J20: =IFERROR(G20/I20,"")
F21: =IFERROR(VLOOKUP(E21,日报!E:F,2,0),"") | H21: =IFERROR(VLOOKUP(E21,日报!E:H,4,0),"") | I21: =IFERROR(VLOOKUP(E21,日报!E:G,3,0),"") | J21: =IFERROR(G21/I21,"")
F22: =IFERROR(VLOOKUP(E22,日报!E:F,2,0),"") | H22: =IFERROR(VLOOKUP(E22,日报!E:H,4,0),"") | I22: =IFERROR(VLOOKUP(E22,日报!E:G,3,0),"") | J22: =IFERROR(G22/I22,"")
F23: =IFERROR(VLOOKUP(E23,日报!E:F,2,0),"") | H23: =IFERROR(VLOOKUP(E23,日报!E:H,4,0),"") | I23: =IFERROR(VLOOKUP(E23,日报!E:G,3,0),"") | J23: =IFERROR(G23/I23,"")
F24: =IFERROR(VLOOKUP(E24,日报!E:F,2,0),"") | H24: =IFERROR(VLOOKUP(E24,日报!E:H,4,0),"") | I24: =IFERROR(VLOOKUP(E24,日报!E:G,3,0),"") | J24: =IFERROR(G24/I24,"")
F25: =IFERROR(VLOOKUP(E25,日报!E:F,2,0),"") | H25: =IFERROR(VLOOKUP(E25,日报!E:H,4,0),"") | I25: =IFERROR(VLOOKUP(E25,日报!E:G,3,0),"") | J25: =IFERROR(G25/I25,"")
F26: =IFERROR(VLOOKUP(E26,日报!E:F,2,0),"") | H26: =IFERROR(VLOOKUP(E26,日报!E:H,4,0),"") | I26: =IFERROR(VLOOKUP(E26,日报!E:G,3,0),"") | J26: =IFERROR(G26/I26,"")
F27: =IFERROR(VLOOKUP(E27,日报!E:F,2,0),"") | H27: =IFERROR(VLOOKUP(E27,日报!E:H,4,0),"") | I27: =IFERROR(VLOOKUP(E27,日报!E:G,3,0),"") | J27: =IFERROR(G27/I27,"")
F28: =IFERROR(VLOOKUP(E28,日报!E:F,2,0),"") | H28: =IFERROR(VLOOKUP(E28,日报!E:H,4,0),"") | I28: =IFERROR(VLOOKUP(E28,日报!E:G,3,0),"") | J28: =IFERROR(G28/I28,"")
... F143: =IFERROR(VLOOKUP(E143,日报!E:F,2,0),"") | H143: =IFERROR(VLOOKUP(E143,日报!E:H,4,0),"") | I143: =IFERROR(VLOOKUP(E143,日报!E:G,3,0),"") | J143: =IFERROR(G143/I143,"")
F144: =IFERROR(VLOOKUP(E144,日报!E:F,2,0),"") | H144: =IFERROR(VLOOKUP(E144,日报!E:H,4,0),"") | I144: =IFERROR(VLOOKUP(E144,日报!E:G,4,0),"") | J144: =IFERROR(G144/I144,"")
F145: =IFERROR(VLOOKUP(E145,日报!E:F,2,0),"") | H145: =IFERROR(VLOOKUP(E145,日报!E:H,4,0),"") | I145: =IFERROR(VLOOKUP(E145,日报!E:G,4,0),"") | J145: =IFERROR(G145/I145,"")
F146: =IFERROR(VLOOKUP(E146,日报!E:F,2,0),"") | H146: =IFERROR(VLOOKUP(E146,日报!E:H,4,0),"") | I146: =IFERROR(VLOOKUP(E146,日报!E:G,4,0),"") | J146: =IFERROR(G146/I146,"")
F147: =IFERROR(VLOOKUP(E147,日报!E:F,2,0),"") | H147: =IFERROR(VLOOKUP(E147,日报!E:H,4,0),"") | I147: =IFERROR(VLOOKUP(E147,日报!E:G,4,0),"") | J147: =IFERROR(G147/I147,"")
F148: =IFERROR(VLOOKUP(E148,日报!E:F,2,0),"") | H148: =IFERROR(VLOOKUP(E148,日报!E:H,4,0),"") | I148: =IFERROR(VLOOKUP(E148,日报!E:G,4,0),"") | J148: =IFERROR(G148/I148,"")
F149: =IFERROR(VLOOKUP(E149,日报!E:F,2,0),"") | H149: =IFERROR(VLOOKUP(E149,日报!E:H,4,0),"") | I149: =IFERROR(VLOOKUP(E149,日报!E:G,4,0),"") | J149: =IFERROR(G149/I149,"")
F150: =IFERROR(VLOOKUP(E150,日报!E:F,2,0),"") | H150: =IFERROR(VLOOKUP(E150,日报!E:H,4,0),"") | I150: =IFERROR(VLOOKUP(E150,日报!E:G,4,0),"") | J150: =IFERROR(G150/I150,"")
F151: =IFERROR(VLOOKUP(E151,日报!E:F,2,0),"") | H151: =IFERROR(VLOOKUP(E151,日报!E:H,4,0),"") | I151: =IFERROR(VLOOKUP(E151,日报!E:G,4,0),"") | J151: =IFERROR(G151/I151,"")
F152: =IFERROR(VLOOKUP(E152,日报!E:F,2,0),"") | H152: =IFERROR(VLOOKUP(E152,日报!E:H,4,0),"") | I152: =IFERROR(VLOOKUP(E152,日报!E:G,4,0),"") | J152: =IFERROR(G152/I152,"")
F153: =IFERROR(VLOOKUP(E153,日报!E:F,2,0),"") | H153: =IFERROR(VLOOKUP(E153,日报!E:H,4,0),"") | I153: =IFERROR(VLOOKUP(E153,日报!E:G,4,0),"") | J153: =IFERROR(G153/I153,"")
F154: =IFERROR(VLOOKUP(E154,日报!E:F,2,0),"") | H154: =IFERROR(VLOOKUP(E154,日报!E:H,4,0),"") | I154: =IFERROR(VLOOKUP(E154,日报!E:G,4,0),"") | J154: =IFERROR(G154/I154,"")
F155: =IFERROR(VLOOKUP(E155,日报!E:F,2,0),"") | H155: =IFERROR(VLOOKUP(E155,日报!E:H,4,0),"") | I155: =IFERROR(VLOOKUP(E155,日报!E:G,4,0),"") | J155: =IFERROR(G155/I155,"")
... F272: =IFERROR(VLOOKUP(E272,日报!E:F,2,0),"") | H272: =IFERROR(VLOOKUP(E272,日报!E:H,4,0),"") | I272: =IFERROR(VLOOKUP(E272,日报!E:G,4,0),"") | J272: =IFERROR(G272/I272,"")

Sheet 合格品出库记录
A1: 发货日期 | B1: 厂家代码 | C1: 供应商名称 | D1: 装箱单号 | E1: 零件编号 | F1: 零件名称 | G1: 发货数量 | H1: 包装类型 | I1: 包装数量 | J1: 备注 | K1: 箱数
A2: 46146 | B2: 2GQ | C2: 浙江富特科技股份有限公司 | D2: 652335201 | E2: 3.1.03.20.00073 | F2: =IFERROR(VLOOKUP(E2,基础数据!$E$4:$H$4,2,0),"") -> 车载电源二合一 | G2: 1215 | H2: =IFERROR(VLOOKUP(E2,基础数据!$E$4:$H$4,4,0),"") -> 围板箱 | I2: =IFERROR(VLOOKUP(E2,基础数据!$E$4:$H$4,3,0),"") -> 45 | J2: 昌 玉 | K2: =IFERROR(G2/I2,"") -> 27
A3: 46147 | B3: 2GQ | C3: 浙江富特科技股份有限公司 | D3: 652343470 | E3: 3.1.03.20.00073 | F3: =IFERROR(VLOOKUP(E3,基础数据!$E$4:$H$4,2,0),"") -> 车载电源二合一 | G3: 1215 | H3: =IFERROR(VLOOKUP(E3,基础数据!$E$4:$H$4,4,0),"") -> 围板箱 | I3: =IFERROR(VLOOKUP(E3,基础数据!$E$4:$H$4,3,0),"") -> 45 | J3: 昌 玉 | K3: =IFERROR(G3/I3,"") -> 27
A4: 46148 | B4: 2GQ | C4: 浙江富特科技股份有限公司 | D4: 652348192 | E4: 3.1.03.20.00073 | F4: =IFERROR(VLOOKUP(E4,基础数据!$E$4:$H$4,2,0),"") -> 车载电源二合一 | G4: 1035 | H4: =IFERROR(VLOOKUP(E4,基础数据!$E$4:$H$4,4,0),"") -> 围板箱 | I4: =IFERROR(VLOOKUP(E4,基础数据!$E$4:$H$4,3,0),"") -> 45 | J4: 昌 玉 | K4: =IFERROR(G4/I4,"") -> 23
A5: 46149 | B5: 2GQ | C5: 浙江富特科技股份有限公司 | D5: 652354825 | E5: 3.1.03.20.00073 | F5: =IFERROR(VLOOKUP(E5,基础数据!$E$4:$H$4,2,0),"") -> 车载电源二合一 | G5: 1035 | H5: =IFERROR(VLOOKUP(E5,基础数据!$E$4:$H$4,4,0),"") -> 围板箱 | I5: =IFERROR(VLOOKUP(E5,基础数据!$E$4:$H$4,3,0),"") -> 45 | J5: 昌 玉 | K5: =IFERROR(G5/I5,"") -> 23
F26: =IFERROR(VLOOKUP(E26,基础数据!$E$4:$H$5,2,0),"") | H26: =IFERROR(VLOOKUP(E26,基础数据!$E$4:$H$4,4,0),"") | I26: =IFERROR(VLOOKUP(E26,基础数据!$E$4:$H$4,3,0),"") | K26: =IFERROR(G26/I26,"")
F27: =IFERROR(VLOOKUP(E27,日报!E:G,2,0),"") | H27: =IFERROR(VLOOKUP(E27,基础数据!$E$4:$H$4,4,0),"") | I27: =IFERROR(VLOOKUP(E27,基础数据!$E$4:$H$4,3,0),"") | K27: =IFERROR(G27/I27,"")
F28: =IFERROR(VLOOKUP(E28,日报!E:G,2,0),"") | H28: =IFERROR(VLOOKUP(E28,基础数据!$E$4:$H$4,4,0),"") | I28: =IFERROR(VLOOKUP(E28,基础数据!$E$4:$H$4,3,0),"") | K28: =IFERROR(G28/I28,"")
F29: =IFERROR(VLOOKUP(E29,日报!E:G,2,0),"") | H29: =IFERROR(VLOOKUP(E29,基础数据!$E$4:$H$4,4,0),"") | I29: =IFERROR(VLOOKUP(E29,基础数据!$E$4:$H$4,3,0),"") | K29: =IFERROR(G29/I29,"")
F30: =IFERROR(VLOOKUP(E30,日报!E:G,2,0),"") | H30: =IFERROR(VLOOKUP(E30,基础数据!$E$4:$H$4,4,0),"") | I30: =IFERROR(VLOOKUP(E30,基础数据!$E$4:$H$4,3,0),"") | K30: =IFERROR(G30/I30,"")
F31: =IFERROR(VLOOKUP(E31,日报!E:G,2,0),"") | H31: =IFERROR(VLOOKUP(E31,基础数据!$E$4:$H$4,4,0),"") | I31: =IFERROR(VLOOKUP(E31,基础数据!$E$4:$H$4,3,0),"") | K31: =IFERROR(G31/I31,"")
F32: =IFERROR(VLOOKUP(E32,日报!E:G,2,0),"") | H32: =IFERROR(VLOOKUP(E32,基础数据!$E$4:$H$4,4,0),"") | I32: =IFERROR(VLOOKUP(E32,基础数据!$E$4:$H$4,3,0),"") | K32: =IFERROR(G32/I32,"")
F33: =IFERROR(VLOOKUP(E33,日报!E:G,2,0),"") | H33: =IFERROR(VLOOKUP(E33,基础数据!$E$4:$H$4,4,0),"") | I33: =IFERROR(VLOOKUP(E33,基础数据!$E$4:$H$4,3,0),"") | K33: =IFERROR(G33/I33,"")
F34: =IFERROR(VLOOKUP(E34,日报!E:G,2,0),"") | H34: =IFERROR(VLOOKUP(E34,基础数据!$E$4:$H$4,4,0),"") | I34: =IFERROR(VLOOKUP(E34,基础数据!$E$4:$H$4,3,0),"") | K34: =IFERROR(G34/I34,"")
F35: =IFERROR(VLOOKUP(E35,日报!E:G,2,0),"") | H35: =IFERROR(VLOOKUP(E35,基础数据!$E$4:$H$4,4,0),"") | I35: =IFERROR(VLOOKUP(E35,基础数据!$E$4:$H$4,3,0),"") | K35: =IFERROR(G35/I35,"")
F36: =IFERROR(VLOOKUP(E36,日报!E:G,2,0),"") | H36: =IFERROR(VLOOKUP(E36,基础数据!$E$4:$H$4,4,0),"") | I36: =IFERROR(VLOOKUP(E36,基础数据!$E$4:$H$4,3,0),"") | K36: =IFERROR(G36/I36,"")
F37: =IFERROR(VLOOKUP(E37,日报!E:G,2,0),"") | H37: =IFERROR(VLOOKUP(E37,基础数据!$E$4:$H$4,4,0),"") | I37: =IFERROR(VLOOKUP(E37,基础数据!$E$4:$H$4,3,0),"") | K37: =IFERROR(G37/I37,"")
F38: =IFERROR(VLOOKUP(E38,日报!E:G,2,0),"") | H38: =IFERROR(VLOOKUP(E38,基础数据!$E$4:$H$4,4,0),"") | I38: =IFERROR(VLOOKUP(E38,基础数据!$E$4:$H$4,3,0),"") | K38: =IFERROR(G38/I38,"")
... F291: =IFERROR(VLOOKUP(E291,日报!E:G,2,0),"") | H291: =IFERROR(VLOOKUP(E291,基础数据!$E$4:$H$4,4,0),"") | I291: =IFERROR(VLOOKUP(E291,基础数据!$E$4:$H$4,3,0),"") | K291: =IFERROR(G291/I291,"")

Sheet 零跑退回
A1: 日期 | B1: 厂家代码 | C1: 供应商名称 | D1: 零件号/空盛具 | E1: 零件名称 | F1: 退货数量 | G1: 收货人 | H1: 备注 | I1: 单号 | J1: 备注2
A2: 46149 | B2: 2GQ | C2: 浙江富特科技股份有限公司 | D2: 3.1.03.20.00073 | E2: =IFERROR(VLOOKUP(D2,基础数据!E:F,2,0),"") -> 车载电源二合一 | F2: =18+45 -> 63 | G2: 昌 玉 | H2: 零跑退回不良品
A3: 46149 | B3: 2GQ | C3: 浙江富特科技股份有限公司 | D3: 3.1.03.20.00143 | E3: =IFERROR(VLOOKUP(D3,基础数据!E:F,2,0),"") -> 800V车载二合一电源总成 | F3: =45+45 -> 90 | G3: 昌 玉 | H3: 零跑退回不良品
A4: 46150 | B4: 2GQ | C4: 浙江富特科技股份有限公司 | D4: 3.1.03.20.00143 | E4: =IFERROR(VLOOKUP(D4,基础数据!E:F,2,0),"") -> 800V车载二合一电源总成 | F4: 85 | G4: 昌 玉 | H4: 零跑退回不良品
A5: 46152 | B5: 2GQ | C5: 浙江富特科技股份有限公司 | D5: 3.1.03.20.00143 | E5: =IFERROR(VLOOKUP(D5,基础数据!E:F,2,0),"") -> 800V车载二合一电源总成 | F5: 7 | G5: 昌 玉 | H5: 零跑退回不良品
E6: =IFERROR(VLOOKUP(D6,基础数据!E:F,2,0),"")
E7: =IFERROR(VLOOKUP(D7,基础数据!E:F,2,0),"")
E8: =IFERROR(VLOOKUP(D8,基础数据!E:F,2,0),"")
E9: =IFERROR(VLOOKUP(D9,基础数据!E:F,2,0),"")
E10: =IFERROR(VLOOKUP(D10,基础数据!E:F,2,0),"")
E11: =IFERROR(VLOOKUP(D11,基础数据!E:F,2,0),"")
E12: =IFERROR(VLOOKUP(D12,基础数据!E:F,2,0),"")
E13: =IFERROR(VLOOKUP(D13,基础数据!E:F,2,0),"")
E14: =IFERROR(VLOOKUP(D14,基础数据!E:F,2,0),"")
E15: =IFERROR(VLOOKUP(D15,基础数据!E:F,2,0),"")
E16: =IFERROR(VLOOKUP(D16,基础数据!E:F,2,0),"")
E17: =IFERROR(VLOOKUP(D17,基础数据!E:F,2,0),"")
... E44: =IFERROR(VLOOKUP(D44,基础数据!E:F,2,0),"")

Sheet 库内不良
A1: 日期 | B1: 厂家代码 | C1: 供应商名称 | D1: 零件号/空盛具 | E1: 零件名称 | F1: 退货数量 | G1: 发货人 | H1: 备注 | I1: 单号 | J1: 备注2
A2: 46145 | B2: 2GQ | C2: 浙江富特科技股份有限公司 | D2: 3.1.03.20.00073 | E2: =IFERROR(VLOOKUP(D2,基础数据!E:F,2,0),"") -> 车载电源二合一 | F2: 52 | G2: 昌 玉 | H2: 供应商排查不良
E3: =IFERROR(VLOOKUP(D3,基础数据!E:F,2,0),"")
E4: =IFERROR(VLOOKUP(D4,基础数据!E:F,2,0),"")
E5: =IFERROR(VLOOKUP(D5,基础数据!E:F,2,0),"")
E6: =IFERROR(VLOOKUP(D6,基础数据!E:F,2,0),"")
E7: =IFERROR(VLOOKUP(D7,基础数据!E:F,2,0),"")
E8: =IFERROR(VLOOKUP(D8,基础数据!E:F,2,0),"")
E9: =IFERROR(VLOOKUP(D9,基础数据!E:F,2,0),"")
E10: =IFERROR(VLOOKUP(D10,基础数据!E:F,2,0),"")
E11: =IFERROR(VLOOKUP(D11,基础数据!E:F,2,0),"")
E12: =IFERROR(VLOOKUP(D12,基础数据!E:F,2,0),"")
E13: =IFERROR(VLOOKUP(D13,基础数据!E:F,2,0),"")
E14: =IFERROR(VLOOKUP(D14,基础数据!E:F,2,0),"")
... E25: =IFERROR(VLOOKUP(D25,基础数据!E:F,2,0),"")

Sheet 退回供应商
A1: 日期 | B1: 厂家代码 | C1: 供应商名称 | D1: 零件号/空盛具 | E1: 零件名称 | F1: 退货数量 | G1: 发货人 | H1: 备注 | I1: 单号 | J1: 备注2
A2: 46145 | B2: 2GQ | C2: 浙江富特科技股份有限公司 | D2: 3.1.03.20.00073 | E2: =IFERROR(VLOOKUP(D2,基础数据!E:F,2,0),"") -> 车载电源二合一 | F2: 3 | G2: 昌 玉 | H2: 退回供应商 | I2: HZC20260506-001
A3: 46149 | B3: 2GQ | C3: 浙江富特科技股份有限公司 | D3: 3.1.03.20.00073 | E3: =IFERROR(VLOOKUP(D3,基础数据!E:F,2,0),"") -> 车载电源二合一 | F3: 1 | G3: 昌 玉 | H3: 退回供应商 | I3: HZC20260507-001
A4: 46150 | B4: 2GQ | C4: 浙江富特科技股份有限公司 | D4: 3.1.03.20.00073 | E4: =IFERROR(VLOOKUP(D4,基础数据!E:F,2,0),"") -> 车载电源二合一 | F4: 111 | G4: 昌 玉 | H4: 退回供应商 | I4: HZC20260508-001
A5: 46150 | B5: 2GQ | C5: 浙江富特科技股份有限公司 | D5: 3.1.03.20.00143 | E5: =IFERROR(VLOOKUP(D5,基础数据!E:F,2,0),"") -> 800V车载二合一电源总成 | F5: 175 | G5: 昌 玉 | H5: 退回供应商 | I5: HZC20260508-001
A6: 46154 | B6: 2GQ | C6: 浙江富特科技股份有限公司 | D6: 3.1.03.20.00143 | E6: =IFERROR(VLOOKUP(D6,基础数据!E:F,2,0),"") -> 800V车载二合一电源总成 | F6: 7 | G6: 昌 玉 | H6: 退回供应商
E8: =IFERROR(VLOOKUP(D8,基础数据!E:F,2,0),"")
E9: =IFERROR(VLOOKUP(D9,基础数据!E:F,2,0),"")
E10: =IFERROR(VLOOKUP(D10,基础数据!E:F,2,0),"")
E11: =IFERROR(VLOOKUP(D11,基础数据!E:F,2,0),"")
E12: =IFERROR(VLOOKUP(D12,基础数据!E:F,2,0),"")
E13: =IFERROR(VLOOKUP(D13,基础数据!E:F,2,0),"")
E14: =IFERROR(VLOOKUP(D14,基础数据!E:F,2,0),"")
E15: =IFERROR(VLOOKUP(D15,基础数据!E:F,2,0),"")
E16: =IFERROR(VLOOKUP(D16,基础数据!E:F,2,0),"")
E17: =IFERROR(VLOOKUP(D17,基础数据!E:F,2,0),"")
E18: =IFERROR(VLOOKUP(D18,基础数据!E:F,2,0),"")
E19: =IFERROR(VLOOKUP(D19,基础数据!E:F,2,0),"")
... E34: =IFERROR(VLOOKUP(D34,基础数据!E:F,2,0),"")

Sheet 基础数据
A1: 序号 | B1: 供应商代码 | C1: 供应商名称 | D1: 供应商内部料号 | E1: 零跑零件编号 | F1: 零件名称 | G1: SNP | H1: 器具类型 | I1: 交付地点
A3: 1 | B3: 2GQ | C3: 浙江富特科技股份有限公司 | E3: 3.1.03.20.00045-A03 | F3: A平台车载电源二合一 | G3: 45 | H3: 围板箱 | I3: 电驱一体化
A4: 2 | B4: 2GQ | C4: 浙江富特科技股份有限公司 | E4: 3.1.03.20.00073 | F4: 车载电源二合一 | G4: 45 | H4: 围板箱 | I4: 电驱一体化
A5: 3 | B5: 2GQ | C5: 浙江富特科技股份有限公司 | E5: 3.1.03.20.00143 | F5: 800V车载二合一电源总成 | G5: 45 | H5: 围板箱 | I5: 电驱一体化

Sheet Sheet1
