Workbook

Sheet 日报
A1: 46143 | E1: 注：“可用结存”列中红色数据代表库存量过低，黄色数据代表超出最高库存量。
A2: 序号 | B2: 供应商代码 | C2: 供应商名称 | D2: 零件编号 | E2: 零件名称 | F2: SNP | G2: 上月结存 | H2: 累进 | I2: 累出 | J2: 零跑退回良品 | K2: 当前库存 | L2: 不合格品库存 | M2: 可用结存 | N2: 最高库存量 | O2: 单车用量 | P2: 入库 | AU2: 出库 | BZ2: 领跑良品退回
P3: 46143 | Q3: 46144 | R3: 46145 | S3: 46146 | T3: 46147 | U3: 46148 | V3: 46149 | W3: 46150 | X3: 46151 | Y3: 46152 | Z3: 46153 | AA3: 46154 | AB3: 46155 | AC3: 46156 | AD3: 46157 | AE3: 46158 | AF3: 46159 | AG3: 46160 | AH3: 46161 | AI3: 46162 | AJ3: 46163 | AK3: 46164 | AL3: 46165 | AM3: 46166 | AN3: 46167 | AO3: 46168 | AP3: 46169 | AQ3: 46170 | AR3: 46171 | AS3: 46172 | AT3: 46173 | AU3: 46143 | AV3: 46144 | AW3: 46145 | AX3: 46146 | AY3: 46147 | AZ3: 46148 | BA3: 46149 | BB3: 46150 | BC3: 46151 | BD3: 46152 | BE3: 46153 | BF3: 46154 | BG3: 46155 | BH3: 46156 | BI3: 46157 | BJ3: 46158 | BK3: 46159 | BL3: 46160 | BM3: 46161 | BN3: 46162 | BO3: 46163 | BP3: 46164 | BQ3: 46165 | BR3: 46166 | BS3: 46167 | BT3: 46168 | BU3: 46169 | BV3: 46170 | BW3: 46171 | BX3: 46172 | BY3: 46173 | BZ3: 46143 | CA3: 46144 | CB3: 46145 | CC3: 46146 | CD3: 46147 | CE3: 46148 | CF3: 46149 | CG3: 46150 | CH3: 46151 | CI3: 46152 | CJ3: 46153 | CK3: 46154 | CL3: 46155 | CM3: 46156 | CN3: 46157 | CO3: 46158 | CP3: 46159 | CQ3: 46160 | CR3: 46161 | CS3: 46162 | CT3: 46163 | CU3: 46164 | CV3: 46165 | CW3: 46166 | CX3: 46167 | CY3: 46168 | CZ3: 46169 | DA3: 46170 | DB3: 46171 | DC3: 46172 | DD3: 46173
A4: 48 | B4: 1DC | C4: 东莞市硅翔绝缘材料有限公司 | D4: 3.2.49.08.00346-000 | E4: T03A_PBP-模组（南京国轩电芯）CCS总成1 | F4: =IFERROR(VLOOKUP(D51,'[1]#REF'!D:F,3,FALSE),"0") -> 0 | G4: 22 | H4: =SUMIF(合格品入库记录!E:E,日报!D51,合格品入库记录!G:G) -> 0 | I4: =SUMIF(合格品出库记录!E:E,日报!D51,合格品出库记录!G:G) -> 0 | J4: =SUMIF(领跑良品退回!E:E,D51,领跑良品退回!G:G) -> 0 | K4: =M51+L51 -> 0 | L4: =SUMIF(不良品库存!D:D,D:D,不良品库存!F:F) -> 0 | M4: =G51+H51-I51+J51 -> 0 | N4: #N/A | P4: =IF(SUMIFS(合格品入库记录!$G:$G,合格品入库记录!$E:$E,日报!$D:$D,合格品入库记录!$A:$A,日报!P$3)<>0,SUMIFS(合格品入库记录!$G:$G,合格品入库记录!$E:$E,日报!$D:$D,合格品入库记录!$A:$A,日报!P$3),"") | Q4: =IF(SUMIFS(合格品入库记录!$G:$G,合格品入库记录!$E:$E,日报!$D:$D,合格品入库记录!$A:$A,日报!Q$3)<>0,SUMIFS(合格品入库记录!$G:$G,合格品入库记录!$E:$E,日报!$D:$D,合格品入库记录!$A:$A,日报!Q$3),"") | R4: =IF(SUMIFS(合格品入库记录!$G:$G,合格品入库记录!$E:$E,日报!$D:$D,合格品入库记录!$A:$A,日报!R$3)<>0,SUMIFS(合格品入库记录!$G:$G,合格品入库记录!$E:$E,日报!$D:$D,合格品入库记录!$A:$A,日报!R$3),"") | S4: =IF(SUMIFS(合格品入库记录!$G:$G,合格品入库记录!$E:$E,日报!$D:$D,合格品入库记录!$A:$A,日报!S$3)<>0,SUMIFS(合格品入库记录!$G:$G,合格品入库记录!$E:$E,日报!$D:$D,合格品入库记录!$A:$A,日报!S$3),"") | T4: =IF(SUMIFS(合格品入库记录!$G:$G,合格品入库记录!$E:$E,日报!$D:$D,合格品入库记录!$A:$A,日报!T$3)<>0,SUMIFS(合格品入库记录!$G:$G,合格品入库记录!$E:$E,日报!$D:$D,合格品入库记录!$A:$A,日报!T$3),"") | U4: =IF(SUMIFS(合格品入库记录!$G:$G,合格品入库记录!$E:$E,日报!$D:$D,合格品入库记录!$A:$A,日报!U$3)<>0,SUMIFS(合格品入库记录!$G:$G,合格品入库记录!$E:$E,日报!$D:$D,合格品入库记录!$A:$A,日报!U$3),"") | V4: =IF(SUMIFS(合格品入库记录!$G:$G,合格品入库记录!$E:$E,日报!$D:$D,合格品入库记录!$A:$A,日报!V$3)<>0,SUMIFS(合格品入库记录!$G:$G,合格品入库记录!$E:$E,日报!$D:$D,合格品入库记录!$A:$A,日报!V$3),"") | W4: =IF(SUMIFS(合格品入库记录!$G:$G,合格品入库记录!$E:$E,日报!$D:$D,合格品入库记录!$A:$A,日报!W$3)<>0,SUMIFS(合格品入库记录!$G:$G,合格品入库记录!$E:$E,日报!$D:$D,合格品入库记录!$A:$A,日报!W$3),"") | ... AT4: =IF(SUMIFS(合格品入库记录!$G:$G,合格品入库记录!$E:$E,日报!$D:$D,合格品入库记录!$A:$A,日报!AT$3)<>0,SUMIFS(合格品入库记录!$G:$G,合格品入库记录!$E:$E,日报!$D:$D,合格品入库记录!$A:$A,日报!AT$3),"") | AU4: =IF(SUMIFS(合格品出库记录!$G:$G,合格品出库记录!$E:$E,日报!$D:$D,合格品出库记录!$A:$A,日报!AU$3)<>0,SUMIFS(合格品出库记录!$G:$G,合格品出库记录!$E:$E,日报!$D:$D,合格品出库记录!$A:$A,日报!AU$3),"") | AV4: =IF(SUMIFS(合格品出库记录!$G:$G,合格品出库记录!$E:$E,日报!$D:$D,合格品出库记录!$A:$A,日报!AV$3)<>0,SUMIFS(合格品出库记录!$G:$G,合格品出库记录!$E:$E,日报!$D:$D,合格品出库记录!$A:$A,日报!AV$3),"") | AW4: =IF(SUMIFS(合格品出库记录!$G:$G,合格品出库记录!$E:$E,日报!$D:$D,合格品出库记录!$A:$A,日报!AW$3)<>0,SUMIFS(合格品出库记录!$G:$G,合格品出库记录!$E:$E,日报!$D:$D,合格品出库记录!$A:$A,日报!AW$3),"") | AX4: =IF(SUMIFS(合格品出库记录!$G:$G,合格品出库记录!$E:$E,日报!$D:$D,合格品出库记录!$A:$A,日报!AX$3)<>0,SUMIFS(合格品出库记录!$G:$G,合格品出库记录!$E:$E,日报!$D:$D,合格品出库记录!$A:$A,日报!AX$3),"") | AY4: =IF(SUMIFS(合格品出库记录!$G:$G,合格品出库记录!$E:$E,日报!$D:$D,合格品出库记录!$A:$A,日报!AY$3)<>0,SUMIFS(合格品出库记录!$G:$G,合格品出库记录!$E:$E,日报!$D:$D,合格品出库记录!$A:$A,日报!AY$3),"") | AZ4: =IF(SUMIFS(合格品出库记录!$G:$G,合格品出库记录!$E:$E,日报!$D:$D,合格品出库记录!$A:$A,日报!AZ$3)<>0,SUMIFS(合格品出库记录!$G:$G,合格品出库记录!$E:$E,日报!$D:$D,合格品出库记录!$A:$A,日报!AZ$3),"") | BA4: =IF(SUMIFS(合格品出库记录!$G:$G,合格品出库记录!$E:$E,日报!$D:$D,合格品出库记录!$A:$A,日报!BA$3)<>0,SUMIFS(合格品出库记录!$G:$G,合格品出库记录!$E:$E,日报!$D:$D,合格品出库记录!$A:$A,日报!BA$3),"") | BB4: =IF(SUMIFS(合格品出库记录!$G:$G,合格品出库记录!$E:$E,日报!$D:$D,合格品出库记录!$A:$A,日报!BB$3)<>0,SUMIFS(合格品出库记录!$G:$G,合格品出库记录!$E:$E,日报!$D:$D,合格品出库记录!$A:$A,日报!BB$3),"") | ... BY4: =IF(SUMIFS(合格品出库记录!$G:$G,合格品出库记录!$E:$E,日报!$D:$D,合格品出库记录!$A:$A,日报!BY$3)<>0,SUMIFS(合格品出库记录!$G:$G,合格品出库记录!$E:$E,日报!$D:$D,合格品出库记录!$A:$A,日报!BY$3),"") | BZ4: =IF(SUMIFS(领跑良品退回!$G:$G,领跑良品退回!$E:$E,日报!$D:$D,领跑良品退回!$A:$A,日报!BZ$3)<>0,SUMIFS(领跑良品退回!$G:$G,领跑良品退回!$E:$E,日报!$D:$D,领跑良品退回!$A:$A,日报!BZ$3),"") | CA4: =IF(SUMIFS(领跑良品退回!$G:$G,领跑良品退回!$E:$E,日报!$D:$D,领跑良品退回!$A:$A,日报!CA$3)<>0,SUMIFS(领跑良品退回!$G:$G,领跑良品退回!$E:$E,日报!$D:$D,领跑良品退回!$A:$A,日报!CA$3),"") | CB4: =IF(SUMIFS(领跑良品退回!$G:$G,领跑良品退回!$E:$E,日报!$D:$D,领跑良品退回!$A:$A,日报!CB$3)<>0,SUMIFS(领跑良品退回!$G:$G,领跑良品退回!$E:$E,日报!$D:$D,领跑良品退回!$A:$A,日报!CB$3),"") | CC4: =IF(SUMIFS(领跑良品退回!$G:$G,领跑良品退回!$E:$E,日报!$D:$D,领跑良品退回!$A:$A,日报!CC$3)<>0,SUMIFS(领跑良品退回!$G:$G,领跑良品退回!$E:$E,日报!$D:$D,领跑良品退回!$A:$A,日报!CC$3),"") | CD4: =IF(SUMIFS(领跑良品退回!$G:$G,领跑良品退回!$E:$E,日报!$D:$D,领跑良品退回!$A:$A,日报!CD$3)<>0,SUMIFS(领跑良品退回!$G:$G,领跑良品退回!$E:$E,日报!$D:$D,领跑良品退回!$A:$A,日报!CD$3),"") | CE4: =IF(SUMIFS(领跑良品退回!$G:$G,领跑良品退回!$E:$E,日报!$D:$D,领跑良品退回!$A:$A,日报!CE$3)<>0,SUMIFS(领跑良品退回!$G:$G,领跑良品退回!$E:$E,日报!$D:$D,领跑良品退回!$A:$A,日报!CE$3),"") | CF4: =IF(SUMIFS(领跑良品退回!$G:$G,领跑良品退回!$E:$E,日报!$D:$D,领跑良品退回!$A:$A,日报!CF$3)<>0,SUMIFS(领跑良品退回!$G:$G,领跑良品退回!$E:$E,日报!$D:$D,领跑良品退回!$A:$A,日报!CF$3),"") | CG4: =IF(SUMIFS(领跑良品退回!$G:$G,领跑良品退回!$E:$E,日报!$D:$D,领跑良品退回!$A:$A,日报!CG$3)<>0,SUMIFS(领跑良品退回!$G:$G,领跑良品退回!$E:$E,日报!$D:$D,领跑良品退回!$A:$A,日报!CG$3),"") | ... DD4: =IF(SUMIFS(领跑良品退回!$G:$G,领跑良品退回!$E:$E,日报!$D:$D,领跑良品退回!$A:$A,日报!DD$3)<>0,SUMIFS(领跑良品退回!$G:$G,领跑良品退回!$E:$E,日报!$D:$D,领跑良品退回!$A:$A,日报!DD$3),"")
A5: 49 | B5: 1DC | C5: 东莞市硅翔绝缘材料有限公司 | D5: 3.2.49.08.00347-000 | E5: T03A_PBP-模组（南京国轩电芯）CCS总成2 | F5: =IFERROR(VLOOKUP(D52,'[1]#REF'!D:F,3,FALSE),"0") -> 0 | G5: 10 | H5: =SUMIF(合格品入库记录!E:E,日报!D52,合格品入库记录!G:G) -> 2175 | I5: =SUMIF(合格品出库记录!E:E,日报!D52,合格品出库记录!G:G) -> 2190 | J5: =SUMIF(领跑良品退回!E:E,D52,领跑良品退回!G:G) -> 0 | K5: =M52+L52 -> 8018 | L5: =SUMIF(不良品库存!D:D,D:D,不良品库存!F:F) -> 0 | M5: =G52+H52-I52+J52 -> -1636 | N5: 0 | P5: =IF(SUMIFS(合格品入库记录!$G:$G,合格品入库记录!$E:$E,日报!$D:$D,合格品入库记录!$A:$A,日报!P$3)<>0,SUMIFS(合格品入库记录!$G:$G,合格品入库记录!$E:$E,日报!$D:$D,合格品入库记录!$A:$A,日报!P$3),"") | Q5: =IF(SUMIFS(合格品入库记录!$G:$G,合格品入库记录!$E:$E,日报!$D:$D,合格品入库记录!$A:$A,日报!Q$3)<>0,SUMIFS(合格品入库记录!$G:$G,合格品入库记录!$E:$E,日报!$D:$D,合格品入库记录!$A:$A,日报!Q$3),"") | R5: =IF(SUMIFS(合格品入库记录!$G:$G,合格品入库记录!$E:$E,日报!$D:$D,合格品入库记录!$A:$A,日报!R$3)<>0,SUMIFS(合格品入库记录!$G:$G,合格品入库记录!$E:$E,日报!$D:$D,合格品入库记录!$A:$A,日报!R$3),"") | S5: =IF(SUMIFS(合格品入库记录!$G:$G,合格品入库记录!$E:$E,日报!$D:$D,合格品入库记录!$A:$A,日报!S$3)<>0,SUMIFS(合格品入库记录!$G:$G,合格品入库记录!$E:$E,日报!$D:$D,合格品入库记录!$A:$A,日报!S$3),"") | T5: =IF(SUMIFS(合格品入库记录!$G:$G,合格品入库记录!$E:$E,日报!$D:$D,合格品入库记录!$A:$A,日报!T$3)<>0,SUMIFS(合格品入库记录!$G:$G,合格品入库记录!$E:$E,日报!$D:$D,合格品入库记录!$A:$A,日报!T$3),"") | U5: =IF(SUMIFS(合格品入库记录!$G:$G,合格品入库记录!$E:$E,日报!$D:$D,合格品入库记录!$A:$A,日报!U$3)<>0,SUMIFS(合格品入库记录!$G:$G,合格品入库记录!$E:$E,日报!$D:$D,合格品入库记录!$A:$A,日报!U$3),"") | V5: =IF(SUMIFS(合格品入库记录!$G:$G,合格品入库记录!$E:$E,日报!$D:$D,合格品入库记录!$A:$A,日报!V$3)<>0,SUMIFS(合格品入库记录!$G:$G,合格品入库记录!$E:$E,日报!$D:$D,合格品入库记录!$A:$A,日报!V$3),"") | W5: =IF(SUMIFS(合格品入库记录!$G:$G,合格品入库记录!$E:$E,日报!$D:$D,合格品入库记录!$A:$A,日报!W$3)<>0,SUMIFS(合格品入库记录!$G:$G,合格品入库记录!$E:$E,日报!$D:$D,合格品入库记录!$A:$A,日报!W$3),"") | ... AT5: =IF(SUMIFS(合格品入库记录!$G:$G,合格品入库记录!$E:$E,日报!$D:$D,合格品入库记录!$A:$A,日报!AT$3)<>0,SUMIFS(合格品入库记录!$G:$G,合格品入库记录!$E:$E,日报!$D:$D,合格品入库记录!$A:$A,日报!AT$3),"") | AU5: =IF(SUMIFS(合格品出库记录!$G:$G,合格品出库记录!$E:$E,日报!$D:$D,合格品出库记录!$A:$A,日报!AU$3)<>0,SUMIFS(合格品出库记录!$G:$G,合格品出库记录!$E:$E,日报!$D:$D,合格品出库记录!$A:$A,日报!AU$3),"") | AV5: =IF(SUMIFS(合格品出库记录!$G:$G,合格品出库记录!$E:$E,日报!$D:$D,合格品出库记录!$A:$A,日报!AV$3)<>0,SUMIFS(合格品出库记录!$G:$G,合格品出库记录!$E:$E,日报!$D:$D,合格品出库记录!$A:$A,日报!AV$3),"") | AW5: =IF(SUMIFS(合格品出库记录!$G:$G,合格品出库记录!$E:$E,日报!$D:$D,合格品出库记录!$A:$A,日报!AW$3)<>0,SUMIFS(合格品出库记录!$G:$G,合格品出库记录!$E:$E,日报!$D:$D,合格品出库记录!$A:$A,日报!AW$3),"") | AX5: =IF(SUMIFS(合格品出库记录!$G:$G,合格品出库记录!$E:$E,日报!$D:$D,合格品出库记录!$A:$A,日报!AX$3)<>0,SUMIFS(合格品出库记录!$G:$G,合格品出库记录!$E:$E,日报!$D:$D,合格品出库记录!$A:$A,日报!AX$3),"") | AY5: =IF(SUMIFS(合格品出库记录!$G:$G,合格品出库记录!$E:$E,日报!$D:$D,合格品出库记录!$A:$A,日报!AY$3)<>0,SUMIFS(合格品出库记录!$G:$G,合格品出库记录!$E:$E,日报!$D:$D,合格品出库记录!$A:$A,日报!AY$3),"") | AZ5: =IF(SUMIFS(合格品出库记录!$G:$G,合格品出库记录!$E:$E,日报!$D:$D,合格品出库记录!$A:$A,日报!AZ$3)<>0,SUMIFS(合格品出库记录!$G:$G,合格品出库记录!$E:$E,日报!$D:$D,合格品出库记录!$A:$A,日报!AZ$3),"") | BA5: =IF(SUMIFS(合格品出库记录!$G:$G,合格品出库记录!$E:$E,日报!$D:$D,合格品出库记录!$A:$A,日报!BA$3)<>0,SUMIFS(合格品出库记录!$G:$G,合格品出库记录!$E:$E,日报!$D:$D,合格品出库记录!$A:$A,日报!BA$3),"") | BB5: =IF(SUMIFS(合格品出库记录!$G:$G,合格品出库记录!$E:$E,日报!$D:$D,合格品出库记录!$A:$A,日报!BB$3)<>0,SUMIFS(合格品出库记录!$G:$G,合格品出库记录!$E:$E,日报!$D:$D,合格品出库记录!$A:$A,日报!BB$3),"") | ... BY5: =IF(SUMIFS(合格品出库记录!$G:$G,合格品出库记录!$E:$E,日报!$D:$D,合格品出库记录!$A:$A,日报!BY$3)<>0,SUMIFS(合格品出库记录!$G:$G,合格品出库记录!$E:$E,日报!$D:$D,合格品出库记录!$A:$A,日报!BY$3),"") | BZ5: =IF(SUMIFS(领跑良品退回!$G:$G,领跑良品退回!$E:$E,日报!$D:$D,领跑良品退回!$A:$A,日报!BZ$3)<>0,SUMIFS(领跑良品退回!$G:$G,领跑良品退回!$E:$E,日报!$D:$D,领跑良品退回!$A:$A,日报!BZ$3),"") | CA5: =IF(SUMIFS(领跑良品退回!$G:$G,领跑良品退回!$E:$E,日报!$D:$D,领跑良品退回!$A:$A,日报!CA$3)<>0,SUMIFS(领跑良品退回!$G:$G,领跑良品退回!$E:$E,日报!$D:$D,领跑良品退回!$A:$A,日报!CA$3),"") | CB5: =IF(SUMIFS(领跑良品退回!$G:$G,领跑良品退回!$E:$E,日报!$D:$D,领跑良品退回!$A:$A,日报!CB$3)<>0,SUMIFS(领跑良品退回!$G:$G,领跑良品退回!$E:$E,日报!$D:$D,领跑良品退回!$A:$A,日报!CB$3),"") | CC5: =IF(SUMIFS(领跑良品退回!$G:$G,领跑良品退回!$E:$E,日报!$D:$D,领跑良品退回!$A:$A,日报!CC$3)<>0,SUMIFS(领跑良品退回!$G:$G,领跑良品退回!$E:$E,日报!$D:$D,领跑良品退回!$A:$A,日报!CC$3),"") | CD5: =IF(SUMIFS(领跑良品退回!$G:$G,领跑良品退回!$E:$E,日报!$D:$D,领跑良品退回!$A:$A,日报!CD$3)<>0,SUMIFS(领跑良品退回!$G:$G,领跑良品退回!$E:$E,日报!$D:$D,领跑良品退回!$A:$A,日报!CD$3),"") | CE5: =IF(SUMIFS(领跑良品退回!$G:$G,领跑良品退回!$E:$E,日报!$D:$D,领跑良品退回!$A:$A,日报!CE$3)<>0,SUMIFS(领跑良品退回!$G:$G,领跑良品退回!$E:$E,日报!$D:$D,领跑良品退回!$A:$A,日报!CE$3),"") | CF5: =IF(SUMIFS(领跑良品退回!$G:$G,领跑良品退回!$E:$E,日报!$D:$D,领跑良品退回!$A:$A,日报!CF$3)<>0,SUMIFS(领跑良品退回!$G:$G,领跑良品退回!$E:$E,日报!$D:$D,领跑良品退回!$A:$A,日报!CF$3),"") | CG5: =IF(SUMIFS(领跑良品退回!$G:$G,领跑良品退回!$E:$E,日报!$D:$D,领跑良品退回!$A:$A,日报!CG$3)<>0,SUMIFS(领跑良品退回!$G:$G,领跑良品退回!$E:$E,日报!$D:$D,领跑良品退回!$A:$A,日报!CG$3),"") | ... DD5: =IF(SUMIFS(领跑良品退回!$G:$G,领跑良品退回!$E:$E,日报!$D:$D,领跑良品退回!$A:$A,日报!DD$3)<>0,SUMIFS(领跑良品退回!$G:$G,领跑良品退回!$E:$E,日报!$D:$D,领跑良品退回!$A:$A,日报!DD$3),"")
A6: 50 | B6: 1DC | C6: 东莞市硅翔绝缘材料有限公司 | D6: 3.2.49.08.01246-000 | E6: LX-B11RE10海外版-CCS总成 | F6: =IFERROR(VLOOKUP(D53,'[1]#REF'!D:F,3,FALSE),"0") -> 0 | G6: 718 | H6: =SUMIF(合格品入库记录!E:E,日报!D53,合格品入库记录!G:G) -> 0 | I6: =SUMIF(合格品出库记录!E:E,日报!D53,合格品出库记录!G:G) -> 0 | J6: =SUMIF(领跑良品退回!E:E,D53,领跑良品退回!G:G) -> 0 | K6: =M53+L53 -> 6623 | L6: =SUMIF(不良品库存!D:D,D:D,不良品库存!F:F) -> 0 | M6: =G53+H53-I53+J53 -> 960 | N6: 180 | P6: =IF(SUMIFS(合格品入库记录!$G:$G,合格品入库记录!$E:$E,日报!$D:$D,合格品入库记录!$A:$A,日报!P$3)<>0,SUMIFS(合格品入库记录!$G:$G,合格品入库记录!$E:$E,日报!$D:$D,合格品入库记录!$A:$A,日报!P$3),"") | Q6: =IF(SUMIFS(合格品入库记录!$G:$G,合格品入库记录!$E:$E,日报!$D:$D,合格品入库记录!$A:$A,日报!Q$3)<>0,SUMIFS(合格品入库记录!$G:$G,合格品入库记录!$E:$E,日报!$D:$D,合格品入库记录!$A:$A,日报!Q$3),"") | R6: =IF(SUMIFS(合格品入库记录!$G:$G,合格品入库记录!$E:$E,日报!$D:$D,合格品入库记录!$A:$A,日报!R$3)<>0,SUMIFS(合格品入库记录!$G:$G,合格品入库记录!$E:$E,日报!$D:$D,合格品入库记录!$A:$A,日报!R$3),"") | S6: =IF(SUMIFS(合格品入库记录!$G:$G,合格品入库记录!$E:$E,日报!$D:$D,合格品入库记录!$A:$A,日报!S$3)<>0,SUMIFS(合格品入库记录!$G:$G,合格品入库记录!$E:$E,日报!$D:$D,合格品入库记录!$A:$A,日报!S$3),"") | T6: =IF(SUMIFS(合格品入库记录!$G:$G,合格品入库记录!$E:$E,日报!$D:$D,合格品入库记录!$A:$A,日报!T$3)<>0,SUMIFS(合格品入库记录!$G:$G,合格品入库记录!$E:$E,日报!$D:$D,合格品入库记录!$A:$A,日报!T$3),"") | U6: =IF(SUMIFS(合格品入库记录!$G:$G,合格品入库记录!$E:$E,日报!$D:$D,合格品入库记录!$A:$A,日报!U$3)<>0,SUMIFS(合格品入库记录!$G:$G,合格品入库记录!$E:$E,日报!$D:$D,合格品入库记录!$A:$A,日报!U$3),"") | V6: =IF(SUMIFS(合格品入库记录!$G:$G,合格品入库记录!$E:$E,日报!$D:$D,合格品入库记录!$A:$A,日报!V$3)<>0,SUMIFS(合格品入库记录!$G:$G,合格品入库记录!$E:$E,日报!$D:$D,合格品入库记录!$A:$A,日报!V$3),"") | W6: =IF(SUMIFS(合格品入库记录!$G:$G,合格品入库记录!$E:$E,日报!$D:$D,合格品入库记录!$A:$A,日报!W$3)<>0,SUMIFS(合格品入库记录!$G:$G,合格品入库记录!$E:$E,日报!$D:$D,合格品入库记录!$A:$A,日报!W$3),"") | ... AT6: =IF(SUMIFS(合格品入库记录!$G:$G,合格品入库记录!$E:$E,日报!$D:$D,合格品入库记录!$A:$A,日报!AT$3)<>0,SUMIFS(合格品入库记录!$G:$G,合格品入库记录!$E:$E,日报!$D:$D,合格品入库记录!$A:$A,日报!AT$3),"") | AU6: =IF(SUMIFS(合格品出库记录!$G:$G,合格品出库记录!$E:$E,日报!$D:$D,合格品出库记录!$A:$A,日报!AU$3)<>0,SUMIFS(合格品出库记录!$G:$G,合格品出库记录!$E:$E,日报!$D:$D,合格品出库记录!$A:$A,日报!AU$3),"") | AV6: =IF(SUMIFS(合格品出库记录!$G:$G,合格品出库记录!$E:$E,日报!$D:$D,合格品出库记录!$A:$A,日报!AV$3)<>0,SUMIFS(合格品出库记录!$G:$G,合格品出库记录!$E:$E,日报!$D:$D,合格品出库记录!$A:$A,日报!AV$3),"") | AW6: =IF(SUMIFS(合格品出库记录!$G:$G,合格品出库记录!$E:$E,日报!$D:$D,合格品出库记录!$A:$A,日报!AW$3)<>0,SUMIFS(合格品出库记录!$G:$G,合格品出库记录!$E:$E,日报!$D:$D,合格品出库记录!$A:$A,日报!AW$3),"") | AX6: =IF(SUMIFS(合格品出库记录!$G:$G,合格品出库记录!$E:$E,日报!$D:$D,合格品出库记录!$A:$A,日报!AX$3)<>0,SUMIFS(合格品出库记录!$G:$G,合格品出库记录!$E:$E,日报!$D:$D,合格品出库记录!$A:$A,日报!AX$3),"") | AY6: =IF(SUMIFS(合格品出库记录!$G:$G,合格品出库记录!$E:$E,日报!$D:$D,合格品出库记录!$A:$A,日报!AY$3)<>0,SUMIFS(合格品出库记录!$G:$G,合格品出库记录!$E:$E,日报!$D:$D,合格品出库记录!$A:$A,日报!AY$3),"") | AZ6: =IF(SUMIFS(合格品出库记录!$G:$G,合格品出库记录!$E:$E,日报!$D:$D,合格品出库记录!$A:$A,日报!AZ$3)<>0,SUMIFS(合格品出库记录!$G:$G,合格品出库记录!$E:$E,日报!$D:$D,合格品出库记录!$A:$A,日报!AZ$3),"") -> 330 | BA6: =IF(SUMIFS(合格品出库记录!$G:$G,合格品出库记录!$E:$E,日报!$D:$D,合格品出库记录!$A:$A,日报!BA$3)<>0,SUMIFS(合格品出库记录!$G:$G,合格品出库记录!$E:$E,日报!$D:$D,合格品出库记录!$A:$A,日报!BA$3),"") | BB6: =IF(SUMIFS(合格品出库记录!$G:$G,合格品出库记录!$E:$E,日报!$D:$D,合格品出库记录!$A:$A,日报!BB$3)<>0,SUMIFS(合格品出库记录!$G:$G,合格品出库记录!$E:$E,日报!$D:$D,合格品出库记录!$A:$A,日报!BB$3),"") | ... BY6: =IF(SUMIFS(合格品出库记录!$G:$G,合格品出库记录!$E:$E,日报!$D:$D,合格品出库记录!$A:$A,日报!BY$3)<>0,SUMIFS(合格品出库记录!$G:$G,合格品出库记录!$E:$E,日报!$D:$D,合格品出库记录!$A:$A,日报!BY$3),"") | BZ6: =IF(SUMIFS(领跑良品退回!$G:$G,领跑良品退回!$E:$E,日报!$D:$D,领跑良品退回!$A:$A,日报!BZ$3)<>0,SUMIFS(领跑良品退回!$G:$G,领跑良品退回!$E:$E,日报!$D:$D,领跑良品退回!$A:$A,日报!BZ$3),"") | CA6: =IF(SUMIFS(领跑良品退回!$G:$G,领跑良品退回!$E:$E,日报!$D:$D,领跑良品退回!$A:$A,日报!CA$3)<>0,SUMIFS(领跑良品退回!$G:$G,领跑良品退回!$E:$E,日报!$D:$D,领跑良品退回!$A:$A,日报!CA$3),"") | CB6: =IF(SUMIFS(领跑良品退回!$G:$G,领跑良品退回!$E:$E,日报!$D:$D,领跑良品退回!$A:$A,日报!CB$3)<>0,SUMIFS(领跑良品退回!$G:$G,领跑良品退回!$E:$E,日报!$D:$D,领跑良品退回!$A:$A,日报!CB$3),"") | CC6: =IF(SUMIFS(领跑良品退回!$G:$G,领跑良品退回!$E:$E,日报!$D:$D,领跑良品退回!$A:$A,日报!CC$3)<>0,SUMIFS(领跑良品退回!$G:$G,领跑良品退回!$E:$E,日报!$D:$D,领跑良品退回!$A:$A,日报!CC$3),"") | CD6: =IF(SUMIFS(领跑良品退回!$G:$G,领跑良品退回!$E:$E,日报!$D:$D,领跑良品退回!$A:$A,日报!CD$3)<>0,SUMIFS(领跑良品退回!$G:$G,领跑良品退回!$E:$E,日报!$D:$D,领跑良品退回!$A:$A,日报!CD$3),"") | CE6: =IF(SUMIFS(领跑良品退回!$G:$G,领跑良品退回!$E:$E,日报!$D:$D,领跑良品退回!$A:$A,日报!CE$3)<>0,SUMIFS(领跑良品退回!$G:$G,领跑良品退回!$E:$E,日报!$D:$D,领跑良品退回!$A:$A,日报!CE$3),"") | CF6: =IF(SUMIFS(领跑良品退回!$G:$G,领跑良品退回!$E:$E,日报!$D:$D,领跑良品退回!$A:$A,日报!CF$3)<>0,SUMIFS(领跑良品退回!$G:$G,领跑良品退回!$E:$E,日报!$D:$D,领跑良品退回!$A:$A,日报!CF$3),"") | CG6: =IF(SUMIFS(领跑良品退回!$G:$G,领跑良品退回!$E:$E,日报!$D:$D,领跑良品退回!$A:$A,日报!CG$3)<>0,SUMIFS(领跑良品退回!$G:$G,领跑良品退回!$E:$E,日报!$D:$D,领跑良品退回!$A:$A,日报!CG$3),"") | ... DD6: =IF(SUMIFS(领跑良品退回!$G:$G,领跑良品退回!$E:$E,日报!$D:$D,领跑良品退回!$A:$A,日报!DD$3)<>0,SUMIFS(领跑良品退回!$G:$G,领跑良品退回!$E:$E,日报!$D:$D,领跑良品退回!$A:$A,日报!DD$3),"")
A7: 51 | B7: 1DC | C7: 东莞市硅翔绝缘材料有限公司 | D7: 3.2.49.08.00235-000 | E7: LPT03A_PBP-模组CCS总成1 | F7: =IFERROR(VLOOKUP(D54,'[1]#REF'!D:F,3,FALSE),"0") -> 0 | G7: 0 | H7: =SUMIF(合格品入库记录!E:E,日报!D54,合格品入库记录!G:G) -> 0 | I7: =SUMIF(合格品出库记录!E:E,日报!D54,合格品出库记录!G:G) -> 0 | J7: =SUMIF(领跑良品退回!E:E,D54,领跑良品退回!G:G) -> 0 | K7: =M54+L54 -> 37332 | L7: =SUMIF(不良品库存!D:D,D:D,不良品库存!F:F) -> 0 | M7: =G54+H54-I54+J54 -> -10064 | N7: 0 | P7: =IF(SUMIFS(合格品入库记录!$G:$G,合格品入库记录!$E:$E,日报!$D:$D,合格品入库记录!$A:$A,日报!P$3)<>0,SUMIFS(合格品入库记录!$G:$G,合格品入库记录!$E:$E,日报!$D:$D,合格品入库记录!$A:$A,日报!P$3),"") | Q7: =IF(SUMIFS(合格品入库记录!$G:$G,合格品入库记录!$E:$E,日报!$D:$D,合格品入库记录!$A:$A,日报!Q$3)<>0,SUMIFS(合格品入库记录!$G:$G,合格品入库记录!$E:$E,日报!$D:$D,合格品入库记录!$A:$A,日报!Q$3),"") | R7: =IF(SUMIFS(合格品入库记录!$G:$G,合格品入库记录!$E:$E,日报!$D:$D,合格品入库记录!$A:$A,日报!R$3)<>0,SUMIFS(合格品入库记录!$G:$G,合格品入库记录!$E:$E,日报!$D:$D,合格品入库记录!$A:$A,日报!R$3),"") | S7: =IF(SUMIFS(合格品入库记录!$G:$G,合格品入库记录!$E:$E,日报!$D:$D,合格品入库记录!$A:$A,日报!S$3)<>0,SUMIFS(合格品入库记录!$G:$G,合格品入库记录!$E:$E,日报!$D:$D,合格品入库记录!$A:$A,日报!S$3),"") | T7: =IF(SUMIFS(合格品入库记录!$G:$G,合格品入库记录!$E:$E,日报!$D:$D,合格品入库记录!$A:$A,日报!T$3)<>0,SUMIFS(合格品入库记录!$G:$G,合格品入库记录!$E:$E,日报!$D:$D,合格品入库记录!$A:$A,日报!T$3),"") | U7: =IF(SUMIFS(合格品入库记录!$G:$G,合格品入库记录!$E:$E,日报!$D:$D,合格品入库记录!$A:$A,日报!U$3)<>0,SUMIFS(合格品入库记录!$G:$G,合格品入库记录!$E:$E,日报!$D:$D,合格品入库记录!$A:$A,日报!U$3),"") | V7: =IF(SUMIFS(合格品入库记录!$G:$G,合格品入库记录!$E:$E,日报!$D:$D,合格品入库记录!$A:$A,日报!V$3)<>0,SUMIFS(合格品入库记录!$G:$G,合格品入库记录!$E:$E,日报!$D:$D,合格品入库记录!$A:$A,日报!V$3),"") | W7: =IF(SUMIFS(合格品入库记录!$G:$G,合格品入库记录!$E:$E,日报!$D:$D,合格品入库记录!$A:$A,日报!W$3)<>0,SUMIFS(合格品入库记录!$G:$G,合格品入库记录!$E:$E,日报!$D:$D,合格品入库记录!$A:$A,日报!W$3),"") | ... AT7: =IF(SUMIFS(合格品入库记录!$G:$G,合格品入库记录!$E:$E,日报!$D:$D,合格品入库记录!$A:$A,日报!AT$3)<>0,SUMIFS(合格品入库记录!$G:$G,合格品入库记录!$E:$E,日报!$D:$D,合格品入库记录!$A:$A,日报!AT$3),"") | AU7: =IF(SUMIFS(合格品出库记录!$G:$G,合格品出库记录!$E:$E,日报!$D:$D,合格品出库记录!$A:$A,日报!AU$3)<>0,SUMIFS(合格品出库记录!$G:$G,合格品出库记录!$E:$E,日报!$D:$D,合格品出库记录!$A:$A,日报!AU$3),"") | AV7: =IF(SUMIFS(合格品出库记录!$G:$G,合格品出库记录!$E:$E,日报!$D:$D,合格品出库记录!$A:$A,日报!AV$3)<>0,SUMIFS(合格品出库记录!$G:$G,合格品出库记录!$E:$E,日报!$D:$D,合格品出库记录!$A:$A,日报!AV$3),"") | AW7: =IF(SUMIFS(合格品出库记录!$G:$G,合格品出库记录!$E:$E,日报!$D:$D,合格品出库记录!$A:$A,日报!AW$3)<>0,SUMIFS(合格品出库记录!$G:$G,合格品出库记录!$E:$E,日报!$D:$D,合格品出库记录!$A:$A,日报!AW$3),"") | AX7: =IF(SUMIFS(合格品出库记录!$G:$G,合格品出库记录!$E:$E,日报!$D:$D,合格品出库记录!$A:$A,日报!AX$3)<>0,SUMIFS(合格品出库记录!$G:$G,合格品出库记录!$E:$E,日报!$D:$D,合格品出库记录!$A:$A,日报!AX$3),"") | AY7: =IF(SUMIFS(合格品出库记录!$G:$G,合格品出库记录!$E:$E,日报!$D:$D,合格品出库记录!$A:$A,日报!AY$3)<>0,SUMIFS(合格品出库记录!$G:$G,合格品出库记录!$E:$E,日报!$D:$D,合格品出库记录!$A:$A,日报!AY$3),"") | AZ7: =IF(SUMIFS(合格品出库记录!$G:$G,合格品出库记录!$E:$E,日报!$D:$D,合格品出库记录!$A:$A,日报!AZ$3)<>0,SUMIFS(合格品出库记录!$G:$G,合格品出库记录!$E:$E,日报!$D:$D,合格品出库记录!$A:$A,日报!AZ$3),"") | BA7: =IF(SUMIFS(合格品出库记录!$G:$G,合格品出库记录!$E:$E,日报!$D:$D,合格品出库记录!$A:$A,日报!BA$3)<>0,SUMIFS(合格品出库记录!$G:$G,合格品出库记录!$E:$E,日报!$D:$D,合格品出库记录!$A:$A,日报!BA$3),"") | BB7: =IF(SUMIFS(合格品出库记录!$G:$G,合格品出库记录!$E:$E,日报!$D:$D,合格品出库记录!$A:$A,日报!BB$3)<>0,SUMIFS(合格品出库记录!$G:$G,合格品出库记录!$E:$E,日报!$D:$D,合格品出库记录!$A:$A,日报!BB$3),"") | ... BY7: =IF(SUMIFS(合格品出库记录!$G:$G,合格品出库记录!$E:$E,日报!$D:$D,合格品出库记录!$A:$A,日报!BY$3)<>0,SUMIFS(合格品出库记录!$G:$G,合格品出库记录!$E:$E,日报!$D:$D,合格品出库记录!$A:$A,日报!BY$3),"") | BZ7: =IF(SUMIFS(领跑良品退回!$G:$G,领跑良品退回!$E:$E,日报!$D:$D,领跑良品退回!$A:$A,日报!BZ$3)<>0,SUMIFS(领跑良品退回!$G:$G,领跑良品退回!$E:$E,日报!$D:$D,领跑良品退回!$A:$A,日报!BZ$3),"") | CA7: =IF(SUMIFS(领跑良品退回!$G:$G,领跑良品退回!$E:$E,日报!$D:$D,领跑良品退回!$A:$A,日报!CA$3)<>0,SUMIFS(领跑良品退回!$G:$G,领跑良品退回!$E:$E,日报!$D:$D,领跑良品退回!$A:$A,日报!CA$3),"") | CB7: =IF(SUMIFS(领跑良品退回!$G:$G,领跑良品退回!$E:$E,日报!$D:$D,领跑良品退回!$A:$A,日报!CB$3)<>0,SUMIFS(领跑良品退回!$G:$G,领跑良品退回!$E:$E,日报!$D:$D,领跑良品退回!$A:$A,日报!CB$3),"") | CC7: =IF(SUMIFS(领跑良品退回!$G:$G,领跑良品退回!$E:$E,日报!$D:$D,领跑良品退回!$A:$A,日报!CC$3)<>0,SUMIFS(领跑良品退回!$G:$G,领跑良品退回!$E:$E,日报!$D:$D,领跑良品退回!$A:$A,日报!CC$3),"") | CD7: =IF(SUMIFS(领跑良品退回!$G:$G,领跑良品退回!$E:$E,日报!$D:$D,领跑良品退回!$A:$A,日报!CD$3)<>0,SUMIFS(领跑良品退回!$G:$G,领跑良品退回!$E:$E,日报!$D:$D,领跑良品退回!$A:$A,日报!CD$3),"") | CE7: =IF(SUMIFS(领跑良品退回!$G:$G,领跑良品退回!$E:$E,日报!$D:$D,领跑良品退回!$A:$A,日报!CE$3)<>0,SUMIFS(领跑良品退回!$G:$G,领跑良品退回!$E:$E,日报!$D:$D,领跑良品退回!$A:$A,日报!CE$3),"") | CF7: =IF(SUMIFS(领跑良品退回!$G:$G,领跑良品退回!$E:$E,日报!$D:$D,领跑良品退回!$A:$A,日报!CF$3)<>0,SUMIFS(领跑良品退回!$G:$G,领跑良品退回!$E:$E,日报!$D:$D,领跑良品退回!$A:$A,日报!CF$3),"") | CG7: =IF(SUMIFS(领跑良品退回!$G:$G,领跑良品退回!$E:$E,日报!$D:$D,领跑良品退回!$A:$A,日报!CG$3)<>0,SUMIFS(领跑良品退回!$G:$G,领跑良品退回!$E:$E,日报!$D:$D,领跑良品退回!$A:$A,日报!CG$3),"") | ... DD7: =IF(SUMIFS(领跑良品退回!$G:$G,领跑良品退回!$E:$E,日报!$D:$D,领跑良品退回!$A:$A,日报!DD$3)<>0,SUMIFS(领跑良品退回!$G:$G,领跑良品退回!$E:$E,日报!$D:$D,领跑良品退回!$A:$A,日报!DD$3),"")
A8: 52 | B8: 1DC | C8: 东莞市硅翔绝缘材料有限公司 | D8: 3.2.49.08.00259-000 | E8: LPT03A_PBP-模组CCS总成 | F8: =IFERROR(VLOOKUP(D55,'[1]#REF'!D:F,3,FALSE),"0") -> 0 | G8: 63 | H8: =SUMIF(合格品入库记录!E:E,日报!D55,合格品入库记录!G:G) -> 0 | I8: =SUMIF(合格品出库记录!E:E,日报!D55,合格品出库记录!G:G) -> 1 | J8: =SUMIF(领跑良品退回!E:E,D55,领跑良品退回!G:G) -> 0 | K8: =M55+L55 -> 11685 | L8: =SUMIF(不良品库存!D:D,D:D,不良品库存!F:F) -> 0 | M8: =G55+H55-I55+J55 -> -3596 | N8: 0 | P8: =IF(SUMIFS(合格品入库记录!$G:$G,合格品入库记录!$E:$E,日报!$D:$D,合格品入库记录!$A:$A,日报!P$3)<>0,SUMIFS(合格品入库记录!$G:$G,合格品入库记录!$E:$E,日报!$D:$D,合格品入库记录!$A:$A,日报!P$3),"") | Q8: =IF(SUMIFS(合格品入库记录!$G:$G,合格品入库记录!$E:$E,日报!$D:$D,合格品入库记录!$A:$A,日报!Q$3)<>0,SUMIFS(合格品入库记录!$G:$G,合格品入库记录!$E:$E,日报!$D:$D,合格品入库记录!$A:$A,日报!Q$3),"") | R8: =IF(SUMIFS(合格品入库记录!$G:$G,合格品入库记录!$E:$E,日报!$D:$D,合格品入库记录!$A:$A,日报!R$3)<>0,SUMIFS(合格品入库记录!$G:$G,合格品入库记录!$E:$E,日报!$D:$D,合格品入库记录!$A:$A,日报!R$3),"") | S8: =IF(SUMIFS(合格品入库记录!$G:$G,合格品入库记录!$E:$E,日报!$D:$D,合格品入库记录!$A:$A,日报!S$3)<>0,SUMIFS(合格品入库记录!$G:$G,合格品入库记录!$E:$E,日报!$D:$D,合格品入库记录!$A:$A,日报!S$3),"") | T8: =IF(SUMIFS(合格品入库记录!$G:$G,合格品入库记录!$E:$E,日报!$D:$D,合格品入库记录!$A:$A,日报!T$3)<>0,SUMIFS(合格品入库记录!$G:$G,合格品入库记录!$E:$E,日报!$D:$D,合格品入库记录!$A:$A,日报!T$3),"") | U8: =IF(SUMIFS(合格品入库记录!$G:$G,合格品入库记录!$E:$E,日报!$D:$D,合格品入库记录!$A:$A,日报!U$3)<>0,SUMIFS(合格品入库记录!$G:$G,合格品入库记录!$E:$E,日报!$D:$D,合格品入库记录!$A:$A,日报!U$3),"") | V8: =IF(SUMIFS(合格品入库记录!$G:$G,合格品入库记录!$E:$E,日报!$D:$D,合格品入库记录!$A:$A,日报!V$3)<>0,SUMIFS(合格品入库记录!$G:$G,合格品入库记录!$E:$E,日报!$D:$D,合格品入库记录!$A:$A,日报!V$3),"") | W8: =IF(SUMIFS(合格品入库记录!$G:$G,合格品入库记录!$E:$E,日报!$D:$D,合格品入库记录!$A:$A,日报!W$3)<>0,SUMIFS(合格品入库记录!$G:$G,合格品入库记录!$E:$E,日报!$D:$D,合格品入库记录!$A:$A,日报!W$3),"") | ... AT8: =IF(SUMIFS(合格品入库记录!$G:$G,合格品入库记录!$E:$E,日报!$D:$D,合格品入库记录!$A:$A,日报!AT$3)<>0,SUMIFS(合格品入库记录!$G:$G,合格品入库记录!$E:$E,日报!$D:$D,合格品入库记录!$A:$A,日报!AT$3),"") | AU8: =IF(SUMIFS(合格品出库记录!$G:$G,合格品出库记录!$E:$E,日报!$D:$D,合格品出库记录!$A:$A,日报!AU$3)<>0,SUMIFS(合格品出库记录!$G:$G,合格品出库记录!$E:$E,日报!$D:$D,合格品出库记录!$A:$A,日报!AU$3),"") | AV8: =IF(SUMIFS(合格品出库记录!$G:$G,合格品出库记录!$E:$E,日报!$D:$D,合格品出库记录!$A:$A,日报!AV$3)<>0,SUMIFS(合格品出库记录!$G:$G,合格品出库记录!$E:$E,日报!$D:$D,合格品出库记录!$A:$A,日报!AV$3),"") | AW8: =IF(SUMIFS(合格品出库记录!$G:$G,合格品出库记录!$E:$E,日报!$D:$D,合格品出库记录!$A:$A,日报!AW$3)<>0,SUMIFS(合格品出库记录!$G:$G,合格品出库记录!$E:$E,日报!$D:$D,合格品出库记录!$A:$A,日报!AW$3),"") | AX8: =IF(SUMIFS(合格品出库记录!$G:$G,合格品出库记录!$E:$E,日报!$D:$D,合格品出库记录!$A:$A,日报!AX$3)<>0,SUMIFS(合格品出库记录!$G:$G,合格品出库记录!$E:$E,日报!$D:$D,合格品出库记录!$A:$A,日报!AX$3),"") | AY8: =IF(SUMIFS(合格品出库记录!$G:$G,合格品出库记录!$E:$E,日报!$D:$D,合格品出库记录!$A:$A,日报!AY$3)<>0,SUMIFS(合格品出库记录!$G:$G,合格品出库记录!$E:$E,日报!$D:$D,合格品出库记录!$A:$A,日报!AY$3),"") | AZ8: =IF(SUMIFS(合格品出库记录!$G:$G,合格品出库记录!$E:$E,日报!$D:$D,合格品出库记录!$A:$A,日报!AZ$3)<>0,SUMIFS(合格品出库记录!$G:$G,合格品出库记录!$E:$E,日报!$D:$D,合格品出库记录!$A:$A,日报!AZ$3),"") | BA8: =IF(SUMIFS(合格品出库记录!$G:$G,合格品出库记录!$E:$E,日报!$D:$D,合格品出库记录!$A:$A,日报!BA$3)<>0,SUMIFS(合格品出库记录!$G:$G,合格品出库记录!$E:$E,日报!$D:$D,合格品出库记录!$A:$A,日报!BA$3),"") | BB8: =IF(SUMIFS(合格品出库记录!$G:$G,合格品出库记录!$E:$E,日报!$D:$D,合格品出库记录!$A:$A,日报!BB$3)<>0,SUMIFS(合格品出库记录!$G:$G,合格品出库记录!$E:$E,日报!$D:$D,合格品出库记录!$A:$A,日报!BB$3),"") | ... BY8: =IF(SUMIFS(合格品出库记录!$G:$G,合格品出库记录!$E:$E,日报!$D:$D,合格品出库记录!$A:$A,日报!BY$3)<>0,SUMIFS(合格品出库记录!$G:$G,合格品出库记录!$E:$E,日报!$D:$D,合格品出库记录!$A:$A,日报!BY$3),"") | BZ8: =IF(SUMIFS(领跑良品退回!$G:$G,领跑良品退回!$E:$E,日报!$D:$D,领跑良品退回!$A:$A,日报!BZ$3)<>0,SUMIFS(领跑良品退回!$G:$G,领跑良品退回!$E:$E,日报!$D:$D,领跑良品退回!$A:$A,日报!BZ$3),"") | CA8: =IF(SUMIFS(领跑良品退回!$G:$G,领跑良品退回!$E:$E,日报!$D:$D,领跑良品退回!$A:$A,日报!CA$3)<>0,SUMIFS(领跑良品退回!$G:$G,领跑良品退回!$E:$E,日报!$D:$D,领跑良品退回!$A:$A,日报!CA$3),"") | CB8: =IF(SUMIFS(领跑良品退回!$G:$G,领跑良品退回!$E:$E,日报!$D:$D,领跑良品退回!$A:$A,日报!CB$3)<>0,SUMIFS(领跑良品退回!$G:$G,领跑良品退回!$E:$E,日报!$D:$D,领跑良品退回!$A:$A,日报!CB$3),"") | CC8: =IF(SUMIFS(领跑良品退回!$G:$G,领跑良品退回!$E:$E,日报!$D:$D,领跑良品退回!$A:$A,日报!CC$3)<>0,SUMIFS(领跑良品退回!$G:$G,领跑良品退回!$E:$E,日报!$D:$D,领跑良品退回!$A:$A,日报!CC$3),"") | CD8: =IF(SUMIFS(领跑良品退回!$G:$G,领跑良品退回!$E:$E,日报!$D:$D,领跑良品退回!$A:$A,日报!CD$3)<>0,SUMIFS(领跑良品退回!$G:$G,领跑良品退回!$E:$E,日报!$D:$D,领跑良品退回!$A:$A,日报!CD$3),"") | CE8: =IF(SUMIFS(领跑良品退回!$G:$G,领跑良品退回!$E:$E,日报!$D:$D,领跑良品退回!$A:$A,日报!CE$3)<>0,SUMIFS(领跑良品退回!$G:$G,领跑良品退回!$E:$E,日报!$D:$D,领跑良品退回!$A:$A,日报!CE$3),"") | CF8: =IF(SUMIFS(领跑良品退回!$G:$G,领跑良品退回!$E:$E,日报!$D:$D,领跑良品退回!$A:$A,日报!CF$3)<>0,SUMIFS(领跑良品退回!$G:$G,领跑良品退回!$E:$E,日报!$D:$D,领跑良品退回!$A:$A,日报!CF$3),"") | CG8: =IF(SUMIFS(领跑良品退回!$G:$G,领跑良品退回!$E:$E,日报!$D:$D,领跑良品退回!$A:$A,日报!CG$3)<>0,SUMIFS(领跑良品退回!$G:$G,领跑良品退回!$E:$E,日报!$D:$D,领跑良品退回!$A:$A,日报!CG$3),"") | ... DD8: =IF(SUMIFS(领跑良品退回!$G:$G,领跑良品退回!$E:$E,日报!$D:$D,领跑良品退回!$A:$A,日报!DD$3)<>0,SUMIFS(领跑良品退回!$G:$G,领跑良品退回!$E:$E,日报!$D:$D,领跑良品退回!$A:$A,日报!DD$3),"")
A9: 53 | B9: 1DC | C9: 东莞市硅翔绝缘材料有限公司 | D9: 3.2.49.08.00658-000 | E9: LPT03A_pBP-RP加热膜－L | F9: =IFERROR(VLOOKUP(D56,'[1]#REF'!D:F,3,FALSE),"0") -> 0 | G9: 36 | H9: =SUMIF(合格品入库记录!E:E,日报!D56,合格品入库记录!G:G) -> 0 | I9: =SUMIF(合格品出库记录!E:E,日报!D56,合格品出库记录!G:G) -> 7 | J9: =SUMIF(领跑良品退回!E:E,D56,领跑良品退回!G:G) -> 0 | K9: =M56+L56 -> 7802 | L9: =SUMIF(不良品库存!D:D,D:D,不良品库存!F:F) -> 0 | M9: =G56+H56-I56+J56 -> -1580 | N9: 4000 | P9: =IF(SUMIFS(合格品入库记录!$G:$G,合格品入库记录!$E:$E,日报!$D:$D,合格品入库记录!$A:$A,日报!P$3)<>0,SUMIFS(合格品入库记录!$G:$G,合格品入库记录!$E:$E,日报!$D:$D,合格品入库记录!$A:$A,日报!P$3),"") | Q9: =IF(SUMIFS(合格品入库记录!$G:$G,合格品入库记录!$E:$E,日报!$D:$D,合格品入库记录!$A:$A,日报!Q$3)<>0,SUMIFS(合格品入库记录!$G:$G,合格品入库记录!$E:$E,日报!$D:$D,合格品入库记录!$A:$A,日报!Q$3),"") | R9: =IF(SUMIFS(合格品入库记录!$G:$G,合格品入库记录!$E:$E,日报!$D:$D,合格品入库记录!$A:$A,日报!R$3)<>0,SUMIFS(合格品入库记录!$G:$G,合格品入库记录!$E:$E,日报!$D:$D,合格品入库记录!$A:$A,日报!R$3),"") | S9: =IF(SUMIFS(合格品入库记录!$G:$G,合格品入库记录!$E:$E,日报!$D:$D,合格品入库记录!$A:$A,日报!S$3)<>0,SUMIFS(合格品入库记录!$G:$G,合格品入库记录!$E:$E,日报!$D:$D,合格品入库记录!$A:$A,日报!S$3),"") | T9: =IF(SUMIFS(合格品入库记录!$G:$G,合格品入库记录!$E:$E,日报!$D:$D,合格品入库记录!$A:$A,日报!T$3)<>0,SUMIFS(合格品入库记录!$G:$G,合格品入库记录!$E:$E,日报!$D:$D,合格品入库记录!$A:$A,日报!T$3),"") | U9: =IF(SUMIFS(合格品入库记录!$G:$G,合格品入库记录!$E:$E,日报!$D:$D,合格品入库记录!$A:$A,日报!U$3)<>0,SUMIFS(合格品入库记录!$G:$G,合格品入库记录!$E:$E,日报!$D:$D,合格品入库记录!$A:$A,日报!U$3),"") | V9: =IF(SUMIFS(合格品入库记录!$G:$G,合格品入库记录!$E:$E,日报!$D:$D,合格品入库记录!$A:$A,日报!V$3)<>0,SUMIFS(合格品入库记录!$G:$G,合格品入库记录!$E:$E,日报!$D:$D,合格品入库记录!$A:$A,日报!V$3),"") | W9: =IF(SUMIFS(合格品入库记录!$G:$G,合格品入库记录!$E:$E,日报!$D:$D,合格品入库记录!$A:$A,日报!W$3)<>0,SUMIFS(合格品入库记录!$G:$G,合格品入库记录!$E:$E,日报!$D:$D,合格品入库记录!$A:$A,日报!W$3),"") | ... AT9: =IF(SUMIFS(合格品入库记录!$G:$G,合格品入库记录!$E:$E,日报!$D:$D,合格品入库记录!$A:$A,日报!AT$3)<>0,SUMIFS(合格品入库记录!$G:$G,合格品入库记录!$E:$E,日报!$D:$D,合格品入库记录!$A:$A,日报!AT$3),"") | AU9: =IF(SUMIFS(合格品出库记录!$G:$G,合格品出库记录!$E:$E,日报!$D:$D,合格品出库记录!$A:$A,日报!AU$3)<>0,SUMIFS(合格品出库记录!$G:$G,合格品出库记录!$E:$E,日报!$D:$D,合格品出库记录!$A:$A,日报!AU$3),"") | AV9: =IF(SUMIFS(合格品出库记录!$G:$G,合格品出库记录!$E:$E,日报!$D:$D,合格品出库记录!$A:$A,日报!AV$3)<>0,SUMIFS(合格品出库记录!$G:$G,合格品出库记录!$E:$E,日报!$D:$D,合格品出库记录!$A:$A,日报!AV$3),"") | AW9: =IF(SUMIFS(合格品出库记录!$G:$G,合格品出库记录!$E:$E,日报!$D:$D,合格品出库记录!$A:$A,日报!AW$3)<>0,SUMIFS(合格品出库记录!$G:$G,合格品出库记录!$E:$E,日报!$D:$D,合格品出库记录!$A:$A,日报!AW$3),"") | AX9: =IF(SUMIFS(合格品出库记录!$G:$G,合格品出库记录!$E:$E,日报!$D:$D,合格品出库记录!$A:$A,日报!AX$3)<>0,SUMIFS(合格品出库记录!$G:$G,合格品出库记录!$E:$E,日报!$D:$D,合格品出库记录!$A:$A,日报!AX$3),"") | AY9: =IF(SUMIFS(合格品出库记录!$G:$G,合格品出库记录!$E:$E,日报!$D:$D,合格品出库记录!$A:$A,日报!AY$3)<>0,SUMIFS(合格品出库记录!$G:$G,合格品出库记录!$E:$E,日报!$D:$D,合格品出库记录!$A:$A,日报!AY$3),"") | AZ9: =IF(SUMIFS(合格品出库记录!$G:$G,合格品出库记录!$E:$E,日报!$D:$D,合格品出库记录!$A:$A,日报!AZ$3)<>0,SUMIFS(合格品出库记录!$G:$G,合格品出库记录!$E:$E,日报!$D:$D,合格品出库记录!$A:$A,日报!AZ$3),"") | BA9: =IF(SUMIFS(合格品出库记录!$G:$G,合格品出库记录!$E:$E,日报!$D:$D,合格品出库记录!$A:$A,日报!BA$3)<>0,SUMIFS(合格品出库记录!$G:$G,合格品出库记录!$E:$E,日报!$D:$D,合格品出库记录!$A:$A,日报!BA$3),"") | BB9: =IF(SUMIFS(合格品出库记录!$G:$G,合格品出库记录!$E:$E,日报!$D:$D,合格品出库记录!$A:$A,日报!BB$3)<>0,SUMIFS(合格品出库记录!$G:$G,合格品出库记录!$E:$E,日报!$D:$D,合格品出库记录!$A:$A,日报!BB$3),"") | ... BY9: =IF(SUMIFS(合格品出库记录!$G:$G,合格品出库记录!$E:$E,日报!$D:$D,合格品出库记录!$A:$A,日报!BY$3)<>0,SUMIFS(合格品出库记录!$G:$G,合格品出库记录!$E:$E,日报!$D:$D,合格品出库记录!$A:$A,日报!BY$3),"") | BZ9: =IF(SUMIFS(领跑良品退回!$G:$G,领跑良品退回!$E:$E,日报!$D:$D,领跑良品退回!$A:$A,日报!BZ$3)<>0,SUMIFS(领跑良品退回!$G:$G,领跑良品退回!$E:$E,日报!$D:$D,领跑良品退回!$A:$A,日报!BZ$3),"") | CA9: =IF(SUMIFS(领跑良品退回!$G:$G,领跑良品退回!$E:$E,日报!$D:$D,领跑良品退回!$A:$A,日报!CA$3)<>0,SUMIFS(领跑良品退回!$G:$G,领跑良品退回!$E:$E,日报!$D:$D,领跑良品退回!$A:$A,日报!CA$3),"") | CB9: =IF(SUMIFS(领跑良品退回!$G:$G,领跑良品退回!$E:$E,日报!$D:$D,领跑良品退回!$A:$A,日报!CB$3)<>0,SUMIFS(领跑良品退回!$G:$G,领跑良品退回!$E:$E,日报!$D:$D,领跑良品退回!$A:$A,日报!CB$3),"") | CC9: =IF(SUMIFS(领跑良品退回!$G:$G,领跑良品退回!$E:$E,日报!$D:$D,领跑良品退回!$A:$A,日报!CC$3)<>0,SUMIFS(领跑良品退回!$G:$G,领跑良品退回!$E:$E,日报!$D:$D,领跑良品退回!$A:$A,日报!CC$3),"") | CD9: =IF(SUMIFS(领跑良品退回!$G:$G,领跑良品退回!$E:$E,日报!$D:$D,领跑良品退回!$A:$A,日报!CD$3)<>0,SUMIFS(领跑良品退回!$G:$G,领跑良品退回!$E:$E,日报!$D:$D,领跑良品退回!$A:$A,日报!CD$3),"") | CE9: =IF(SUMIFS(领跑良品退回!$G:$G,领跑良品退回!$E:$E,日报!$D:$D,领跑良品退回!$A:$A,日报!CE$3)<>0,SUMIFS(领跑良品退回!$G:$G,领跑良品退回!$E:$E,日报!$D:$D,领跑良品退回!$A:$A,日报!CE$3),"") | CF9: =IF(SUMIFS(领跑良品退回!$G:$G,领跑良品退回!$E:$E,日报!$D:$D,领跑良品退回!$A:$A,日报!CF$3)<>0,SUMIFS(领跑良品退回!$G:$G,领跑良品退回!$E:$E,日报!$D:$D,领跑良品退回!$A:$A,日报!CF$3),"") | CG9: =IF(SUMIFS(领跑良品退回!$G:$G,领跑良品退回!$E:$E,日报!$D:$D,领跑良品退回!$A:$A,日报!CG$3)<>0,SUMIFS(领跑良品退回!$G:$G,领跑良品退回!$E:$E,日报!$D:$D,领跑良品退回!$A:$A,日报!CG$3),"") | ... DD9: =IF(SUMIFS(领跑良品退回!$G:$G,领跑良品退回!$E:$E,日报!$D:$D,领跑良品退回!$A:$A,日报!DD$3)<>0,SUMIFS(领跑良品退回!$G:$G,领跑良品退回!$E:$E,日报!$D:$D,领跑良品退回!$A:$A,日报!DD$3),"")
A10: 54 | B10: 1DC | C10: 东莞市硅翔绝缘材料有限公司 | D10: 3.2.49.08.00659-000 | E10: LPT03A_pBP-RP加热膜－R项目 | F10: =IFERROR(VLOOKUP(D57,'[1]#REF'!D:F,3,FALSE),"0") -> 0 | G10: 0 | H10: =SUMIF(合格品入库记录!E:E,日报!D57,合格品入库记录!G:G) -> 0 | I10: =SUMIF(合格品出库记录!E:E,日报!D57,合格品出库记录!G:G) -> 0 | J10: =SUMIF(领跑良品退回!E:E,D57,领跑良品退回!G:G) -> 0 | K10: =M57+L57 -> 2655 | L10: =SUMIF(不良品库存!D:D,D:D,不良品库存!F:F) -> 0 | M10: =G57+H57-I57+J57 -> -442 | N10: 4000 | P10: =IF(SUMIFS(合格品入库记录!$G:$G,合格品入库记录!$E:$E,日报!$D:$D,合格品入库记录!$A:$A,日报!P$3)<>0,SUMIFS(合格品入库记录!$G:$G,合格品入库记录!$E:$E,日报!$D:$D,合格品入库记录!$A:$A,日报!P$3),"") | Q10: =IF(SUMIFS(合格品入库记录!$G:$G,合格品入库记录!$E:$E,日报!$D:$D,合格品入库记录!$A:$A,日报!Q$3)<>0,SUMIFS(合格品入库记录!$G:$G,合格品入库记录!$E:$E,日报!$D:$D,合格品入库记录!$A:$A,日报!Q$3),"") | R10: =IF(SUMIFS(合格品入库记录!$G:$G,合格品入库记录!$E:$E,日报!$D:$D,合格品入库记录!$A:$A,日报!R$3)<>0,SUMIFS(合格品入库记录!$G:$G,合格品入库记录!$E:$E,日报!$D:$D,合格品入库记录!$A:$A,日报!R$3),"") | S10: =IF(SUMIFS(合格品入库记录!$G:$G,合格品入库记录!$E:$E,日报!$D:$D,合格品入库记录!$A:$A,日报!S$3)<>0,SUMIFS(合格品入库记录!$G:$G,合格品入库记录!$E:$E,日报!$D:$D,合格品入库记录!$A:$A,日报!S$3),"") | T10: =IF(SUMIFS(合格品入库记录!$G:$G,合格品入库记录!$E:$E,日报!$D:$D,合格品入库记录!$A:$A,日报!T$3)<>0,SUMIFS(合格品入库记录!$G:$G,合格品入库记录!$E:$E,日报!$D:$D,合格品入库记录!$A:$A,日报!T$3),"") | U10: =IF(SUMIFS(合格品入库记录!$G:$G,合格品入库记录!$E:$E,日报!$D:$D,合格品入库记录!$A:$A,日报!U$3)<>0,SUMIFS(合格品入库记录!$G:$G,合格品入库记录!$E:$E,日报!$D:$D,合格品入库记录!$A:$A,日报!U$3),"") | V10: =IF(SUMIFS(合格品入库记录!$G:$G,合格品入库记录!$E:$E,日报!$D:$D,合格品入库记录!$A:$A,日报!V$3)<>0,SUMIFS(合格品入库记录!$G:$G,合格品入库记录!$E:$E,日报!$D:$D,合格品入库记录!$A:$A,日报!V$3),"") -> 262 | W10: =IF(SUMIFS(合格品入库记录!$G:$G,合格品入库记录!$E:$E,日报!$D:$D,合格品入库记录!$A:$A,日报!W$3)<>0,SUMIFS(合格品入库记录!$G:$G,合格品入库记录!$E:$E,日报!$D:$D,合格品入库记录!$A:$A,日报!W$3),"") | ... AT10: =IF(SUMIFS(合格品入库记录!$G:$G,合格品入库记录!$E:$E,日报!$D:$D,合格品入库记录!$A:$A,日报!AT$3)<>0,SUMIFS(合格品入库记录!$G:$G,合格品入库记录!$E:$E,日报!$D:$D,合格品入库记录!$A:$A,日报!AT$3),"") | AU10: =IF(SUMIFS(合格品出库记录!$G:$G,合格品出库记录!$E:$E,日报!$D:$D,合格品出库记录!$A:$A,日报!AU$3)<>0,SUMIFS(合格品出库记录!$G:$G,合格品出库记录!$E:$E,日报!$D:$D,合格品出库记录!$A:$A,日报!AU$3),"") | AV10: =IF(SUMIFS(合格品出库记录!$G:$G,合格品出库记录!$E:$E,日报!$D:$D,合格品出库记录!$A:$A,日报!AV$3)<>0,SUMIFS(合格品出库记录!$G:$G,合格品出库记录!$E:$E,日报!$D:$D,合格品出库记录!$A:$A,日报!AV$3),"") | AW10: =IF(SUMIFS(合格品出库记录!$G:$G,合格品出库记录!$E:$E,日报!$D:$D,合格品出库记录!$A:$A,日报!AW$3)<>0,SUMIFS(合格品出库记录!$G:$G,合格品出库记录!$E:$E,日报!$D:$D,合格品出库记录!$A:$A,日报!AW$3),"") | AX10: =IF(SUMIFS(合格品出库记录!$G:$G,合格品出库记录!$E:$E,日报!$D:$D,合格品出库记录!$A:$A,日报!AX$3)<>0,SUMIFS(合格品出库记录!$G:$G,合格品出库记录!$E:$E,日报!$D:$D,合格品出库记录!$A:$A,日报!AX$3),"") | AY10: =IF(SUMIFS(合格品出库记录!$G:$G,合格品出库记录!$E:$E,日报!$D:$D,合格品出库记录!$A:$A,日报!AY$3)<>0,SUMIFS(合格品出库记录!$G:$G,合格品出库记录!$E:$E,日报!$D:$D,合格品出库记录!$A:$A,日报!AY$3),"") | AZ10: =IF(SUMIFS(合格品出库记录!$G:$G,合格品出库记录!$E:$E,日报!$D:$D,合格品出库记录!$A:$A,日报!AZ$3)<>0,SUMIFS(合格品出库记录!$G:$G,合格品出库记录!$E:$E,日报!$D:$D,合格品出库记录!$A:$A,日报!AZ$3),"") | BA10: =IF(SUMIFS(合格品出库记录!$G:$G,合格品出库记录!$E:$E,日报!$D:$D,合格品出库记录!$A:$A,日报!BA$3)<>0,SUMIFS(合格品出库记录!$G:$G,合格品出库记录!$E:$E,日报!$D:$D,合格品出库记录!$A:$A,日报!BA$3),"") | BB10: =IF(SUMIFS(合格品出库记录!$G:$G,合格品出库记录!$E:$E,日报!$D:$D,合格品出库记录!$A:$A,日报!BB$3)<>0,SUMIFS(合格品出库记录!$G:$G,合格品出库记录!$E:$E,日报!$D:$D,合格品出库记录!$A:$A,日报!BB$3),"") | ... BY10: =IF(SUMIFS(合格品出库记录!$G:$G,合格品出库记录!$E:$E,日报!$D:$D,合格品出库记录!$A:$A,日报!BY$3)<>0,SUMIFS(合格品出库记录!$G:$G,合格品出库记录!$E:$E,日报!$D:$D,合格品出库记录!$A:$A,日报!BY$3),"") | BZ10: =IF(SUMIFS(领跑良品退回!$G:$G,领跑良品退回!$E:$E,日报!$D:$D,领跑良品退回!$A:$A,日报!BZ$3)<>0,SUMIFS(领跑良品退回!$G:$G,领跑良品退回!$E:$E,日报!$D:$D,领跑良品退回!$A:$A,日报!BZ$3),"") | CA10: =IF(SUMIFS(领跑良品退回!$G:$G,领跑良品退回!$E:$E,日报!$D:$D,领跑良品退回!$A:$A,日报!CA$3)<>0,SUMIFS(领跑良品退回!$G:$G,领跑良品退回!$E:$E,日报!$D:$D,领跑良品退回!$A:$A,日报!CA$3),"") | CB10: =IF(SUMIFS(领跑良品退回!$G:$G,领跑良品退回!$E:$E,日报!$D:$D,领跑良品退回!$A:$A,日报!CB$3)<>0,SUMIFS(领跑良品退回!$G:$G,领跑良品退回!$E:$E,日报!$D:$D,领跑良品退回!$A:$A,日报!CB$3),"") | CC10: =IF(SUMIFS(领跑良品退回!$G:$G,领跑良品退回!$E:$E,日报!$D:$D,领跑良品退回!$A:$A,日报!CC$3)<>0,SUMIFS(领跑良品退回!$G:$G,领跑良品退回!$E:$E,日报!$D:$D,领跑良品退回!$A:$A,日报!CC$3),"") | CD10: =IF(SUMIFS(领跑良品退回!$G:$G,领跑良品退回!$E:$E,日报!$D:$D,领跑良品退回!$A:$A,日报!CD$3)<>0,SUMIFS(领跑良品退回!$G:$G,领跑良品退回!$E:$E,日报!$D:$D,领跑良品退回!$A:$A,日报!CD$3),"") | CE10: =IF(SUMIFS(领跑良品退回!$G:$G,领跑良品退回!$E:$E,日报!$D:$D,领跑良品退回!$A:$A,日报!CE$3)<>0,SUMIFS(领跑良品退回!$G:$G,领跑良品退回!$E:$E,日报!$D:$D,领跑良品退回!$A:$A,日报!CE$3),"") | CF10: =IF(SUMIFS(领跑良品退回!$G:$G,领跑良品退回!$E:$E,日报!$D:$D,领跑良品退回!$A:$A,日报!CF$3)<>0,SUMIFS(领跑良品退回!$G:$G,领跑良品退回!$E:$E,日报!$D:$D,领跑良品退回!$A:$A,日报!CF$3),"") | CG10: =IF(SUMIFS(领跑良品退回!$G:$G,领跑良品退回!$E:$E,日报!$D:$D,领跑良品退回!$A:$A,日报!CG$3)<>0,SUMIFS(领跑良品退回!$G:$G,领跑良品退回!$E:$E,日报!$D:$D,领跑良品退回!$A:$A,日报!CG$3),"") | ... DD10: =IF(SUMIFS(领跑良品退回!$G:$G,领跑良品退回!$E:$E,日报!$D:$D,领跑良品退回!$A:$A,日报!DD$3)<>0,SUMIFS(领跑良品退回!$G:$G,领跑良品退回!$E:$E,日报!$D:$D,领跑良品退回!$A:$A,日报!DD$3),"")
A11: 55 | B11: 1DC | C11: 东莞市硅翔绝缘材料有限公司 | D11: 3.2.49.08.00660-000 | E11: LPT03A_pBP-RP加热膜－T1 | F11: =IFERROR(VLOOKUP(D58,'[1]#REF'!D:F,3,FALSE),"0") -> 0 | G11: 127 | H11: =SUMIF(合格品入库记录!E:E,日报!D58,合格品入库记录!G:G) -> 0 | I11: =SUMIF(合格品出库记录!E:E,日报!D58,合格品出库记录!G:G) -> 0 | J11: =SUMIF(领跑良品退回!E:E,D58,领跑良品退回!G:G) -> 0 | K11: =M58+L58 -> 2576 | L11: =SUMIF(不良品库存!D:D,D:D,不良品库存!F:F) -> 0 | M11: =G58+H58-I58+J58 -> -353 | N11: 2400 | P11: =IF(SUMIFS(合格品入库记录!$G:$G,合格品入库记录!$E:$E,日报!$D:$D,合格品入库记录!$A:$A,日报!P$3)<>0,SUMIFS(合格品入库记录!$G:$G,合格品入库记录!$E:$E,日报!$D:$D,合格品入库记录!$A:$A,日报!P$3),"") | Q11: =IF(SUMIFS(合格品入库记录!$G:$G,合格品入库记录!$E:$E,日报!$D:$D,合格品入库记录!$A:$A,日报!Q$3)<>0,SUMIFS(合格品入库记录!$G:$G,合格品入库记录!$E:$E,日报!$D:$D,合格品入库记录!$A:$A,日报!Q$3),"") | R11: =IF(SUMIFS(合格品入库记录!$G:$G,合格品入库记录!$E:$E,日报!$D:$D,合格品入库记录!$A:$A,日报!R$3)<>0,SUMIFS(合格品入库记录!$G:$G,合格品入库记录!$E:$E,日报!$D:$D,合格品入库记录!$A:$A,日报!R$3),"") | S11: =IF(SUMIFS(合格品入库记录!$G:$G,合格品入库记录!$E:$E,日报!$D:$D,合格品入库记录!$A:$A,日报!S$3)<>0,SUMIFS(合格品入库记录!$G:$G,合格品入库记录!$E:$E,日报!$D:$D,合格品入库记录!$A:$A,日报!S$3),"") | T11: =IF(SUMIFS(合格品入库记录!$G:$G,合格品入库记录!$E:$E,日报!$D:$D,合格品入库记录!$A:$A,日报!T$3)<>0,SUMIFS(合格品入库记录!$G:$G,合格品入库记录!$E:$E,日报!$D:$D,合格品入库记录!$A:$A,日报!T$3),"") | U11: =IF(SUMIFS(合格品入库记录!$G:$G,合格品入库记录!$E:$E,日报!$D:$D,合格品入库记录!$A:$A,日报!U$3)<>0,SUMIFS(合格品入库记录!$G:$G,合格品入库记录!$E:$E,日报!$D:$D,合格品入库记录!$A:$A,日报!U$3),"") | V11: =IF(SUMIFS(合格品入库记录!$G:$G,合格品入库记录!$E:$E,日报!$D:$D,合格品入库记录!$A:$A,日报!V$3)<>0,SUMIFS(合格品入库记录!$G:$G,合格品入库记录!$E:$E,日报!$D:$D,合格品入库记录!$A:$A,日报!V$3),"") | W11: =IF(SUMIFS(合格品入库记录!$G:$G,合格品入库记录!$E:$E,日报!$D:$D,合格品入库记录!$A:$A,日报!W$3)<>0,SUMIFS(合格品入库记录!$G:$G,合格品入库记录!$E:$E,日报!$D:$D,合格品入库记录!$A:$A,日报!W$3),"") | ... AT11: =IF(SUMIFS(合格品入库记录!$G:$G,合格品入库记录!$E:$E,日报!$D:$D,合格品入库记录!$A:$A,日报!AT$3)<>0,SUMIFS(合格品入库记录!$G:$G,合格品入库记录!$E:$E,日报!$D:$D,合格品入库记录!$A:$A,日报!AT$3),"") | AU11: =IF(SUMIFS(合格品出库记录!$G:$G,合格品出库记录!$E:$E,日报!$D:$D,合格品出库记录!$A:$A,日报!AU$3)<>0,SUMIFS(合格品出库记录!$G:$G,合格品出库记录!$E:$E,日报!$D:$D,合格品出库记录!$A:$A,日报!AU$3),"") | AV11: =IF(SUMIFS(合格品出库记录!$G:$G,合格品出库记录!$E:$E,日报!$D:$D,合格品出库记录!$A:$A,日报!AV$3)<>0,SUMIFS(合格品出库记录!$G:$G,合格品出库记录!$E:$E,日报!$D:$D,合格品出库记录!$A:$A,日报!AV$3),"") | AW11: =IF(SUMIFS(合格品出库记录!$G:$G,合格品出库记录!$E:$E,日报!$D:$D,合格品出库记录!$A:$A,日报!AW$3)<>0,SUMIFS(合格品出库记录!$G:$G,合格品出库记录!$E:$E,日报!$D:$D,合格品出库记录!$A:$A,日报!AW$3),"") | AX11: =IF(SUMIFS(合格品出库记录!$G:$G,合格品出库记录!$E:$E,日报!$D:$D,合格品出库记录!$A:$A,日报!AX$3)<>0,SUMIFS(合格品出库记录!$G:$G,合格品出库记录!$E:$E,日报!$D:$D,合格品出库记录!$A:$A,日报!AX$3),"") | AY11: =IF(SUMIFS(合格品出库记录!$G:$G,合格品出库记录!$E:$E,日报!$D:$D,合格品出库记录!$A:$A,日报!AY$3)<>0,SUMIFS(合格品出库记录!$G:$G,合格品出库记录!$E:$E,日报!$D:$D,合格品出库记录!$A:$A,日报!AY$3),"") | AZ11: =IF(SUMIFS(合格品出库记录!$G:$G,合格品出库记录!$E:$E,日报!$D:$D,合格品出库记录!$A:$A,日报!AZ$3)<>0,SUMIFS(合格品出库记录!$G:$G,合格品出库记录!$E:$E,日报!$D:$D,合格品出库记录!$A:$A,日报!AZ$3),"") | BA11: =IF(SUMIFS(合格品出库记录!$G:$G,合格品出库记录!$E:$E,日报!$D:$D,合格品出库记录!$A:$A,日报!BA$3)<>0,SUMIFS(合格品出库记录!$G:$G,合格品出库记录!$E:$E,日报!$D:$D,合格品出库记录!$A:$A,日报!BA$3),"") | BB11: =IF(SUMIFS(合格品出库记录!$G:$G,合格品出库记录!$E:$E,日报!$D:$D,合格品出库记录!$A:$A,日报!BB$3)<>0,SUMIFS(合格品出库记录!$G:$G,合格品出库记录!$E:$E,日报!$D:$D,合格品出库记录!$A:$A,日报!BB$3),"") | ... BY11: =IF(SUMIFS(合格品出库记录!$G:$G,合格品出库记录!$E:$E,日报!$D:$D,合格品出库记录!$A:$A,日报!BY$3)<>0,SUMIFS(合格品出库记录!$G:$G,合格品出库记录!$E:$E,日报!$D:$D,合格品出库记录!$A:$A,日报!BY$3),"") | BZ11: =IF(SUMIFS(领跑良品退回!$G:$G,领跑良品退回!$E:$E,日报!$D:$D,领跑良品退回!$A:$A,日报!BZ$3)<>0,SUMIFS(领跑良品退回!$G:$G,领跑良品退回!$E:$E,日报!$D:$D,领跑良品退回!$A:$A,日报!BZ$3),"") | CA11: =IF(SUMIFS(领跑良品退回!$G:$G,领跑良品退回!$E:$E,日报!$D:$D,领跑良品退回!$A:$A,日报!CA$3)<>0,SUMIFS(领跑良品退回!$G:$G,领跑良品退回!$E:$E,日报!$D:$D,领跑良品退回!$A:$A,日报!CA$3),"") | CB11: =IF(SUMIFS(领跑良品退回!$G:$G,领跑良品退回!$E:$E,日报!$D:$D,领跑良品退回!$A:$A,日报!CB$3)<>0,SUMIFS(领跑良品退回!$G:$G,领跑良品退回!$E:$E,日报!$D:$D,领跑良品退回!$A:$A,日报!CB$3),"") | CC11: =IF(SUMIFS(领跑良品退回!$G:$G,领跑良品退回!$E:$E,日报!$D:$D,领跑良品退回!$A:$A,日报!CC$3)<>0,SUMIFS(领跑良品退回!$G:$G,领跑良品退回!$E:$E,日报!$D:$D,领跑良品退回!$A:$A,日报!CC$3),"") | CD11: =IF(SUMIFS(领跑良品退回!$G:$G,领跑良品退回!$E:$E,日报!$D:$D,领跑良品退回!$A:$A,日报!CD$3)<>0,SUMIFS(领跑良品退回!$G:$G,领跑良品退回!$E:$E,日报!$D:$D,领跑良品退回!$A:$A,日报!CD$3),"") | CE11: =IF(SUMIFS(领跑良品退回!$G:$G,领跑良品退回!$E:$E,日报!$D:$D,领跑良品退回!$A:$A,日报!CE$3)<>0,SUMIFS(领跑良品退回!$G:$G,领跑良品退回!$E:$E,日报!$D:$D,领跑良品退回!$A:$A,日报!CE$3),"") | CF11: =IF(SUMIFS(领跑良品退回!$G:$G,领跑良品退回!$E:$E,日报!$D:$D,领跑良品退回!$A:$A,日报!CF$3)<>0,SUMIFS(领跑良品退回!$G:$G,领跑良品退回!$E:$E,日报!$D:$D,领跑良品退回!$A:$A,日报!CF$3),"") | CG11: =IF(SUMIFS(领跑良品退回!$G:$G,领跑良品退回!$E:$E,日报!$D:$D,领跑良品退回!$A:$A,日报!CG$3)<>0,SUMIFS(领跑良品退回!$G:$G,领跑良品退回!$E:$E,日报!$D:$D,领跑良品退回!$A:$A,日报!CG$3),"") | ... DD11: =IF(SUMIFS(领跑良品退回!$G:$G,领跑良品退回!$E:$E,日报!$D:$D,领跑良品退回!$A:$A,日报!DD$3)<>0,SUMIFS(领跑良品退回!$G:$G,领跑良品退回!$E:$E,日报!$D:$D,领跑良品退回!$A:$A,日报!DD$3),"")
A12: 56 | B12: 1DC | C12: 东莞市硅翔绝缘材料有限公司 | D12: 3.2.49.08.00835-000 | E12: T03-2001P40S-FPC-L | F12: =IFERROR(VLOOKUP(D59,'[1]#REF'!D:F,3,FALSE),"0") -> 0 | G12: 0 | H12: =SUMIF(合格品入库记录!E:E,日报!D59,合格品入库记录!G:G) -> 0 | I12: =SUMIF(合格品出库记录!E:E,日报!D59,合格品出库记录!G:G) -> 0 | J12: =SUMIF(领跑良品退回!E:E,D59,领跑良品退回!G:G) -> 0 | K12: =M59+L59 -> 0 | L12: =SUMIF(不良品库存!D:D,D:D,不良品库存!F:F) -> 0 | M12: =G59+H59-I59+J59 -> 12 | N12: #N/A | P12: =IF(SUMIFS(合格品入库记录!$G:$G,合格品入库记录!$E:$E,日报!$D:$D,合格品入库记录!$A:$A,日报!P$3)<>0,SUMIFS(合格品入库记录!$G:$G,合格品入库记录!$E:$E,日报!$D:$D,合格品入库记录!$A:$A,日报!P$3),"") | Q12: =IF(SUMIFS(合格品入库记录!$G:$G,合格品入库记录!$E:$E,日报!$D:$D,合格品入库记录!$A:$A,日报!Q$3)<>0,SUMIFS(合格品入库记录!$G:$G,合格品入库记录!$E:$E,日报!$D:$D,合格品入库记录!$A:$A,日报!Q$3),"") | R12: =IF(SUMIFS(合格品入库记录!$G:$G,合格品入库记录!$E:$E,日报!$D:$D,合格品入库记录!$A:$A,日报!R$3)<>0,SUMIFS(合格品入库记录!$G:$G,合格品入库记录!$E:$E,日报!$D:$D,合格品入库记录!$A:$A,日报!R$3),"") | S12: =IF(SUMIFS(合格品入库记录!$G:$G,合格品入库记录!$E:$E,日报!$D:$D,合格品入库记录!$A:$A,日报!S$3)<>0,SUMIFS(合格品入库记录!$G:$G,合格品入库记录!$E:$E,日报!$D:$D,合格品入库记录!$A:$A,日报!S$3),"") | T12: =IF(SUMIFS(合格品入库记录!$G:$G,合格品入库记录!$E:$E,日报!$D:$D,合格品入库记录!$A:$A,日报!T$3)<>0,SUMIFS(合格品入库记录!$G:$G,合格品入库记录!$E:$E,日报!$D:$D,合格品入库记录!$A:$A,日报!T$3),"") | U12: =IF(SUMIFS(合格品入库记录!$G:$G,合格品入库记录!$E:$E,日报!$D:$D,合格品入库记录!$A:$A,日报!U$3)<>0,SUMIFS(合格品入库记录!$G:$G,合格品入库记录!$E:$E,日报!$D:$D,合格品入库记录!$A:$A,日报!U$3),"") | V12: =IF(SUMIFS(合格品入库记录!$G:$G,合格品入库记录!$E:$E,日报!$D:$D,合格品入库记录!$A:$A,日报!V$3)<>0,SUMIFS(合格品入库记录!$G:$G,合格品入库记录!$E:$E,日报!$D:$D,合格品入库记录!$A:$A,日报!V$3),"") | W12: =IF(SUMIFS(合格品入库记录!$G:$G,合格品入库记录!$E:$E,日报!$D:$D,合格品入库记录!$A:$A,日报!W$3)<>0,SUMIFS(合格品入库记录!$G:$G,合格品入库记录!$E:$E,日报!$D:$D,合格品入库记录!$A:$A,日报!W$3),"") | ... AT12: =IF(SUMIFS(合格品入库记录!$G:$G,合格品入库记录!$E:$E,日报!$D:$D,合格品入库记录!$A:$A,日报!AT$3)<>0,SUMIFS(合格品入库记录!$G:$G,合格品入库记录!$E:$E,日报!$D:$D,合格品入库记录!$A:$A,日报!AT$3),"") | AU12: =IF(SUMIFS(合格品出库记录!$G:$G,合格品出库记录!$E:$E,日报!$D:$D,合格品出库记录!$A:$A,日报!AU$3)<>0,SUMIFS(合格品出库记录!$G:$G,合格品出库记录!$E:$E,日报!$D:$D,合格品出库记录!$A:$A,日报!AU$3),"") | AV12: =IF(SUMIFS(合格品出库记录!$G:$G,合格品出库记录!$E:$E,日报!$D:$D,合格品出库记录!$A:$A,日报!AV$3)<>0,SUMIFS(合格品出库记录!$G:$G,合格品出库记录!$E:$E,日报!$D:$D,合格品出库记录!$A:$A,日报!AV$3),"") | AW12: =IF(SUMIFS(合格品出库记录!$G:$G,合格品出库记录!$E:$E,日报!$D:$D,合格品出库记录!$A:$A,日报!AW$3)<>0,SUMIFS(合格品出库记录!$G:$G,合格品出库记录!$E:$E,日报!$D:$D,合格品出库记录!$A:$A,日报!AW$3),"") | AX12: =IF(SUMIFS(合格品出库记录!$G:$G,合格品出库记录!$E:$E,日报!$D:$D,合格品出库记录!$A:$A,日报!AX$3)<>0,SUMIFS(合格品出库记录!$G:$G,合格品出库记录!$E:$E,日报!$D:$D,合格品出库记录!$A:$A,日报!AX$3),"") | AY12: =IF(SUMIFS(合格品出库记录!$G:$G,合格品出库记录!$E:$E,日报!$D:$D,合格品出库记录!$A:$A,日报!AY$3)<>0,SUMIFS(合格品出库记录!$G:$G,合格品出库记录!$E:$E,日报!$D:$D,合格品出库记录!$A:$A,日报!AY$3),"") | AZ12: =IF(SUMIFS(合格品出库记录!$G:$G,合格品出库记录!$E:$E,日报!$D:$D,合格品出库记录!$A:$A,日报!AZ$3)<>0,SUMIFS(合格品出库记录!$G:$G,合格品出库记录!$E:$E,日报!$D:$D,合格品出库记录!$A:$A,日报!AZ$3),"") | BA12: =IF(SUMIFS(合格品出库记录!$G:$G,合格品出库记录!$E:$E,日报!$D:$D,合格品出库记录!$A:$A,日报!BA$3)<>0,SUMIFS(合格品出库记录!$G:$G,合格品出库记录!$E:$E,日报!$D:$D,合格品出库记录!$A:$A,日报!BA$3),"") | BB12: =IF(SUMIFS(合格品出库记录!$G:$G,合格品出库记录!$E:$E,日报!$D:$D,合格品出库记录!$A:$A,日报!BB$3)<>0,SUMIFS(合格品出库记录!$G:$G,合格品出库记录!$E:$E,日报!$D:$D,合格品出库记录!$A:$A,日报!BB$3),"") | ... BY12: =IF(SUMIFS(合格品出库记录!$G:$G,合格品出库记录!$E:$E,日报!$D:$D,合格品出库记录!$A:$A,日报!BY$3)<>0,SUMIFS(合格品出库记录!$G:$G,合格品出库记录!$E:$E,日报!$D:$D,合格品出库记录!$A:$A,日报!BY$3),"") | BZ12: =IF(SUMIFS(领跑良品退回!$G:$G,领跑良品退回!$E:$E,日报!$D:$D,领跑良品退回!$A:$A,日报!BZ$3)<>0,SUMIFS(领跑良品退回!$G:$G,领跑良品退回!$E:$E,日报!$D:$D,领跑良品退回!$A:$A,日报!BZ$3),"") | CA12: =IF(SUMIFS(领跑良品退回!$G:$G,领跑良品退回!$E:$E,日报!$D:$D,领跑良品退回!$A:$A,日报!CA$3)<>0,SUMIFS(领跑良品退回!$G:$G,领跑良品退回!$E:$E,日报!$D:$D,领跑良品退回!$A:$A,日报!CA$3),"") | CB12: =IF(SUMIFS(领跑良品退回!$G:$G,领跑良品退回!$E:$E,日报!$D:$D,领跑良品退回!$A:$A,日报!CB$3)<>0,SUMIFS(领跑良品退回!$G:$G,领跑良品退回!$E:$E,日报!$D:$D,领跑良品退回!$A:$A,日报!CB$3),"") | CC12: =IF(SUMIFS(领跑良品退回!$G:$G,领跑良品退回!$E:$E,日报!$D:$D,领跑良品退回!$A:$A,日报!CC$3)<>0,SUMIFS(领跑良品退回!$G:$G,领跑良品退回!$E:$E,日报!$D:$D,领跑良品退回!$A:$A,日报!CC$3),"") | CD12: =IF(SUMIFS(领跑良品退回!$G:$G,领跑良品退回!$E:$E,日报!$D:$D,领跑良品退回!$A:$A,日报!CD$3)<>0,SUMIFS(领跑良品退回!$G:$G,领跑良品退回!$E:$E,日报!$D:$D,领跑良品退回!$A:$A,日报!CD$3),"") | CE12: =IF(SUMIFS(领跑良品退回!$G:$G,领跑良品退回!$E:$E,日报!$D:$D,领跑良品退回!$A:$A,日报!CE$3)<>0,SUMIFS(领跑良品退回!$G:$G,领跑良品退回!$E:$E,日报!$D:$D,领跑良品退回!$A:$A,日报!CE$3),"") | CF12: =IF(SUMIFS(领跑良品退回!$G:$G,领跑良品退回!$E:$E,日报!$D:$D,领跑良品退回!$A:$A,日报!CF$3)<>0,SUMIFS(领跑良品退回!$G:$G,领跑良品退回!$E:$E,日报!$D:$D,领跑良品退回!$A:$A,日报!CF$3),"") | CG12: =IF(SUMIFS(领跑良品退回!$G:$G,领跑良品退回!$E:$E,日报!$D:$D,领跑良品退回!$A:$A,日报!CG$3)<>0,SUMIFS(领跑良品退回!$G:$G,领跑良品退回!$E:$E,日报!$D:$D,领跑良品退回!$A:$A,日报!CG$3),"") | ... DD12: =IF(SUMIFS(领跑良品退回!$G:$G,领跑良品退回!$E:$E,日报!$D:$D,领跑良品退回!$A:$A,日报!DD$3)<>0,SUMIFS(领跑良品退回!$G:$G,领跑良品退回!$E:$E,日报!$D:$D,领跑良品退回!$A:$A,日报!DD$3),"")
A13: 57 | B13: 1DC | C13: 东莞市硅翔绝缘材料有限公司 | D13: 3.2.49.08.00836-000 | E13: T03-2001P40S-FPC-R | F13: =IFERROR(VLOOKUP(D60,'[1]#REF'!D:F,3,FALSE),"0") -> 0 | G13: 0 | H13: =SUMIF(合格品入库记录!E:E,日报!D60,合格品入库记录!G:G) -> 0 | I13: =SUMIF(合格品出库记录!E:E,日报!D60,合格品出库记录!G:G) -> 0 | J13: =SUMIF(领跑良品退回!E:E,D60,领跑良品退回!G:G) -> 0 | K13: =M60+L60 -> 0 | L13: =SUMIF(不良品库存!D:D,D:D,不良品库存!F:F) -> 0 | M13: =G60+H60-I60+J60 -> 34 | N13: #N/A | P13: =IF(SUMIFS(合格品入库记录!$G:$G,合格品入库记录!$E:$E,日报!$D:$D,合格品入库记录!$A:$A,日报!P$3)<>0,SUMIFS(合格品入库记录!$G:$G,合格品入库记录!$E:$E,日报!$D:$D,合格品入库记录!$A:$A,日报!P$3),"") | Q13: =IF(SUMIFS(合格品入库记录!$G:$G,合格品入库记录!$E:$E,日报!$D:$D,合格品入库记录!$A:$A,日报!Q$3)<>0,SUMIFS(合格品入库记录!$G:$G,合格品入库记录!$E:$E,日报!$D:$D,合格品入库记录!$A:$A,日报!Q$3),"") | R13: =IF(SUMIFS(合格品入库记录!$G:$G,合格品入库记录!$E:$E,日报!$D:$D,合格品入库记录!$A:$A,日报!R$3)<>0,SUMIFS(合格品入库记录!$G:$G,合格品入库记录!$E:$E,日报!$D:$D,合格品入库记录!$A:$A,日报!R$3),"") | S13: =IF(SUMIFS(合格品入库记录!$G:$G,合格品入库记录!$E:$E,日报!$D:$D,合格品入库记录!$A:$A,日报!S$3)<>0,SUMIFS(合格品入库记录!$G:$G,合格品入库记录!$E:$E,日报!$D:$D,合格品入库记录!$A:$A,日报!S$3),"") | T13: =IF(SUMIFS(合格品入库记录!$G:$G,合格品入库记录!$E:$E,日报!$D:$D,合格品入库记录!$A:$A,日报!T$3)<>0,SUMIFS(合格品入库记录!$G:$G,合格品入库记录!$E:$E,日报!$D:$D,合格品入库记录!$A:$A,日报!T$3),"") | U13: =IF(SUMIFS(合格品入库记录!$G:$G,合格品入库记录!$E:$E,日报!$D:$D,合格品入库记录!$A:$A,日报!U$3)<>0,SUMIFS(合格品入库记录!$G:$G,合格品入库记录!$E:$E,日报!$D:$D,合格品入库记录!$A:$A,日报!U$3),"") | V13: =IF(SUMIFS(合格品入库记录!$G:$G,合格品入库记录!$E:$E,日报!$D:$D,合格品入库记录!$A:$A,日报!V$3)<>0,SUMIFS(合格品入库记录!$G:$G,合格品入库记录!$E:$E,日报!$D:$D,合格品入库记录!$A:$A,日报!V$3),"") | W13: =IF(SUMIFS(合格品入库记录!$G:$G,合格品入库记录!$E:$E,日报!$D:$D,合格品入库记录!$A:$A,日报!W$3)<>0,SUMIFS(合格品入库记录!$G:$G,合格品入库记录!$E:$E,日报!$D:$D,合格品入库记录!$A:$A,日报!W$3),"") | ... AT13: =IF(SUMIFS(合格品入库记录!$G:$G,合格品入库记录!$E:$E,日报!$D:$D,合格品入库记录!$A:$A,日报!AT$3)<>0,SUMIFS(合格品入库记录!$G:$G,合格品入库记录!$E:$E,日报!$D:$D,合格品入库记录!$A:$A,日报!AT$3),"") | AU13: =IF(SUMIFS(合格品出库记录!$G:$G,合格品出库记录!$E:$E,日报!$D:$D,合格品出库记录!$A:$A,日报!AU$3)<>0,SUMIFS(合格品出库记录!$G:$G,合格品出库记录!$E:$E,日报!$D:$D,合格品出库记录!$A:$A,日报!AU$3),"") | AV13: =IF(SUMIFS(合格品出库记录!$G:$G,合格品出库记录!$E:$E,日报!$D:$D,合格品出库记录!$A:$A,日报!AV$3)<>0,SUMIFS(合格品出库记录!$G:$G,合格品出库记录!$E:$E,日报!$D:$D,合格品出库记录!$A:$A,日报!AV$3),"") | AW13: =IF(SUMIFS(合格品出库记录!$G:$G,合格品出库记录!$E:$E,日报!$D:$D,合格品出库记录!$A:$A,日报!AW$3)<>0,SUMIFS(合格品出库记录!$G:$G,合格品出库记录!$E:$E,日报!$D:$D,合格品出库记录!$A:$A,日报!AW$3),"") | AX13: =IF(SUMIFS(合格品出库记录!$G:$G,合格品出库记录!$E:$E,日报!$D:$D,合格品出库记录!$A:$A,日报!AX$3)<>0,SUMIFS(合格品出库记录!$G:$G,合格品出库记录!$E:$E,日报!$D:$D,合格品出库记录!$A:$A,日报!AX$3),"") | AY13: =IF(SUMIFS(合格品出库记录!$G:$G,合格品出库记录!$E:$E,日报!$D:$D,合格品出库记录!$A:$A,日报!AY$3)<>0,SUMIFS(合格品出库记录!$G:$G,合格品出库记录!$E:$E,日报!$D:$D,合格品出库记录!$A:$A,日报!AY$3),"") | AZ13: =IF(SUMIFS(合格品出库记录!$G:$G,合格品出库记录!$E:$E,日报!$D:$D,合格品出库记录!$A:$A,日报!AZ$3)<>0,SUMIFS(合格品出库记录!$G:$G,合格品出库记录!$E:$E,日报!$D:$D,合格品出库记录!$A:$A,日报!AZ$3),"") | BA13: =IF(SUMIFS(合格品出库记录!$G:$G,合格品出库记录!$E:$E,日报!$D:$D,合格品出库记录!$A:$A,日报!BA$3)<>0,SUMIFS(合格品出库记录!$G:$G,合格品出库记录!$E:$E,日报!$D:$D,合格品出库记录!$A:$A,日报!BA$3),"") | BB13: =IF(SUMIFS(合格品出库记录!$G:$G,合格品出库记录!$E:$E,日报!$D:$D,合格品出库记录!$A:$A,日报!BB$3)<>0,SUMIFS(合格品出库记录!$G:$G,合格品出库记录!$E:$E,日报!$D:$D,合格品出库记录!$A:$A,日报!BB$3),"") | ... BY13: =IF(SUMIFS(合格品出库记录!$G:$G,合格品出库记录!$E:$E,日报!$D:$D,合格品出库记录!$A:$A,日报!BY$3)<>0,SUMIFS(合格品出库记录!$G:$G,合格品出库记录!$E:$E,日报!$D:$D,合格品出库记录!$A:$A,日报!BY$3),"") | BZ13: =IF(SUMIFS(领跑良品退回!$G:$G,领跑良品退回!$E:$E,日报!$D:$D,领跑良品退回!$A:$A,日报!BZ$3)<>0,SUMIFS(领跑良品退回!$G:$G,领跑良品退回!$E:$E,日报!$D:$D,领跑良品退回!$A:$A,日报!BZ$3),"") | CA13: =IF(SUMIFS(领跑良品退回!$G:$G,领跑良品退回!$E:$E,日报!$D:$D,领跑良品退回!$A:$A,日报!CA$3)<>0,SUMIFS(领跑良品退回!$G:$G,领跑良品退回!$E:$E,日报!$D:$D,领跑良品退回!$A:$A,日报!CA$3),"") | CB13: =IF(SUMIFS(领跑良品退回!$G:$G,领跑良品退回!$E:$E,日报!$D:$D,领跑良品退回!$A:$A,日报!CB$3)<>0,SUMIFS(领跑良品退回!$G:$G,领跑良品退回!$E:$E,日报!$D:$D,领跑良品退回!$A:$A,日报!CB$3),"") | CC13: =IF(SUMIFS(领跑良品退回!$G:$G,领跑良品退回!$E:$E,日报!$D:$D,领跑良品退回!$A:$A,日报!CC$3)<>0,SUMIFS(领跑良品退回!$G:$G,领跑良品退回!$E:$E,日报!$D:$D,领跑良品退回!$A:$A,日报!CC$3),"") | CD13: =IF(SUMIFS(领跑良品退回!$G:$G,领跑良品退回!$E:$E,日报!$D:$D,领跑良品退回!$A:$A,日报!CD$3)<>0,SUMIFS(领跑良品退回!$G:$G,领跑良品退回!$E:$E,日报!$D:$D,领跑良品退回!$A:$A,日报!CD$3),"") | CE13: =IF(SUMIFS(领跑良品退回!$G:$G,领跑良品退回!$E:$E,日报!$D:$D,领跑良品退回!$A:$A,日报!CE$3)<>0,SUMIFS(领跑良品退回!$G:$G,领跑良品退回!$E:$E,日报!$D:$D,领跑良品退回!$A:$A,日报!CE$3),"") | CF13: =IF(SUMIFS(领跑良品退回!$G:$G,领跑良品退回!$E:$E,日报!$D:$D,领跑良品退回!$A:$A,日报!CF$3)<>0,SUMIFS(领跑良品退回!$G:$G,领跑良品退回!$E:$E,日报!$D:$D,领跑良品退回!$A:$A,日报!CF$3),"") | CG13: =IF(SUMIFS(领跑良品退回!$G:$G,领跑良品退回!$E:$E,日报!$D:$D,领跑良品退回!$A:$A,日报!CG$3)<>0,SUMIFS(领跑良品退回!$G:$G,领跑良品退回!$E:$E,日报!$D:$D,领跑良品退回!$A:$A,日报!CG$3),"") | ... DD13: =IF(SUMIFS(领跑良品退回!$G:$G,领跑良品退回!$E:$E,日报!$D:$D,领跑良品退回!$A:$A,日报!DD$3)<>0,SUMIFS(领跑良品退回!$G:$G,领跑良品退回!$E:$E,日报!$D:$D,领跑良品退回!$A:$A,日报!DD$3),"")
A14: 58 | B14: 1DC | C14: 东莞市硅翔绝缘材料有限公司 | D14: 3.2.49.08.00332-000 | E14: LP-C11RE0-CCS 总成-21B | F14: =IFERROR(VLOOKUP(D61,'[1]#REF'!D:F,3,FALSE),"0") -> 0 | G14: 2 | H14: =SUMIF(合格品入库记录!E:E,日报!D61,合格品入库记录!G:G) -> 0 | I14: =SUMIF(合格品出库记录!E:E,日报!D61,合格品出库记录!G:G) -> 0 | J14: =SUMIF(领跑良品退回!E:E,D61,领跑良品退回!G:G) -> 0 | K14: =M61+L61 -> 0 | L14: =SUMIF(不良品库存!D:D,D:D,不良品库存!F:F) -> 0 | M14: =G61+H61-I61+J61 -> 0 | N14: 1280 | P14: =IF(SUMIFS(合格品入库记录!$G:$G,合格品入库记录!$E:$E,日报!$D:$D,合格品入库记录!$A:$A,日报!P$3)<>0,SUMIFS(合格品入库记录!$G:$G,合格品入库记录!$E:$E,日报!$D:$D,合格品入库记录!$A:$A,日报!P$3),"") | Q14: =IF(SUMIFS(合格品入库记录!$G:$G,合格品入库记录!$E:$E,日报!$D:$D,合格品入库记录!$A:$A,日报!Q$3)<>0,SUMIFS(合格品入库记录!$G:$G,合格品入库记录!$E:$E,日报!$D:$D,合格品入库记录!$A:$A,日报!Q$3),"") | R14: =IF(SUMIFS(合格品入库记录!$G:$G,合格品入库记录!$E:$E,日报!$D:$D,合格品入库记录!$A:$A,日报!R$3)<>0,SUMIFS(合格品入库记录!$G:$G,合格品入库记录!$E:$E,日报!$D:$D,合格品入库记录!$A:$A,日报!R$3),"") | S14: =IF(SUMIFS(合格品入库记录!$G:$G,合格品入库记录!$E:$E,日报!$D:$D,合格品入库记录!$A:$A,日报!S$3)<>0,SUMIFS(合格品入库记录!$G:$G,合格品入库记录!$E:$E,日报!$D:$D,合格品入库记录!$A:$A,日报!S$3),"") | T14: =IF(SUMIFS(合格品入库记录!$G:$G,合格品入库记录!$E:$E,日报!$D:$D,合格品入库记录!$A:$A,日报!T$3)<>0,SUMIFS(合格品入库记录!$G:$G,合格品入库记录!$E:$E,日报!$D:$D,合格品入库记录!$A:$A,日报!T$3),"") | U14: =IF(SUMIFS(合格品入库记录!$G:$G,合格品入库记录!$E:$E,日报!$D:$D,合格品入库记录!$A:$A,日报!U$3)<>0,SUMIFS(合格品入库记录!$G:$G,合格品入库记录!$E:$E,日报!$D:$D,合格品入库记录!$A:$A,日报!U$3),"") | V14: =IF(SUMIFS(合格品入库记录!$G:$G,合格品入库记录!$E:$E,日报!$D:$D,合格品入库记录!$A:$A,日报!V$3)<>0,SUMIFS(合格品入库记录!$G:$G,合格品入库记录!$E:$E,日报!$D:$D,合格品入库记录!$A:$A,日报!V$3),"") | W14: =IF(SUMIFS(合格品入库记录!$G:$G,合格品入库记录!$E:$E,日报!$D:$D,合格品入库记录!$A:$A,日报!W$3)<>0,SUMIFS(合格品入库记录!$G:$G,合格品入库记录!$E:$E,日报!$D:$D,合格品入库记录!$A:$A,日报!W$3),"") | ... AT14: =IF(SUMIFS(合格品入库记录!$G:$G,合格品入库记录!$E:$E,日报!$D:$D,合格品入库记录!$A:$A,日报!AT$3)<>0,SUMIFS(合格品入库记录!$G:$G,合格品入库记录!$E:$E,日报!$D:$D,合格品入库记录!$A:$A,日报!AT$3),"") | AU14: =IF(SUMIFS(合格品出库记录!$G:$G,合格品出库记录!$E:$E,日报!$D:$D,合格品出库记录!$A:$A,日报!AU$3)<>0,SUMIFS(合格品出库记录!$G:$G,合格品出库记录!$E:$E,日报!$D:$D,合格品出库记录!$A:$A,日报!AU$3),"") | AV14: =IF(SUMIFS(合格品出库记录!$G:$G,合格品出库记录!$E:$E,日报!$D:$D,合格品出库记录!$A:$A,日报!AV$3)<>0,SUMIFS(合格品出库记录!$G:$G,合格品出库记录!$E:$E,日报!$D:$D,合格品出库记录!$A:$A,日报!AV$3),"") | AW14: =IF(SUMIFS(合格品出库记录!$G:$G,合格品出库记录!$E:$E,日报!$D:$D,合格品出库记录!$A:$A,日报!AW$3)<>0,SUMIFS(合格品出库记录!$G:$G,合格品出库记录!$E:$E,日报!$D:$D,合格品出库记录!$A:$A,日报!AW$3),"") | AX14: =IF(SUMIFS(合格品出库记录!$G:$G,合格品出库记录!$E:$E,日报!$D:$D,合格品出库记录!$A:$A,日报!AX$3)<>0,SUMIFS(合格品出库记录!$G:$G,合格品出库记录!$E:$E,日报!$D:$D,合格品出库记录!$A:$A,日报!AX$3),"") | AY14: =IF(SUMIFS(合格品出库记录!$G:$G,合格品出库记录!$E:$E,日报!$D:$D,合格品出库记录!$A:$A,日报!AY$3)<>0,SUMIFS(合格品出库记录!$G:$G,合格品出库记录!$E:$E,日报!$D:$D,合格品出库记录!$A:$A,日报!AY$3),"") | AZ14: =IF(SUMIFS(合格品出库记录!$G:$G,合格品出库记录!$E:$E,日报!$D:$D,合格品出库记录!$A:$A,日报!AZ$3)<>0,SUMIFS(合格品出库记录!$G:$G,合格品出库记录!$E:$E,日报!$D:$D,合格品出库记录!$A:$A,日报!AZ$3),"") | BA14: =IF(SUMIFS(合格品出库记录!$G:$G,合格品出库记录!$E:$E,日报!$D:$D,合格品出库记录!$A:$A,日报!BA$3)<>0,SUMIFS(合格品出库记录!$G:$G,合格品出库记录!$E:$E,日报!$D:$D,合格品出库记录!$A:$A,日报!BA$3),"") | BB14: =IF(SUMIFS(合格品出库记录!$G:$G,合格品出库记录!$E:$E,日报!$D:$D,合格品出库记录!$A:$A,日报!BB$3)<>0,SUMIFS(合格品出库记录!$G:$G,合格品出库记录!$E:$E,日报!$D:$D,合格品出库记录!$A:$A,日报!BB$3),"") | ... BY14: =IF(SUMIFS(合格品出库记录!$G:$G,合格品出库记录!$E:$E,日报!$D:$D,合格品出库记录!$A:$A,日报!BY$3)<>0,SUMIFS(合格品出库记录!$G:$G,合格品出库记录!$E:$E,日报!$D:$D,合格品出库记录!$A:$A,日报!BY$3),"") | BZ14: =IF(SUMIFS(领跑良品退回!$G:$G,领跑良品退回!$E:$E,日报!$D:$D,领跑良品退回!$A:$A,日报!BZ$3)<>0,SUMIFS(领跑良品退回!$G:$G,领跑良品退回!$E:$E,日报!$D:$D,领跑良品退回!$A:$A,日报!BZ$3),"") | CA14: =IF(SUMIFS(领跑良品退回!$G:$G,领跑良品退回!$E:$E,日报!$D:$D,领跑良品退回!$A:$A,日报!CA$3)<>0,SUMIFS(领跑良品退回!$G:$G,领跑良品退回!$E:$E,日报!$D:$D,领跑良品退回!$A:$A,日报!CA$3),"") | CB14: =IF(SUMIFS(领跑良品退回!$G:$G,领跑良品退回!$E:$E,日报!$D:$D,领跑良品退回!$A:$A,日报!CB$3)<>0,SUMIFS(领跑良品退回!$G:$G,领跑良品退回!$E:$E,日报!$D:$D,领跑良品退回!$A:$A,日报!CB$3),"") | CC14: =IF(SUMIFS(领跑良品退回!$G:$G,领跑良品退回!$E:$E,日报!$D:$D,领跑良品退回!$A:$A,日报!CC$3)<>0,SUMIFS(领跑良品退回!$G:$G,领跑良品退回!$E:$E,日报!$D:$D,领跑良品退回!$A:$A,日报!CC$3),"") | CD14: =IF(SUMIFS(领跑良品退回!$G:$G,领跑良品退回!$E:$E,日报!$D:$D,领跑良品退回!$A:$A,日报!CD$3)<>0,SUMIFS(领跑良品退回!$G:$G,领跑良品退回!$E:$E,日报!$D:$D,领跑良品退回!$A:$A,日报!CD$3),"") | CE14: =IF(SUMIFS(领跑良品退回!$G:$G,领跑良品退回!$E:$E,日报!$D:$D,领跑良品退回!$A:$A,日报!CE$3)<>0,SUMIFS(领跑良品退回!$G:$G,领跑良品退回!$E:$E,日报!$D:$D,领跑良品退回!$A:$A,日报!CE$3),"") | CF14: =IF(SUMIFS(领跑良品退回!$G:$G,领跑良品退回!$E:$E,日报!$D:$D,领跑良品退回!$A:$A,日报!CF$3)<>0,SUMIFS(领跑良品退回!$G:$G,领跑良品退回!$E:$E,日报!$D:$D,领跑良品退回!$A:$A,日报!CF$3),"") | CG14: =IF(SUMIFS(领跑良品退回!$G:$G,领跑良品退回!$E:$E,日报!$D:$D,领跑良品退回!$A:$A,日报!CG$3)<>0,SUMIFS(领跑良品退回!$G:$G,领跑良品退回!$E:$E,日报!$D:$D,领跑良品退回!$A:$A,日报!CG$3),"") | ... DD14: =IF(SUMIFS(领跑良品退回!$G:$G,领跑良品退回!$E:$E,日报!$D:$D,领跑良品退回!$A:$A,日报!DD$3)<>0,SUMIFS(领跑良品退回!$G:$G,领跑良品退回!$E:$E,日报!$D:$D,领跑良品退回!$A:$A,日报!DD$3),"")
A15: 59 | B15: 1DC | C15: 东莞市硅翔绝缘材料有限公司 | D15: 3.2.49.08.00331-000 | E15: LP-C11RE0-CCS 总成-21A | F15: =IFERROR(VLOOKUP(D62,'[1]#REF'!D:F,3,FALSE),"0") -> 0 | G15: 482 | H15: =SUMIF(合格品入库记录!E:E,日报!D62,合格品入库记录!G:G) -> 0 | I15: =SUMIF(合格品出库记录!E:E,日报!D62,合格品出库记录!G:G) -> 700 | J15: =SUMIF(领跑良品退回!E:E,D62,领跑良品退回!G:G) -> 0 | K15: =M62+L62 -> 100 | L15: =SUMIF(不良品库存!D:D,D:D,不良品库存!F:F) -> 50 | M15: =G62+H62-I62+J62 -> 700 | N15: 1280 | P15: =IF(SUMIFS(合格品入库记录!$G:$G,合格品入库记录!$E:$E,日报!$D:$D,合格品入库记录!$A:$A,日报!P$3)<>0,SUMIFS(合格品入库记录!$G:$G,合格品入库记录!$E:$E,日报!$D:$D,合格品入库记录!$A:$A,日报!P$3),"") | Q15: =IF(SUMIFS(合格品入库记录!$G:$G,合格品入库记录!$E:$E,日报!$D:$D,合格品入库记录!$A:$A,日报!Q$3)<>0,SUMIFS(合格品入库记录!$G:$G,合格品入库记录!$E:$E,日报!$D:$D,合格品入库记录!$A:$A,日报!Q$3),"") | R15: =IF(SUMIFS(合格品入库记录!$G:$G,合格品入库记录!$E:$E,日报!$D:$D,合格品入库记录!$A:$A,日报!R$3)<>0,SUMIFS(合格品入库记录!$G:$G,合格品入库记录!$E:$E,日报!$D:$D,合格品入库记录!$A:$A,日报!R$3),"") | S15: =IF(SUMIFS(合格品入库记录!$G:$G,合格品入库记录!$E:$E,日报!$D:$D,合格品入库记录!$A:$A,日报!S$3)<>0,SUMIFS(合格品入库记录!$G:$G,合格品入库记录!$E:$E,日报!$D:$D,合格品入库记录!$A:$A,日报!S$3),"") | T15: =IF(SUMIFS(合格品入库记录!$G:$G,合格品入库记录!$E:$E,日报!$D:$D,合格品入库记录!$A:$A,日报!T$3)<>0,SUMIFS(合格品入库记录!$G:$G,合格品入库记录!$E:$E,日报!$D:$D,合格品入库记录!$A:$A,日报!T$3),"") | U15: =IF(SUMIFS(合格品入库记录!$G:$G,合格品入库记录!$E:$E,日报!$D:$D,合格品入库记录!$A:$A,日报!U$3)<>0,SUMIFS(合格品入库记录!$G:$G,合格品入库记录!$E:$E,日报!$D:$D,合格品入库记录!$A:$A,日报!U$3),"") | V15: =IF(SUMIFS(合格品入库记录!$G:$G,合格品入库记录!$E:$E,日报!$D:$D,合格品入库记录!$A:$A,日报!V$3)<>0,SUMIFS(合格品入库记录!$G:$G,合格品入库记录!$E:$E,日报!$D:$D,合格品入库记录!$A:$A,日报!V$3),"") | W15: =IF(SUMIFS(合格品入库记录!$G:$G,合格品入库记录!$E:$E,日报!$D:$D,合格品入库记录!$A:$A,日报!W$3)<>0,SUMIFS(合格品入库记录!$G:$G,合格品入库记录!$E:$E,日报!$D:$D,合格品入库记录!$A:$A,日报!W$3),"") | ... AT15: =IF(SUMIFS(合格品入库记录!$G:$G,合格品入库记录!$E:$E,日报!$D:$D,合格品入库记录!$A:$A,日报!AT$3)<>0,SUMIFS(合格品入库记录!$G:$G,合格品入库记录!$E:$E,日报!$D:$D,合格品入库记录!$A:$A,日报!AT$3),"") | AU15: =IF(SUMIFS(合格品出库记录!$G:$G,合格品出库记录!$E:$E,日报!$D:$D,合格品出库记录!$A:$A,日报!AU$3)<>0,SUMIFS(合格品出库记录!$G:$G,合格品出库记录!$E:$E,日报!$D:$D,合格品出库记录!$A:$A,日报!AU$3),"") | AV15: =IF(SUMIFS(合格品出库记录!$G:$G,合格品出库记录!$E:$E,日报!$D:$D,合格品出库记录!$A:$A,日报!AV$3)<>0,SUMIFS(合格品出库记录!$G:$G,合格品出库记录!$E:$E,日报!$D:$D,合格品出库记录!$A:$A,日报!AV$3),"") | AW15: =IF(SUMIFS(合格品出库记录!$G:$G,合格品出库记录!$E:$E,日报!$D:$D,合格品出库记录!$A:$A,日报!AW$3)<>0,SUMIFS(合格品出库记录!$G:$G,合格品出库记录!$E:$E,日报!$D:$D,合格品出库记录!$A:$A,日报!AW$3),"") | AX15: =IF(SUMIFS(合格品出库记录!$G:$G,合格品出库记录!$E:$E,日报!$D:$D,合格品出库记录!$A:$A,日报!AX$3)<>0,SUMIFS(合格品出库记录!$G:$G,合格品出库记录!$E:$E,日报!$D:$D,合格品出库记录!$A:$A,日报!AX$3),"") | AY15: =IF(SUMIFS(合格品出库记录!$G:$G,合格品出库记录!$E:$E,日报!$D:$D,合格品出库记录!$A:$A,日报!AY$3)<>0,SUMIFS(合格品出库记录!$G:$G,合格品出库记录!$E:$E,日报!$D:$D,合格品出库记录!$A:$A,日报!AY$3),"") | AZ15: =IF(SUMIFS(合格品出库记录!$G:$G,合格品出库记录!$E:$E,日报!$D:$D,合格品出库记录!$A:$A,日报!AZ$3)<>0,SUMIFS(合格品出库记录!$G:$G,合格品出库记录!$E:$E,日报!$D:$D,合格品出库记录!$A:$A,日报!AZ$3),"") | BA15: =IF(SUMIFS(合格品出库记录!$G:$G,合格品出库记录!$E:$E,日报!$D:$D,合格品出库记录!$A:$A,日报!BA$3)<>0,SUMIFS(合格品出库记录!$G:$G,合格品出库记录!$E:$E,日报!$D:$D,合格品出库记录!$A:$A,日报!BA$3),"") | BB15: =IF(SUMIFS(合格品出库记录!$G:$G,合格品出库记录!$E:$E,日报!$D:$D,合格品出库记录!$A:$A,日报!BB$3)<>0,SUMIFS(合格品出库记录!$G:$G,合格品出库记录!$E:$E,日报!$D:$D,合格品出库记录!$A:$A,日报!BB$3),"") | ... BY15: =IF(SUMIFS(合格品出库记录!$G:$G,合格品出库记录!$E:$E,日报!$D:$D,合格品出库记录!$A:$A,日报!BY$3)<>0,SUMIFS(合格品出库记录!$G:$G,合格品出库记录!$E:$E,日报!$D:$D,合格品出库记录!$A:$A,日报!BY$3),"") | BZ15: =IF(SUMIFS(领跑良品退回!$G:$G,领跑良品退回!$E:$E,日报!$D:$D,领跑良品退回!$A:$A,日报!BZ$3)<>0,SUMIFS(领跑良品退回!$G:$G,领跑良品退回!$E:$E,日报!$D:$D,领跑良品退回!$A:$A,日报!BZ$3),"") | CA15: =IF(SUMIFS(领跑良品退回!$G:$G,领跑良品退回!$E:$E,日报!$D:$D,领跑良品退回!$A:$A,日报!CA$3)<>0,SUMIFS(领跑良品退回!$G:$G,领跑良品退回!$E:$E,日报!$D:$D,领跑良品退回!$A:$A,日报!CA$3),"") | CB15: =IF(SUMIFS(领跑良品退回!$G:$G,领跑良品退回!$E:$E,日报!$D:$D,领跑良品退回!$A:$A,日报!CB$3)<>0,SUMIFS(领跑良品退回!$G:$G,领跑良品退回!$E:$E,日报!$D:$D,领跑良品退回!$A:$A,日报!CB$3),"") | CC15: =IF(SUMIFS(领跑良品退回!$G:$G,领跑良品退回!$E:$E,日报!$D:$D,领跑良品退回!$A:$A,日报!CC$3)<>0,SUMIFS(领跑良品退回!$G:$G,领跑良品退回!$E:$E,日报!$D:$D,领跑良品退回!$A:$A,日报!CC$3),"") | CD15: =IF(SUMIFS(领跑良品退回!$G:$G,领跑良品退回!$E:$E,日报!$D:$D,领跑良品退回!$A:$A,日报!CD$3)<>0,SUMIFS(领跑良品退回!$G:$G,领跑良品退回!$E:$E,日报!$D:$D,领跑良品退回!$A:$A,日报!CD$3),"") | CE15: =IF(SUMIFS(领跑良品退回!$G:$G,领跑良品退回!$E:$E,日报!$D:$D,领跑良品退回!$A:$A,日报!CE$3)<>0,SUMIFS(领跑良品退回!$G:$G,领跑良品退回!$E:$E,日报!$D:$D,领跑良品退回!$A:$A,日报!CE$3),"") | CF15: =IF(SUMIFS(领跑良品退回!$G:$G,领跑良品退回!$E:$E,日报!$D:$D,领跑良品退回!$A:$A,日报!CF$3)<>0,SUMIFS(领跑良品退回!$G:$G,领跑良品退回!$E:$E,日报!$D:$D,领跑良品退回!$A:$A,日报!CF$3),"") | CG15: =IF(SUMIFS(领跑良品退回!$G:$G,领跑良品退回!$E:$E,日报!$D:$D,领跑良品退回!$A:$A,日报!CG$3)<>0,SUMIFS(领跑良品退回!$G:$G,领跑良品退回!$E:$E,日报!$D:$D,领跑良品退回!$A:$A,日报!CG$3),"") | ... DD15: =IF(SUMIFS(领跑良品退回!$G:$G,领跑良品退回!$E:$E,日报!$D:$D,领跑良品退回!$A:$A,日报!DD$3)<>0,SUMIFS(领跑良品退回!$G:$G,领跑良品退回!$E:$E,日报!$D:$D,领跑良品退回!$A:$A,日报!DD$3),"")
A16: 60 | B16: 1DC | C16: 东莞市硅翔绝缘材料有限公司 | D16: 3.2.49.08.00242-000 | E16: LPT03A_PBP-加热片-R | F16: =IFERROR(VLOOKUP(D63,'[1]#REF'!D:F,3,FALSE),"0") -> 0 | G16: 0 | H16: =SUMIF(合格品入库记录!E:E,日报!D63,合格品入库记录!G:G) -> 0 | I16: =SUMIF(合格品出库记录!E:E,日报!D63,合格品出库记录!G:G) -> 0 | J16: =SUMIF(领跑良品退回!E:E,D63,领跑良品退回!G:G) -> 0 | K16: =M63+L63 -> 174 | L16: =SUMIF(不良品库存!D:D,D:D,不良品库存!F:F) -> 0 | M16: =G63+H63-I63+J63 -> 0 | N16: #N/A | P16: =IF(SUMIFS(合格品入库记录!$G:$G,合格品入库记录!$E:$E,日报!$D:$D,合格品入库记录!$A:$A,日报!P$3)<>0,SUMIFS(合格品入库记录!$G:$G,合格品入库记录!$E:$E,日报!$D:$D,合格品入库记录!$A:$A,日报!P$3),"") | Q16: =IF(SUMIFS(合格品入库记录!$G:$G,合格品入库记录!$E:$E,日报!$D:$D,合格品入库记录!$A:$A,日报!Q$3)<>0,SUMIFS(合格品入库记录!$G:$G,合格品入库记录!$E:$E,日报!$D:$D,合格品入库记录!$A:$A,日报!Q$3),"") | R16: =IF(SUMIFS(合格品入库记录!$G:$G,合格品入库记录!$E:$E,日报!$D:$D,合格品入库记录!$A:$A,日报!R$3)<>0,SUMIFS(合格品入库记录!$G:$G,合格品入库记录!$E:$E,日报!$D:$D,合格品入库记录!$A:$A,日报!R$3),"") | S16: =IF(SUMIFS(合格品入库记录!$G:$G,合格品入库记录!$E:$E,日报!$D:$D,合格品入库记录!$A:$A,日报!S$3)<>0,SUMIFS(合格品入库记录!$G:$G,合格品入库记录!$E:$E,日报!$D:$D,合格品入库记录!$A:$A,日报!S$3),"") | T16: =IF(SUMIFS(合格品入库记录!$G:$G,合格品入库记录!$E:$E,日报!$D:$D,合格品入库记录!$A:$A,日报!T$3)<>0,SUMIFS(合格品入库记录!$G:$G,合格品入库记录!$E:$E,日报!$D:$D,合格品入库记录!$A:$A,日报!T$3),"") | U16: =IF(SUMIFS(合格品入库记录!$G:$G,合格品入库记录!$E:$E,日报!$D:$D,合格品入库记录!$A:$A,日报!U$3)<>0,SUMIFS(合格品入库记录!$G:$G,合格品入库记录!$E:$E,日报!$D:$D,合格品入库记录!$A:$A,日报!U$3),"") | V16: =IF(SUMIFS(合格品入库记录!$G:$G,合格品入库记录!$E:$E,日报!$D:$D,合格品入库记录!$A:$A,日报!V$3)<>0,SUMIFS(合格品入库记录!$G:$G,合格品入库记录!$E:$E,日报!$D:$D,合格品入库记录!$A:$A,日报!V$3),"") | W16: =IF(SUMIFS(合格品入库记录!$G:$G,合格品入库记录!$E:$E,日报!$D:$D,合格品入库记录!$A:$A,日报!W$3)<>0,SUMIFS(合格品入库记录!$G:$G,合格品入库记录!$E:$E,日报!$D:$D,合格品入库记录!$A:$A,日报!W$3),"") | ... AT16: =IF(SUMIFS(合格品入库记录!$G:$G,合格品入库记录!$E:$E,日报!$D:$D,合格品入库记录!$A:$A,日报!AT$3)<>0,SUMIFS(合格品入库记录!$G:$G,合格品入库记录!$E:$E,日报!$D:$D,合格品入库记录!$A:$A,日报!AT$3),"") | AU16: =IF(SUMIFS(合格品出库记录!$G:$G,合格品出库记录!$E:$E,日报!$D:$D,合格品出库记录!$A:$A,日报!AU$3)<>0,SUMIFS(合格品出库记录!$G:$G,合格品出库记录!$E:$E,日报!$D:$D,合格品出库记录!$A:$A,日报!AU$3),"") | AV16: =IF(SUMIFS(合格品出库记录!$G:$G,合格品出库记录!$E:$E,日报!$D:$D,合格品出库记录!$A:$A,日报!AV$3)<>0,SUMIFS(合格品出库记录!$G:$G,合格品出库记录!$E:$E,日报!$D:$D,合格品出库记录!$A:$A,日报!AV$3),"") | AW16: =IF(SUMIFS(合格品出库记录!$G:$G,合格品出库记录!$E:$E,日报!$D:$D,合格品出库记录!$A:$A,日报!AW$3)<>0,SUMIFS(合格品出库记录!$G:$G,合格品出库记录!$E:$E,日报!$D:$D,合格品出库记录!$A:$A,日报!AW$3),"") | AX16: =IF(SUMIFS(合格品出库记录!$G:$G,合格品出库记录!$E:$E,日报!$D:$D,合格品出库记录!$A:$A,日报!AX$3)<>0,SUMIFS(合格品出库记录!$G:$G,合格品出库记录!$E:$E,日报!$D:$D,合格品出库记录!$A:$A,日报!AX$3),"") | AY16: =IF(SUMIFS(合格品出库记录!$G:$G,合格品出库记录!$E:$E,日报!$D:$D,合格品出库记录!$A:$A,日报!AY$3)<>0,SUMIFS(合格品出库记录!$G:$G,合格品出库记录!$E:$E,日报!$D:$D,合格品出库记录!$A:$A,日报!AY$3),"") | AZ16: =IF(SUMIFS(合格品出库记录!$G:$G,合格品出库记录!$E:$E,日报!$D:$D,合格品出库记录!$A:$A,日报!AZ$3)<>0,SUMIFS(合格品出库记录!$G:$G,合格品出库记录!$E:$E,日报!$D:$D,合格品出库记录!$A:$A,日报!AZ$3),"") | BA16: =IF(SUMIFS(合格品出库记录!$G:$G,合格品出库记录!$E:$E,日报!$D:$D,合格品出库记录!$A:$A,日报!BA$3)<>0,SUMIFS(合格品出库记录!$G:$G,合格品出库记录!$E:$E,日报!$D:$D,合格品出库记录!$A:$A,日报!BA$3),"") | BB16: =IF(SUMIFS(合格品出库记录!$G:$G,合格品出库记录!$E:$E,日报!$D:$D,合格品出库记录!$A:$A,日报!BB$3)<>0,SUMIFS(合格品出库记录!$G:$G,合格品出库记录!$E:$E,日报!$D:$D,合格品出库记录!$A:$A,日报!BB$3),"") | ... BY16: =IF(SUMIFS(合格品出库记录!$G:$G,合格品出库记录!$E:$E,日报!$D:$D,合格品出库记录!$A:$A,日报!BY$3)<>0,SUMIFS(合格品出库记录!$G:$G,合格品出库记录!$E:$E,日报!$D:$D,合格品出库记录!$A:$A,日报!BY$3),"") | BZ16: =IF(SUMIFS(领跑良品退回!$G:$G,领跑良品退回!$E:$E,日报!$D:$D,领跑良品退回!$A:$A,日报!BZ$3)<>0,SUMIFS(领跑良品退回!$G:$G,领跑良品退回!$E:$E,日报!$D:$D,领跑良品退回!$A:$A,日报!BZ$3),"") | CA16: =IF(SUMIFS(领跑良品退回!$G:$G,领跑良品退回!$E:$E,日报!$D:$D,领跑良品退回!$A:$A,日报!CA$3)<>0,SUMIFS(领跑良品退回!$G:$G,领跑良品退回!$E:$E,日报!$D:$D,领跑良品退回!$A:$A,日报!CA$3),"") | CB16: =IF(SUMIFS(领跑良品退回!$G:$G,领跑良品退回!$E:$E,日报!$D:$D,领跑良品退回!$A:$A,日报!CB$3)<>0,SUMIFS(领跑良品退回!$G:$G,领跑良品退回!$E:$E,日报!$D:$D,领跑良品退回!$A:$A,日报!CB$3),"") | CC16: =IF(SUMIFS(领跑良品退回!$G:$G,领跑良品退回!$E:$E,日报!$D:$D,领跑良品退回!$A:$A,日报!CC$3)<>0,SUMIFS(领跑良品退回!$G:$G,领跑良品退回!$E:$E,日报!$D:$D,领跑良品退回!$A:$A,日报!CC$3),"") | CD16: =IF(SUMIFS(领跑良品退回!$G:$G,领跑良品退回!$E:$E,日报!$D:$D,领跑良品退回!$A:$A,日报!CD$3)<>0,SUMIFS(领跑良品退回!$G:$G,领跑良品退回!$E:$E,日报!$D:$D,领跑良品退回!$A:$A,日报!CD$3),"") | CE16: =IF(SUMIFS(领跑良品退回!$G:$G,领跑良品退回!$E:$E,日报!$D:$D,领跑良品退回!$A:$A,日报!CE$3)<>0,SUMIFS(领跑良品退回!$G:$G,领跑良品退回!$E:$E,日报!$D:$D,领跑良品退回!$A:$A,日报!CE$3),"") | CF16: =IF(SUMIFS(领跑良品退回!$G:$G,领跑良品退回!$E:$E,日报!$D:$D,领跑良品退回!$A:$A,日报!CF$3)<>0,SUMIFS(领跑良品退回!$G:$G,领跑良品退回!$E:$E,日报!$D:$D,领跑良品退回!$A:$A,日报!CF$3),"") | CG16: =IF(SUMIFS(领跑良品退回!$G:$G,领跑良品退回!$E:$E,日报!$D:$D,领跑良品退回!$A:$A,日报!CG$3)<>0,SUMIFS(领跑良品退回!$G:$G,领跑良品退回!$E:$E,日报!$D:$D,领跑良品退回!$A:$A,日报!CG$3),"") | ... DD16: =IF(SUMIFS(领跑良品退回!$G:$G,领跑良品退回!$E:$E,日报!$D:$D,领跑良品退回!$A:$A,日报!DD$3)<>0,SUMIFS(领跑良品退回!$G:$G,领跑良品退回!$E:$E,日报!$D:$D,领跑良品退回!$A:$A,日报!DD$3),"")
A17: 61 | B17: 1DC | C17: 东莞市硅翔绝缘材料有限公司 | D17: 3.2.49.08.00524-000 | E17: T03A_PBP-CCS总成-300-R | F17: =IFERROR(VLOOKUP(D64,'[1]#REF'!D:F,3,FALSE),"0") -> 0 | G17: 35 | H17: =SUMIF(合格品入库记录!E:E,日报!D64,合格品入库记录!G:G) -> 0 | I17: =SUMIF(合格品出库记录!E:E,日报!D64,合格品出库记录!G:G) -> 0 | J17: =SUMIF(领跑良品退回!E:E,D64,领跑良品退回!G:G) -> 0 | K17: =M64+L64 -> 0 | L17: =SUMIF(不良品库存!D:D,D:D,不良品库存!F:F) -> 0 | M17: =G64+H64-I64+J64 -> 4720 | N17: 1920 | P17: =IF(SUMIFS(合格品入库记录!$G:$G,合格品入库记录!$E:$E,日报!$D:$D,合格品入库记录!$A:$A,日报!P$3)<>0,SUMIFS(合格品入库记录!$G:$G,合格品入库记录!$E:$E,日报!$D:$D,合格品入库记录!$A:$A,日报!P$3),"") | Q17: =IF(SUMIFS(合格品入库记录!$G:$G,合格品入库记录!$E:$E,日报!$D:$D,合格品入库记录!$A:$A,日报!Q$3)<>0,SUMIFS(合格品入库记录!$G:$G,合格品入库记录!$E:$E,日报!$D:$D,合格品入库记录!$A:$A,日报!Q$3),"") | R17: =IF(SUMIFS(合格品入库记录!$G:$G,合格品入库记录!$E:$E,日报!$D:$D,合格品入库记录!$A:$A,日报!R$3)<>0,SUMIFS(合格品入库记录!$G:$G,合格品入库记录!$E:$E,日报!$D:$D,合格品入库记录!$A:$A,日报!R$3),"") | S17: =IF(SUMIFS(合格品入库记录!$G:$G,合格品入库记录!$E:$E,日报!$D:$D,合格品入库记录!$A:$A,日报!S$3)<>0,SUMIFS(合格品入库记录!$G:$G,合格品入库记录!$E:$E,日报!$D:$D,合格品入库记录!$A:$A,日报!S$3),"") | T17: =IF(SUMIFS(合格品入库记录!$G:$G,合格品入库记录!$E:$E,日报!$D:$D,合格品入库记录!$A:$A,日报!T$3)<>0,SUMIFS(合格品入库记录!$G:$G,合格品入库记录!$E:$E,日报!$D:$D,合格品入库记录!$A:$A,日报!T$3),"") | U17: =IF(SUMIFS(合格品入库记录!$G:$G,合格品入库记录!$E:$E,日报!$D:$D,合格品入库记录!$A:$A,日报!U$3)<>0,SUMIFS(合格品入库记录!$G:$G,合格品入库记录!$E:$E,日报!$D:$D,合格品入库记录!$A:$A,日报!U$3),"") | V17: =IF(SUMIFS(合格品入库记录!$G:$G,合格品入库记录!$E:$E,日报!$D:$D,合格品入库记录!$A:$A,日报!V$3)<>0,SUMIFS(合格品入库记录!$G:$G,合格品入库记录!$E:$E,日报!$D:$D,合格品入库记录!$A:$A,日报!V$3),"") | W17: =IF(SUMIFS(合格品入库记录!$G:$G,合格品入库记录!$E:$E,日报!$D:$D,合格品入库记录!$A:$A,日报!W$3)<>0,SUMIFS(合格品入库记录!$G:$G,合格品入库记录!$E:$E,日报!$D:$D,合格品入库记录!$A:$A,日报!W$3),"") | ... AT17: =IF(SUMIFS(合格品入库记录!$G:$G,合格品入库记录!$E:$E,日报!$D:$D,合格品入库记录!$A:$A,日报!AT$3)<>0,SUMIFS(合格品入库记录!$G:$G,合格品入库记录!$E:$E,日报!$D:$D,合格品入库记录!$A:$A,日报!AT$3),"") | AU17: =IF(SUMIFS(合格品出库记录!$G:$G,合格品出库记录!$E:$E,日报!$D:$D,合格品出库记录!$A:$A,日报!AU$3)<>0,SUMIFS(合格品出库记录!$G:$G,合格品出库记录!$E:$E,日报!$D:$D,合格品出库记录!$A:$A,日报!AU$3),"") | AV17: =IF(SUMIFS(合格品出库记录!$G:$G,合格品出库记录!$E:$E,日报!$D:$D,合格品出库记录!$A:$A,日报!AV$3)<>0,SUMIFS(合格品出库记录!$G:$G,合格品出库记录!$E:$E,日报!$D:$D,合格品出库记录!$A:$A,日报!AV$3),"") | AW17: =IF(SUMIFS(合格品出库记录!$G:$G,合格品出库记录!$E:$E,日报!$D:$D,合格品出库记录!$A:$A,日报!AW$3)<>0,SUMIFS(合格品出库记录!$G:$G,合格品出库记录!$E:$E,日报!$D:$D,合格品出库记录!$A:$A,日报!AW$3),"") | AX17: =IF(SUMIFS(合格品出库记录!$G:$G,合格品出库记录!$E:$E,日报!$D:$D,合格品出库记录!$A:$A,日报!AX$3)<>0,SUMIFS(合格品出库记录!$G:$G,合格品出库记录!$E:$E,日报!$D:$D,合格品出库记录!$A:$A,日报!AX$3),"") | AY17: =IF(SUMIFS(合格品出库记录!$G:$G,合格品出库记录!$E:$E,日报!$D:$D,合格品出库记录!$A:$A,日报!AY$3)<>0,SUMIFS(合格品出库记录!$G:$G,合格品出库记录!$E:$E,日报!$D:$D,合格品出库记录!$A:$A,日报!AY$3),"") | AZ17: =IF(SUMIFS(合格品出库记录!$G:$G,合格品出库记录!$E:$E,日报!$D:$D,合格品出库记录!$A:$A,日报!AZ$3)<>0,SUMIFS(合格品出库记录!$G:$G,合格品出库记录!$E:$E,日报!$D:$D,合格品出库记录!$A:$A,日报!AZ$3),"") | BA17: =IF(SUMIFS(合格品出库记录!$G:$G,合格品出库记录!$E:$E,日报!$D:$D,合格品出库记录!$A:$A,日报!BA$3)<>0,SUMIFS(合格品出库记录!$G:$G,合格品出库记录!$E:$E,日报!$D:$D,合格品出库记录!$A:$A,日报!BA$3),"") | BB17: =IF(SUMIFS(合格品出库记录!$G:$G,合格品出库记录!$E:$E,日报!$D:$D,合格品出库记录!$A:$A,日报!BB$3)<>0,SUMIFS(合格品出库记录!$G:$G,合格品出库记录!$E:$E,日报!$D:$D,合格品出库记录!$A:$A,日报!BB$3),"") | ... BY17: =IF(SUMIFS(合格品出库记录!$G:$G,合格品出库记录!$E:$E,日报!$D:$D,合格品出库记录!$A:$A,日报!BY$3)<>0,SUMIFS(合格品出库记录!$G:$G,合格品出库记录!$E:$E,日报!$D:$D,合格品出库记录!$A:$A,日报!BY$3),"") | BZ17: =IF(SUMIFS(领跑良品退回!$G:$G,领跑良品退回!$E:$E,日报!$D:$D,领跑良品退回!$A:$A,日报!BZ$3)<>0,SUMIFS(领跑良品退回!$G:$G,领跑良品退回!$E:$E,日报!$D:$D,领跑良品退回!$A:$A,日报!BZ$3),"") | CA17: =IF(SUMIFS(领跑良品退回!$G:$G,领跑良品退回!$E:$E,日报!$D:$D,领跑良品退回!$A:$A,日报!CA$3)<>0,SUMIFS(领跑良品退回!$G:$G,领跑良品退回!$E:$E,日报!$D:$D,领跑良品退回!$A:$A,日报!CA$3),"") | CB17: =IF(SUMIFS(领跑良品退回!$G:$G,领跑良品退回!$E:$E,日报!$D:$D,领跑良品退回!$A:$A,日报!CB$3)<>0,SUMIFS(领跑良品退回!$G:$G,领跑良品退回!$E:$E,日报!$D:$D,领跑良品退回!$A:$A,日报!CB$3),"") | CC17: =IF(SUMIFS(领跑良品退回!$G:$G,领跑良品退回!$E:$E,日报!$D:$D,领跑良品退回!$A:$A,日报!CC$3)<>0,SUMIFS(领跑良品退回!$G:$G,领跑良品退回!$E:$E,日报!$D:$D,领跑良品退回!$A:$A,日报!CC$3),"") | CD17: =IF(SUMIFS(领跑良品退回!$G:$G,领跑良品退回!$E:$E,日报!$D:$D,领跑良品退回!$A:$A,日报!CD$3)<>0,SUMIFS(领跑良品退回!$G:$G,领跑良品退回!$E:$E,日报!$D:$D,领跑良品退回!$A:$A,日报!CD$3),"") | CE17: =IF(SUMIFS(领跑良品退回!$G:$G,领跑良品退回!$E:$E,日报!$D:$D,领跑良品退回!$A:$A,日报!CE$3)<>0,SUMIFS(领跑良品退回!$G:$G,领跑良品退回!$E:$E,日报!$D:$D,领跑良品退回!$A:$A,日报!CE$3),"") | CF17: =IF(SUMIFS(领跑良品退回!$G:$G,领跑良品退回!$E:$E,日报!$D:$D,领跑良品退回!$A:$A,日报!CF$3)<>0,SUMIFS(领跑良品退回!$G:$G,领跑良品退回!$E:$E,日报!$D:$D,领跑良品退回!$A:$A,日报!CF$3),"") | CG17: =IF(SUMIFS(领跑良品退回!$G:$G,领跑良品退回!$E:$E,日报!$D:$D,领跑良品退回!$A:$A,日报!CG$3)<>0,SUMIFS(领跑良品退回!$G:$G,领跑良品退回!$E:$E,日报!$D:$D,领跑良品退回!$A:$A,日报!CG$3),"") | ... DD17: =IF(SUMIFS(领跑良品退回!$G:$G,领跑良品退回!$E:$E,日报!$D:$D,领跑良品退回!$A:$A,日报!DD$3)<>0,SUMIFS(领跑良品退回!$G:$G,领跑良品退回!$E:$E,日报!$D:$D,领跑良品退回!$A:$A,日报!DD$3),"")
A18: 62 | B18: 1DC | C18: 东莞市硅翔绝缘材料有限公司 | D18: 3.2.49.08.00732-000 | E18: LXC01-模组CCS总成-21B | F18: =IFERROR(VLOOKUP(D65,'[1]#REF'!D:F,3,FALSE),"0") -> 0 | G18: 675 | H18: =SUMIF(合格品入库记录!E:E,日报!D65,合格品入库记录!G:G) -> 0 | I18: =SUMIF(合格品出库记录!E:E,日报!D65,合格品出库记录!G:G) -> 0 | J18: =SUMIF(领跑良品退回!E:E,D65,领跑良品退回!G:G) -> 0 | K18: =M65+L65 -> 0 | L18: =SUMIF(不良品库存!D:D,D:D,不良品库存!F:F) -> 0 | M18: =G65+H65-I65+J65 -> 33 | N18: 0 | P18: =IF(SUMIFS(合格品入库记录!$G:$G,合格品入库记录!$E:$E,日报!$D:$D,合格品入库记录!$A:$A,日报!P$3)<>0,SUMIFS(合格品入库记录!$G:$G,合格品入库记录!$E:$E,日报!$D:$D,合格品入库记录!$A:$A,日报!P$3),"") | Q18: =IF(SUMIFS(合格品入库记录!$G:$G,合格品入库记录!$E:$E,日报!$D:$D,合格品入库记录!$A:$A,日报!Q$3)<>0,SUMIFS(合格品入库记录!$G:$G,合格品入库记录!$E:$E,日报!$D:$D,合格品入库记录!$A:$A,日报!Q$3),"") | R18: =IF(SUMIFS(合格品入库记录!$G:$G,合格品入库记录!$E:$E,日报!$D:$D,合格品入库记录!$A:$A,日报!R$3)<>0,SUMIFS(合格品入库记录!$G:$G,合格品入库记录!$E:$E,日报!$D:$D,合格品入库记录!$A:$A,日报!R$3),"") | S18: =IF(SUMIFS(合格品入库记录!$G:$G,合格品入库记录!$E:$E,日报!$D:$D,合格品入库记录!$A:$A,日报!S$3)<>0,SUMIFS(合格品入库记录!$G:$G,合格品入库记录!$E:$E,日报!$D:$D,合格品入库记录!$A:$A,日报!S$3),"") | T18: =IF(SUMIFS(合格品入库记录!$G:$G,合格品入库记录!$E:$E,日报!$D:$D,合格品入库记录!$A:$A,日报!T$3)<>0,SUMIFS(合格品入库记录!$G:$G,合格品入库记录!$E:$E,日报!$D:$D,合格品入库记录!$A:$A,日报!T$3),"") | U18: =IF(SUMIFS(合格品入库记录!$G:$G,合格品入库记录!$E:$E,日报!$D:$D,合格品入库记录!$A:$A,日报!U$3)<>0,SUMIFS(合格品入库记录!$G:$G,合格品入库记录!$E:$E,日报!$D:$D,合格品入库记录!$A:$A,日报!U$3),"") | V18: =IF(SUMIFS(合格品入库记录!$G:$G,合格品入库记录!$E:$E,日报!$D:$D,合格品入库记录!$A:$A,日报!V$3)<>0,SUMIFS(合格品入库记录!$G:$G,合格品入库记录!$E:$E,日报!$D:$D,合格品入库记录!$A:$A,日报!V$3),"") | W18: =IF(SUMIFS(合格品入库记录!$G:$G,合格品入库记录!$E:$E,日报!$D:$D,合格品入库记录!$A:$A,日报!W$3)<>0,SUMIFS(合格品入库记录!$G:$G,合格品入库记录!$E:$E,日报!$D:$D,合格品入库记录!$A:$A,日报!W$3),"") | ... AT18: =IF(SUMIFS(合格品入库记录!$G:$G,合格品入库记录!$E:$E,日报!$D:$D,合格品入库记录!$A:$A,日报!AT$3)<>0,SUMIFS(合格品入库记录!$G:$G,合格品入库记录!$E:$E,日报!$D:$D,合格品入库记录!$A:$A,日报!AT$3),"") | AU18: =IF(SUMIFS(合格品出库记录!$G:$G,合格品出库记录!$E:$E,日报!$D:$D,合格品出库记录!$A:$A,日报!AU$3)<>0,SUMIFS(合格品出库记录!$G:$G,合格品出库记录!$E:$E,日报!$D:$D,合格品出库记录!$A:$A,日报!AU$3),"") | AV18: =IF(SUMIFS(合格品出库记录!$G:$G,合格品出库记录!$E:$E,日报!$D:$D,合格品出库记录!$A:$A,日报!AV$3)<>0,SUMIFS(合格品出库记录!$G:$G,合格品出库记录!$E:$E,日报!$D:$D,合格品出库记录!$A:$A,日报!AV$3),"") | AW18: =IF(SUMIFS(合格品出库记录!$G:$G,合格品出库记录!$E:$E,日报!$D:$D,合格品出库记录!$A:$A,日报!AW$3)<>0,SUMIFS(合格品出库记录!$G:$G,合格品出库记录!$E:$E,日报!$D:$D,合格品出库记录!$A:$A,日报!AW$3),"") | AX18: =IF(SUMIFS(合格品出库记录!$G:$G,合格品出库记录!$E:$E,日报!$D:$D,合格品出库记录!$A:$A,日报!AX$3)<>0,SUMIFS(合格品出库记录!$G:$G,合格品出库记录!$E:$E,日报!$D:$D,合格品出库记录!$A:$A,日报!AX$3),"") | AY18: =IF(SUMIFS(合格品出库记录!$G:$G,合格品出库记录!$E:$E,日报!$D:$D,合格品出库记录!$A:$A,日报!AY$3)<>0,SUMIFS(合格品出库记录!$G:$G,合格品出库记录!$E:$E,日报!$D:$D,合格品出库记录!$A:$A,日报!AY$3),"") | AZ18: =IF(SUMIFS(合格品出库记录!$G:$G,合格品出库记录!$E:$E,日报!$D:$D,合格品出库记录!$A:$A,日报!AZ$3)<>0,SUMIFS(合格品出库记录!$G:$G,合格品出库记录!$E:$E,日报!$D:$D,合格品出库记录!$A:$A,日报!AZ$3),"") | BA18: =IF(SUMIFS(合格品出库记录!$G:$G,合格品出库记录!$E:$E,日报!$D:$D,合格品出库记录!$A:$A,日报!BA$3)<>0,SUMIFS(合格品出库记录!$G:$G,合格品出库记录!$E:$E,日报!$D:$D,合格品出库记录!$A:$A,日报!BA$3),"") | BB18: =IF(SUMIFS(合格品出库记录!$G:$G,合格品出库记录!$E:$E,日报!$D:$D,合格品出库记录!$A:$A,日报!BB$3)<>0,SUMIFS(合格品出库记录!$G:$G,合格品出库记录!$E:$E,日报!$D:$D,合格品出库记录!$A:$A,日报!BB$3),"") | ... BY18: =IF(SUMIFS(合格品出库记录!$G:$G,合格品出库记录!$E:$E,日报!$D:$D,合格品出库记录!$A:$A,日报!BY$3)<>0,SUMIFS(合格品出库记录!$G:$G,合格品出库记录!$E:$E,日报!$D:$D,合格品出库记录!$A:$A,日报!BY$3),"") | BZ18: =IF(SUMIFS(领跑良品退回!$G:$G,领跑良品退回!$E:$E,日报!$D:$D,领跑良品退回!$A:$A,日报!BZ$3)<>0,SUMIFS(领跑良品退回!$G:$G,领跑良品退回!$E:$E,日报!$D:$D,领跑良品退回!$A:$A,日报!BZ$3),"") | CA18: =IF(SUMIFS(领跑良品退回!$G:$G,领跑良品退回!$E:$E,日报!$D:$D,领跑良品退回!$A:$A,日报!CA$3)<>0,SUMIFS(领跑良品退回!$G:$G,领跑良品退回!$E:$E,日报!$D:$D,领跑良品退回!$A:$A,日报!CA$3),"") | CB18: =IF(SUMIFS(领跑良品退回!$G:$G,领跑良品退回!$E:$E,日报!$D:$D,领跑良品退回!$A:$A,日报!CB$3)<>0,SUMIFS(领跑良品退回!$G:$G,领跑良品退回!$E:$E,日报!$D:$D,领跑良品退回!$A:$A,日报!CB$3),"") | CC18: =IF(SUMIFS(领跑良品退回!$G:$G,领跑良品退回!$E:$E,日报!$D:$D,领跑良品退回!$A:$A,日报!CC$3)<>0,SUMIFS(领跑良品退回!$G:$G,领跑良品退回!$E:$E,日报!$D:$D,领跑良品退回!$A:$A,日报!CC$3),"") | CD18: =IF(SUMIFS(领跑良品退回!$G:$G,领跑良品退回!$E:$E,日报!$D:$D,领跑良品退回!$A:$A,日报!CD$3)<>0,SUMIFS(领跑良品退回!$G:$G,领跑良品退回!$E:$E,日报!$D:$D,领跑良品退回!$A:$A,日报!CD$3),"") | CE18: =IF(SUMIFS(领跑良品退回!$G:$G,领跑良品退回!$E:$E,日报!$D:$D,领跑良品退回!$A:$A,日报!CE$3)<>0,SUMIFS(领跑良品退回!$G:$G,领跑良品退回!$E:$E,日报!$D:$D,领跑良品退回!$A:$A,日报!CE$3),"") | CF18: =IF(SUMIFS(领跑良品退回!$G:$G,领跑良品退回!$E:$E,日报!$D:$D,领跑良品退回!$A:$A,日报!CF$3)<>0,SUMIFS(领跑良品退回!$G:$G,领跑良品退回!$E:$E,日报!$D:$D,领跑良品退回!$A:$A,日报!CF$3),"") | CG18: =IF(SUMIFS(领跑良品退回!$G:$G,领跑良品退回!$E:$E,日报!$D:$D,领跑良品退回!$A:$A,日报!CG$3)<>0,SUMIFS(领跑良品退回!$G:$G,领跑良品退回!$E:$E,日报!$D:$D,领跑良品退回!$A:$A,日报!CG$3),"") | ... DD18: =IF(SUMIFS(领跑良品退回!$G:$G,领跑良品退回!$E:$E,日报!$D:$D,领跑良品退回!$A:$A,日报!DD$3)<>0,SUMIFS(领跑良品退回!$G:$G,领跑良品退回!$E:$E,日报!$D:$D,领跑良品退回!$A:$A,日报!DD$3),"")
A19: 63 | B19: 1DC | C19: 东莞市硅翔绝缘材料有限公司 | D19: 3.2.49.08.00731-000 | E19: LXC01-模组CCS总成-21A | F19: =IFERROR(VLOOKUP(D66,'[1]#REF'!D:F,3,FALSE),"0") -> 0 | G19: 1030 | H19: =SUMIF(合格品入库记录!E:E,日报!D66,合格品入库记录!G:G) -> 0 | I19: =SUMIF(合格品出库记录!E:E,日报!D66,合格品出库记录!G:G) -> 0 | J19: =SUMIF(领跑良品退回!E:E,D66,领跑良品退回!G:G) -> 0 | K19: =M66+L66 -> 0 | L19: =SUMIF(不良品库存!D:D,D:D,不良品库存!F:F) -> 0 | M19: =G66+H66-I66+J66 -> 33 | N19: 0 | P19: =IF(SUMIFS(合格品入库记录!$G:$G,合格品入库记录!$E:$E,日报!$D:$D,合格品入库记录!$A:$A,日报!P$3)<>0,SUMIFS(合格品入库记录!$G:$G,合格品入库记录!$E:$E,日报!$D:$D,合格品入库记录!$A:$A,日报!P$3),"") | Q19: =IF(SUMIFS(合格品入库记录!$G:$G,合格品入库记录!$E:$E,日报!$D:$D,合格品入库记录!$A:$A,日报!Q$3)<>0,SUMIFS(合格品入库记录!$G:$G,合格品入库记录!$E:$E,日报!$D:$D,合格品入库记录!$A:$A,日报!Q$3),"") | R19: =IF(SUMIFS(合格品入库记录!$G:$G,合格品入库记录!$E:$E,日报!$D:$D,合格品入库记录!$A:$A,日报!R$3)<>0,SUMIFS(合格品入库记录!$G:$G,合格品入库记录!$E:$E,日报!$D:$D,合格品入库记录!$A:$A,日报!R$3),"") | S19: =IF(SUMIFS(合格品入库记录!$G:$G,合格品入库记录!$E:$E,日报!$D:$D,合格品入库记录!$A:$A,日报!S$3)<>0,SUMIFS(合格品入库记录!$G:$G,合格品入库记录!$E:$E,日报!$D:$D,合格品入库记录!$A:$A,日报!S$3),"") | T19: =IF(SUMIFS(合格品入库记录!$G:$G,合格品入库记录!$E:$E,日报!$D:$D,合格品入库记录!$A:$A,日报!T$3)<>0,SUMIFS(合格品入库记录!$G:$G,合格品入库记录!$E:$E,日报!$D:$D,合格品入库记录!$A:$A,日报!T$3),"") | U19: =IF(SUMIFS(合格品入库记录!$G:$G,合格品入库记录!$E:$E,日报!$D:$D,合格品入库记录!$A:$A,日报!U$3)<>0,SUMIFS(合格品入库记录!$G:$G,合格品入库记录!$E:$E,日报!$D:$D,合格品入库记录!$A:$A,日报!U$3),"") | V19: =IF(SUMIFS(合格品入库记录!$G:$G,合格品入库记录!$E:$E,日报!$D:$D,合格品入库记录!$A:$A,日报!V$3)<>0,SUMIFS(合格品入库记录!$G:$G,合格品入库记录!$E:$E,日报!$D:$D,合格品入库记录!$A:$A,日报!V$3),"") | W19: =IF(SUMIFS(合格品入库记录!$G:$G,合格品入库记录!$E:$E,日报!$D:$D,合格品入库记录!$A:$A,日报!W$3)<>0,SUMIFS(合格品入库记录!$G:$G,合格品入库记录!$E:$E,日报!$D:$D,合格品入库记录!$A:$A,日报!W$3),"") | ... AT19: =IF(SUMIFS(合格品入库记录!$G:$G,合格品入库记录!$E:$E,日报!$D:$D,合格品入库记录!$A:$A,日报!AT$3)<>0,SUMIFS(合格品入库记录!$G:$G,合格品入库记录!$E:$E,日报!$D:$D,合格品入库记录!$A:$A,日报!AT$3),"") | AU19: =IF(SUMIFS(合格品出库记录!$G:$G,合格品出库记录!$E:$E,日报!$D:$D,合格品出库记录!$A:$A,日报!AU$3)<>0,SUMIFS(合格品出库记录!$G:$G,合格品出库记录!$E:$E,日报!$D:$D,合格品出库记录!$A:$A,日报!AU$3),"") | AV19: =IF(SUMIFS(合格品出库记录!$G:$G,合格品出库记录!$E:$E,日报!$D:$D,合格品出库记录!$A:$A,日报!AV$3)<>0,SUMIFS(合格品出库记录!$G:$G,合格品出库记录!$E:$E,日报!$D:$D,合格品出库记录!$A:$A,日报!AV$3),"") | AW19: =IF(SUMIFS(合格品出库记录!$G:$G,合格品出库记录!$E:$E,日报!$D:$D,合格品出库记录!$A:$A,日报!AW$3)<>0,SUMIFS(合格品出库记录!$G:$G,合格品出库记录!$E:$E,日报!$D:$D,合格品出库记录!$A:$A,日报!AW$3),"") | AX19: =IF(SUMIFS(合格品出库记录!$G:$G,合格品出库记录!$E:$E,日报!$D:$D,合格品出库记录!$A:$A,日报!AX$3)<>0,SUMIFS(合格品出库记录!$G:$G,合格品出库记录!$E:$E,日报!$D:$D,合格品出库记录!$A:$A,日报!AX$3),"") | AY19: =IF(SUMIFS(合格品出库记录!$G:$G,合格品出库记录!$E:$E,日报!$D:$D,合格品出库记录!$A:$A,日报!AY$3)<>0,SUMIFS(合格品出库记录!$G:$G,合格品出库记录!$E:$E,日报!$D:$D,合格品出库记录!$A:$A,日报!AY$3),"") | AZ19: =IF(SUMIFS(合格品出库记录!$G:$G,合格品出库记录!$E:$E,日报!$D:$D,合格品出库记录!$A:$A,日报!AZ$3)<>0,SUMIFS(合格品出库记录!$G:$G,合格品出库记录!$E:$E,日报!$D:$D,合格品出库记录!$A:$A,日报!AZ$3),"") | BA19: =IF(SUMIFS(合格品出库记录!$G:$G,合格品出库记录!$E:$E,日报!$D:$D,合格品出库记录!$A:$A,日报!BA$3)<>0,SUMIFS(合格品出库记录!$G:$G,合格品出库记录!$E:$E,日报!$D:$D,合格品出库记录!$A:$A,日报!BA$3),"") | BB19: =IF(SUMIFS(合格品出库记录!$G:$G,合格品出库记录!$E:$E,日报!$D:$D,合格品出库记录!$A:$A,日报!BB$3)<>0,SUMIFS(合格品出库记录!$G:$G,合格品出库记录!$E:$E,日报!$D:$D,合格品出库记录!$A:$A,日报!BB$3),"") | ... BY19: =IF(SUMIFS(合格品出库记录!$G:$G,合格品出库记录!$E:$E,日报!$D:$D,合格品出库记录!$A:$A,日报!BY$3)<>0,SUMIFS(合格品出库记录!$G:$G,合格品出库记录!$E:$E,日报!$D:$D,合格品出库记录!$A:$A,日报!BY$3),"") | BZ19: =IF(SUMIFS(领跑良品退回!$G:$G,领跑良品退回!$E:$E,日报!$D:$D,领跑良品退回!$A:$A,日报!BZ$3)<>0,SUMIFS(领跑良品退回!$G:$G,领跑良品退回!$E:$E,日报!$D:$D,领跑良品退回!$A:$A,日报!BZ$3),"") | CA19: =IF(SUMIFS(领跑良品退回!$G:$G,领跑良品退回!$E:$E,日报!$D:$D,领跑良品退回!$A:$A,日报!CA$3)<>0,SUMIFS(领跑良品退回!$G:$G,领跑良品退回!$E:$E,日报!$D:$D,领跑良品退回!$A:$A,日报!CA$3),"") | CB19: =IF(SUMIFS(领跑良品退回!$G:$G,领跑良品退回!$E:$E,日报!$D:$D,领跑良品退回!$A:$A,日报!CB$3)<>0,SUMIFS(领跑良品退回!$G:$G,领跑良品退回!$E:$E,日报!$D:$D,领跑良品退回!$A:$A,日报!CB$3),"") | CC19: =IF(SUMIFS(领跑良品退回!$G:$G,领跑良品退回!$E:$E,日报!$D:$D,领跑良品退回!$A:$A,日报!CC$3)<>0,SUMIFS(领跑良品退回!$G:$G,领跑良品退回!$E:$E,日报!$D:$D,领跑良品退回!$A:$A,日报!CC$3),"") | CD19: =IF(SUMIFS(领跑良品退回!$G:$G,领跑良品退回!$E:$E,日报!$D:$D,领跑良品退回!$A:$A,日报!CD$3)<>0,SUMIFS(领跑良品退回!$G:$G,领跑良品退回!$E:$E,日报!$D:$D,领跑良品退回!$A:$A,日报!CD$3),"") | CE19: =IF(SUMIFS(领跑良品退回!$G:$G,领跑良品退回!$E:$E,日报!$D:$D,领跑良品退回!$A:$A,日报!CE$3)<>0,SUMIFS(领跑良品退回!$G:$G,领跑良品退回!$E:$E,日报!$D:$D,领跑良品退回!$A:$A,日报!CE$3),"") | CF19: =IF(SUMIFS(领跑良品退回!$G:$G,领跑良品退回!$E:$E,日报!$D:$D,领跑良品退回!$A:$A,日报!CF$3)<>0,SUMIFS(领跑良品退回!$G:$G,领跑良品退回!$E:$E,日报!$D:$D,领跑良品退回!$A:$A,日报!CF$3),"") | CG19: =IF(SUMIFS(领跑良品退回!$G:$G,领跑良品退回!$E:$E,日报!$D:$D,领跑良品退回!$A:$A,日报!CG$3)<>0,SUMIFS(领跑良品退回!$G:$G,领跑良品退回!$E:$E,日报!$D:$D,领跑良品退回!$A:$A,日报!CG$3),"") | ... DD19: =IF(SUMIFS(领跑良品退回!$G:$G,领跑良品退回!$E:$E,日报!$D:$D,领跑良品退回!$A:$A,日报!DD$3)<>0,SUMIFS(领跑良品退回!$G:$G,领跑良品退回!$E:$E,日报!$D:$D,领跑良品退回!$A:$A,日报!DD$3),"")
A20: 64 | B20: 1DC | C20: 东莞市硅翔绝缘材料有限公司 | D20: 3.2.49.08.00712-000 | E20: LPT03A-PBP模组CCS总成2-NJ | F20: =IFERROR(VLOOKUP(D67,'[1]#REF'!D:F,3,FALSE),"0") -> 0 | G20: 0 | H20: =SUMIF(合格品入库记录!E:E,日报!D67,合格品入库记录!G:G) -> 0 | I20: =SUMIF(合格品出库记录!E:E,日报!D67,合格品出库记录!G:G) -> 0 | J20: =SUMIF(领跑良品退回!E:E,D67,领跑良品退回!G:G) -> 0 | K20: =M67+L67 -> 0 | L20: =SUMIF(不良品库存!D:D,D:D,不良品库存!F:F) -> 0 | M20: =G67+H67-I67+J67 -> 0 | N20: #N/A | P20: =IF(SUMIFS(合格品入库记录!$G:$G,合格品入库记录!$E:$E,日报!$D:$D,合格品入库记录!$A:$A,日报!P$3)<>0,SUMIFS(合格品入库记录!$G:$G,合格品入库记录!$E:$E,日报!$D:$D,合格品入库记录!$A:$A,日报!P$3),"") | Q20: =IF(SUMIFS(合格品入库记录!$G:$G,合格品入库记录!$E:$E,日报!$D:$D,合格品入库记录!$A:$A,日报!Q$3)<>0,SUMIFS(合格品入库记录!$G:$G,合格品入库记录!$E:$E,日报!$D:$D,合格品入库记录!$A:$A,日报!Q$3),"") | R20: =IF(SUMIFS(合格品入库记录!$G:$G,合格品入库记录!$E:$E,日报!$D:$D,合格品入库记录!$A:$A,日报!R$3)<>0,SUMIFS(合格品入库记录!$G:$G,合格品入库记录!$E:$E,日报!$D:$D,合格品入库记录!$A:$A,日报!R$3),"") | S20: =IF(SUMIFS(合格品入库记录!$G:$G,合格品入库记录!$E:$E,日报!$D:$D,合格品入库记录!$A:$A,日报!S$3)<>0,SUMIFS(合格品入库记录!$G:$G,合格品入库记录!$E:$E,日报!$D:$D,合格品入库记录!$A:$A,日报!S$3),"") | T20: =IF(SUMIFS(合格品入库记录!$G:$G,合格品入库记录!$E:$E,日报!$D:$D,合格品入库记录!$A:$A,日报!T$3)<>0,SUMIFS(合格品入库记录!$G:$G,合格品入库记录!$E:$E,日报!$D:$D,合格品入库记录!$A:$A,日报!T$3),"") | U20: =IF(SUMIFS(合格品入库记录!$G:$G,合格品入库记录!$E:$E,日报!$D:$D,合格品入库记录!$A:$A,日报!U$3)<>0,SUMIFS(合格品入库记录!$G:$G,合格品入库记录!$E:$E,日报!$D:$D,合格品入库记录!$A:$A,日报!U$3),"") | V20: =IF(SUMIFS(合格品入库记录!$G:$G,合格品入库记录!$E:$E,日报!$D:$D,合格品入库记录!$A:$A,日报!V$3)<>0,SUMIFS(合格品入库记录!$G:$G,合格品入库记录!$E:$E,日报!$D:$D,合格品入库记录!$A:$A,日报!V$3),"") | W20: =IF(SUMIFS(合格品入库记录!$G:$G,合格品入库记录!$E:$E,日报!$D:$D,合格品入库记录!$A:$A,日报!W$3)<>0,SUMIFS(合格品入库记录!$G:$G,合格品入库记录!$E:$E,日报!$D:$D,合格品入库记录!$A:$A,日报!W$3),"") | ... AT20: =IF(SUMIFS(合格品入库记录!$G:$G,合格品入库记录!$E:$E,日报!$D:$D,合格品入库记录!$A:$A,日报!AT$3)<>0,SUMIFS(合格品入库记录!$G:$G,合格品入库记录!$E:$E,日报!$D:$D,合格品入库记录!$A:$A,日报!AT$3),"") | AU20: =IF(SUMIFS(合格品出库记录!$G:$G,合格品出库记录!$E:$E,日报!$D:$D,合格品出库记录!$A:$A,日报!AU$3)<>0,SUMIFS(合格品出库记录!$G:$G,合格品出库记录!$E:$E,日报!$D:$D,合格品出库记录!$A:$A,日报!AU$3),"") | AV20: =IF(SUMIFS(合格品出库记录!$G:$G,合格品出库记录!$E:$E,日报!$D:$D,合格品出库记录!$A:$A,日报!AV$3)<>0,SUMIFS(合格品出库记录!$G:$G,合格品出库记录!$E:$E,日报!$D:$D,合格品出库记录!$A:$A,日报!AV$3),"") | AW20: =IF(SUMIFS(合格品出库记录!$G:$G,合格品出库记录!$E:$E,日报!$D:$D,合格品出库记录!$A:$A,日报!AW$3)<>0,SUMIFS(合格品出库记录!$G:$G,合格品出库记录!$E:$E,日报!$D:$D,合格品出库记录!$A:$A,日报!AW$3),"") | AX20: =IF(SUMIFS(合格品出库记录!$G:$G,合格品出库记录!$E:$E,日报!$D:$D,合格品出库记录!$A:$A,日报!AX$3)<>0,SUMIFS(合格品出库记录!$G:$G,合格品出库记录!$E:$E,日报!$D:$D,合格品出库记录!$A:$A,日报!AX$3),"") | AY20: =IF(SUMIFS(合格品出库记录!$G:$G,合格品出库记录!$E:$E,日报!$D:$D,合格品出库记录!$A:$A,日报!AY$3)<>0,SUMIFS(合格品出库记录!$G:$G,合格品出库记录!$E:$E,日报!$D:$D,合格品出库记录!$A:$A,日报!AY$3),"") | AZ20: =IF(SUMIFS(合格品出库记录!$G:$G,合格品出库记录!$E:$E,日报!$D:$D,合格品出库记录!$A:$A,日报!AZ$3)<>0,SUMIFS(合格品出库记录!$G:$G,合格品出库记录!$E:$E,日报!$D:$D,合格品出库记录!$A:$A,日报!AZ$3),"") | BA20: =IF(SUMIFS(合格品出库记录!$G:$G,合格品出库记录!$E:$E,日报!$D:$D,合格品出库记录!$A:$A,日报!BA$3)<>0,SUMIFS(合格品出库记录!$G:$G,合格品出库记录!$E:$E,日报!$D:$D,合格品出库记录!$A:$A,日报!BA$3),"") | BB20: =IF(SUMIFS(合格品出库记录!$G:$G,合格品出库记录!$E:$E,日报!$D:$D,合格品出库记录!$A:$A,日报!BB$3)<>0,SUMIFS(合格品出库记录!$G:$G,合格品出库记录!$E:$E,日报!$D:$D,合格品出库记录!$A:$A,日报!BB$3),"") | ... BY20: =IF(SUMIFS(合格品出库记录!$G:$G,合格品出库记录!$E:$E,日报!$D:$D,合格品出库记录!$A:$A,日报!BY$3)<>0,SUMIFS(合格品出库记录!$G:$G,合格品出库记录!$E:$E,日报!$D:$D,合格品出库记录!$A:$A,日报!BY$3),"") | BZ20: =IF(SUMIFS(领跑良品退回!$G:$G,领跑良品退回!$E:$E,日报!$D:$D,领跑良品退回!$A:$A,日报!BZ$3)<>0,SUMIFS(领跑良品退回!$G:$G,领跑良品退回!$E:$E,日报!$D:$D,领跑良品退回!$A:$A,日报!BZ$3),"") | CA20: =IF(SUMIFS(领跑良品退回!$G:$G,领跑良品退回!$E:$E,日报!$D:$D,领跑良品退回!$A:$A,日报!CA$3)<>0,SUMIFS(领跑良品退回!$G:$G,领跑良品退回!$E:$E,日报!$D:$D,领跑良品退回!$A:$A,日报!CA$3),"") | CB20: =IF(SUMIFS(领跑良品退回!$G:$G,领跑良品退回!$E:$E,日报!$D:$D,领跑良品退回!$A:$A,日报!CB$3)<>0,SUMIFS(领跑良品退回!$G:$G,领跑良品退回!$E:$E,日报!$D:$D,领跑良品退回!$A:$A,日报!CB$3),"") | CC20: =IF(SUMIFS(领跑良品退回!$G:$G,领跑良品退回!$E:$E,日报!$D:$D,领跑良品退回!$A:$A,日报!CC$3)<>0,SUMIFS(领跑良品退回!$G:$G,领跑良品退回!$E:$E,日报!$D:$D,领跑良品退回!$A:$A,日报!CC$3),"") | CD20: =IF(SUMIFS(领跑良品退回!$G:$G,领跑良品退回!$E:$E,日报!$D:$D,领跑良品退回!$A:$A,日报!CD$3)<>0,SUMIFS(领跑良品退回!$G:$G,领跑良品退回!$E:$E,日报!$D:$D,领跑良品退回!$A:$A,日报!CD$3),"") | CE20: =IF(SUMIFS(领跑良品退回!$G:$G,领跑良品退回!$E:$E,日报!$D:$D,领跑良品退回!$A:$A,日报!CE$3)<>0,SUMIFS(领跑良品退回!$G:$G,领跑良品退回!$E:$E,日报!$D:$D,领跑良品退回!$A:$A,日报!CE$3),"") | CF20: =IF(SUMIFS(领跑良品退回!$G:$G,领跑良品退回!$E:$E,日报!$D:$D,领跑良品退回!$A:$A,日报!CF$3)<>0,SUMIFS(领跑良品退回!$G:$G,领跑良品退回!$E:$E,日报!$D:$D,领跑良品退回!$A:$A,日报!CF$3),"") | CG20: =IF(SUMIFS(领跑良品退回!$G:$G,领跑良品退回!$E:$E,日报!$D:$D,领跑良品退回!$A:$A,日报!CG$3)<>0,SUMIFS(领跑良品退回!$G:$G,领跑良品退回!$E:$E,日报!$D:$D,领跑良品退回!$A:$A,日报!CG$3),"") | ... DD20: =IF(SUMIFS(领跑良品退回!$G:$G,领跑良品退回!$E:$E,日报!$D:$D,领跑良品退回!$A:$A,日报!DD$3)<>0,SUMIFS(领跑良品退回!$G:$G,领跑良品退回!$E:$E,日报!$D:$D,领跑良品退回!$A:$A,日报!DD$3),"")
A21: 65 | B21: 1DC | C21: 东莞市硅翔绝缘材料有限公司 | D21: 3.2.49.08.00709-000 | E21: LPT03A-PBP模组CCS总成1-NJ | F21: =IFERROR(VLOOKUP(D68,'[1]#REF'!D:F,3,FALSE),"0") -> 0 | G21: 42 | H21: =SUMIF(合格品入库记录!E:E,日报!D68,合格品入库记录!G:G) -> 600 | I21: =SUMIF(合格品出库记录!E:E,日报!D68,合格品出库记录!G:G) -> 600 | J21: =SUMIF(领跑良品退回!E:E,D68,领跑良品退回!G:G) -> 0 | K21: =M68+L68 -> 0 | L21: =SUMIF(不良品库存!D:D,D:D,不良品库存!F:F) -> 0 | M21: =G68+H68-I68+J68 -> 0 | N21: 0 | P21: =IF(SUMIFS(合格品入库记录!$G:$G,合格品入库记录!$E:$E,日报!$D:$D,合格品入库记录!$A:$A,日报!P$3)<>0,SUMIFS(合格品入库记录!$G:$G,合格品入库记录!$E:$E,日报!$D:$D,合格品入库记录!$A:$A,日报!P$3),"") | Q21: =IF(SUMIFS(合格品入库记录!$G:$G,合格品入库记录!$E:$E,日报!$D:$D,合格品入库记录!$A:$A,日报!Q$3)<>0,SUMIFS(合格品入库记录!$G:$G,合格品入库记录!$E:$E,日报!$D:$D,合格品入库记录!$A:$A,日报!Q$3),"") | R21: =IF(SUMIFS(合格品入库记录!$G:$G,合格品入库记录!$E:$E,日报!$D:$D,合格品入库记录!$A:$A,日报!R$3)<>0,SUMIFS(合格品入库记录!$G:$G,合格品入库记录!$E:$E,日报!$D:$D,合格品入库记录!$A:$A,日报!R$3),"") | S21: =IF(SUMIFS(合格品入库记录!$G:$G,合格品入库记录!$E:$E,日报!$D:$D,合格品入库记录!$A:$A,日报!S$3)<>0,SUMIFS(合格品入库记录!$G:$G,合格品入库记录!$E:$E,日报!$D:$D,合格品入库记录!$A:$A,日报!S$3),"") | T21: =IF(SUMIFS(合格品入库记录!$G:$G,合格品入库记录!$E:$E,日报!$D:$D,合格品入库记录!$A:$A,日报!T$3)<>0,SUMIFS(合格品入库记录!$G:$G,合格品入库记录!$E:$E,日报!$D:$D,合格品入库记录!$A:$A,日报!T$3),"") | U21: =IF(SUMIFS(合格品入库记录!$G:$G,合格品入库记录!$E:$E,日报!$D:$D,合格品入库记录!$A:$A,日报!U$3)<>0,SUMIFS(合格品入库记录!$G:$G,合格品入库记录!$E:$E,日报!$D:$D,合格品入库记录!$A:$A,日报!U$3),"") | V21: =IF(SUMIFS(合格品入库记录!$G:$G,合格品入库记录!$E:$E,日报!$D:$D,合格品入库记录!$A:$A,日报!V$3)<>0,SUMIFS(合格品入库记录!$G:$G,合格品入库记录!$E:$E,日报!$D:$D,合格品入库记录!$A:$A,日报!V$3),"") | W21: =IF(SUMIFS(合格品入库记录!$G:$G,合格品入库记录!$E:$E,日报!$D:$D,合格品入库记录!$A:$A,日报!W$3)<>0,SUMIFS(合格品入库记录!$G:$G,合格品入库记录!$E:$E,日报!$D:$D,合格品入库记录!$A:$A,日报!W$3),"") | ... AT21: =IF(SUMIFS(合格品入库记录!$G:$G,合格品入库记录!$E:$E,日报!$D:$D,合格品入库记录!$A:$A,日报!AT$3)<>0,SUMIFS(合格品入库记录!$G:$G,合格品入库记录!$E:$E,日报!$D:$D,合格品入库记录!$A:$A,日报!AT$3),"") | AU21: =IF(SUMIFS(合格品出库记录!$G:$G,合格品出库记录!$E:$E,日报!$D:$D,合格品出库记录!$A:$A,日报!AU$3)<>0,SUMIFS(合格品出库记录!$G:$G,合格品出库记录!$E:$E,日报!$D:$D,合格品出库记录!$A:$A,日报!AU$3),"") | AV21: =IF(SUMIFS(合格品出库记录!$G:$G,合格品出库记录!$E:$E,日报!$D:$D,合格品出库记录!$A:$A,日报!AV$3)<>0,SUMIFS(合格品出库记录!$G:$G,合格品出库记录!$E:$E,日报!$D:$D,合格品出库记录!$A:$A,日报!AV$3),"") | AW21: =IF(SUMIFS(合格品出库记录!$G:$G,合格品出库记录!$E:$E,日报!$D:$D,合格品出库记录!$A:$A,日报!AW$3)<>0,SUMIFS(合格品出库记录!$G:$G,合格品出库记录!$E:$E,日报!$D:$D,合格品出库记录!$A:$A,日报!AW$3),"") | AX21: =IF(SUMIFS(合格品出库记录!$G:$G,合格品出库记录!$E:$E,日报!$D:$D,合格品出库记录!$A:$A,日报!AX$3)<>0,SUMIFS(合格品出库记录!$G:$G,合格品出库记录!$E:$E,日报!$D:$D,合格品出库记录!$A:$A,日报!AX$3),"") | AY21: =IF(SUMIFS(合格品出库记录!$G:$G,合格品出库记录!$E:$E,日报!$D:$D,合格品出库记录!$A:$A,日报!AY$3)<>0,SUMIFS(合格品出库记录!$G:$G,合格品出库记录!$E:$E,日报!$D:$D,合格品出库记录!$A:$A,日报!AY$3),"") | AZ21: =IF(SUMIFS(合格品出库记录!$G:$G,合格品出库记录!$E:$E,日报!$D:$D,合格品出库记录!$A:$A,日报!AZ$3)<>0,SUMIFS(合格品出库记录!$G:$G,合格品出库记录!$E:$E,日报!$D:$D,合格品出库记录!$A:$A,日报!AZ$3),"") -> 4 | BA21: =IF(SUMIFS(合格品出库记录!$G:$G,合格品出库记录!$E:$E,日报!$D:$D,合格品出库记录!$A:$A,日报!BA$3)<>0,SUMIFS(合格品出库记录!$G:$G,合格品出库记录!$E:$E,日报!$D:$D,合格品出库记录!$A:$A,日报!BA$3),"") | BB21: =IF(SUMIFS(合格品出库记录!$G:$G,合格品出库记录!$E:$E,日报!$D:$D,合格品出库记录!$A:$A,日报!BB$3)<>0,SUMIFS(合格品出库记录!$G:$G,合格品出库记录!$E:$E,日报!$D:$D,合格品出库记录!$A:$A,日报!BB$3),"") | ... BY21: =IF(SUMIFS(合格品出库记录!$G:$G,合格品出库记录!$E:$E,日报!$D:$D,合格品出库记录!$A:$A,日报!BY$3)<>0,SUMIFS(合格品出库记录!$G:$G,合格品出库记录!$E:$E,日报!$D:$D,合格品出库记录!$A:$A,日报!BY$3),"") | BZ21: =IF(SUMIFS(领跑良品退回!$G:$G,领跑良品退回!$E:$E,日报!$D:$D,领跑良品退回!$A:$A,日报!BZ$3)<>0,SUMIFS(领跑良品退回!$G:$G,领跑良品退回!$E:$E,日报!$D:$D,领跑良品退回!$A:$A,日报!BZ$3),"") | CA21: =IF(SUMIFS(领跑良品退回!$G:$G,领跑良品退回!$E:$E,日报!$D:$D,领跑良品退回!$A:$A,日报!CA$3)<>0,SUMIFS(领跑良品退回!$G:$G,领跑良品退回!$E:$E,日报!$D:$D,领跑良品退回!$A:$A,日报!CA$3),"") | CB21: =IF(SUMIFS(领跑良品退回!$G:$G,领跑良品退回!$E:$E,日报!$D:$D,领跑良品退回!$A:$A,日报!CB$3)<>0,SUMIFS(领跑良品退回!$G:$G,领跑良品退回!$E:$E,日报!$D:$D,领跑良品退回!$A:$A,日报!CB$3),"") | CC21: =IF(SUMIFS(领跑良品退回!$G:$G,领跑良品退回!$E:$E,日报!$D:$D,领跑良品退回!$A:$A,日报!CC$3)<>0,SUMIFS(领跑良品退回!$G:$G,领跑良品退回!$E:$E,日报!$D:$D,领跑良品退回!$A:$A,日报!CC$3),"") | CD21: =IF(SUMIFS(领跑良品退回!$G:$G,领跑良品退回!$E:$E,日报!$D:$D,领跑良品退回!$A:$A,日报!CD$3)<>0,SUMIFS(领跑良品退回!$G:$G,领跑良品退回!$E:$E,日报!$D:$D,领跑良品退回!$A:$A,日报!CD$3),"") | CE21: =IF(SUMIFS(领跑良品退回!$G:$G,领跑良品退回!$E:$E,日报!$D:$D,领跑良品退回!$A:$A,日报!CE$3)<>0,SUMIFS(领跑良品退回!$G:$G,领跑良品退回!$E:$E,日报!$D:$D,领跑良品退回!$A:$A,日报!CE$3),"") | CF21: =IF(SUMIFS(领跑良品退回!$G:$G,领跑良品退回!$E:$E,日报!$D:$D,领跑良品退回!$A:$A,日报!CF$3)<>0,SUMIFS(领跑良品退回!$G:$G,领跑良品退回!$E:$E,日报!$D:$D,领跑良品退回!$A:$A,日报!CF$3),"") | CG21: =IF(SUMIFS(领跑良品退回!$G:$G,领跑良品退回!$E:$E,日报!$D:$D,领跑良品退回!$A:$A,日报!CG$3)<>0,SUMIFS(领跑良品退回!$G:$G,领跑良品退回!$E:$E,日报!$D:$D,领跑良品退回!$A:$A,日报!CG$3),"") | ... DD21: =IF(SUMIFS(领跑良品退回!$G:$G,领跑良品退回!$E:$E,日报!$D:$D,领跑良品退回!$A:$A,日报!DD$3)<>0,SUMIFS(领跑良品退回!$G:$G,领跑良品退回!$E:$E,日报!$D:$D,领跑良品退回!$A:$A,日报!DD$3),"")
A22: 66 | B22: 1DC | C22: 东莞市硅翔绝缘材料有限公司 | D22: 3.2.49.08.00661-000 | E22: LPT03A_PBP_32S加热片_L | F22: =IFERROR(VLOOKUP(D69,'[1]#REF'!D:F,3,FALSE),"0") -> 0 | G22: 19 | H22: =SUMIF(合格品入库记录!E:E,日报!D69,合格品入库记录!G:G) -> 0 | I22: =SUMIF(合格品出库记录!E:E,日报!D69,合格品出库记录!G:G) -> 0 | J22: =SUMIF(领跑良品退回!E:E,D69,领跑良品退回!G:G) -> 0 | K22: =M69+L69 -> 0 | L22: =SUMIF(不良品库存!D:D,D:D,不良品库存!F:F) -> 0 | M22: =G69+H69-I69+J69 -> 2400 | N22: 2400 | P22: =IF(SUMIFS(合格品入库记录!$G:$G,合格品入库记录!$E:$E,日报!$D:$D,合格品入库记录!$A:$A,日报!P$3)<>0,SUMIFS(合格品入库记录!$G:$G,合格品入库记录!$E:$E,日报!$D:$D,合格品入库记录!$A:$A,日报!P$3),"") | Q22: =IF(SUMIFS(合格品入库记录!$G:$G,合格品入库记录!$E:$E,日报!$D:$D,合格品入库记录!$A:$A,日报!Q$3)<>0,SUMIFS(合格品入库记录!$G:$G,合格品入库记录!$E:$E,日报!$D:$D,合格品入库记录!$A:$A,日报!Q$3),"") | R22: =IF(SUMIFS(合格品入库记录!$G:$G,合格品入库记录!$E:$E,日报!$D:$D,合格品入库记录!$A:$A,日报!R$3)<>0,SUMIFS(合格品入库记录!$G:$G,合格品入库记录!$E:$E,日报!$D:$D,合格品入库记录!$A:$A,日报!R$3),"") | S22: =IF(SUMIFS(合格品入库记录!$G:$G,合格品入库记录!$E:$E,日报!$D:$D,合格品入库记录!$A:$A,日报!S$3)<>0,SUMIFS(合格品入库记录!$G:$G,合格品入库记录!$E:$E,日报!$D:$D,合格品入库记录!$A:$A,日报!S$3),"") | T22: =IF(SUMIFS(合格品入库记录!$G:$G,合格品入库记录!$E:$E,日报!$D:$D,合格品入库记录!$A:$A,日报!T$3)<>0,SUMIFS(合格品入库记录!$G:$G,合格品入库记录!$E:$E,日报!$D:$D,合格品入库记录!$A:$A,日报!T$3),"") | U22: =IF(SUMIFS(合格品入库记录!$G:$G,合格品入库记录!$E:$E,日报!$D:$D,合格品入库记录!$A:$A,日报!U$3)<>0,SUMIFS(合格品入库记录!$G:$G,合格品入库记录!$E:$E,日报!$D:$D,合格品入库记录!$A:$A,日报!U$3),"") | V22: =IF(SUMIFS(合格品入库记录!$G:$G,合格品入库记录!$E:$E,日报!$D:$D,合格品入库记录!$A:$A,日报!V$3)<>0,SUMIFS(合格品入库记录!$G:$G,合格品入库记录!$E:$E,日报!$D:$D,合格品入库记录!$A:$A,日报!V$3),"") | W22: =IF(SUMIFS(合格品入库记录!$G:$G,合格品入库记录!$E:$E,日报!$D:$D,合格品入库记录!$A:$A,日报!W$3)<>0,SUMIFS(合格品入库记录!$G:$G,合格品入库记录!$E:$E,日报!$D:$D,合格品入库记录!$A:$A,日报!W$3),"") | ... AT22: =IF(SUMIFS(合格品入库记录!$G:$G,合格品入库记录!$E:$E,日报!$D:$D,合格品入库记录!$A:$A,日报!AT$3)<>0,SUMIFS(合格品入库记录!$G:$G,合格品入库记录!$E:$E,日报!$D:$D,合格品入库记录!$A:$A,日报!AT$3),"") | AU22: =IF(SUMIFS(合格品出库记录!$G:$G,合格品出库记录!$E:$E,日报!$D:$D,合格品出库记录!$A:$A,日报!AU$3)<>0,SUMIFS(合格品出库记录!$G:$G,合格品出库记录!$E:$E,日报!$D:$D,合格品出库记录!$A:$A,日报!AU$3),"") | AV22: =IF(SUMIFS(合格品出库记录!$G:$G,合格品出库记录!$E:$E,日报!$D:$D,合格品出库记录!$A:$A,日报!AV$3)<>0,SUMIFS(合格品出库记录!$G:$G,合格品出库记录!$E:$E,日报!$D:$D,合格品出库记录!$A:$A,日报!AV$3),"") | AW22: =IF(SUMIFS(合格品出库记录!$G:$G,合格品出库记录!$E:$E,日报!$D:$D,合格品出库记录!$A:$A,日报!AW$3)<>0,SUMIFS(合格品出库记录!$G:$G,合格品出库记录!$E:$E,日报!$D:$D,合格品出库记录!$A:$A,日报!AW$3),"") | AX22: =IF(SUMIFS(合格品出库记录!$G:$G,合格品出库记录!$E:$E,日报!$D:$D,合格品出库记录!$A:$A,日报!AX$3)<>0,SUMIFS(合格品出库记录!$G:$G,合格品出库记录!$E:$E,日报!$D:$D,合格品出库记录!$A:$A,日报!AX$3),"") | AY22: =IF(SUMIFS(合格品出库记录!$G:$G,合格品出库记录!$E:$E,日报!$D:$D,合格品出库记录!$A:$A,日报!AY$3)<>0,SUMIFS(合格品出库记录!$G:$G,合格品出库记录!$E:$E,日报!$D:$D,合格品出库记录!$A:$A,日报!AY$3),"") | AZ22: =IF(SUMIFS(合格品出库记录!$G:$G,合格品出库记录!$E:$E,日报!$D:$D,合格品出库记录!$A:$A,日报!AZ$3)<>0,SUMIFS(合格品出库记录!$G:$G,合格品出库记录!$E:$E,日报!$D:$D,合格品出库记录!$A:$A,日报!AZ$3),"") | BA22: =IF(SUMIFS(合格品出库记录!$G:$G,合格品出库记录!$E:$E,日报!$D:$D,合格品出库记录!$A:$A,日报!BA$3)<>0,SUMIFS(合格品出库记录!$G:$G,合格品出库记录!$E:$E,日报!$D:$D,合格品出库记录!$A:$A,日报!BA$3),"") | BB22: =IF(SUMIFS(合格品出库记录!$G:$G,合格品出库记录!$E:$E,日报!$D:$D,合格品出库记录!$A:$A,日报!BB$3)<>0,SUMIFS(合格品出库记录!$G:$G,合格品出库记录!$E:$E,日报!$D:$D,合格品出库记录!$A:$A,日报!BB$3),"") | ... BY22: =IF(SUMIFS(合格品出库记录!$G:$G,合格品出库记录!$E:$E,日报!$D:$D,合格品出库记录!$A:$A,日报!BY$3)<>0,SUMIFS(合格品出库记录!$G:$G,合格品出库记录!$E:$E,日报!$D:$D,合格品出库记录!$A:$A,日报!BY$3),"") | BZ22: =IF(SUMIFS(领跑良品退回!$G:$G,领跑良品退回!$E:$E,日报!$D:$D,领跑良品退回!$A:$A,日报!BZ$3)<>0,SUMIFS(领跑良品退回!$G:$G,领跑良品退回!$E:$E,日报!$D:$D,领跑良品退回!$A:$A,日报!BZ$3),"") | CA22: =IF(SUMIFS(领跑良品退回!$G:$G,领跑良品退回!$E:$E,日报!$D:$D,领跑良品退回!$A:$A,日报!CA$3)<>0,SUMIFS(领跑良品退回!$G:$G,领跑良品退回!$E:$E,日报!$D:$D,领跑良品退回!$A:$A,日报!CA$3),"") | CB22: =IF(SUMIFS(领跑良品退回!$G:$G,领跑良品退回!$E:$E,日报!$D:$D,领跑良品退回!$A:$A,日报!CB$3)<>0,SUMIFS(领跑良品退回!$G:$G,领跑良品退回!$E:$E,日报!$D:$D,领跑良品退回!$A:$A,日报!CB$3),"") | CC22: =IF(SUMIFS(领跑良品退回!$G:$G,领跑良品退回!$E:$E,日报!$D:$D,领跑良品退回!$A:$A,日报!CC$3)<>0,SUMIFS(领跑良品退回!$G:$G,领跑良品退回!$E:$E,日报!$D:$D,领跑良品退回!$A:$A,日报!CC$3),"") | CD22: =IF(SUMIFS(领跑良品退回!$G:$G,领跑良品退回!$E:$E,日报!$D:$D,领跑良品退回!$A:$A,日报!CD$3)<>0,SUMIFS(领跑良品退回!$G:$G,领跑良品退回!$E:$E,日报!$D:$D,领跑良品退回!$A:$A,日报!CD$3),"") | CE22: =IF(SUMIFS(领跑良品退回!$G:$G,领跑良品退回!$E:$E,日报!$D:$D,领跑良品退回!$A:$A,日报!CE$3)<>0,SUMIFS(领跑良品退回!$G:$G,领跑良品退回!$E:$E,日报!$D:$D,领跑良品退回!$A:$A,日报!CE$3),"") | CF22: =IF(SUMIFS(领跑良品退回!$G:$G,领跑良品退回!$E:$E,日报!$D:$D,领跑良品退回!$A:$A,日报!CF$3)<>0,SUMIFS(领跑良品退回!$G:$G,领跑良品退回!$E:$E,日报!$D:$D,领跑良品退回!$A:$A,日报!CF$3),"") | CG22: =IF(SUMIFS(领跑良品退回!$G:$G,领跑良品退回!$E:$E,日报!$D:$D,领跑良品退回!$A:$A,日报!CG$3)<>0,SUMIFS(领跑良品退回!$G:$G,领跑良品退回!$E:$E,日报!$D:$D,领跑良品退回!$A:$A,日报!CG$3),"") | ... DD22: =IF(SUMIFS(领跑良品退回!$G:$G,领跑良品退回!$E:$E,日报!$D:$D,领跑良品退回!$A:$A,日报!DD$3)<>0,SUMIFS(领跑良品退回!$G:$G,领跑良品退回!$E:$E,日报!$D:$D,领跑良品退回!$A:$A,日报!DD$3),"")
A23: 67 | B23: 1DC | C23: 东莞市硅翔绝缘材料有限公司 | D23: 3.2.49.08.00662-000 | E23: LPT03A_PBP_32S加热片_R | F23: =IFERROR(VLOOKUP(D70,'[1]#REF'!D:F,3,FALSE),"0") -> 0 | G23: 19 | H23: =SUMIF(合格品入库记录!E:E,日报!D70,合格品入库记录!G:G) -> 0 | I23: =SUMIF(合格品出库记录!E:E,日报!D70,合格品出库记录!G:G) -> 0 | J23: =SUMIF(领跑良品退回!E:E,D70,领跑良品退回!G:G) -> 0 | K23: =M70+L70 -> 0 | L23: =SUMIF(不良品库存!D:D,D:D,不良品库存!F:F) -> 0 | M23: =G70+H70-I70+J70 -> 2400 | N23: 2400 | O23: 1 | P23: =IF(SUMIFS(合格品入库记录!$G:$G,合格品入库记录!$E:$E,日报!$D:$D,合格品入库记录!$A:$A,日报!P$3)<>0,SUMIFS(合格品入库记录!$G:$G,合格品入库记录!$E:$E,日报!$D:$D,合格品入库记录!$A:$A,日报!P$3),"") | Q23: =IF(SUMIFS(合格品入库记录!$G:$G,合格品入库记录!$E:$E,日报!$D:$D,合格品入库记录!$A:$A,日报!Q$3)<>0,SUMIFS(合格品入库记录!$G:$G,合格品入库记录!$E:$E,日报!$D:$D,合格品入库记录!$A:$A,日报!Q$3),"") | R23: =IF(SUMIFS(合格品入库记录!$G:$G,合格品入库记录!$E:$E,日报!$D:$D,合格品入库记录!$A:$A,日报!R$3)<>0,SUMIFS(合格品入库记录!$G:$G,合格品入库记录!$E:$E,日报!$D:$D,合格品入库记录!$A:$A,日报!R$3),"") | S23: =IF(SUMIFS(合格品入库记录!$G:$G,合格品入库记录!$E:$E,日报!$D:$D,合格品入库记录!$A:$A,日报!S$3)<>0,SUMIFS(合格品入库记录!$G:$G,合格品入库记录!$E:$E,日报!$D:$D,合格品入库记录!$A:$A,日报!S$3),"") | T23: =IF(SUMIFS(合格品入库记录!$G:$G,合格品入库记录!$E:$E,日报!$D:$D,合格品入库记录!$A:$A,日报!T$3)<>0,SUMIFS(合格品入库记录!$G:$G,合格品入库记录!$E:$E,日报!$D:$D,合格品入库记录!$A:$A,日报!T$3),"") | U23: =IF(SUMIFS(合格品入库记录!$G:$G,合格品入库记录!$E:$E,日报!$D:$D,合格品入库记录!$A:$A,日报!U$3)<>0,SUMIFS(合格品入库记录!$G:$G,合格品入库记录!$E:$E,日报!$D:$D,合格品入库记录!$A:$A,日报!U$3),"") | V23: =IF(SUMIFS(合格品入库记录!$G:$G,合格品入库记录!$E:$E,日报!$D:$D,合格品入库记录!$A:$A,日报!V$3)<>0,SUMIFS(合格品入库记录!$G:$G,合格品入库记录!$E:$E,日报!$D:$D,合格品入库记录!$A:$A,日报!V$3),"") | W23: =IF(SUMIFS(合格品入库记录!$G:$G,合格品入库记录!$E:$E,日报!$D:$D,合格品入库记录!$A:$A,日报!W$3)<>0,SUMIFS(合格品入库记录!$G:$G,合格品入库记录!$E:$E,日报!$D:$D,合格品入库记录!$A:$A,日报!W$3),"") | ... AT23: =IF(SUMIFS(合格品入库记录!$G:$G,合格品入库记录!$E:$E,日报!$D:$D,合格品入库记录!$A:$A,日报!AT$3)<>0,SUMIFS(合格品入库记录!$G:$G,合格品入库记录!$E:$E,日报!$D:$D,合格品入库记录!$A:$A,日报!AT$3),"") | AU23: =IF(SUMIFS(合格品出库记录!$G:$G,合格品出库记录!$E:$E,日报!$D:$D,合格品出库记录!$A:$A,日报!AU$3)<>0,SUMIFS(合格品出库记录!$G:$G,合格品出库记录!$E:$E,日报!$D:$D,合格品出库记录!$A:$A,日报!AU$3),"") | AV23: =IF(SUMIFS(合格品出库记录!$G:$G,合格品出库记录!$E:$E,日报!$D:$D,合格品出库记录!$A:$A,日报!AV$3)<>0,SUMIFS(合格品出库记录!$G:$G,合格品出库记录!$E:$E,日报!$D:$D,合格品出库记录!$A:$A,日报!AV$3),"") | AW23: =IF(SUMIFS(合格品出库记录!$G:$G,合格品出库记录!$E:$E,日报!$D:$D,合格品出库记录!$A:$A,日报!AW$3)<>0,SUMIFS(合格品出库记录!$G:$G,合格品出库记录!$E:$E,日报!$D:$D,合格品出库记录!$A:$A,日报!AW$3),"") | AX23: =IF(SUMIFS(合格品出库记录!$G:$G,合格品出库记录!$E:$E,日报!$D:$D,合格品出库记录!$A:$A,日报!AX$3)<>0,SUMIFS(合格品出库记录!$G:$G,合格品出库记录!$E:$E,日报!$D:$D,合格品出库记录!$A:$A,日报!AX$3),"") | AY23: =IF(SUMIFS(合格品出库记录!$G:$G,合格品出库记录!$E:$E,日报!$D:$D,合格品出库记录!$A:$A,日报!AY$3)<>0,SUMIFS(合格品出库记录!$G:$G,合格品出库记录!$E:$E,日报!$D:$D,合格品出库记录!$A:$A,日报!AY$3),"") | AZ23: =IF(SUMIFS(合格品出库记录!$G:$G,合格品出库记录!$E:$E,日报!$D:$D,合格品出库记录!$A:$A,日报!AZ$3)<>0,SUMIFS(合格品出库记录!$G:$G,合格品出库记录!$E:$E,日报!$D:$D,合格品出库记录!$A:$A,日报!AZ$3),"") | BA23: =IF(SUMIFS(合格品出库记录!$G:$G,合格品出库记录!$E:$E,日报!$D:$D,合格品出库记录!$A:$A,日报!BA$3)<>0,SUMIFS(合格品出库记录!$G:$G,合格品出库记录!$E:$E,日报!$D:$D,合格品出库记录!$A:$A,日报!BA$3),"") | BB23: =IF(SUMIFS(合格品出库记录!$G:$G,合格品出库记录!$E:$E,日报!$D:$D,合格品出库记录!$A:$A,日报!BB$3)<>0,SUMIFS(合格品出库记录!$G:$G,合格品出库记录!$E:$E,日报!$D:$D,合格品出库记录!$A:$A,日报!BB$3),"") | ... BY23: =IF(SUMIFS(合格品出库记录!$G:$G,合格品出库记录!$E:$E,日报!$D:$D,合格品出库记录!$A:$A,日报!BY$3)<>0,SUMIFS(合格品出库记录!$G:$G,合格品出库记录!$E:$E,日报!$D:$D,合格品出库记录!$A:$A,日报!BY$3),"") | BZ23: =IF(SUMIFS(领跑良品退回!$G:$G,领跑良品退回!$E:$E,日报!$D:$D,领跑良品退回!$A:$A,日报!BZ$3)<>0,SUMIFS(领跑良品退回!$G:$G,领跑良品退回!$E:$E,日报!$D:$D,领跑良品退回!$A:$A,日报!BZ$3),"") | CA23: =IF(SUMIFS(领跑良品退回!$G:$G,领跑良品退回!$E:$E,日报!$D:$D,领跑良品退回!$A:$A,日报!CA$3)<>0,SUMIFS(领跑良品退回!$G:$G,领跑良品退回!$E:$E,日报!$D:$D,领跑良品退回!$A:$A,日报!CA$3),"") | CB23: =IF(SUMIFS(领跑良品退回!$G:$G,领跑良品退回!$E:$E,日报!$D:$D,领跑良品退回!$A:$A,日报!CB$3)<>0,SUMIFS(领跑良品退回!$G:$G,领跑良品退回!$E:$E,日报!$D:$D,领跑良品退回!$A:$A,日报!CB$3),"") | CC23: =IF(SUMIFS(领跑良品退回!$G:$G,领跑良品退回!$E:$E,日报!$D:$D,领跑良品退回!$A:$A,日报!CC$3)<>0,SUMIFS(领跑良品退回!$G:$G,领跑良品退回!$E:$E,日报!$D:$D,领跑良品退回!$A:$A,日报!CC$3),"") | CD23: =IF(SUMIFS(领跑良品退回!$G:$G,领跑良品退回!$E:$E,日报!$D:$D,领跑良品退回!$A:$A,日报!CD$3)<>0,SUMIFS(领跑良品退回!$G:$G,领跑良品退回!$E:$E,日报!$D:$D,领跑良品退回!$A:$A,日报!CD$3),"") | CE23: =IF(SUMIFS(领跑良品退回!$G:$G,领跑良品退回!$E:$E,日报!$D:$D,领跑良品退回!$A:$A,日报!CE$3)<>0,SUMIFS(领跑良品退回!$G:$G,领跑良品退回!$E:$E,日报!$D:$D,领跑良品退回!$A:$A,日报!CE$3),"") | CF23: =IF(SUMIFS(领跑良品退回!$G:$G,领跑良品退回!$E:$E,日报!$D:$D,领跑良品退回!$A:$A,日报!CF$3)<>0,SUMIFS(领跑良品退回!$G:$G,领跑良品退回!$E:$E,日报!$D:$D,领跑良品退回!$A:$A,日报!CF$3),"") | CG23: =IF(SUMIFS(领跑良品退回!$G:$G,领跑良品退回!$E:$E,日报!$D:$D,领跑良品退回!$A:$A,日报!CG$3)<>0,SUMIFS(领跑良品退回!$G:$G,领跑良品退回!$E:$E,日报!$D:$D,领跑良品退回!$A:$A,日报!CG$3),"") | ... DD23: =IF(SUMIFS(领跑良品退回!$G:$G,领跑良品退回!$E:$E,日报!$D:$D,领跑良品退回!$A:$A,日报!DD$3)<>0,SUMIFS(领跑良品退回!$G:$G,领跑良品退回!$E:$E,日报!$D:$D,领跑良品退回!$A:$A,日报!DD$3),"")
A24: 68 | B24: 1DC | C24: 东莞市硅翔绝缘材料有限公司 | D24: 3.2.49.08.00514-000 | E24: LPT03A_PBP-RP加热片-R | F24: =IFERROR(VLOOKUP(D71,'[1]#REF'!D:F,3,FALSE),"0") -> 0 | G24: 0 | H24: =SUMIF(合格品入库记录!E:E,日报!D71,合格品入库记录!G:G) -> 0 | I24: =SUMIF(合格品出库记录!E:E,日报!D71,合格品出库记录!G:G) -> 0 | J24: =SUMIF(领跑良品退回!E:E,D71,领跑良品退回!G:G) -> 0 | K24: =M71+L71 -> 0 | L24: =SUMIF(不良品库存!D:D,D:D,不良品库存!F:F) -> 0 | M24: =G71+H71-I71+J71 -> 797 | N24: 0 | O24: 1 | P24: =IF(SUMIFS(合格品入库记录!$G:$G,合格品入库记录!$E:$E,日报!$D:$D,合格品入库记录!$A:$A,日报!P$3)<>0,SUMIFS(合格品入库记录!$G:$G,合格品入库记录!$E:$E,日报!$D:$D,合格品入库记录!$A:$A,日报!P$3),"") | Q24: =IF(SUMIFS(合格品入库记录!$G:$G,合格品入库记录!$E:$E,日报!$D:$D,合格品入库记录!$A:$A,日报!Q$3)<>0,SUMIFS(合格品入库记录!$G:$G,合格品入库记录!$E:$E,日报!$D:$D,合格品入库记录!$A:$A,日报!Q$3),"") | R24: =IF(SUMIFS(合格品入库记录!$G:$G,合格品入库记录!$E:$E,日报!$D:$D,合格品入库记录!$A:$A,日报!R$3)<>0,SUMIFS(合格品入库记录!$G:$G,合格品入库记录!$E:$E,日报!$D:$D,合格品入库记录!$A:$A,日报!R$3),"") | S24: =IF(SUMIFS(合格品入库记录!$G:$G,合格品入库记录!$E:$E,日报!$D:$D,合格品入库记录!$A:$A,日报!S$3)<>0,SUMIFS(合格品入库记录!$G:$G,合格品入库记录!$E:$E,日报!$D:$D,合格品入库记录!$A:$A,日报!S$3),"") | T24: =IF(SUMIFS(合格品入库记录!$G:$G,合格品入库记录!$E:$E,日报!$D:$D,合格品入库记录!$A:$A,日报!T$3)<>0,SUMIFS(合格品入库记录!$G:$G,合格品入库记录!$E:$E,日报!$D:$D,合格品入库记录!$A:$A,日报!T$3),"") | U24: =IF(SUMIFS(合格品入库记录!$G:$G,合格品入库记录!$E:$E,日报!$D:$D,合格品入库记录!$A:$A,日报!U$3)<>0,SUMIFS(合格品入库记录!$G:$G,合格品入库记录!$E:$E,日报!$D:$D,合格品入库记录!$A:$A,日报!U$3),"") | V24: =IF(SUMIFS(合格品入库记录!$G:$G,合格品入库记录!$E:$E,日报!$D:$D,合格品入库记录!$A:$A,日报!V$3)<>0,SUMIFS(合格品入库记录!$G:$G,合格品入库记录!$E:$E,日报!$D:$D,合格品入库记录!$A:$A,日报!V$3),"") | W24: =IF(SUMIFS(合格品入库记录!$G:$G,合格品入库记录!$E:$E,日报!$D:$D,合格品入库记录!$A:$A,日报!W$3)<>0,SUMIFS(合格品入库记录!$G:$G,合格品入库记录!$E:$E,日报!$D:$D,合格品入库记录!$A:$A,日报!W$3),"") | ... AT24: =IF(SUMIFS(合格品入库记录!$G:$G,合格品入库记录!$E:$E,日报!$D:$D,合格品入库记录!$A:$A,日报!AT$3)<>0,SUMIFS(合格品入库记录!$G:$G,合格品入库记录!$E:$E,日报!$D:$D,合格品入库记录!$A:$A,日报!AT$3),"") | AU24: =IF(SUMIFS(合格品出库记录!$G:$G,合格品出库记录!$E:$E,日报!$D:$D,合格品出库记录!$A:$A,日报!AU$3)<>0,SUMIFS(合格品出库记录!$G:$G,合格品出库记录!$E:$E,日报!$D:$D,合格品出库记录!$A:$A,日报!AU$3),"") | AV24: =IF(SUMIFS(合格品出库记录!$G:$G,合格品出库记录!$E:$E,日报!$D:$D,合格品出库记录!$A:$A,日报!AV$3)<>0,SUMIFS(合格品出库记录!$G:$G,合格品出库记录!$E:$E,日报!$D:$D,合格品出库记录!$A:$A,日报!AV$3),"") | AW24: =IF(SUMIFS(合格品出库记录!$G:$G,合格品出库记录!$E:$E,日报!$D:$D,合格品出库记录!$A:$A,日报!AW$3)<>0,SUMIFS(合格品出库记录!$G:$G,合格品出库记录!$E:$E,日报!$D:$D,合格品出库记录!$A:$A,日报!AW$3),"") | AX24: =IF(SUMIFS(合格品出库记录!$G:$G,合格品出库记录!$E:$E,日报!$D:$D,合格品出库记录!$A:$A,日报!AX$3)<>0,SUMIFS(合格品出库记录!$G:$G,合格品出库记录!$E:$E,日报!$D:$D,合格品出库记录!$A:$A,日报!AX$3),"") | AY24: =IF(SUMIFS(合格品出库记录!$G:$G,合格品出库记录!$E:$E,日报!$D:$D,合格品出库记录!$A:$A,日报!AY$3)<>0,SUMIFS(合格品出库记录!$G:$G,合格品出库记录!$E:$E,日报!$D:$D,合格品出库记录!$A:$A,日报!AY$3),"") | AZ24: =IF(SUMIFS(合格品出库记录!$G:$G,合格品出库记录!$E:$E,日报!$D:$D,合格品出库记录!$A:$A,日报!AZ$3)<>0,SUMIFS(合格品出库记录!$G:$G,合格品出库记录!$E:$E,日报!$D:$D,合格品出库记录!$A:$A,日报!AZ$3),"") | BA24: =IF(SUMIFS(合格品出库记录!$G:$G,合格品出库记录!$E:$E,日报!$D:$D,合格品出库记录!$A:$A,日报!BA$3)<>0,SUMIFS(合格品出库记录!$G:$G,合格品出库记录!$E:$E,日报!$D:$D,合格品出库记录!$A:$A,日报!BA$3),"") | BB24: =IF(SUMIFS(合格品出库记录!$G:$G,合格品出库记录!$E:$E,日报!$D:$D,合格品出库记录!$A:$A,日报!BB$3)<>0,SUMIFS(合格品出库记录!$G:$G,合格品出库记录!$E:$E,日报!$D:$D,合格品出库记录!$A:$A,日报!BB$3),"") | ... BY24: =IF(SUMIFS(合格品出库记录!$G:$G,合格品出库记录!$E:$E,日报!$D:$D,合格品出库记录!$A:$A,日报!BY$3)<>0,SUMIFS(合格品出库记录!$G:$G,合格品出库记录!$E:$E,日报!$D:$D,合格品出库记录!$A:$A,日报!BY$3),"") | BZ24: =IF(SUMIFS(领跑良品退回!$G:$G,领跑良品退回!$E:$E,日报!$D:$D,领跑良品退回!$A:$A,日报!BZ$3)<>0,SUMIFS(领跑良品退回!$G:$G,领跑良品退回!$E:$E,日报!$D:$D,领跑良品退回!$A:$A,日报!BZ$3),"") | CA24: =IF(SUMIFS(领跑良品退回!$G:$G,领跑良品退回!$E:$E,日报!$D:$D,领跑良品退回!$A:$A,日报!CA$3)<>0,SUMIFS(领跑良品退回!$G:$G,领跑良品退回!$E:$E,日报!$D:$D,领跑良品退回!$A:$A,日报!CA$3),"") | CB24: =IF(SUMIFS(领跑良品退回!$G:$G,领跑良品退回!$E:$E,日报!$D:$D,领跑良品退回!$A:$A,日报!CB$3)<>0,SUMIFS(领跑良品退回!$G:$G,领跑良品退回!$E:$E,日报!$D:$D,领跑良品退回!$A:$A,日报!CB$3),"") | CC24: =IF(SUMIFS(领跑良品退回!$G:$G,领跑良品退回!$E:$E,日报!$D:$D,领跑良品退回!$A:$A,日报!CC$3)<>0,SUMIFS(领跑良品退回!$G:$G,领跑良品退回!$E:$E,日报!$D:$D,领跑良品退回!$A:$A,日报!CC$3),"") | CD24: =IF(SUMIFS(领跑良品退回!$G:$G,领跑良品退回!$E:$E,日报!$D:$D,领跑良品退回!$A:$A,日报!CD$3)<>0,SUMIFS(领跑良品退回!$G:$G,领跑良品退回!$E:$E,日报!$D:$D,领跑良品退回!$A:$A,日报!CD$3),"") | CE24: =IF(SUMIFS(领跑良品退回!$G:$G,领跑良品退回!$E:$E,日报!$D:$D,领跑良品退回!$A:$A,日报!CE$3)<>0,SUMIFS(领跑良品退回!$G:$G,领跑良品退回!$E:$E,日报!$D:$D,领跑良品退回!$A:$A,日报!CE$3),"") | CF24: =IF(SUMIFS(领跑良品退回!$G:$G,领跑良品退回!$E:$E,日报!$D:$D,领跑良品退回!$A:$A,日报!CF$3)<>0,SUMIFS(领跑良品退回!$G:$G,领跑良品退回!$E:$E,日报!$D:$D,领跑良品退回!$A:$A,日报!CF$3),"") | CG24: =IF(SUMIFS(领跑良品退回!$G:$G,领跑良品退回!$E:$E,日报!$D:$D,领跑良品退回!$A:$A,日报!CG$3)<>0,SUMIFS(领跑良品退回!$G:$G,领跑良品退回!$E:$E,日报!$D:$D,领跑良品退回!$A:$A,日报!CG$3),"") | ... DD24: =IF(SUMIFS(领跑良品退回!$G:$G,领跑良品退回!$E:$E,日报!$D:$D,领跑良品退回!$A:$A,日报!DD$3)<>0,SUMIFS(领跑良品退回!$G:$G,领跑良品退回!$E:$E,日报!$D:$D,领跑良品退回!$A:$A,日报!DD$3),"")
A25: 69 | B25: 1DC | C25: 东莞市硅翔绝缘材料有限公司 | D25: 3.2.41.30.00435-000 | E25: LXC01-21A-电芯间汇流排-1 | F25: =IFERROR(VLOOKUP(D72,'[1]#REF'!D:F,3,FALSE),"0") -> 0 | G25: 0 | H25: =SUMIF(合格品入库记录!E:E,日报!D72,合格品入库记录!G:G) -> 0 | I25: =SUMIF(合格品出库记录!E:E,日报!D72,合格品出库记录!G:G) -> 0 | J25: =SUMIF(领跑良品退回!E:E,D72,领跑良品退回!G:G) -> 0 | K25: =M72+L72 -> 0 | L25: =SUMIF(不良品库存!D:D,D:D,不良品库存!F:F) -> 0 | M25: =G72+H72-I72+J72 -> 0 | N25: #N/A | O25: 1 | P25: =IF(SUMIFS(合格品入库记录!$G:$G,合格品入库记录!$E:$E,日报!$D:$D,合格品入库记录!$A:$A,日报!P$3)<>0,SUMIFS(合格品入库记录!$G:$G,合格品入库记录!$E:$E,日报!$D:$D,合格品入库记录!$A:$A,日报!P$3),"") | Q25: =IF(SUMIFS(合格品入库记录!$G:$G,合格品入库记录!$E:$E,日报!$D:$D,合格品入库记录!$A:$A,日报!Q$3)<>0,SUMIFS(合格品入库记录!$G:$G,合格品入库记录!$E:$E,日报!$D:$D,合格品入库记录!$A:$A,日报!Q$3),"") | R25: =IF(SUMIFS(合格品入库记录!$G:$G,合格品入库记录!$E:$E,日报!$D:$D,合格品入库记录!$A:$A,日报!R$3)<>0,SUMIFS(合格品入库记录!$G:$G,合格品入库记录!$E:$E,日报!$D:$D,合格品入库记录!$A:$A,日报!R$3),"") | S25: =IF(SUMIFS(合格品入库记录!$G:$G,合格品入库记录!$E:$E,日报!$D:$D,合格品入库记录!$A:$A,日报!S$3)<>0,SUMIFS(合格品入库记录!$G:$G,合格品入库记录!$E:$E,日报!$D:$D,合格品入库记录!$A:$A,日报!S$3),"") | T25: =IF(SUMIFS(合格品入库记录!$G:$G,合格品入库记录!$E:$E,日报!$D:$D,合格品入库记录!$A:$A,日报!T$3)<>0,SUMIFS(合格品入库记录!$G:$G,合格品入库记录!$E:$E,日报!$D:$D,合格品入库记录!$A:$A,日报!T$3),"") | U25: =IF(SUMIFS(合格品入库记录!$G:$G,合格品入库记录!$E:$E,日报!$D:$D,合格品入库记录!$A:$A,日报!U$3)<>0,SUMIFS(合格品入库记录!$G:$G,合格品入库记录!$E:$E,日报!$D:$D,合格品入库记录!$A:$A,日报!U$3),"") | V25: =IF(SUMIFS(合格品入库记录!$G:$G,合格品入库记录!$E:$E,日报!$D:$D,合格品入库记录!$A:$A,日报!V$3)<>0,SUMIFS(合格品入库记录!$G:$G,合格品入库记录!$E:$E,日报!$D:$D,合格品入库记录!$A:$A,日报!V$3),"") | W25: =IF(SUMIFS(合格品入库记录!$G:$G,合格品入库记录!$E:$E,日报!$D:$D,合格品入库记录!$A:$A,日报!W$3)<>0,SUMIFS(合格品入库记录!$G:$G,合格品入库记录!$E:$E,日报!$D:$D,合格品入库记录!$A:$A,日报!W$3),"") | ... AT25: =IF(SUMIFS(合格品入库记录!$G:$G,合格品入库记录!$E:$E,日报!$D:$D,合格品入库记录!$A:$A,日报!AT$3)<>0,SUMIFS(合格品入库记录!$G:$G,合格品入库记录!$E:$E,日报!$D:$D,合格品入库记录!$A:$A,日报!AT$3),"") | AU25: =IF(SUMIFS(合格品出库记录!$G:$G,合格品出库记录!$E:$E,日报!$D:$D,合格品出库记录!$A:$A,日报!AU$3)<>0,SUMIFS(合格品出库记录!$G:$G,合格品出库记录!$E:$E,日报!$D:$D,合格品出库记录!$A:$A,日报!AU$3),"") | AV25: =IF(SUMIFS(合格品出库记录!$G:$G,合格品出库记录!$E:$E,日报!$D:$D,合格品出库记录!$A:$A,日报!AV$3)<>0,SUMIFS(合格品出库记录!$G:$G,合格品出库记录!$E:$E,日报!$D:$D,合格品出库记录!$A:$A,日报!AV$3),"") | AW25: =IF(SUMIFS(合格品出库记录!$G:$G,合格品出库记录!$E:$E,日报!$D:$D,合格品出库记录!$A:$A,日报!AW$3)<>0,SUMIFS(合格品出库记录!$G:$G,合格品出库记录!$E:$E,日报!$D:$D,合格品出库记录!$A:$A,日报!AW$3),"") | AX25: =IF(SUMIFS(合格品出库记录!$G:$G,合格品出库记录!$E:$E,日报!$D:$D,合格品出库记录!$A:$A,日报!AX$3)<>0,SUMIFS(合格品出库记录!$G:$G,合格品出库记录!$E:$E,日报!$D:$D,合格品出库记录!$A:$A,日报!AX$3),"") | AY25: =IF(SUMIFS(合格品出库记录!$G:$G,合格品出库记录!$E:$E,日报!$D:$D,合格品出库记录!$A:$A,日报!AY$3)<>0,SUMIFS(合格品出库记录!$G:$G,合格品出库记录!$E:$E,日报!$D:$D,合格品出库记录!$A:$A,日报!AY$3),"") | AZ25: =IF(SUMIFS(合格品出库记录!$G:$G,合格品出库记录!$E:$E,日报!$D:$D,合格品出库记录!$A:$A,日报!AZ$3)<>0,SUMIFS(合格品出库记录!$G:$G,合格品出库记录!$E:$E,日报!$D:$D,合格品出库记录!$A:$A,日报!AZ$3),"") | BA25: =IF(SUMIFS(合格品出库记录!$G:$G,合格品出库记录!$E:$E,日报!$D:$D,合格品出库记录!$A:$A,日报!BA$3)<>0,SUMIFS(合格品出库记录!$G:$G,合格品出库记录!$E:$E,日报!$D:$D,合格品出库记录!$A:$A,日报!BA$3),"") | BB25: =IF(SUMIFS(合格品出库记录!$G:$G,合格品出库记录!$E:$E,日报!$D:$D,合格品出库记录!$A:$A,日报!BB$3)<>0,SUMIFS(合格品出库记录!$G:$G,合格品出库记录!$E:$E,日报!$D:$D,合格品出库记录!$A:$A,日报!BB$3),"") | ... BY25: =IF(SUMIFS(合格品出库记录!$G:$G,合格品出库记录!$E:$E,日报!$D:$D,合格品出库记录!$A:$A,日报!BY$3)<>0,SUMIFS(合格品出库记录!$G:$G,合格品出库记录!$E:$E,日报!$D:$D,合格品出库记录!$A:$A,日报!BY$3),"") | BZ25: =IF(SUMIFS(领跑良品退回!$G:$G,领跑良品退回!$E:$E,日报!$D:$D,领跑良品退回!$A:$A,日报!BZ$3)<>0,SUMIFS(领跑良品退回!$G:$G,领跑良品退回!$E:$E,日报!$D:$D,领跑良品退回!$A:$A,日报!BZ$3),"") | CA25: =IF(SUMIFS(领跑良品退回!$G:$G,领跑良品退回!$E:$E,日报!$D:$D,领跑良品退回!$A:$A,日报!CA$3)<>0,SUMIFS(领跑良品退回!$G:$G,领跑良品退回!$E:$E,日报!$D:$D,领跑良品退回!$A:$A,日报!CA$3),"") | CB25: =IF(SUMIFS(领跑良品退回!$G:$G,领跑良品退回!$E:$E,日报!$D:$D,领跑良品退回!$A:$A,日报!CB$3)<>0,SUMIFS(领跑良品退回!$G:$G,领跑良品退回!$E:$E,日报!$D:$D,领跑良品退回!$A:$A,日报!CB$3),"") | CC25: =IF(SUMIFS(领跑良品退回!$G:$G,领跑良品退回!$E:$E,日报!$D:$D,领跑良品退回!$A:$A,日报!CC$3)<>0,SUMIFS(领跑良品退回!$G:$G,领跑良品退回!$E:$E,日报!$D:$D,领跑良品退回!$A:$A,日报!CC$3),"") | CD25: =IF(SUMIFS(领跑良品退回!$G:$G,领跑良品退回!$E:$E,日报!$D:$D,领跑良品退回!$A:$A,日报!CD$3)<>0,SUMIFS(领跑良品退回!$G:$G,领跑良品退回!$E:$E,日报!$D:$D,领跑良品退回!$A:$A,日报!CD$3),"") | CE25: =IF(SUMIFS(领跑良品退回!$G:$G,领跑良品退回!$E:$E,日报!$D:$D,领跑良品退回!$A:$A,日报!CE$3)<>0,SUMIFS(领跑良品退回!$G:$G,领跑良品退回!$E:$E,日报!$D:$D,领跑良品退回!$A:$A,日报!CE$3),"") | CF25: =IF(SUMIFS(领跑良品退回!$G:$G,领跑良品退回!$E:$E,日报!$D:$D,领跑良品退回!$A:$A,日报!CF$3)<>0,SUMIFS(领跑良品退回!$G:$G,领跑良品退回!$E:$E,日报!$D:$D,领跑良品退回!$A:$A,日报!CF$3),"") | CG25: =IF(SUMIFS(领跑良品退回!$G:$G,领跑良品退回!$E:$E,日报!$D:$D,领跑良品退回!$A:$A,日报!CG$3)<>0,SUMIFS(领跑良品退回!$G:$G,领跑良品退回!$E:$E,日报!$D:$D,领跑良品退回!$A:$A,日报!CG$3),"") | ... DD25: =IF(SUMIFS(领跑良品退回!$G:$G,领跑良品退回!$E:$E,日报!$D:$D,领跑良品退回!$A:$A,日报!DD$3)<>0,SUMIFS(领跑良品退回!$G:$G,领跑良品退回!$E:$E,日报!$D:$D,领跑良品退回!$A:$A,日报!DD$3),"")
A26: 70 | B26: 1DC | C26: 东莞市硅翔绝缘材料有限公司 | D26: 3.2.49.08.00448-000 | E26: LPT03A_PBP-FPC3-FC小模组 | F26: =IFERROR(VLOOKUP(D73,'[1]#REF'!D:F,3,FALSE),"0") -> 0 | G26: 0 | H26: =SUMIF(合格品入库记录!E:E,日报!D73,合格品入库记录!G:G) -> 0 | I26: =SUMIF(合格品出库记录!E:E,日报!D73,合格品出库记录!G:G) -> 0 | J26: =SUMIF(领跑良品退回!E:E,D73,领跑良品退回!G:G) -> 0 | K26: =M73+L73 -> 0 | L26: =SUMIF(不良品库存!D:D,D:D,不良品库存!F:F) -> 0 | M26: =G73+H73-I73+J73 -> 0 | N26: #N/A | O26: 1 | P26: =IF(SUMIFS(合格品入库记录!$G:$G,合格品入库记录!$E:$E,日报!$D:$D,合格品入库记录!$A:$A,日报!P$3)<>0,SUMIFS(合格品入库记录!$G:$G,合格品入库记录!$E:$E,日报!$D:$D,合格品入库记录!$A:$A,日报!P$3),"") | Q26: =IF(SUMIFS(合格品入库记录!$G:$G,合格品入库记录!$E:$E,日报!$D:$D,合格品入库记录!$A:$A,日报!Q$3)<>0,SUMIFS(合格品入库记录!$G:$G,合格品入库记录!$E:$E,日报!$D:$D,合格品入库记录!$A:$A,日报!Q$3),"") | R26: =IF(SUMIFS(合格品入库记录!$G:$G,合格品入库记录!$E:$E,日报!$D:$D,合格品入库记录!$A:$A,日报!R$3)<>0,SUMIFS(合格品入库记录!$G:$G,合格品入库记录!$E:$E,日报!$D:$D,合格品入库记录!$A:$A,日报!R$3),"") | S26: =IF(SUMIFS(合格品入库记录!$G:$G,合格品入库记录!$E:$E,日报!$D:$D,合格品入库记录!$A:$A,日报!S$3)<>0,SUMIFS(合格品入库记录!$G:$G,合格品入库记录!$E:$E,日报!$D:$D,合格品入库记录!$A:$A,日报!S$3),"") | T26: =IF(SUMIFS(合格品入库记录!$G:$G,合格品入库记录!$E:$E,日报!$D:$D,合格品入库记录!$A:$A,日报!T$3)<>0,SUMIFS(合格品入库记录!$G:$G,合格品入库记录!$E:$E,日报!$D:$D,合格品入库记录!$A:$A,日报!T$3),"") | U26: =IF(SUMIFS(合格品入库记录!$G:$G,合格品入库记录!$E:$E,日报!$D:$D,合格品入库记录!$A:$A,日报!U$3)<>0,SUMIFS(合格品入库记录!$G:$G,合格品入库记录!$E:$E,日报!$D:$D,合格品入库记录!$A:$A,日报!U$3),"") | V26: =IF(SUMIFS(合格品入库记录!$G:$G,合格品入库记录!$E:$E,日报!$D:$D,合格品入库记录!$A:$A,日报!V$3)<>0,SUMIFS(合格品入库记录!$G:$G,合格品入库记录!$E:$E,日报!$D:$D,合格品入库记录!$A:$A,日报!V$3),"") | W26: =IF(SUMIFS(合格品入库记录!$G:$G,合格品入库记录!$E:$E,日报!$D:$D,合格品入库记录!$A:$A,日报!W$3)<>0,SUMIFS(合格品入库记录!$G:$G,合格品入库记录!$E:$E,日报!$D:$D,合格品入库记录!$A:$A,日报!W$3),"") | ... AT26: =IF(SUMIFS(合格品入库记录!$G:$G,合格品入库记录!$E:$E,日报!$D:$D,合格品入库记录!$A:$A,日报!AT$3)<>0,SUMIFS(合格品入库记录!$G:$G,合格品入库记录!$E:$E,日报!$D:$D,合格品入库记录!$A:$A,日报!AT$3),"") | AU26: =IF(SUMIFS(合格品出库记录!$G:$G,合格品出库记录!$E:$E,日报!$D:$D,合格品出库记录!$A:$A,日报!AU$3)<>0,SUMIFS(合格品出库记录!$G:$G,合格品出库记录!$E:$E,日报!$D:$D,合格品出库记录!$A:$A,日报!AU$3),"") | AV26: =IF(SUMIFS(合格品出库记录!$G:$G,合格品出库记录!$E:$E,日报!$D:$D,合格品出库记录!$A:$A,日报!AV$3)<>0,SUMIFS(合格品出库记录!$G:$G,合格品出库记录!$E:$E,日报!$D:$D,合格品出库记录!$A:$A,日报!AV$3),"") | AW26: =IF(SUMIFS(合格品出库记录!$G:$G,合格品出库记录!$E:$E,日报!$D:$D,合格品出库记录!$A:$A,日报!AW$3)<>0,SUMIFS(合格品出库记录!$G:$G,合格品出库记录!$E:$E,日报!$D:$D,合格品出库记录!$A:$A,日报!AW$3),"") | AX26: =IF(SUMIFS(合格品出库记录!$G:$G,合格品出库记录!$E:$E,日报!$D:$D,合格品出库记录!$A:$A,日报!AX$3)<>0,SUMIFS(合格品出库记录!$G:$G,合格品出库记录!$E:$E,日报!$D:$D,合格品出库记录!$A:$A,日报!AX$3),"") | AY26: =IF(SUMIFS(合格品出库记录!$G:$G,合格品出库记录!$E:$E,日报!$D:$D,合格品出库记录!$A:$A,日报!AY$3)<>0,SUMIFS(合格品出库记录!$G:$G,合格品出库记录!$E:$E,日报!$D:$D,合格品出库记录!$A:$A,日报!AY$3),"") | AZ26: =IF(SUMIFS(合格品出库记录!$G:$G,合格品出库记录!$E:$E,日报!$D:$D,合格品出库记录!$A:$A,日报!AZ$3)<>0,SUMIFS(合格品出库记录!$G:$G,合格品出库记录!$E:$E,日报!$D:$D,合格品出库记录!$A:$A,日报!AZ$3),"") | BA26: =IF(SUMIFS(合格品出库记录!$G:$G,合格品出库记录!$E:$E,日报!$D:$D,合格品出库记录!$A:$A,日报!BA$3)<>0,SUMIFS(合格品出库记录!$G:$G,合格品出库记录!$E:$E,日报!$D:$D,合格品出库记录!$A:$A,日报!BA$3),"") | BB26: =IF(SUMIFS(合格品出库记录!$G:$G,合格品出库记录!$E:$E,日报!$D:$D,合格品出库记录!$A:$A,日报!BB$3)<>0,SUMIFS(合格品出库记录!$G:$G,合格品出库记录!$E:$E,日报!$D:$D,合格品出库记录!$A:$A,日报!BB$3),"") | ... BY26: =IF(SUMIFS(合格品出库记录!$G:$G,合格品出库记录!$E:$E,日报!$D:$D,合格品出库记录!$A:$A,日报!BY$3)<>0,SUMIFS(合格品出库记录!$G:$G,合格品出库记录!$E:$E,日报!$D:$D,合格品出库记录!$A:$A,日报!BY$3),"") | BZ26: =IF(SUMIFS(领跑良品退回!$G:$G,领跑良品退回!$E:$E,日报!$D:$D,领跑良品退回!$A:$A,日报!BZ$3)<>0,SUMIFS(领跑良品退回!$G:$G,领跑良品退回!$E:$E,日报!$D:$D,领跑良品退回!$A:$A,日报!BZ$3),"") | CA26: =IF(SUMIFS(领跑良品退回!$G:$G,领跑良品退回!$E:$E,日报!$D:$D,领跑良品退回!$A:$A,日报!CA$3)<>0,SUMIFS(领跑良品退回!$G:$G,领跑良品退回!$E:$E,日报!$D:$D,领跑良品退回!$A:$A,日报!CA$3),"") | CB26: =IF(SUMIFS(领跑良品退回!$G:$G,领跑良品退回!$E:$E,日报!$D:$D,领跑良品退回!$A:$A,日报!CB$3)<>0,SUMIFS(领跑良品退回!$G:$G,领跑良品退回!$E:$E,日报!$D:$D,领跑良品退回!$A:$A,日报!CB$3),"") | CC26: =IF(SUMIFS(领跑良品退回!$G:$G,领跑良品退回!$E:$E,日报!$D:$D,领跑良品退回!$A:$A,日报!CC$3)<>0,SUMIFS(领跑良品退回!$G:$G,领跑良品退回!$E:$E,日报!$D:$D,领跑良品退回!$A:$A,日报!CC$3),"") | CD26: =IF(SUMIFS(领跑良品退回!$G:$G,领跑良品退回!$E:$E,日报!$D:$D,领跑良品退回!$A:$A,日报!CD$3)<>0,SUMIFS(领跑良品退回!$G:$G,领跑良品退回!$E:$E,日报!$D:$D,领跑良品退回!$A:$A,日报!CD$3),"") | CE26: =IF(SUMIFS(领跑良品退回!$G:$G,领跑良品退回!$E:$E,日报!$D:$D,领跑良品退回!$A:$A,日报!CE$3)<>0,SUMIFS(领跑良品退回!$G:$G,领跑良品退回!$E:$E,日报!$D:$D,领跑良品退回!$A:$A,日报!CE$3),"") | CF26: =IF(SUMIFS(领跑良品退回!$G:$G,领跑良品退回!$E:$E,日报!$D:$D,领跑良品退回!$A:$A,日报!CF$3)<>0,SUMIFS(领跑良品退回!$G:$G,领跑良品退回!$E:$E,日报!$D:$D,领跑良品退回!$A:$A,日报!CF$3),"") | CG26: =IF(SUMIFS(领跑良品退回!$G:$G,领跑良品退回!$E:$E,日报!$D:$D,领跑良品退回!$A:$A,日报!CG$3)<>0,SUMIFS(领跑良品退回!$G:$G,领跑良品退回!$E:$E,日报!$D:$D,领跑良品退回!$A:$A,日报!CG$3),"") | ... DD26: =IF(SUMIFS(领跑良品退回!$G:$G,领跑良品退回!$E:$E,日报!$D:$D,领跑良品退回!$A:$A,日报!DD$3)<>0,SUMIFS(领跑良品退回!$G:$G,领跑良品退回!$E:$E,日报!$D:$D,领跑良品退回!$A:$A,日报!DD$3),"")
A27: 71 | B27: 1DC | C27: 东莞市硅翔绝缘材料有限公司 | D27: 3.2.49.08.00610-000 | E27: LPC11_LFP_FPC233 | F27: =IFERROR(VLOOKUP(D74,'[1]#REF'!D:F,3,FALSE),"0") -> 0 | G27: 0 | H27: =SUMIF(合格品入库记录!E:E,日报!D74,合格品入库记录!G:G) -> 0 | I27: =SUMIF(合格品出库记录!E:E,日报!D74,合格品出库记录!G:G) -> 0 | J27: =SUMIF(领跑良品退回!E:E,D74,领跑良品退回!G:G) -> 0 | K27: =M74+L74 -> 0 | L27: =SUMIF(不良品库存!D:D,D:D,不良品库存!F:F) -> 0 | M27: =G74+H74-I74+J74 -> 0 | N27: #N/A | O27: 1 | P27: =IF(SUMIFS(合格品入库记录!$G:$G,合格品入库记录!$E:$E,日报!$D:$D,合格品入库记录!$A:$A,日报!P$3)<>0,SUMIFS(合格品入库记录!$G:$G,合格品入库记录!$E:$E,日报!$D:$D,合格品入库记录!$A:$A,日报!P$3),"") | Q27: =IF(SUMIFS(合格品入库记录!$G:$G,合格品入库记录!$E:$E,日报!$D:$D,合格品入库记录!$A:$A,日报!Q$3)<>0,SUMIFS(合格品入库记录!$G:$G,合格品入库记录!$E:$E,日报!$D:$D,合格品入库记录!$A:$A,日报!Q$3),"") | R27: =IF(SUMIFS(合格品入库记录!$G:$G,合格品入库记录!$E:$E,日报!$D:$D,合格品入库记录!$A:$A,日报!R$3)<>0,SUMIFS(合格品入库记录!$G:$G,合格品入库记录!$E:$E,日报!$D:$D,合格品入库记录!$A:$A,日报!R$3),"") | S27: =IF(SUMIFS(合格品入库记录!$G:$G,合格品入库记录!$E:$E,日报!$D:$D,合格品入库记录!$A:$A,日报!S$3)<>0,SUMIFS(合格品入库记录!$G:$G,合格品入库记录!$E:$E,日报!$D:$D,合格品入库记录!$A:$A,日报!S$3),"") | T27: =IF(SUMIFS(合格品入库记录!$G:$G,合格品入库记录!$E:$E,日报!$D:$D,合格品入库记录!$A:$A,日报!T$3)<>0,SUMIFS(合格品入库记录!$G:$G,合格品入库记录!$E:$E,日报!$D:$D,合格品入库记录!$A:$A,日报!T$3),"") | U27: =IF(SUMIFS(合格品入库记录!$G:$G,合格品入库记录!$E:$E,日报!$D:$D,合格品入库记录!$A:$A,日报!U$3)<>0,SUMIFS(合格品入库记录!$G:$G,合格品入库记录!$E:$E,日报!$D:$D,合格品入库记录!$A:$A,日报!U$3),"") | V27: =IF(SUMIFS(合格品入库记录!$G:$G,合格品入库记录!$E:$E,日报!$D:$D,合格品入库记录!$A:$A,日报!V$3)<>0,SUMIFS(合格品入库记录!$G:$G,合格品入库记录!$E:$E,日报!$D:$D,合格品入库记录!$A:$A,日报!V$3),"") | W27: =IF(SUMIFS(合格品入库记录!$G:$G,合格品入库记录!$E:$E,日报!$D:$D,合格品入库记录!$A:$A,日报!W$3)<>0,SUMIFS(合格品入库记录!$G:$G,合格品入库记录!$E:$E,日报!$D:$D,合格品入库记录!$A:$A,日报!W$3),"") | ... AT27: =IF(SUMIFS(合格品入库记录!$G:$G,合格品入库记录!$E:$E,日报!$D:$D,合格品入库记录!$A:$A,日报!AT$3)<>0,SUMIFS(合格品入库记录!$G:$G,合格品入库记录!$E:$E,日报!$D:$D,合格品入库记录!$A:$A,日报!AT$3),"") | AU27: =IF(SUMIFS(合格品出库记录!$G:$G,合格品出库记录!$E:$E,日报!$D:$D,合格品出库记录!$A:$A,日报!AU$3)<>0,SUMIFS(合格品出库记录!$G:$G,合格品出库记录!$E:$E,日报!$D:$D,合格品出库记录!$A:$A,日报!AU$3),"") | AV27: =IF(SUMIFS(合格品出库记录!$G:$G,合格品出库记录!$E:$E,日报!$D:$D,合格品出库记录!$A:$A,日报!AV$3)<>0,SUMIFS(合格品出库记录!$G:$G,合格品出库记录!$E:$E,日报!$D:$D,合格品出库记录!$A:$A,日报!AV$3),"") | AW27: =IF(SUMIFS(合格品出库记录!$G:$G,合格品出库记录!$E:$E,日报!$D:$D,合格品出库记录!$A:$A,日报!AW$3)<>0,SUMIFS(合格品出库记录!$G:$G,合格品出库记录!$E:$E,日报!$D:$D,合格品出库记录!$A:$A,日报!AW$3),"") | AX27: =IF(SUMIFS(合格品出库记录!$G:$G,合格品出库记录!$E:$E,日报!$D:$D,合格品出库记录!$A:$A,日报!AX$3)<>0,SUMIFS(合格品出库记录!$G:$G,合格品出库记录!$E:$E,日报!$D:$D,合格品出库记录!$A:$A,日报!AX$3),"") | AY27: =IF(SUMIFS(合格品出库记录!$G:$G,合格品出库记录!$E:$E,日报!$D:$D,合格品出库记录!$A:$A,日报!AY$3)<>0,SUMIFS(合格品出库记录!$G:$G,合格品出库记录!$E:$E,日报!$D:$D,合格品出库记录!$A:$A,日报!AY$3),"") | AZ27: =IF(SUMIFS(合格品出库记录!$G:$G,合格品出库记录!$E:$E,日报!$D:$D,合格品出库记录!$A:$A,日报!AZ$3)<>0,SUMIFS(合格品出库记录!$G:$G,合格品出库记录!$E:$E,日报!$D:$D,合格品出库记录!$A:$A,日报!AZ$3),"") | BA27: =IF(SUMIFS(合格品出库记录!$G:$G,合格品出库记录!$E:$E,日报!$D:$D,合格品出库记录!$A:$A,日报!BA$3)<>0,SUMIFS(合格品出库记录!$G:$G,合格品出库记录!$E:$E,日报!$D:$D,合格品出库记录!$A:$A,日报!BA$3),"") | BB27: =IF(SUMIFS(合格品出库记录!$G:$G,合格品出库记录!$E:$E,日报!$D:$D,合格品出库记录!$A:$A,日报!BB$3)<>0,SUMIFS(合格品出库记录!$G:$G,合格品出库记录!$E:$E,日报!$D:$D,合格品出库记录!$A:$A,日报!BB$3),"") | ... BY27: =IF(SUMIFS(合格品出库记录!$G:$G,合格品出库记录!$E:$E,日报!$D:$D,合格品出库记录!$A:$A,日报!BY$3)<>0,SUMIFS(合格品出库记录!$G:$G,合格品出库记录!$E:$E,日报!$D:$D,合格品出库记录!$A:$A,日报!BY$3),"") | BZ27: =IF(SUMIFS(领跑良品退回!$G:$G,领跑良品退回!$E:$E,日报!$D:$D,领跑良品退回!$A:$A,日报!BZ$3)<>0,SUMIFS(领跑良品退回!$G:$G,领跑良品退回!$E:$E,日报!$D:$D,领跑良品退回!$A:$A,日报!BZ$3),"") | CA27: =IF(SUMIFS(领跑良品退回!$G:$G,领跑良品退回!$E:$E,日报!$D:$D,领跑良品退回!$A:$A,日报!CA$3)<>0,SUMIFS(领跑良品退回!$G:$G,领跑良品退回!$E:$E,日报!$D:$D,领跑良品退回!$A:$A,日报!CA$3),"") | CB27: =IF(SUMIFS(领跑良品退回!$G:$G,领跑良品退回!$E:$E,日报!$D:$D,领跑良品退回!$A:$A,日报!CB$3)<>0,SUMIFS(领跑良品退回!$G:$G,领跑良品退回!$E:$E,日报!$D:$D,领跑良品退回!$A:$A,日报!CB$3),"") | CC27: =IF(SUMIFS(领跑良品退回!$G:$G,领跑良品退回!$E:$E,日报!$D:$D,领跑良品退回!$A:$A,日报!CC$3)<>0,SUMIFS(领跑良品退回!$G:$G,领跑良品退回!$E:$E,日报!$D:$D,领跑良品退回!$A:$A,日报!CC$3),"") | CD27: =IF(SUMIFS(领跑良品退回!$G:$G,领跑良品退回!$E:$E,日报!$D:$D,领跑良品退回!$A:$A,日报!CD$3)<>0,SUMIFS(领跑良品退回!$G:$G,领跑良品退回!$E:$E,日报!$D:$D,领跑良品退回!$A:$A,日报!CD$3),"") | CE27: =IF(SUMIFS(领跑良品退回!$G:$G,领跑良品退回!$E:$E,日报!$D:$D,领跑良品退回!$A:$A,日报!CE$3)<>0,SUMIFS(领跑良品退回!$G:$G,领跑良品退回!$E:$E,日报!$D:$D,领跑良品退回!$A:$A,日报!CE$3),"") | CF27: =IF(SUMIFS(领跑良品退回!$G:$G,领跑良品退回!$E:$E,日报!$D:$D,领跑良品退回!$A:$A,日报!CF$3)<>0,SUMIFS(领跑良品退回!$G:$G,领跑良品退回!$E:$E,日报!$D:$D,领跑良品退回!$A:$A,日报!CF$3),"") | CG27: =IF(SUMIFS(领跑良品退回!$G:$G,领跑良品退回!$E:$E,日报!$D:$D,领跑良品退回!$A:$A,日报!CG$3)<>0,SUMIFS(领跑良品退回!$G:$G,领跑良品退回!$E:$E,日报!$D:$D,领跑良品退回!$A:$A,日报!CG$3),"") | ... DD27: =IF(SUMIFS(领跑良品退回!$G:$G,领跑良品退回!$E:$E,日报!$D:$D,领跑良品退回!$A:$A,日报!DD$3)<>0,SUMIFS(领跑良品退回!$G:$G,领跑良品退回!$E:$E,日报!$D:$D,领跑良品退回!$A:$A,日报!DD$3),"")
A28: 72 | B28: 1DC | C28: 东莞市硅翔绝缘材料有限公司 | D28: 3.2.44.30.00303-000 | E28: LP-C11三元模组中间铝巴 | F28: =IFERROR(VLOOKUP(D75,'[1]#REF'!D:F,3,FALSE),"0") -> 0 | G28: 0 | H28: =SUMIF(合格品入库记录!E:E,日报!D75,合格品入库记录!G:G) -> 0 | I28: =SUMIF(合格品出库记录!E:E,日报!D75,合格品出库记录!G:G) -> 0 | J28: =SUMIF(领跑良品退回!E:E,D75,领跑良品退回!G:G) -> 0 | K28: =M75+L75 -> 0 | L28: =SUMIF(不良品库存!D:D,D:D,不良品库存!F:F) -> 0 | M28: =G75+H75-I75+J75 -> 0 | N28: #N/A | O28: 1 | P28: =IF(SUMIFS(合格品入库记录!$G:$G,合格品入库记录!$E:$E,日报!$D:$D,合格品入库记录!$A:$A,日报!P$3)<>0,SUMIFS(合格品入库记录!$G:$G,合格品入库记录!$E:$E,日报!$D:$D,合格品入库记录!$A:$A,日报!P$3),"") | Q28: =IF(SUMIFS(合格品入库记录!$G:$G,合格品入库记录!$E:$E,日报!$D:$D,合格品入库记录!$A:$A,日报!Q$3)<>0,SUMIFS(合格品入库记录!$G:$G,合格品入库记录!$E:$E,日报!$D:$D,合格品入库记录!$A:$A,日报!Q$3),"") | R28: =IF(SUMIFS(合格品入库记录!$G:$G,合格品入库记录!$E:$E,日报!$D:$D,合格品入库记录!$A:$A,日报!R$3)<>0,SUMIFS(合格品入库记录!$G:$G,合格品入库记录!$E:$E,日报!$D:$D,合格品入库记录!$A:$A,日报!R$3),"") | S28: =IF(SUMIFS(合格品入库记录!$G:$G,合格品入库记录!$E:$E,日报!$D:$D,合格品入库记录!$A:$A,日报!S$3)<>0,SUMIFS(合格品入库记录!$G:$G,合格品入库记录!$E:$E,日报!$D:$D,合格品入库记录!$A:$A,日报!S$3),"") | T28: =IF(SUMIFS(合格品入库记录!$G:$G,合格品入库记录!$E:$E,日报!$D:$D,合格品入库记录!$A:$A,日报!T$3)<>0,SUMIFS(合格品入库记录!$G:$G,合格品入库记录!$E:$E,日报!$D:$D,合格品入库记录!$A:$A,日报!T$3),"") | U28: =IF(SUMIFS(合格品入库记录!$G:$G,合格品入库记录!$E:$E,日报!$D:$D,合格品入库记录!$A:$A,日报!U$3)<>0,SUMIFS(合格品入库记录!$G:$G,合格品入库记录!$E:$E,日报!$D:$D,合格品入库记录!$A:$A,日报!U$3),"") | V28: =IF(SUMIFS(合格品入库记录!$G:$G,合格品入库记录!$E:$E,日报!$D:$D,合格品入库记录!$A:$A,日报!V$3)<>0,SUMIFS(合格品入库记录!$G:$G,合格品入库记录!$E:$E,日报!$D:$D,合格品入库记录!$A:$A,日报!V$3),"") | W28: =IF(SUMIFS(合格品入库记录!$G:$G,合格品入库记录!$E:$E,日报!$D:$D,合格品入库记录!$A:$A,日报!W$3)<>0,SUMIFS(合格品入库记录!$G:$G,合格品入库记录!$E:$E,日报!$D:$D,合格品入库记录!$A:$A,日报!W$3),"") | ... AT28: =IF(SUMIFS(合格品入库记录!$G:$G,合格品入库记录!$E:$E,日报!$D:$D,合格品入库记录!$A:$A,日报!AT$3)<>0,SUMIFS(合格品入库记录!$G:$G,合格品入库记录!$E:$E,日报!$D:$D,合格品入库记录!$A:$A,日报!AT$3),"") | AU28: =IF(SUMIFS(合格品出库记录!$G:$G,合格品出库记录!$E:$E,日报!$D:$D,合格品出库记录!$A:$A,日报!AU$3)<>0,SUMIFS(合格品出库记录!$G:$G,合格品出库记录!$E:$E,日报!$D:$D,合格品出库记录!$A:$A,日报!AU$3),"") | AV28: =IF(SUMIFS(合格品出库记录!$G:$G,合格品出库记录!$E:$E,日报!$D:$D,合格品出库记录!$A:$A,日报!AV$3)<>0,SUMIFS(合格品出库记录!$G:$G,合格品出库记录!$E:$E,日报!$D:$D,合格品出库记录!$A:$A,日报!AV$3),"") | AW28: =IF(SUMIFS(合格品出库记录!$G:$G,合格品出库记录!$E:$E,日报!$D:$D,合格品出库记录!$A:$A,日报!AW$3)<>0,SUMIFS(合格品出库记录!$G:$G,合格品出库记录!$E:$E,日报!$D:$D,合格品出库记录!$A:$A,日报!AW$3),"") | AX28: =IF(SUMIFS(合格品出库记录!$G:$G,合格品出库记录!$E:$E,日报!$D:$D,合格品出库记录!$A:$A,日报!AX$3)<>0,SUMIFS(合格品出库记录!$G:$G,合格品出库记录!$E:$E,日报!$D:$D,合格品出库记录!$A:$A,日报!AX$3),"") | AY28: =IF(SUMIFS(合格品出库记录!$G:$G,合格品出库记录!$E:$E,日报!$D:$D,合格品出库记录!$A:$A,日报!AY$3)<>0,SUMIFS(合格品出库记录!$G:$G,合格品出库记录!$E:$E,日报!$D:$D,合格品出库记录!$A:$A,日报!AY$3),"") | AZ28: =IF(SUMIFS(合格品出库记录!$G:$G,合格品出库记录!$E:$E,日报!$D:$D,合格品出库记录!$A:$A,日报!AZ$3)<>0,SUMIFS(合格品出库记录!$G:$G,合格品出库记录!$E:$E,日报!$D:$D,合格品出库记录!$A:$A,日报!AZ$3),"") | BA28: =IF(SUMIFS(合格品出库记录!$G:$G,合格品出库记录!$E:$E,日报!$D:$D,合格品出库记录!$A:$A,日报!BA$3)<>0,SUMIFS(合格品出库记录!$G:$G,合格品出库记录!$E:$E,日报!$D:$D,合格品出库记录!$A:$A,日报!BA$3),"") | BB28: =IF(SUMIFS(合格品出库记录!$G:$G,合格品出库记录!$E:$E,日报!$D:$D,合格品出库记录!$A:$A,日报!BB$3)<>0,SUMIFS(合格品出库记录!$G:$G,合格品出库记录!$E:$E,日报!$D:$D,合格品出库记录!$A:$A,日报!BB$3),"") | ... BY28: =IF(SUMIFS(合格品出库记录!$G:$G,合格品出库记录!$E:$E,日报!$D:$D,合格品出库记录!$A:$A,日报!BY$3)<>0,SUMIFS(合格品出库记录!$G:$G,合格品出库记录!$E:$E,日报!$D:$D,合格品出库记录!$A:$A,日报!BY$3),"") | BZ28: =IF(SUMIFS(领跑良品退回!$G:$G,领跑良品退回!$E:$E,日报!$D:$D,领跑良品退回!$A:$A,日报!BZ$3)<>0,SUMIFS(领跑良品退回!$G:$G,领跑良品退回!$E:$E,日报!$D:$D,领跑良品退回!$A:$A,日报!BZ$3),"") | CA28: =IF(SUMIFS(领跑良品退回!$G:$G,领跑良品退回!$E:$E,日报!$D:$D,领跑良品退回!$A:$A,日报!CA$3)<>0,SUMIFS(领跑良品退回!$G:$G,领跑良品退回!$E:$E,日报!$D:$D,领跑良品退回!$A:$A,日报!CA$3),"") | CB28: =IF(SUMIFS(领跑良品退回!$G:$G,领跑良品退回!$E:$E,日报!$D:$D,领跑良品退回!$A:$A,日报!CB$3)<>0,SUMIFS(领跑良品退回!$G:$G,领跑良品退回!$E:$E,日报!$D:$D,领跑良品退回!$A:$A,日报!CB$3),"") | CC28: =IF(SUMIFS(领跑良品退回!$G:$G,领跑良品退回!$E:$E,日报!$D:$D,领跑良品退回!$A:$A,日报!CC$3)<>0,SUMIFS(领跑良品退回!$G:$G,领跑良品退回!$E:$E,日报!$D:$D,领跑良品退回!$A:$A,日报!CC$3),"") | CD28: =IF(SUMIFS(领跑良品退回!$G:$G,领跑良品退回!$E:$E,日报!$D:$D,领跑良品退回!$A:$A,日报!CD$3)<>0,SUMIFS(领跑良品退回!$G:$G,领跑良品退回!$E:$E,日报!$D:$D,领跑良品退回!$A:$A,日报!CD$3),"") | CE28: =IF(SUMIFS(领跑良品退回!$G:$G,领跑良品退回!$E:$E,日报!$D:$D,领跑良品退回!$A:$A,日报!CE$3)<>0,SUMIFS(领跑良品退回!$G:$G,领跑良品退回!$E:$E,日报!$D:$D,领跑良品退回!$A:$A,日报!CE$3),"") | CF28: =IF(SUMIFS(领跑良品退回!$G:$G,领跑良品退回!$E:$E,日报!$D:$D,领跑良品退回!$A:$A,日报!CF$3)<>0,SUMIFS(领跑良品退回!$G:$G,领跑良品退回!$E:$E,日报!$D:$D,领跑良品退回!$A:$A,日报!CF$3),"") | CG28: =IF(SUMIFS(领跑良品退回!$G:$G,领跑良品退回!$E:$E,日报!$D:$D,领跑良品退回!$A:$A,日报!CG$3)<>0,SUMIFS(领跑良品退回!$G:$G,领跑良品退回!$E:$E,日报!$D:$D,领跑良品退回!$A:$A,日报!CG$3),"") | ... DD28: =IF(SUMIFS(领跑良品退回!$G:$G,领跑良品退回!$E:$E,日报!$D:$D,领跑良品退回!$A:$A,日报!DD$3)<>0,SUMIFS(领跑良品退回!$G:$G,领跑良品退回!$E:$E,日报!$D:$D,领跑良品退回!$A:$A,日报!DD$3),"")
A29: 73 | B29: 1DC | C29: 东莞市硅翔绝缘材料有限公司 | D29: 3.2.49.08.00559-000 | E29: 12V-CCS-A0样件 | F29: =IFERROR(VLOOKUP(D76,'[1]#REF'!D:F,3,FALSE),"0") -> 0 | G29: 0 | H29: =SUMIF(合格品入库记录!E:E,日报!D76,合格品入库记录!G:G) -> 0 | I29: =SUMIF(合格品出库记录!E:E,日报!D76,合格品出库记录!G:G) -> 0 | J29: =SUMIF(领跑良品退回!E:E,D76,领跑良品退回!G:G) -> 0 | K29: =M76+L76 -> 0 | L29: =SUMIF(不良品库存!D:D,D:D,不良品库存!F:F) -> 0 | M29: =G76+H76-I76+J76 -> 0 | N29: #N/A | O29: 1 | P29: =IF(SUMIFS(合格品入库记录!$G:$G,合格品入库记录!$E:$E,日报!$D:$D,合格品入库记录!$A:$A,日报!P$3)<>0,SUMIFS(合格品入库记录!$G:$G,合格品入库记录!$E:$E,日报!$D:$D,合格品入库记录!$A:$A,日报!P$3),"") | Q29: =IF(SUMIFS(合格品入库记录!$G:$G,合格品入库记录!$E:$E,日报!$D:$D,合格品入库记录!$A:$A,日报!Q$3)<>0,SUMIFS(合格品入库记录!$G:$G,合格品入库记录!$E:$E,日报!$D:$D,合格品入库记录!$A:$A,日报!Q$3),"") | R29: =IF(SUMIFS(合格品入库记录!$G:$G,合格品入库记录!$E:$E,日报!$D:$D,合格品入库记录!$A:$A,日报!R$3)<>0,SUMIFS(合格品入库记录!$G:$G,合格品入库记录!$E:$E,日报!$D:$D,合格品入库记录!$A:$A,日报!R$3),"") | S29: =IF(SUMIFS(合格品入库记录!$G:$G,合格品入库记录!$E:$E,日报!$D:$D,合格品入库记录!$A:$A,日报!S$3)<>0,SUMIFS(合格品入库记录!$G:$G,合格品入库记录!$E:$E,日报!$D:$D,合格品入库记录!$A:$A,日报!S$3),"") | T29: =IF(SUMIFS(合格品入库记录!$G:$G,合格品入库记录!$E:$E,日报!$D:$D,合格品入库记录!$A:$A,日报!T$3)<>0,SUMIFS(合格品入库记录!$G:$G,合格品入库记录!$E:$E,日报!$D:$D,合格品入库记录!$A:$A,日报!T$3),"") | U29: =IF(SUMIFS(合格品入库记录!$G:$G,合格品入库记录!$E:$E,日报!$D:$D,合格品入库记录!$A:$A,日报!U$3)<>0,SUMIFS(合格品入库记录!$G:$G,合格品入库记录!$E:$E,日报!$D:$D,合格品入库记录!$A:$A,日报!U$3),"") | V29: =IF(SUMIFS(合格品入库记录!$G:$G,合格品入库记录!$E:$E,日报!$D:$D,合格品入库记录!$A:$A,日报!V$3)<>0,SUMIFS(合格品入库记录!$G:$G,合格品入库记录!$E:$E,日报!$D:$D,合格品入库记录!$A:$A,日报!V$3),"") | W29: =IF(SUMIFS(合格品入库记录!$G:$G,合格品入库记录!$E:$E,日报!$D:$D,合格品入库记录!$A:$A,日报!W$3)<>0,SUMIFS(合格品入库记录!$G:$G,合格品入库记录!$E:$E,日报!$D:$D,合格品入库记录!$A:$A,日报!W$3),"") | ... AT29: =IF(SUMIFS(合格品入库记录!$G:$G,合格品入库记录!$E:$E,日报!$D:$D,合格品入库记录!$A:$A,日报!AT$3)<>0,SUMIFS(合格品入库记录!$G:$G,合格品入库记录!$E:$E,日报!$D:$D,合格品入库记录!$A:$A,日报!AT$3),"") | AU29: =IF(SUMIFS(合格品出库记录!$G:$G,合格品出库记录!$E:$E,日报!$D:$D,合格品出库记录!$A:$A,日报!AU$3)<>0,SUMIFS(合格品出库记录!$G:$G,合格品出库记录!$E:$E,日报!$D:$D,合格品出库记录!$A:$A,日报!AU$3),"") | AV29: =IF(SUMIFS(合格品出库记录!$G:$G,合格品出库记录!$E:$E,日报!$D:$D,合格品出库记录!$A:$A,日报!AV$3)<>0,SUMIFS(合格品出库记录!$G:$G,合格品出库记录!$E:$E,日报!$D:$D,合格品出库记录!$A:$A,日报!AV$3),"") | AW29: =IF(SUMIFS(合格品出库记录!$G:$G,合格品出库记录!$E:$E,日报!$D:$D,合格品出库记录!$A:$A,日报!AW$3)<>0,SUMIFS(合格品出库记录!$G:$G,合格品出库记录!$E:$E,日报!$D:$D,合格品出库记录!$A:$A,日报!AW$3),"") | AX29: =IF(SUMIFS(合格品出库记录!$G:$G,合格品出库记录!$E:$E,日报!$D:$D,合格品出库记录!$A:$A,日报!AX$3)<>0,SUMIFS(合格品出库记录!$G:$G,合格品出库记录!$E:$E,日报!$D:$D,合格品出库记录!$A:$A,日报!AX$3),"") | AY29: =IF(SUMIFS(合格品出库记录!$G:$G,合格品出库记录!$E:$E,日报!$D:$D,合格品出库记录!$A:$A,日报!AY$3)<>0,SUMIFS(合格品出库记录!$G:$G,合格品出库记录!$E:$E,日报!$D:$D,合格品出库记录!$A:$A,日报!AY$3),"") | AZ29: =IF(SUMIFS(合格品出库记录!$G:$G,合格品出库记录!$E:$E,日报!$D:$D,合格品出库记录!$A:$A,日报!AZ$3)<>0,SUMIFS(合格品出库记录!$G:$G,合格品出库记录!$E:$E,日报!$D:$D,合格品出库记录!$A:$A,日报!AZ$3),"") | BA29: =IF(SUMIFS(合格品出库记录!$G:$G,合格品出库记录!$E:$E,日报!$D:$D,合格品出库记录!$A:$A,日报!BA$3)<>0,SUMIFS(合格品出库记录!$G:$G,合格品出库记录!$E:$E,日报!$D:$D,合格品出库记录!$A:$A,日报!BA$3),"") | BB29: =IF(SUMIFS(合格品出库记录!$G:$G,合格品出库记录!$E:$E,日报!$D:$D,合格品出库记录!$A:$A,日报!BB$3)<>0,SUMIFS(合格品出库记录!$G:$G,合格品出库记录!$E:$E,日报!$D:$D,合格品出库记录!$A:$A,日报!BB$3),"") | ... BY29: =IF(SUMIFS(合格品出库记录!$G:$G,合格品出库记录!$E:$E,日报!$D:$D,合格品出库记录!$A:$A,日报!BY$3)<>0,SUMIFS(合格品出库记录!$G:$G,合格品出库记录!$E:$E,日报!$D:$D,合格品出库记录!$A:$A,日报!BY$3),"") | BZ29: =IF(SUMIFS(领跑良品退回!$G:$G,领跑良品退回!$E:$E,日报!$D:$D,领跑良品退回!$A:$A,日报!BZ$3)<>0,SUMIFS(领跑良品退回!$G:$G,领跑良品退回!$E:$E,日报!$D:$D,领跑良品退回!$A:$A,日报!BZ$3),"") | CA29: =IF(SUMIFS(领跑良品退回!$G:$G,领跑良品退回!$E:$E,日报!$D:$D,领跑良品退回!$A:$A,日报!CA$3)<>0,SUMIFS(领跑良品退回!$G:$G,领跑良品退回!$E:$E,日报!$D:$D,领跑良品退回!$A:$A,日报!CA$3),"") | CB29: =IF(SUMIFS(领跑良品退回!$G:$G,领跑良品退回!$E:$E,日报!$D:$D,领跑良品退回!$A:$A,日报!CB$3)<>0,SUMIFS(领跑良品退回!$G:$G,领跑良品退回!$E:$E,日报!$D:$D,领跑良品退回!$A:$A,日报!CB$3),"") | CC29: =IF(SUMIFS(领跑良品退回!$G:$G,领跑良品退回!$E:$E,日报!$D:$D,领跑良品退回!$A:$A,日报!CC$3)<>0,SUMIFS(领跑良品退回!$G:$G,领跑良品退回!$E:$E,日报!$D:$D,领跑良品退回!$A:$A,日报!CC$3),"") | CD29: =IF(SUMIFS(领跑良品退回!$G:$G,领跑良品退回!$E:$E,日报!$D:$D,领跑良品退回!$A:$A,日报!CD$3)<>0,SUMIFS(领跑良品退回!$G:$G,领跑良品退回!$E:$E,日报!$D:$D,领跑良品退回!$A:$A,日报!CD$3),"") | CE29: =IF(SUMIFS(领跑良品退回!$G:$G,领跑良品退回!$E:$E,日报!$D:$D,领跑良品退回!$A:$A,日报!CE$3)<>0,SUMIFS(领跑良品退回!$G:$G,领跑良品退回!$E:$E,日报!$D:$D,领跑良品退回!$A:$A,日报!CE$3),"") | CF29: =IF(SUMIFS(领跑良品退回!$G:$G,领跑良品退回!$E:$E,日报!$D:$D,领跑良品退回!$A:$A,日报!CF$3)<>0,SUMIFS(领跑良品退回!$G:$G,领跑良品退回!$E:$E,日报!$D:$D,领跑良品退回!$A:$A,日报!CF$3),"") | CG29: =IF(SUMIFS(领跑良品退回!$G:$G,领跑良品退回!$E:$E,日报!$D:$D,领跑良品退回!$A:$A,日报!CG$3)<>0,SUMIFS(领跑良品退回!$G:$G,领跑良品退回!$E:$E,日报!$D:$D,领跑良品退回!$A:$A,日报!CG$3),"") | ... DD29: =IF(SUMIFS(领跑良品退回!$G:$G,领跑良品退回!$E:$E,日报!$D:$D,领跑良品退回!$A:$A,日报!DD$3)<>0,SUMIFS(领跑良品退回!$G:$G,领跑良品退回!$E:$E,日报!$D:$D,领跑良品退回!$A:$A,日报!DD$3),"")
A30: 74 | B30: 1DC | C30: 东莞市硅翔绝缘材料有限公司 | D30: 3.2.49.08.00611-000 | E30: LPT03A_FPC_F16 | F30: =IFERROR(VLOOKUP(D77,'[1]#REF'!D:F,3,FALSE),"0") -> 0 | G30: 0 | H30: =SUMIF(合格品入库记录!E:E,日报!D77,合格品入库记录!G:G) -> 0 | I30: =SUMIF(合格品出库记录!E:E,日报!D77,合格品出库记录!G:G) -> 0 | J30: =SUMIF(领跑良品退回!E:E,D77,领跑良品退回!G:G) -> 0 | K30: =M77+L77 -> 0 | L30: =SUMIF(不良品库存!D:D,D:D,不良品库存!F:F) -> 0 | M30: =G77+H77-I77+J77 -> 0 | N30: #N/A | O30: 1 | P30: =IF(SUMIFS(合格品入库记录!$G:$G,合格品入库记录!$E:$E,日报!$D:$D,合格品入库记录!$A:$A,日报!P$3)<>0,SUMIFS(合格品入库记录!$G:$G,合格品入库记录!$E:$E,日报!$D:$D,合格品入库记录!$A:$A,日报!P$3),"") | Q30: =IF(SUMIFS(合格品入库记录!$G:$G,合格品入库记录!$E:$E,日报!$D:$D,合格品入库记录!$A:$A,日报!Q$3)<>0,SUMIFS(合格品入库记录!$G:$G,合格品入库记录!$E:$E,日报!$D:$D,合格品入库记录!$A:$A,日报!Q$3),"") | R30: =IF(SUMIFS(合格品入库记录!$G:$G,合格品入库记录!$E:$E,日报!$D:$D,合格品入库记录!$A:$A,日报!R$3)<>0,SUMIFS(合格品入库记录!$G:$G,合格品入库记录!$E:$E,日报!$D:$D,合格品入库记录!$A:$A,日报!R$3),"") | S30: =IF(SUMIFS(合格品入库记录!$G:$G,合格品入库记录!$E:$E,日报!$D:$D,合格品入库记录!$A:$A,日报!S$3)<>0,SUMIFS(合格品入库记录!$G:$G,合格品入库记录!$E:$E,日报!$D:$D,合格品入库记录!$A:$A,日报!S$3),"") | T30: =IF(SUMIFS(合格品入库记录!$G:$G,合格品入库记录!$E:$E,日报!$D:$D,合格品入库记录!$A:$A,日报!T$3)<>0,SUMIFS(合格品入库记录!$G:$G,合格品入库记录!$E:$E,日报!$D:$D,合格品入库记录!$A:$A,日报!T$3),"") | U30: =IF(SUMIFS(合格品入库记录!$G:$G,合格品入库记录!$E:$E,日报!$D:$D,合格品入库记录!$A:$A,日报!U$3)<>0,SUMIFS(合格品入库记录!$G:$G,合格品入库记录!$E:$E,日报!$D:$D,合格品入库记录!$A:$A,日报!U$3),"") | V30: =IF(SUMIFS(合格品入库记录!$G:$G,合格品入库记录!$E:$E,日报!$D:$D,合格品入库记录!$A:$A,日报!V$3)<>0,SUMIFS(合格品入库记录!$G:$G,合格品入库记录!$E:$E,日报!$D:$D,合格品入库记录!$A:$A,日报!V$3),"") | W30: =IF(SUMIFS(合格品入库记录!$G:$G,合格品入库记录!$E:$E,日报!$D:$D,合格品入库记录!$A:$A,日报!W$3)<>0,SUMIFS(合格品入库记录!$G:$G,合格品入库记录!$E:$E,日报!$D:$D,合格品入库记录!$A:$A,日报!W$3),"") | ... AT30: =IF(SUMIFS(合格品入库记录!$G:$G,合格品入库记录!$E:$E,日报!$D:$D,合格品入库记录!$A:$A,日报!AT$3)<>0,SUMIFS(合格品入库记录!$G:$G,合格品入库记录!$E:$E,日报!$D:$D,合格品入库记录!$A:$A,日报!AT$3),"") | AU30: =IF(SUMIFS(合格品出库记录!$G:$G,合格品出库记录!$E:$E,日报!$D:$D,合格品出库记录!$A:$A,日报!AU$3)<>0,SUMIFS(合格品出库记录!$G:$G,合格品出库记录!$E:$E,日报!$D:$D,合格品出库记录!$A:$A,日报!AU$3),"") | AV30: =IF(SUMIFS(合格品出库记录!$G:$G,合格品出库记录!$E:$E,日报!$D:$D,合格品出库记录!$A:$A,日报!AV$3)<>0,SUMIFS(合格品出库记录!$G:$G,合格品出库记录!$E:$E,日报!$D:$D,合格品出库记录!$A:$A,日报!AV$3),"") | AW30: =IF(SUMIFS(合格品出库记录!$G:$G,合格品出库记录!$E:$E,日报!$D:$D,合格品出库记录!$A:$A,日报!AW$3)<>0,SUMIFS(合格品出库记录!$G:$G,合格品出库记录!$E:$E,日报!$D:$D,合格品出库记录!$A:$A,日报!AW$3),"") | AX30: =IF(SUMIFS(合格品出库记录!$G:$G,合格品出库记录!$E:$E,日报!$D:$D,合格品出库记录!$A:$A,日报!AX$3)<>0,SUMIFS(合格品出库记录!$G:$G,合格品出库记录!$E:$E,日报!$D:$D,合格品出库记录!$A:$A,日报!AX$3),"") | AY30: =IF(SUMIFS(合格品出库记录!$G:$G,合格品出库记录!$E:$E,日报!$D:$D,合格品出库记录!$A:$A,日报!AY$3)<>0,SUMIFS(合格品出库记录!$G:$G,合格品出库记录!$E:$E,日报!$D:$D,合格品出库记录!$A:$A,日报!AY$3),"") | AZ30: =IF(SUMIFS(合格品出库记录!$G:$G,合格品出库记录!$E:$E,日报!$D:$D,合格品出库记录!$A:$A,日报!AZ$3)<>0,SUMIFS(合格品出库记录!$G:$G,合格品出库记录!$E:$E,日报!$D:$D,合格品出库记录!$A:$A,日报!AZ$3),"") | BA30: =IF(SUMIFS(合格品出库记录!$G:$G,合格品出库记录!$E:$E,日报!$D:$D,合格品出库记录!$A:$A,日报!BA$3)<>0,SUMIFS(合格品出库记录!$G:$G,合格品出库记录!$E:$E,日报!$D:$D,合格品出库记录!$A:$A,日报!BA$3),"") | BB30: =IF(SUMIFS(合格品出库记录!$G:$G,合格品出库记录!$E:$E,日报!$D:$D,合格品出库记录!$A:$A,日报!BB$3)<>0,SUMIFS(合格品出库记录!$G:$G,合格品出库记录!$E:$E,日报!$D:$D,合格品出库记录!$A:$A,日报!BB$3),"") | ... BY30: =IF(SUMIFS(合格品出库记录!$G:$G,合格品出库记录!$E:$E,日报!$D:$D,合格品出库记录!$A:$A,日报!BY$3)<>0,SUMIFS(合格品出库记录!$G:$G,合格品出库记录!$E:$E,日报!$D:$D,合格品出库记录!$A:$A,日报!BY$3),"") | BZ30: =IF(SUMIFS(领跑良品退回!$G:$G,领跑良品退回!$E:$E,日报!$D:$D,领跑良品退回!$A:$A,日报!BZ$3)<>0,SUMIFS(领跑良品退回!$G:$G,领跑良品退回!$E:$E,日报!$D:$D,领跑良品退回!$A:$A,日报!BZ$3),"") | CA30: =IF(SUMIFS(领跑良品退回!$G:$G,领跑良品退回!$E:$E,日报!$D:$D,领跑良品退回!$A:$A,日报!CA$3)<>0,SUMIFS(领跑良品退回!$G:$G,领跑良品退回!$E:$E,日报!$D:$D,领跑良品退回!$A:$A,日报!CA$3),"") | CB30: =IF(SUMIFS(领跑良品退回!$G:$G,领跑良品退回!$E:$E,日报!$D:$D,领跑良品退回!$A:$A,日报!CB$3)<>0,SUMIFS(领跑良品退回!$G:$G,领跑良品退回!$E:$E,日报!$D:$D,领跑良品退回!$A:$A,日报!CB$3),"") | CC30: =IF(SUMIFS(领跑良品退回!$G:$G,领跑良品退回!$E:$E,日报!$D:$D,领跑良品退回!$A:$A,日报!CC$3)<>0,SUMIFS(领跑良品退回!$G:$G,领跑良品退回!$E:$E,日报!$D:$D,领跑良品退回!$A:$A,日报!CC$3),"") | CD30: =IF(SUMIFS(领跑良品退回!$G:$G,领跑良品退回!$E:$E,日报!$D:$D,领跑良品退回!$A:$A,日报!CD$3)<>0,SUMIFS(领跑良品退回!$G:$G,领跑良品退回!$E:$E,日报!$D:$D,领跑良品退回!$A:$A,日报!CD$3),"") | CE30: =IF(SUMIFS(领跑良品退回!$G:$G,领跑良品退回!$E:$E,日报!$D:$D,领跑良品退回!$A:$A,日报!CE$3)<>0,SUMIFS(领跑良品退回!$G:$G,领跑良品退回!$E:$E,日报!$D:$D,领跑良品退回!$A:$A,日报!CE$3),"") | CF30: =IF(SUMIFS(领跑良品退回!$G:$G,领跑良品退回!$E:$E,日报!$D:$D,领跑良品退回!$A:$A,日报!CF$3)<>0,SUMIFS(领跑良品退回!$G:$G,领跑良品退回!$E:$E,日报!$D:$D,领跑良品退回!$A:$A,日报!CF$3),"") | CG30: =IF(SUMIFS(领跑良品退回!$G:$G,领跑良品退回!$E:$E,日报!$D:$D,领跑良品退回!$A:$A,日报!CG$3)<>0,SUMIFS(领跑良品退回!$G:$G,领跑良品退回!$E:$E,日报!$D:$D,领跑良品退回!$A:$A,日报!CG$3),"") | ... DD30: =IF(SUMIFS(领跑良品退回!$G:$G,领跑良品退回!$E:$E,日报!$D:$D,领跑良品退回!$A:$A,日报!DD$3)<>0,SUMIFS(领跑良品退回!$G:$G,领跑良品退回!$E:$E,日报!$D:$D,领跑良品退回!$A:$A,日报!DD$3),"")
A31: 75 | B31: 1DC | C31: 东莞市硅翔绝缘材料有限公司 | D31: 3.2.49.08.00612-000 | E31: LPT03A_FPC_B16 | F31: =IFERROR(VLOOKUP(D78,'[1]#REF'!D:F,3,FALSE),"0") -> 0 | G31: 0 | H31: =SUMIF(合格品入库记录!E:E,日报!D78,合格品入库记录!G:G) -> 0 | I31: =SUMIF(合格品出库记录!E:E,日报!D78,合格品出库记录!G:G) -> 0 | J31: =SUMIF(领跑良品退回!E:E,D78,领跑良品退回!G:G) -> 0 | K31: =M78+L78 -> 0 | L31: =SUMIF(不良品库存!D:D,D:D,不良品库存!F:F) -> 0 | M31: =G78+H78-I78+J78 -> 0 | N31: #N/A | O31: 1 | P31: =IF(SUMIFS(合格品入库记录!$G:$G,合格品入库记录!$E:$E,日报!$D:$D,合格品入库记录!$A:$A,日报!P$3)<>0,SUMIFS(合格品入库记录!$G:$G,合格品入库记录!$E:$E,日报!$D:$D,合格品入库记录!$A:$A,日报!P$3),"") | Q31: =IF(SUMIFS(合格品入库记录!$G:$G,合格品入库记录!$E:$E,日报!$D:$D,合格品入库记录!$A:$A,日报!Q$3)<>0,SUMIFS(合格品入库记录!$G:$G,合格品入库记录!$E:$E,日报!$D:$D,合格品入库记录!$A:$A,日报!Q$3),"") | R31: =IF(SUMIFS(合格品入库记录!$G:$G,合格品入库记录!$E:$E,日报!$D:$D,合格品入库记录!$A:$A,日报!R$3)<>0,SUMIFS(合格品入库记录!$G:$G,合格品入库记录!$E:$E,日报!$D:$D,合格品入库记录!$A:$A,日报!R$3),"") | S31: =IF(SUMIFS(合格品入库记录!$G:$G,合格品入库记录!$E:$E,日报!$D:$D,合格品入库记录!$A:$A,日报!S$3)<>0,SUMIFS(合格品入库记录!$G:$G,合格品入库记录!$E:$E,日报!$D:$D,合格品入库记录!$A:$A,日报!S$3),"") | T31: =IF(SUMIFS(合格品入库记录!$G:$G,合格品入库记录!$E:$E,日报!$D:$D,合格品入库记录!$A:$A,日报!T$3)<>0,SUMIFS(合格品入库记录!$G:$G,合格品入库记录!$E:$E,日报!$D:$D,合格品入库记录!$A:$A,日报!T$3),"") | U31: =IF(SUMIFS(合格品入库记录!$G:$G,合格品入库记录!$E:$E,日报!$D:$D,合格品入库记录!$A:$A,日报!U$3)<>0,SUMIFS(合格品入库记录!$G:$G,合格品入库记录!$E:$E,日报!$D:$D,合格品入库记录!$A:$A,日报!U$3),"") | V31: =IF(SUMIFS(合格品入库记录!$G:$G,合格品入库记录!$E:$E,日报!$D:$D,合格品入库记录!$A:$A,日报!V$3)<>0,SUMIFS(合格品入库记录!$G:$G,合格品入库记录!$E:$E,日报!$D:$D,合格品入库记录!$A:$A,日报!V$3),"") | W31: =IF(SUMIFS(合格品入库记录!$G:$G,合格品入库记录!$E:$E,日报!$D:$D,合格品入库记录!$A:$A,日报!W$3)<>0,SUMIFS(合格品入库记录!$G:$G,合格品入库记录!$E:$E,日报!$D:$D,合格品入库记录!$A:$A,日报!W$3),"") | ... AT31: =IF(SUMIFS(合格品入库记录!$G:$G,合格品入库记录!$E:$E,日报!$D:$D,合格品入库记录!$A:$A,日报!AT$3)<>0,SUMIFS(合格品入库记录!$G:$G,合格品入库记录!$E:$E,日报!$D:$D,合格品入库记录!$A:$A,日报!AT$3),"") | AU31: =IF(SUMIFS(合格品出库记录!$G:$G,合格品出库记录!$E:$E,日报!$D:$D,合格品出库记录!$A:$A,日报!AU$3)<>0,SUMIFS(合格品出库记录!$G:$G,合格品出库记录!$E:$E,日报!$D:$D,合格品出库记录!$A:$A,日报!AU$3),"") | AV31: =IF(SUMIFS(合格品出库记录!$G:$G,合格品出库记录!$E:$E,日报!$D:$D,合格品出库记录!$A:$A,日报!AV$3)<>0,SUMIFS(合格品出库记录!$G:$G,合格品出库记录!$E:$E,日报!$D:$D,合格品出库记录!$A:$A,日报!AV$3),"") | AW31: =IF(SUMIFS(合格品出库记录!$G:$G,合格品出库记录!$E:$E,日报!$D:$D,合格品出库记录!$A:$A,日报!AW$3)<>0,SUMIFS(合格品出库记录!$G:$G,合格品出库记录!$E:$E,日报!$D:$D,合格品出库记录!$A:$A,日报!AW$3),"") | AX31: =IF(SUMIFS(合格品出库记录!$G:$G,合格品出库记录!$E:$E,日报!$D:$D,合格品出库记录!$A:$A,日报!AX$3)<>0,SUMIFS(合格品出库记录!$G:$G,合格品出库记录!$E:$E,日报!$D:$D,合格品出库记录!$A:$A,日报!AX$3),"") | AY31: =IF(SUMIFS(合格品出库记录!$G:$G,合格品出库记录!$E:$E,日报!$D:$D,合格品出库记录!$A:$A,日报!AY$3)<>0,SUMIFS(合格品出库记录!$G:$G,合格品出库记录!$E:$E,日报!$D:$D,合格品出库记录!$A:$A,日报!AY$3),"") | AZ31: =IF(SUMIFS(合格品出库记录!$G:$G,合格品出库记录!$E:$E,日报!$D:$D,合格品出库记录!$A:$A,日报!AZ$3)<>0,SUMIFS(合格品出库记录!$G:$G,合格品出库记录!$E:$E,日报!$D:$D,合格品出库记录!$A:$A,日报!AZ$3),"") | BA31: =IF(SUMIFS(合格品出库记录!$G:$G,合格品出库记录!$E:$E,日报!$D:$D,合格品出库记录!$A:$A,日报!BA$3)<>0,SUMIFS(合格品出库记录!$G:$G,合格品出库记录!$E:$E,日报!$D:$D,合格品出库记录!$A:$A,日报!BA$3),"") | BB31: =IF(SUMIFS(合格品出库记录!$G:$G,合格品出库记录!$E:$E,日报!$D:$D,合格品出库记录!$A:$A,日报!BB$3)<>0,SUMIFS(合格品出库记录!$G:$G,合格品出库记录!$E:$E,日报!$D:$D,合格品出库记录!$A:$A,日报!BB$3),"") | ... BY31: =IF(SUMIFS(合格品出库记录!$G:$G,合格品出库记录!$E:$E,日报!$D:$D,合格品出库记录!$A:$A,日报!BY$3)<>0,SUMIFS(合格品出库记录!$G:$G,合格品出库记录!$E:$E,日报!$D:$D,合格品出库记录!$A:$A,日报!BY$3),"") | BZ31: =IF(SUMIFS(领跑良品退回!$G:$G,领跑良品退回!$E:$E,日报!$D:$D,领跑良品退回!$A:$A,日报!BZ$3)<>0,SUMIFS(领跑良品退回!$G:$G,领跑良品退回!$E:$E,日报!$D:$D,领跑良品退回!$A:$A,日报!BZ$3),"") | CA31: =IF(SUMIFS(领跑良品退回!$G:$G,领跑良品退回!$E:$E,日报!$D:$D,领跑良品退回!$A:$A,日报!CA$3)<>0,SUMIFS(领跑良品退回!$G:$G,领跑良品退回!$E:$E,日报!$D:$D,领跑良品退回!$A:$A,日报!CA$3),"") | CB31: =IF(SUMIFS(领跑良品退回!$G:$G,领跑良品退回!$E:$E,日报!$D:$D,领跑良品退回!$A:$A,日报!CB$3)<>0,SUMIFS(领跑良品退回!$G:$G,领跑良品退回!$E:$E,日报!$D:$D,领跑良品退回!$A:$A,日报!CB$3),"") | CC31: =IF(SUMIFS(领跑良品退回!$G:$G,领跑良品退回!$E:$E,日报!$D:$D,领跑良品退回!$A:$A,日报!CC$3)<>0,SUMIFS(领跑良品退回!$G:$G,领跑良品退回!$E:$E,日报!$D:$D,领跑良品退回!$A:$A,日报!CC$3),"") | CD31: =IF(SUMIFS(领跑良品退回!$G:$G,领跑良品退回!$E:$E,日报!$D:$D,领跑良品退回!$A:$A,日报!CD$3)<>0,SUMIFS(领跑良品退回!$G:$G,领跑良品退回!$E:$E,日报!$D:$D,领跑良品退回!$A:$A,日报!CD$3),"") | CE31: =IF(SUMIFS(领跑良品退回!$G:$G,领跑良品退回!$E:$E,日报!$D:$D,领跑良品退回!$A:$A,日报!CE$3)<>0,SUMIFS(领跑良品退回!$G:$G,领跑良品退回!$E:$E,日报!$D:$D,领跑良品退回!$A:$A,日报!CE$3),"") | CF31: =IF(SUMIFS(领跑良品退回!$G:$G,领跑良品退回!$E:$E,日报!$D:$D,领跑良品退回!$A:$A,日报!CF$3)<>0,SUMIFS(领跑良品退回!$G:$G,领跑良品退回!$E:$E,日报!$D:$D,领跑良品退回!$A:$A,日报!CF$3),"") | CG31: =IF(SUMIFS(领跑良品退回!$G:$G,领跑良品退回!$E:$E,日报!$D:$D,领跑良品退回!$A:$A,日报!CG$3)<>0,SUMIFS(领跑良品退回!$G:$G,领跑良品退回!$E:$E,日报!$D:$D,领跑良品退回!$A:$A,日报!CG$3),"") | ... DD31: =IF(SUMIFS(领跑良品退回!$G:$G,领跑良品退回!$E:$E,日报!$D:$D,领跑良品退回!$A:$A,日报!DD$3)<>0,SUMIFS(领跑良品退回!$G:$G,领跑良品退回!$E:$E,日报!$D:$D,领跑良品退回!$A:$A,日报!DD$3),"")
A32: 76 | B32: 1DC | C32: 东莞市硅翔绝缘材料有限公司 | D32: 3.2.49.08.00566-000 | E32: LPC11_FPC16B_X | F32: =IFERROR(VLOOKUP(D79,'[1]#REF'!D:F,3,FALSE),"0") -> 0 | G32: 0 | H32: =SUMIF(合格品入库记录!E:E,日报!D79,合格品入库记录!G:G) -> 0 | I32: =SUMIF(合格品出库记录!E:E,日报!D79,合格品出库记录!G:G) -> 0 | J32: =SUMIF(领跑良品退回!E:E,D79,领跑良品退回!G:G) -> 0 | K32: =M79+L79 -> 0 | L32: =SUMIF(不良品库存!D:D,D:D,不良品库存!F:F) -> 0 | M32: =G79+H79-I79+J79 -> 0 | N32: #N/A | O32: 1 | P32: =IF(SUMIFS(合格品入库记录!$G:$G,合格品入库记录!$E:$E,日报!$D:$D,合格品入库记录!$A:$A,日报!P$3)<>0,SUMIFS(合格品入库记录!$G:$G,合格品入库记录!$E:$E,日报!$D:$D,合格品入库记录!$A:$A,日报!P$3),"") | Q32: =IF(SUMIFS(合格品入库记录!$G:$G,合格品入库记录!$E:$E,日报!$D:$D,合格品入库记录!$A:$A,日报!Q$3)<>0,SUMIFS(合格品入库记录!$G:$G,合格品入库记录!$E:$E,日报!$D:$D,合格品入库记录!$A:$A,日报!Q$3),"") | R32: =IF(SUMIFS(合格品入库记录!$G:$G,合格品入库记录!$E:$E,日报!$D:$D,合格品入库记录!$A:$A,日报!R$3)<>0,SUMIFS(合格品入库记录!$G:$G,合格品入库记录!$E:$E,日报!$D:$D,合格品入库记录!$A:$A,日报!R$3),"") | S32: =IF(SUMIFS(合格品入库记录!$G:$G,合格品入库记录!$E:$E,日报!$D:$D,合格品入库记录!$A:$A,日报!S$3)<>0,SUMIFS(合格品入库记录!$G:$G,合格品入库记录!$E:$E,日报!$D:$D,合格品入库记录!$A:$A,日报!S$3),"") | T32: =IF(SUMIFS(合格品入库记录!$G:$G,合格品入库记录!$E:$E,日报!$D:$D,合格品入库记录!$A:$A,日报!T$3)<>0,SUMIFS(合格品入库记录!$G:$G,合格品入库记录!$E:$E,日报!$D:$D,合格品入库记录!$A:$A,日报!T$3),"") | U32: =IF(SUMIFS(合格品入库记录!$G:$G,合格品入库记录!$E:$E,日报!$D:$D,合格品入库记录!$A:$A,日报!U$3)<>0,SUMIFS(合格品入库记录!$G:$G,合格品入库记录!$E:$E,日报!$D:$D,合格品入库记录!$A:$A,日报!U$3),"") | V32: =IF(SUMIFS(合格品入库记录!$G:$G,合格品入库记录!$E:$E,日报!$D:$D,合格品入库记录!$A:$A,日报!V$3)<>0,SUMIFS(合格品入库记录!$G:$G,合格品入库记录!$E:$E,日报!$D:$D,合格品入库记录!$A:$A,日报!V$3),"") | W32: =IF(SUMIFS(合格品入库记录!$G:$G,合格品入库记录!$E:$E,日报!$D:$D,合格品入库记录!$A:$A,日报!W$3)<>0,SUMIFS(合格品入库记录!$G:$G,合格品入库记录!$E:$E,日报!$D:$D,合格品入库记录!$A:$A,日报!W$3),"") | ... AT32: =IF(SUMIFS(合格品入库记录!$G:$G,合格品入库记录!$E:$E,日报!$D:$D,合格品入库记录!$A:$A,日报!AT$3)<>0,SUMIFS(合格品入库记录!$G:$G,合格品入库记录!$E:$E,日报!$D:$D,合格品入库记录!$A:$A,日报!AT$3),"") | AU32: =IF(SUMIFS(合格品出库记录!$G:$G,合格品出库记录!$E:$E,日报!$D:$D,合格品出库记录!$A:$A,日报!AU$3)<>0,SUMIFS(合格品出库记录!$G:$G,合格品出库记录!$E:$E,日报!$D:$D,合格品出库记录!$A:$A,日报!AU$3),"") | AV32: =IF(SUMIFS(合格品出库记录!$G:$G,合格品出库记录!$E:$E,日报!$D:$D,合格品出库记录!$A:$A,日报!AV$3)<>0,SUMIFS(合格品出库记录!$G:$G,合格品出库记录!$E:$E,日报!$D:$D,合格品出库记录!$A:$A,日报!AV$3),"") | AW32: =IF(SUMIFS(合格品出库记录!$G:$G,合格品出库记录!$E:$E,日报!$D:$D,合格品出库记录!$A:$A,日报!AW$3)<>0,SUMIFS(合格品出库记录!$G:$G,合格品出库记录!$E:$E,日报!$D:$D,合格品出库记录!$A:$A,日报!AW$3),"") | AX32: =IF(SUMIFS(合格品出库记录!$G:$G,合格品出库记录!$E:$E,日报!$D:$D,合格品出库记录!$A:$A,日报!AX$3)<>0,SUMIFS(合格品出库记录!$G:$G,合格品出库记录!$E:$E,日报!$D:$D,合格品出库记录!$A:$A,日报!AX$3),"") | AY32: =IF(SUMIFS(合格品出库记录!$G:$G,合格品出库记录!$E:$E,日报!$D:$D,合格品出库记录!$A:$A,日报!AY$3)<>0,SUMIFS(合格品出库记录!$G:$G,合格品出库记录!$E:$E,日报!$D:$D,合格品出库记录!$A:$A,日报!AY$3),"") | AZ32: =IF(SUMIFS(合格品出库记录!$G:$G,合格品出库记录!$E:$E,日报!$D:$D,合格品出库记录!$A:$A,日报!AZ$3)<>0,SUMIFS(合格品出库记录!$G:$G,合格品出库记录!$E:$E,日报!$D:$D,合格品出库记录!$A:$A,日报!AZ$3),"") | BA32: =IF(SUMIFS(合格品出库记录!$G:$G,合格品出库记录!$E:$E,日报!$D:$D,合格品出库记录!$A:$A,日报!BA$3)<>0,SUMIFS(合格品出库记录!$G:$G,合格品出库记录!$E:$E,日报!$D:$D,合格品出库记录!$A:$A,日报!BA$3),"") | BB32: =IF(SUMIFS(合格品出库记录!$G:$G,合格品出库记录!$E:$E,日报!$D:$D,合格品出库记录!$A:$A,日报!BB$3)<>0,SUMIFS(合格品出库记录!$G:$G,合格品出库记录!$E:$E,日报!$D:$D,合格品出库记录!$A:$A,日报!BB$3),"") | ... BY32: =IF(SUMIFS(合格品出库记录!$G:$G,合格品出库记录!$E:$E,日报!$D:$D,合格品出库记录!$A:$A,日报!BY$3)<>0,SUMIFS(合格品出库记录!$G:$G,合格品出库记录!$E:$E,日报!$D:$D,合格品出库记录!$A:$A,日报!BY$3),"") | BZ32: =IF(SUMIFS(领跑良品退回!$G:$G,领跑良品退回!$E:$E,日报!$D:$D,领跑良品退回!$A:$A,日报!BZ$3)<>0,SUMIFS(领跑良品退回!$G:$G,领跑良品退回!$E:$E,日报!$D:$D,领跑良品退回!$A:$A,日报!BZ$3),"") | CA32: =IF(SUMIFS(领跑良品退回!$G:$G,领跑良品退回!$E:$E,日报!$D:$D,领跑良品退回!$A:$A,日报!CA$3)<>0,SUMIFS(领跑良品退回!$G:$G,领跑良品退回!$E:$E,日报!$D:$D,领跑良品退回!$A:$A,日报!CA$3),"") | CB32: =IF(SUMIFS(领跑良品退回!$G:$G,领跑良品退回!$E:$E,日报!$D:$D,领跑良品退回!$A:$A,日报!CB$3)<>0,SUMIFS(领跑良品退回!$G:$G,领跑良品退回!$E:$E,日报!$D:$D,领跑良品退回!$A:$A,日报!CB$3),"") | CC32: =IF(SUMIFS(领跑良品退回!$G:$G,领跑良品退回!$E:$E,日报!$D:$D,领跑良品退回!$A:$A,日报!CC$3)<>0,SUMIFS(领跑良品退回!$G:$G,领跑良品退回!$E:$E,日报!$D:$D,领跑良品退回!$A:$A,日报!CC$3),"") | CD32: =IF(SUMIFS(领跑良品退回!$G:$G,领跑良品退回!$E:$E,日报!$D:$D,领跑良品退回!$A:$A,日报!CD$3)<>0,SUMIFS(领跑良品退回!$G:$G,领跑良品退回!$E:$E,日报!$D:$D,领跑良品退回!$A:$A,日报!CD$3),"") | CE32: =IF(SUMIFS(领跑良品退回!$G:$G,领跑良品退回!$E:$E,日报!$D:$D,领跑良品退回!$A:$A,日报!CE$3)<>0,SUMIFS(领跑良品退回!$G:$G,领跑良品退回!$E:$E,日报!$D:$D,领跑良品退回!$A:$A,日报!CE$3),"") | CF32: =IF(SUMIFS(领跑良品退回!$G:$G,领跑良品退回!$E:$E,日报!$D:$D,领跑良品退回!$A:$A,日报!CF$3)<>0,SUMIFS(领跑良品退回!$G:$G,领跑良品退回!$E:$E,日报!$D:$D,领跑良品退回!$A:$A,日报!CF$3),"") | CG32: =IF(SUMIFS(领跑良品退回!$G:$G,领跑良品退回!$E:$E,日报!$D:$D,领跑良品退回!$A:$A,日报!CG$3)<>0,SUMIFS(领跑良品退回!$G:$G,领跑良品退回!$E:$E,日报!$D:$D,领跑良品退回!$A:$A,日报!CG$3),"") | ... DD32: =IF(SUMIFS(领跑良品退回!$G:$G,领跑良品退回!$E:$E,日报!$D:$D,领跑良品退回!$A:$A,日报!DD$3)<>0,SUMIFS(领跑良品退回!$G:$G,领跑良品退回!$E:$E,日报!$D:$D,领跑良品退回!$A:$A,日报!DD$3),"")
A33: 77 | B33: 1DC | C33: 东莞市硅翔绝缘材料有限公司 | D33: 3.2.49.08.00609-000 | E33: LPC11_LFP_FPC232 | F33: =IFERROR(VLOOKUP(D80,'[1]#REF'!D:F,3,FALSE),"0") -> 0 | G33: 30 | H33: =SUMIF(合格品入库记录!E:E,日报!D80,合格品入库记录!G:G) -> 0 | I33: =SUMIF(合格品出库记录!E:E,日报!D80,合格品出库记录!G:G) -> 0 | J33: =SUMIF(领跑良品退回!E:E,D80,领跑良品退回!G:G) -> 0 | K33: =M80+L80 -> 0 | L33: =SUMIF(不良品库存!D:D,D:D,不良品库存!F:F) -> 0 | M33: =G80+H80-I80+J80 -> 0 | N33: 0 | O33: 1 | P33: =IF(SUMIFS(合格品入库记录!$G:$G,合格品入库记录!$E:$E,日报!$D:$D,合格品入库记录!$A:$A,日报!P$3)<>0,SUMIFS(合格品入库记录!$G:$G,合格品入库记录!$E:$E,日报!$D:$D,合格品入库记录!$A:$A,日报!P$3),"") | Q33: =IF(SUMIFS(合格品入库记录!$G:$G,合格品入库记录!$E:$E,日报!$D:$D,合格品入库记录!$A:$A,日报!Q$3)<>0,SUMIFS(合格品入库记录!$G:$G,合格品入库记录!$E:$E,日报!$D:$D,合格品入库记录!$A:$A,日报!Q$3),"") | R33: =IF(SUMIFS(合格品入库记录!$G:$G,合格品入库记录!$E:$E,日报!$D:$D,合格品入库记录!$A:$A,日报!R$3)<>0,SUMIFS(合格品入库记录!$G:$G,合格品入库记录!$E:$E,日报!$D:$D,合格品入库记录!$A:$A,日报!R$3),"") | S33: =IF(SUMIFS(合格品入库记录!$G:$G,合格品入库记录!$E:$E,日报!$D:$D,合格品入库记录!$A:$A,日报!S$3)<>0,SUMIFS(合格品入库记录!$G:$G,合格品入库记录!$E:$E,日报!$D:$D,合格品入库记录!$A:$A,日报!S$3),"") | T33: =IF(SUMIFS(合格品入库记录!$G:$G,合格品入库记录!$E:$E,日报!$D:$D,合格品入库记录!$A:$A,日报!T$3)<>0,SUMIFS(合格品入库记录!$G:$G,合格品入库记录!$E:$E,日报!$D:$D,合格品入库记录!$A:$A,日报!T$3),"") | U33: =IF(SUMIFS(合格品入库记录!$G:$G,合格品入库记录!$E:$E,日报!$D:$D,合格品入库记录!$A:$A,日报!U$3)<>0,SUMIFS(合格品入库记录!$G:$G,合格品入库记录!$E:$E,日报!$D:$D,合格品入库记录!$A:$A,日报!U$3),"") | V33: =IF(SUMIFS(合格品入库记录!$G:$G,合格品入库记录!$E:$E,日报!$D:$D,合格品入库记录!$A:$A,日报!V$3)<>0,SUMIFS(合格品入库记录!$G:$G,合格品入库记录!$E:$E,日报!$D:$D,合格品入库记录!$A:$A,日报!V$3),"") | W33: =IF(SUMIFS(合格品入库记录!$G:$G,合格品入库记录!$E:$E,日报!$D:$D,合格品入库记录!$A:$A,日报!W$3)<>0,SUMIFS(合格品入库记录!$G:$G,合格品入库记录!$E:$E,日报!$D:$D,合格品入库记录!$A:$A,日报!W$3),"") | ... AT33: =IF(SUMIFS(合格品入库记录!$G:$G,合格品入库记录!$E:$E,日报!$D:$D,合格品入库记录!$A:$A,日报!AT$3)<>0,SUMIFS(合格品入库记录!$G:$G,合格品入库记录!$E:$E,日报!$D:$D,合格品入库记录!$A:$A,日报!AT$3),"") | AU33: =IF(SUMIFS(合格品出库记录!$G:$G,合格品出库记录!$E:$E,日报!$D:$D,合格品出库记录!$A:$A,日报!AU$3)<>0,SUMIFS(合格品出库记录!$G:$G,合格品出库记录!$E:$E,日报!$D:$D,合格品出库记录!$A:$A,日报!AU$3),"") | AV33: =IF(SUMIFS(合格品出库记录!$G:$G,合格品出库记录!$E:$E,日报!$D:$D,合格品出库记录!$A:$A,日报!AV$3)<>0,SUMIFS(合格品出库记录!$G:$G,合格品出库记录!$E:$E,日报!$D:$D,合格品出库记录!$A:$A,日报!AV$3),"") | AW33: =IF(SUMIFS(合格品出库记录!$G:$G,合格品出库记录!$E:$E,日报!$D:$D,合格品出库记录!$A:$A,日报!AW$3)<>0,SUMIFS(合格品出库记录!$G:$G,合格品出库记录!$E:$E,日报!$D:$D,合格品出库记录!$A:$A,日报!AW$3),"") | AX33: =IF(SUMIFS(合格品出库记录!$G:$G,合格品出库记录!$E:$E,日报!$D:$D,合格品出库记录!$A:$A,日报!AX$3)<>0,SUMIFS(合格品出库记录!$G:$G,合格品出库记录!$E:$E,日报!$D:$D,合格品出库记录!$A:$A,日报!AX$3),"") | AY33: =IF(SUMIFS(合格品出库记录!$G:$G,合格品出库记录!$E:$E,日报!$D:$D,合格品出库记录!$A:$A,日报!AY$3)<>0,SUMIFS(合格品出库记录!$G:$G,合格品出库记录!$E:$E,日报!$D:$D,合格品出库记录!$A:$A,日报!AY$3),"") | AZ33: =IF(SUMIFS(合格品出库记录!$G:$G,合格品出库记录!$E:$E,日报!$D:$D,合格品出库记录!$A:$A,日报!AZ$3)<>0,SUMIFS(合格品出库记录!$G:$G,合格品出库记录!$E:$E,日报!$D:$D,合格品出库记录!$A:$A,日报!AZ$3),"") | BA33: =IF(SUMIFS(合格品出库记录!$G:$G,合格品出库记录!$E:$E,日报!$D:$D,合格品出库记录!$A:$A,日报!BA$3)<>0,SUMIFS(合格品出库记录!$G:$G,合格品出库记录!$E:$E,日报!$D:$D,合格品出库记录!$A:$A,日报!BA$3),"") | BB33: =IF(SUMIFS(合格品出库记录!$G:$G,合格品出库记录!$E:$E,日报!$D:$D,合格品出库记录!$A:$A,日报!BB$3)<>0,SUMIFS(合格品出库记录!$G:$G,合格品出库记录!$E:$E,日报!$D:$D,合格品出库记录!$A:$A,日报!BB$3),"") | ... BY33: =IF(SUMIFS(合格品出库记录!$G:$G,合格品出库记录!$E:$E,日报!$D:$D,合格品出库记录!$A:$A,日报!BY$3)<>0,SUMIFS(合格品出库记录!$G:$G,合格品出库记录!$E:$E,日报!$D:$D,合格品出库记录!$A:$A,日报!BY$3),"") | BZ33: =IF(SUMIFS(领跑良品退回!$G:$G,领跑良品退回!$E:$E,日报!$D:$D,领跑良品退回!$A:$A,日报!BZ$3)<>0,SUMIFS(领跑良品退回!$G:$G,领跑良品退回!$E:$E,日报!$D:$D,领跑良品退回!$A:$A,日报!BZ$3),"") | CA33: =IF(SUMIFS(领跑良品退回!$G:$G,领跑良品退回!$E:$E,日报!$D:$D,领跑良品退回!$A:$A,日报!CA$3)<>0,SUMIFS(领跑良品退回!$G:$G,领跑良品退回!$E:$E,日报!$D:$D,领跑良品退回!$A:$A,日报!CA$3),"") | CB33: =IF(SUMIFS(领跑良品退回!$G:$G,领跑良品退回!$E:$E,日报!$D:$D,领跑良品退回!$A:$A,日报!CB$3)<>0,SUMIFS(领跑良品退回!$G:$G,领跑良品退回!$E:$E,日报!$D:$D,领跑良品退回!$A:$A,日报!CB$3),"") | CC33: =IF(SUMIFS(领跑良品退回!$G:$G,领跑良品退回!$E:$E,日报!$D:$D,领跑良品退回!$A:$A,日报!CC$3)<>0,SUMIFS(领跑良品退回!$G:$G,领跑良品退回!$E:$E,日报!$D:$D,领跑良品退回!$A:$A,日报!CC$3),"") | CD33: =IF(SUMIFS(领跑良品退回!$G:$G,领跑良品退回!$E:$E,日报!$D:$D,领跑良品退回!$A:$A,日报!CD$3)<>0,SUMIFS(领跑良品退回!$G:$G,领跑良品退回!$E:$E,日报!$D:$D,领跑良品退回!$A:$A,日报!CD$3),"") | CE33: =IF(SUMIFS(领跑良品退回!$G:$G,领跑良品退回!$E:$E,日报!$D:$D,领跑良品退回!$A:$A,日报!CE$3)<>0,SUMIFS(领跑良品退回!$G:$G,领跑良品退回!$E:$E,日报!$D:$D,领跑良品退回!$A:$A,日报!CE$3),"") | CF33: =IF(SUMIFS(领跑良品退回!$G:$G,领跑良品退回!$E:$E,日报!$D:$D,领跑良品退回!$A:$A,日报!CF$3)<>0,SUMIFS(领跑良品退回!$G:$G,领跑良品退回!$E:$E,日报!$D:$D,领跑良品退回!$A:$A,日报!CF$3),"") | CG33: =IF(SUMIFS(领跑良品退回!$G:$G,领跑良品退回!$E:$E,日报!$D:$D,领跑良品退回!$A:$A,日报!CG$3)<>0,SUMIFS(领跑良品退回!$G:$G,领跑良品退回!$E:$E,日报!$D:$D,领跑良品退回!$A:$A,日报!CG$3),"") | ... DD33: =IF(SUMIFS(领跑良品退回!$G:$G,领跑良品退回!$E:$E,日报!$D:$D,领跑良品退回!$A:$A,日报!DD$3)<>0,SUMIFS(领跑良品退回!$G:$G,领跑良品退回!$E:$E,日报!$D:$D,领跑良品退回!$A:$A,日报!DD$3),"")
A34: 78 | B34: 1DC | C34: 东莞市硅翔绝缘材料有限公司 | D34: 3.2.49.08.00608-000 | E34: LPC11_LFP_FPC231 | F34: =IFERROR(VLOOKUP(D81,'[1]#REF'!D:F,3,FALSE),"0") -> 0 | G34: 93 | H34: =SUMIF(合格品入库记录!E:E,日报!D81,合格品入库记录!G:G) -> 0 | I34: =SUMIF(合格品出库记录!E:E,日报!D81,合格品出库记录!G:G) -> 0 | J34: =SUMIF(领跑良品退回!E:E,D81,领跑良品退回!G:G) -> 0 | K34: =M81+L81 -> 0 | L34: =SUMIF(不良品库存!D:D,D:D,不良品库存!F:F) -> 0 | M34: =G81+H81-I81+J81 -> 0 | N34: 0 | O34: 1 | P34: =IF(SUMIFS(合格品入库记录!$G:$G,合格品入库记录!$E:$E,日报!$D:$D,合格品入库记录!$A:$A,日报!P$3)<>0,SUMIFS(合格品入库记录!$G:$G,合格品入库记录!$E:$E,日报!$D:$D,合格品入库记录!$A:$A,日报!P$3),"") | Q34: =IF(SUMIFS(合格品入库记录!$G:$G,合格品入库记录!$E:$E,日报!$D:$D,合格品入库记录!$A:$A,日报!Q$3)<>0,SUMIFS(合格品入库记录!$G:$G,合格品入库记录!$E:$E,日报!$D:$D,合格品入库记录!$A:$A,日报!Q$3),"") | R34: =IF(SUMIFS(合格品入库记录!$G:$G,合格品入库记录!$E:$E,日报!$D:$D,合格品入库记录!$A:$A,日报!R$3)<>0,SUMIFS(合格品入库记录!$G:$G,合格品入库记录!$E:$E,日报!$D:$D,合格品入库记录!$A:$A,日报!R$3),"") | S34: =IF(SUMIFS(合格品入库记录!$G:$G,合格品入库记录!$E:$E,日报!$D:$D,合格品入库记录!$A:$A,日报!S$3)<>0,SUMIFS(合格品入库记录!$G:$G,合格品入库记录!$E:$E,日报!$D:$D,合格品入库记录!$A:$A,日报!S$3),"") | T34: =IF(SUMIFS(合格品入库记录!$G:$G,合格品入库记录!$E:$E,日报!$D:$D,合格品入库记录!$A:$A,日报!T$3)<>0,SUMIFS(合格品入库记录!$G:$G,合格品入库记录!$E:$E,日报!$D:$D,合格品入库记录!$A:$A,日报!T$3),"") | U34: =IF(SUMIFS(合格品入库记录!$G:$G,合格品入库记录!$E:$E,日报!$D:$D,合格品入库记录!$A:$A,日报!U$3)<>0,SUMIFS(合格品入库记录!$G:$G,合格品入库记录!$E:$E,日报!$D:$D,合格品入库记录!$A:$A,日报!U$3),"") | V34: =IF(SUMIFS(合格品入库记录!$G:$G,合格品入库记录!$E:$E,日报!$D:$D,合格品入库记录!$A:$A,日报!V$3)<>0,SUMIFS(合格品入库记录!$G:$G,合格品入库记录!$E:$E,日报!$D:$D,合格品入库记录!$A:$A,日报!V$3),"") | W34: =IF(SUMIFS(合格品入库记录!$G:$G,合格品入库记录!$E:$E,日报!$D:$D,合格品入库记录!$A:$A,日报!W$3)<>0,SUMIFS(合格品入库记录!$G:$G,合格品入库记录!$E:$E,日报!$D:$D,合格品入库记录!$A:$A,日报!W$3),"") | ... AT34: =IF(SUMIFS(合格品入库记录!$G:$G,合格品入库记录!$E:$E,日报!$D:$D,合格品入库记录!$A:$A,日报!AT$3)<>0,SUMIFS(合格品入库记录!$G:$G,合格品入库记录!$E:$E,日报!$D:$D,合格品入库记录!$A:$A,日报!AT$3),"") | AU34: =IF(SUMIFS(合格品出库记录!$G:$G,合格品出库记录!$E:$E,日报!$D:$D,合格品出库记录!$A:$A,日报!AU$3)<>0,SUMIFS(合格品出库记录!$G:$G,合格品出库记录!$E:$E,日报!$D:$D,合格品出库记录!$A:$A,日报!AU$3),"") | AV34: =IF(SUMIFS(合格品出库记录!$G:$G,合格品出库记录!$E:$E,日报!$D:$D,合格品出库记录!$A:$A,日报!AV$3)<>0,SUMIFS(合格品出库记录!$G:$G,合格品出库记录!$E:$E,日报!$D:$D,合格品出库记录!$A:$A,日报!AV$3),"") | AW34: =IF(SUMIFS(合格品出库记录!$G:$G,合格品出库记录!$E:$E,日报!$D:$D,合格品出库记录!$A:$A,日报!AW$3)<>0,SUMIFS(合格品出库记录!$G:$G,合格品出库记录!$E:$E,日报!$D:$D,合格品出库记录!$A:$A,日报!AW$3),"") | AX34: =IF(SUMIFS(合格品出库记录!$G:$G,合格品出库记录!$E:$E,日报!$D:$D,合格品出库记录!$A:$A,日报!AX$3)<>0,SUMIFS(合格品出库记录!$G:$G,合格品出库记录!$E:$E,日报!$D:$D,合格品出库记录!$A:$A,日报!AX$3),"") | AY34: =IF(SUMIFS(合格品出库记录!$G:$G,合格品出库记录!$E:$E,日报!$D:$D,合格品出库记录!$A:$A,日报!AY$3)<>0,SUMIFS(合格品出库记录!$G:$G,合格品出库记录!$E:$E,日报!$D:$D,合格品出库记录!$A:$A,日报!AY$3),"") | AZ34: =IF(SUMIFS(合格品出库记录!$G:$G,合格品出库记录!$E:$E,日报!$D:$D,合格品出库记录!$A:$A,日报!AZ$3)<>0,SUMIFS(合格品出库记录!$G:$G,合格品出库记录!$E:$E,日报!$D:$D,合格品出库记录!$A:$A,日报!AZ$3),"") | BA34: =IF(SUMIFS(合格品出库记录!$G:$G,合格品出库记录!$E:$E,日报!$D:$D,合格品出库记录!$A:$A,日报!BA$3)<>0,SUMIFS(合格品出库记录!$G:$G,合格品出库记录!$E:$E,日报!$D:$D,合格品出库记录!$A:$A,日报!BA$3),"") | BB34: =IF(SUMIFS(合格品出库记录!$G:$G,合格品出库记录!$E:$E,日报!$D:$D,合格品出库记录!$A:$A,日报!BB$3)<>0,SUMIFS(合格品出库记录!$G:$G,合格品出库记录!$E:$E,日报!$D:$D,合格品出库记录!$A:$A,日报!BB$3),"") | ... BY34: =IF(SUMIFS(合格品出库记录!$G:$G,合格品出库记录!$E:$E,日报!$D:$D,合格品出库记录!$A:$A,日报!BY$3)<>0,SUMIFS(合格品出库记录!$G:$G,合格品出库记录!$E:$E,日报!$D:$D,合格品出库记录!$A:$A,日报!BY$3),"") | BZ34: =IF(SUMIFS(领跑良品退回!$G:$G,领跑良品退回!$E:$E,日报!$D:$D,领跑良品退回!$A:$A,日报!BZ$3)<>0,SUMIFS(领跑良品退回!$G:$G,领跑良品退回!$E:$E,日报!$D:$D,领跑良品退回!$A:$A,日报!BZ$3),"") | CA34: =IF(SUMIFS(领跑良品退回!$G:$G,领跑良品退回!$E:$E,日报!$D:$D,领跑良品退回!$A:$A,日报!CA$3)<>0,SUMIFS(领跑良品退回!$G:$G,领跑良品退回!$E:$E,日报!$D:$D,领跑良品退回!$A:$A,日报!CA$3),"") | CB34: =IF(SUMIFS(领跑良品退回!$G:$G,领跑良品退回!$E:$E,日报!$D:$D,领跑良品退回!$A:$A,日报!CB$3)<>0,SUMIFS(领跑良品退回!$G:$G,领跑良品退回!$E:$E,日报!$D:$D,领跑良品退回!$A:$A,日报!CB$3),"") | CC34: =IF(SUMIFS(领跑良品退回!$G:$G,领跑良品退回!$E:$E,日报!$D:$D,领跑良品退回!$A:$A,日报!CC$3)<>0,SUMIFS(领跑良品退回!$G:$G,领跑良品退回!$E:$E,日报!$D:$D,领跑良品退回!$A:$A,日报!CC$3),"") | CD34: =IF(SUMIFS(领跑良品退回!$G:$G,领跑良品退回!$E:$E,日报!$D:$D,领跑良品退回!$A:$A,日报!CD$3)<>0,SUMIFS(领跑良品退回!$G:$G,领跑良品退回!$E:$E,日报!$D:$D,领跑良品退回!$A:$A,日报!CD$3),"") | CE34: =IF(SUMIFS(领跑良品退回!$G:$G,领跑良品退回!$E:$E,日报!$D:$D,领跑良品退回!$A:$A,日报!CE$3)<>0,SUMIFS(领跑良品退回!$G:$G,领跑良品退回!$E:$E,日报!$D:$D,领跑良品退回!$A:$A,日报!CE$3),"") | CF34: =IF(SUMIFS(领跑良品退回!$G:$G,领跑良品退回!$E:$E,日报!$D:$D,领跑良品退回!$A:$A,日报!CF$3)<>0,SUMIFS(领跑良品退回!$G:$G,领跑良品退回!$E:$E,日报!$D:$D,领跑良品退回!$A:$A,日报!CF$3),"") | CG34: =IF(SUMIFS(领跑良品退回!$G:$G,领跑良品退回!$E:$E,日报!$D:$D,领跑良品退回!$A:$A,日报!CG$3)<>0,SUMIFS(领跑良品退回!$G:$G,领跑良品退回!$E:$E,日报!$D:$D,领跑良品退回!$A:$A,日报!CG$3),"") | ... DD34: =IF(SUMIFS(领跑良品退回!$G:$G,领跑良品退回!$E:$E,日报!$D:$D,领跑良品退回!$A:$A,日报!DD$3)<>0,SUMIFS(领跑良品退回!$G:$G,领跑良品退回!$E:$E,日报!$D:$D,领跑良品退回!$A:$A,日报!DD$3),"")
A35: 79 | B35: 1DC | C35: 东莞市硅翔绝缘材料有限公司 | D35: 3.2.49.08.00567-000 | E35: LPC11_FPC10S_X | F35: =IFERROR(VLOOKUP(D82,'[1]#REF'!D:F,3,FALSE),"0") -> 0 | G35: 0 | H35: =SUMIF(合格品入库记录!E:E,日报!D82,合格品入库记录!G:G) -> 0 | I35: =SUMIF(合格品出库记录!E:E,日报!D82,合格品出库记录!G:G) -> 0 | J35: =SUMIF(领跑良品退回!E:E,D82,领跑良品退回!G:G) -> 0 | K35: =M82+L82 -> 0 | L35: =SUMIF(不良品库存!D:D,D:D,不良品库存!F:F) -> 0 | M35: =G82+H82-I82+J82 -> 0 | N35: #N/A | O35: 1 | P35: =IF(SUMIFS(合格品入库记录!$G:$G,合格品入库记录!$E:$E,日报!$D:$D,合格品入库记录!$A:$A,日报!P$3)<>0,SUMIFS(合格品入库记录!$G:$G,合格品入库记录!$E:$E,日报!$D:$D,合格品入库记录!$A:$A,日报!P$3),"") | Q35: =IF(SUMIFS(合格品入库记录!$G:$G,合格品入库记录!$E:$E,日报!$D:$D,合格品入库记录!$A:$A,日报!Q$3)<>0,SUMIFS(合格品入库记录!$G:$G,合格品入库记录!$E:$E,日报!$D:$D,合格品入库记录!$A:$A,日报!Q$3),"") | R35: =IF(SUMIFS(合格品入库记录!$G:$G,合格品入库记录!$E:$E,日报!$D:$D,合格品入库记录!$A:$A,日报!R$3)<>0,SUMIFS(合格品入库记录!$G:$G,合格品入库记录!$E:$E,日报!$D:$D,合格品入库记录!$A:$A,日报!R$3),"") | S35: =IF(SUMIFS(合格品入库记录!$G:$G,合格品入库记录!$E:$E,日报!$D:$D,合格品入库记录!$A:$A,日报!S$3)<>0,SUMIFS(合格品入库记录!$G:$G,合格品入库记录!$E:$E,日报!$D:$D,合格品入库记录!$A:$A,日报!S$3),"") | T35: =IF(SUMIFS(合格品入库记录!$G:$G,合格品入库记录!$E:$E,日报!$D:$D,合格品入库记录!$A:$A,日报!T$3)<>0,SUMIFS(合格品入库记录!$G:$G,合格品入库记录!$E:$E,日报!$D:$D,合格品入库记录!$A:$A,日报!T$3),"") | U35: =IF(SUMIFS(合格品入库记录!$G:$G,合格品入库记录!$E:$E,日报!$D:$D,合格品入库记录!$A:$A,日报!U$3)<>0,SUMIFS(合格品入库记录!$G:$G,合格品入库记录!$E:$E,日报!$D:$D,合格品入库记录!$A:$A,日报!U$3),"") | V35: =IF(SUMIFS(合格品入库记录!$G:$G,合格品入库记录!$E:$E,日报!$D:$D,合格品入库记录!$A:$A,日报!V$3)<>0,SUMIFS(合格品入库记录!$G:$G,合格品入库记录!$E:$E,日报!$D:$D,合格品入库记录!$A:$A,日报!V$3),"") | W35: =IF(SUMIFS(合格品入库记录!$G:$G,合格品入库记录!$E:$E,日报!$D:$D,合格品入库记录!$A:$A,日报!W$3)<>0,SUMIFS(合格品入库记录!$G:$G,合格品入库记录!$E:$E,日报!$D:$D,合格品入库记录!$A:$A,日报!W$3),"") | ... AT35: =IF(SUMIFS(合格品入库记录!$G:$G,合格品入库记录!$E:$E,日报!$D:$D,合格品入库记录!$A:$A,日报!AT$3)<>0,SUMIFS(合格品入库记录!$G:$G,合格品入库记录!$E:$E,日报!$D:$D,合格品入库记录!$A:$A,日报!AT$3),"") | AU35: =IF(SUMIFS(合格品出库记录!$G:$G,合格品出库记录!$E:$E,日报!$D:$D,合格品出库记录!$A:$A,日报!AU$3)<>0,SUMIFS(合格品出库记录!$G:$G,合格品出库记录!$E:$E,日报!$D:$D,合格品出库记录!$A:$A,日报!AU$3),"") | AV35: =IF(SUMIFS(合格品出库记录!$G:$G,合格品出库记录!$E:$E,日报!$D:$D,合格品出库记录!$A:$A,日报!AV$3)<>0,SUMIFS(合格品出库记录!$G:$G,合格品出库记录!$E:$E,日报!$D:$D,合格品出库记录!$A:$A,日报!AV$3),"") | AW35: =IF(SUMIFS(合格品出库记录!$G:$G,合格品出库记录!$E:$E,日报!$D:$D,合格品出库记录!$A:$A,日报!AW$3)<>0,SUMIFS(合格品出库记录!$G:$G,合格品出库记录!$E:$E,日报!$D:$D,合格品出库记录!$A:$A,日报!AW$3),"") | AX35: =IF(SUMIFS(合格品出库记录!$G:$G,合格品出库记录!$E:$E,日报!$D:$D,合格品出库记录!$A:$A,日报!AX$3)<>0,SUMIFS(合格品出库记录!$G:$G,合格品出库记录!$E:$E,日报!$D:$D,合格品出库记录!$A:$A,日报!AX$3),"") | AY35: =IF(SUMIFS(合格品出库记录!$G:$G,合格品出库记录!$E:$E,日报!$D:$D,合格品出库记录!$A:$A,日报!AY$3)<>0,SUMIFS(合格品出库记录!$G:$G,合格品出库记录!$E:$E,日报!$D:$D,合格品出库记录!$A:$A,日报!AY$3),"") | AZ35: =IF(SUMIFS(合格品出库记录!$G:$G,合格品出库记录!$E:$E,日报!$D:$D,合格品出库记录!$A:$A,日报!AZ$3)<>0,SUMIFS(合格品出库记录!$G:$G,合格品出库记录!$E:$E,日报!$D:$D,合格品出库记录!$A:$A,日报!AZ$3),"") | BA35: =IF(SUMIFS(合格品出库记录!$G:$G,合格品出库记录!$E:$E,日报!$D:$D,合格品出库记录!$A:$A,日报!BA$3)<>0,SUMIFS(合格品出库记录!$G:$G,合格品出库记录!$E:$E,日报!$D:$D,合格品出库记录!$A:$A,日报!BA$3),"") | BB35: =IF(SUMIFS(合格品出库记录!$G:$G,合格品出库记录!$E:$E,日报!$D:$D,合格品出库记录!$A:$A,日报!BB$3)<>0,SUMIFS(合格品出库记录!$G:$G,合格品出库记录!$E:$E,日报!$D:$D,合格品出库记录!$A:$A,日报!BB$3),"") | ... BY35: =IF(SUMIFS(合格品出库记录!$G:$G,合格品出库记录!$E:$E,日报!$D:$D,合格品出库记录!$A:$A,日报!BY$3)<>0,SUMIFS(合格品出库记录!$G:$G,合格品出库记录!$E:$E,日报!$D:$D,合格品出库记录!$A:$A,日报!BY$3),"") | BZ35: =IF(SUMIFS(领跑良品退回!$G:$G,领跑良品退回!$E:$E,日报!$D:$D,领跑良品退回!$A:$A,日报!BZ$3)<>0,SUMIFS(领跑良品退回!$G:$G,领跑良品退回!$E:$E,日报!$D:$D,领跑良品退回!$A:$A,日报!BZ$3),"") | CA35: =IF(SUMIFS(领跑良品退回!$G:$G,领跑良品退回!$E:$E,日报!$D:$D,领跑良品退回!$A:$A,日报!CA$3)<>0,SUMIFS(领跑良品退回!$G:$G,领跑良品退回!$E:$E,日报!$D:$D,领跑良品退回!$A:$A,日报!CA$3),"") | CB35: =IF(SUMIFS(领跑良品退回!$G:$G,领跑良品退回!$E:$E,日报!$D:$D,领跑良品退回!$A:$A,日报!CB$3)<>0,SUMIFS(领跑良品退回!$G:$G,领跑良品退回!$E:$E,日报!$D:$D,领跑良品退回!$A:$A,日报!CB$3),"") | CC35: =IF(SUMIFS(领跑良品退回!$G:$G,领跑良品退回!$E:$E,日报!$D:$D,领跑良品退回!$A:$A,日报!CC$3)<>0,SUMIFS(领跑良品退回!$G:$G,领跑良品退回!$E:$E,日报!$D:$D,领跑良品退回!$A:$A,日报!CC$3),"") | CD35: =IF(SUMIFS(领跑良品退回!$G:$G,领跑良品退回!$E:$E,日报!$D:$D,领跑良品退回!$A:$A,日报!CD$3)<>0,SUMIFS(领跑良品退回!$G:$G,领跑良品退回!$E:$E,日报!$D:$D,领跑良品退回!$A:$A,日报!CD$3),"") | CE35: =IF(SUMIFS(领跑良品退回!$G:$G,领跑良品退回!$E:$E,日报!$D:$D,领跑良品退回!$A:$A,日报!CE$3)<>0,SUMIFS(领跑良品退回!$G:$G,领跑良品退回!$E:$E,日报!$D:$D,领跑良品退回!$A:$A,日报!CE$3),"") | CF35: =IF(SUMIFS(领跑良品退回!$G:$G,领跑良品退回!$E:$E,日报!$D:$D,领跑良品退回!$A:$A,日报!CF$3)<>0,SUMIFS(领跑良品退回!$G:$G,领跑良品退回!$E:$E,日报!$D:$D,领跑良品退回!$A:$A,日报!CF$3),"") | CG35: =IF(SUMIFS(领跑良品退回!$G:$G,领跑良品退回!$E:$E,日报!$D:$D,领跑良品退回!$A:$A,日报!CG$3)<>0,SUMIFS(领跑良品退回!$G:$G,领跑良品退回!$E:$E,日报!$D:$D,领跑良品退回!$A:$A,日报!CG$3),"") | ... DD35: =IF(SUMIFS(领跑良品退回!$G:$G,领跑良品退回!$E:$E,日报!$D:$D,领跑良品退回!$A:$A,日报!DD$3)<>0,SUMIFS(领跑良品退回!$G:$G,领跑良品退回!$E:$E,日报!$D:$D,领跑良品退回!$A:$A,日报!DD$3),"")
A36: 80 | B36: 1DC | C36: 东莞市硅翔绝缘材料有限公司 | D36: 3.2.49.08.00763-000 | E36: LP-C11RE0_FPC_A21 | F36: =IFERROR(VLOOKUP(D83,'[1]#REF'!D:F,3,FALSE),"0") -> 0 | G36: 0 | H36: =SUMIF(合格品入库记录!E:E,日报!D83,合格品入库记录!G:G) -> 0 | I36: =SUMIF(合格品出库记录!E:E,日报!D83,合格品出库记录!G:G) -> 0 | J36: =SUMIF(领跑良品退回!E:E,D83,领跑良品退回!G:G) -> 0 | K36: =M83+L83 -> 0 | L36: =SUMIF(不良品库存!D:D,D:D,不良品库存!F:F) -> 0 | M36: =G83+H83-I83+J83 -> 0 | N36: 0 | O36: 1 | P36: =IF(SUMIFS(合格品入库记录!$G:$G,合格品入库记录!$E:$E,日报!$D:$D,合格品入库记录!$A:$A,日报!P$3)<>0,SUMIFS(合格品入库记录!$G:$G,合格品入库记录!$E:$E,日报!$D:$D,合格品入库记录!$A:$A,日报!P$3),"") | Q36: =IF(SUMIFS(合格品入库记录!$G:$G,合格品入库记录!$E:$E,日报!$D:$D,合格品入库记录!$A:$A,日报!Q$3)<>0,SUMIFS(合格品入库记录!$G:$G,合格品入库记录!$E:$E,日报!$D:$D,合格品入库记录!$A:$A,日报!Q$3),"") | R36: =IF(SUMIFS(合格品入库记录!$G:$G,合格品入库记录!$E:$E,日报!$D:$D,合格品入库记录!$A:$A,日报!R$3)<>0,SUMIFS(合格品入库记录!$G:$G,合格品入库记录!$E:$E,日报!$D:$D,合格品入库记录!$A:$A,日报!R$3),"") | S36: =IF(SUMIFS(合格品入库记录!$G:$G,合格品入库记录!$E:$E,日报!$D:$D,合格品入库记录!$A:$A,日报!S$3)<>0,SUMIFS(合格品入库记录!$G:$G,合格品入库记录!$E:$E,日报!$D:$D,合格品入库记录!$A:$A,日报!S$3),"") | T36: =IF(SUMIFS(合格品入库记录!$G:$G,合格品入库记录!$E:$E,日报!$D:$D,合格品入库记录!$A:$A,日报!T$3)<>0,SUMIFS(合格品入库记录!$G:$G,合格品入库记录!$E:$E,日报!$D:$D,合格品入库记录!$A:$A,日报!T$3),"") | U36: =IF(SUMIFS(合格品入库记录!$G:$G,合格品入库记录!$E:$E,日报!$D:$D,合格品入库记录!$A:$A,日报!U$3)<>0,SUMIFS(合格品入库记录!$G:$G,合格品入库记录!$E:$E,日报!$D:$D,合格品入库记录!$A:$A,日报!U$3),"") | V36: =IF(SUMIFS(合格品入库记录!$G:$G,合格品入库记录!$E:$E,日报!$D:$D,合格品入库记录!$A:$A,日报!V$3)<>0,SUMIFS(合格品入库记录!$G:$G,合格品入库记录!$E:$E,日报!$D:$D,合格品入库记录!$A:$A,日报!V$3),"") | W36: =IF(SUMIFS(合格品入库记录!$G:$G,合格品入库记录!$E:$E,日报!$D:$D,合格品入库记录!$A:$A,日报!W$3)<>0,SUMIFS(合格品入库记录!$G:$G,合格品入库记录!$E:$E,日报!$D:$D,合格品入库记录!$A:$A,日报!W$3),"") | ... AT36: =IF(SUMIFS(合格品入库记录!$G:$G,合格品入库记录!$E:$E,日报!$D:$D,合格品入库记录!$A:$A,日报!AT$3)<>0,SUMIFS(合格品入库记录!$G:$G,合格品入库记录!$E:$E,日报!$D:$D,合格品入库记录!$A:$A,日报!AT$3),"") | AU36: =IF(SUMIFS(合格品出库记录!$G:$G,合格品出库记录!$E:$E,日报!$D:$D,合格品出库记录!$A:$A,日报!AU$3)<>0,SUMIFS(合格品出库记录!$G:$G,合格品出库记录!$E:$E,日报!$D:$D,合格品出库记录!$A:$A,日报!AU$3),"") | AV36: =IF(SUMIFS(合格品出库记录!$G:$G,合格品出库记录!$E:$E,日报!$D:$D,合格品出库记录!$A:$A,日报!AV$3)<>0,SUMIFS(合格品出库记录!$G:$G,合格品出库记录!$E:$E,日报!$D:$D,合格品出库记录!$A:$A,日报!AV$3),"") | AW36: =IF(SUMIFS(合格品出库记录!$G:$G,合格品出库记录!$E:$E,日报!$D:$D,合格品出库记录!$A:$A,日报!AW$3)<>0,SUMIFS(合格品出库记录!$G:$G,合格品出库记录!$E:$E,日报!$D:$D,合格品出库记录!$A:$A,日报!AW$3),"") | AX36: =IF(SUMIFS(合格品出库记录!$G:$G,合格品出库记录!$E:$E,日报!$D:$D,合格品出库记录!$A:$A,日报!AX$3)<>0,SUMIFS(合格品出库记录!$G:$G,合格品出库记录!$E:$E,日报!$D:$D,合格品出库记录!$A:$A,日报!AX$3),"") | AY36: =IF(SUMIFS(合格品出库记录!$G:$G,合格品出库记录!$E:$E,日报!$D:$D,合格品出库记录!$A:$A,日报!AY$3)<>0,SUMIFS(合格品出库记录!$G:$G,合格品出库记录!$E:$E,日报!$D:$D,合格品出库记录!$A:$A,日报!AY$3),"") | AZ36: =IF(SUMIFS(合格品出库记录!$G:$G,合格品出库记录!$E:$E,日报!$D:$D,合格品出库记录!$A:$A,日报!AZ$3)<>0,SUMIFS(合格品出库记录!$G:$G,合格品出库记录!$E:$E,日报!$D:$D,合格品出库记录!$A:$A,日报!AZ$3),"") | BA36: =IF(SUMIFS(合格品出库记录!$G:$G,合格品出库记录!$E:$E,日报!$D:$D,合格品出库记录!$A:$A,日报!BA$3)<>0,SUMIFS(合格品出库记录!$G:$G,合格品出库记录!$E:$E,日报!$D:$D,合格品出库记录!$A:$A,日报!BA$3),"") | BB36: =IF(SUMIFS(合格品出库记录!$G:$G,合格品出库记录!$E:$E,日报!$D:$D,合格品出库记录!$A:$A,日报!BB$3)<>0,SUMIFS(合格品出库记录!$G:$G,合格品出库记录!$E:$E,日报!$D:$D,合格品出库记录!$A:$A,日报!BB$3),"") | ... BY36: =IF(SUMIFS(合格品出库记录!$G:$G,合格品出库记录!$E:$E,日报!$D:$D,合格品出库记录!$A:$A,日报!BY$3)<>0,SUMIFS(合格品出库记录!$G:$G,合格品出库记录!$E:$E,日报!$D:$D,合格品出库记录!$A:$A,日报!BY$3),"") | BZ36: =IF(SUMIFS(领跑良品退回!$G:$G,领跑良品退回!$E:$E,日报!$D:$D,领跑良品退回!$A:$A,日报!BZ$3)<>0,SUMIFS(领跑良品退回!$G:$G,领跑良品退回!$E:$E,日报!$D:$D,领跑良品退回!$A:$A,日报!BZ$3),"") | CA36: =IF(SUMIFS(领跑良品退回!$G:$G,领跑良品退回!$E:$E,日报!$D:$D,领跑良品退回!$A:$A,日报!CA$3)<>0,SUMIFS(领跑良品退回!$G:$G,领跑良品退回!$E:$E,日报!$D:$D,领跑良品退回!$A:$A,日报!CA$3),"") | CB36: =IF(SUMIFS(领跑良品退回!$G:$G,领跑良品退回!$E:$E,日报!$D:$D,领跑良品退回!$A:$A,日报!CB$3)<>0,SUMIFS(领跑良品退回!$G:$G,领跑良品退回!$E:$E,日报!$D:$D,领跑良品退回!$A:$A,日报!CB$3),"") | CC36: =IF(SUMIFS(领跑良品退回!$G:$G,领跑良品退回!$E:$E,日报!$D:$D,领跑良品退回!$A:$A,日报!CC$3)<>0,SUMIFS(领跑良品退回!$G:$G,领跑良品退回!$E:$E,日报!$D:$D,领跑良品退回!$A:$A,日报!CC$3),"") | CD36: =IF(SUMIFS(领跑良品退回!$G:$G,领跑良品退回!$E:$E,日报!$D:$D,领跑良品退回!$A:$A,日报!CD$3)<>0,SUMIFS(领跑良品退回!$G:$G,领跑良品退回!$E:$E,日报!$D:$D,领跑良品退回!$A:$A,日报!CD$3),"") | CE36: =IF(SUMIFS(领跑良品退回!$G:$G,领跑良品退回!$E:$E,日报!$D:$D,领跑良品退回!$A:$A,日报!CE$3)<>0,SUMIFS(领跑良品退回!$G:$G,领跑良品退回!$E:$E,日报!$D:$D,领跑良品退回!$A:$A,日报!CE$3),"") | CF36: =IF(SUMIFS(领跑良品退回!$G:$G,领跑良品退回!$E:$E,日报!$D:$D,领跑良品退回!$A:$A,日报!CF$3)<>0,SUMIFS(领跑良品退回!$G:$G,领跑良品退回!$E:$E,日报!$D:$D,领跑良品退回!$A:$A,日报!CF$3),"") | CG36: =IF(SUMIFS(领跑良品退回!$G:$G,领跑良品退回!$E:$E,日报!$D:$D,领跑良品退回!$A:$A,日报!CG$3)<>0,SUMIFS(领跑良品退回!$G:$G,领跑良品退回!$E:$E,日报!$D:$D,领跑良品退回!$A:$A,日报!CG$3),"") | ... DD36: =IF(SUMIFS(领跑良品退回!$G:$G,领跑良品退回!$E:$E,日报!$D:$D,领跑良品退回!$A:$A,日报!DD$3)<>0,SUMIFS(领跑良品退回!$G:$G,领跑良品退回!$E:$E,日报!$D:$D,领跑良品退回!$A:$A,日报!DD$3),"")
A37: 81 | B37: 1DC | C37: 东莞市硅翔绝缘材料有限公司 | D37: 3.2.49.08.00758-000 | E37: LXC11-模组CCS总成16A-X | F37: =IFERROR(VLOOKUP(D84,'[1]#REF'!D:F,3,FALSE),"0") -> 0 | G37: 35 | H37: =SUMIF(合格品入库记录!E:E,日报!D84,合格品入库记录!G:G) -> 0 | I37: =SUMIF(合格品出库记录!E:E,日报!D84,合格品出库记录!G:G) -> 0 | J37: =SUMIF(领跑良品退回!E:E,D84,领跑良品退回!G:G) -> 0 | K37: =M84+L84 -> 0 | L37: =SUMIF(不良品库存!D:D,D:D,不良品库存!F:F) -> 0 | M37: =G84+H84-I84+J84 -> 0 | N37: 0 | O37: 1 | P37: =IF(SUMIFS(合格品入库记录!$G:$G,合格品入库记录!$E:$E,日报!$D:$D,合格品入库记录!$A:$A,日报!P$3)<>0,SUMIFS(合格品入库记录!$G:$G,合格品入库记录!$E:$E,日报!$D:$D,合格品入库记录!$A:$A,日报!P$3),"") | Q37: =IF(SUMIFS(合格品入库记录!$G:$G,合格品入库记录!$E:$E,日报!$D:$D,合格品入库记录!$A:$A,日报!Q$3)<>0,SUMIFS(合格品入库记录!$G:$G,合格品入库记录!$E:$E,日报!$D:$D,合格品入库记录!$A:$A,日报!Q$3),"") | R37: =IF(SUMIFS(合格品入库记录!$G:$G,合格品入库记录!$E:$E,日报!$D:$D,合格品入库记录!$A:$A,日报!R$3)<>0,SUMIFS(合格品入库记录!$G:$G,合格品入库记录!$E:$E,日报!$D:$D,合格品入库记录!$A:$A,日报!R$3),"") | S37: =IF(SUMIFS(合格品入库记录!$G:$G,合格品入库记录!$E:$E,日报!$D:$D,合格品入库记录!$A:$A,日报!S$3)<>0,SUMIFS(合格品入库记录!$G:$G,合格品入库记录!$E:$E,日报!$D:$D,合格品入库记录!$A:$A,日报!S$3),"") | T37: =IF(SUMIFS(合格品入库记录!$G:$G,合格品入库记录!$E:$E,日报!$D:$D,合格品入库记录!$A:$A,日报!T$3)<>0,SUMIFS(合格品入库记录!$G:$G,合格品入库记录!$E:$E,日报!$D:$D,合格品入库记录!$A:$A,日报!T$3),"") | U37: =IF(SUMIFS(合格品入库记录!$G:$G,合格品入库记录!$E:$E,日报!$D:$D,合格品入库记录!$A:$A,日报!U$3)<>0,SUMIFS(合格品入库记录!$G:$G,合格品入库记录!$E:$E,日报!$D:$D,合格品入库记录!$A:$A,日报!U$3),"") | V37: =IF(SUMIFS(合格品入库记录!$G:$G,合格品入库记录!$E:$E,日报!$D:$D,合格品入库记录!$A:$A,日报!V$3)<>0,SUMIFS(合格品入库记录!$G:$G,合格品入库记录!$E:$E,日报!$D:$D,合格品入库记录!$A:$A,日报!V$3),"") | W37: =IF(SUMIFS(合格品入库记录!$G:$G,合格品入库记录!$E:$E,日报!$D:$D,合格品入库记录!$A:$A,日报!W$3)<>0,SUMIFS(合格品入库记录!$G:$G,合格品入库记录!$E:$E,日报!$D:$D,合格品入库记录!$A:$A,日报!W$3),"") | ... AT37: =IF(SUMIFS(合格品入库记录!$G:$G,合格品入库记录!$E:$E,日报!$D:$D,合格品入库记录!$A:$A,日报!AT$3)<>0,SUMIFS(合格品入库记录!$G:$G,合格品入库记录!$E:$E,日报!$D:$D,合格品入库记录!$A:$A,日报!AT$3),"") | AU37: =IF(SUMIFS(合格品出库记录!$G:$G,合格品出库记录!$E:$E,日报!$D:$D,合格品出库记录!$A:$A,日报!AU$3)<>0,SUMIFS(合格品出库记录!$G:$G,合格品出库记录!$E:$E,日报!$D:$D,合格品出库记录!$A:$A,日报!AU$3),"") | AV37: =IF(SUMIFS(合格品出库记录!$G:$G,合格品出库记录!$E:$E,日报!$D:$D,合格品出库记录!$A:$A,日报!AV$3)<>0,SUMIFS(合格品出库记录!$G:$G,合格品出库记录!$E:$E,日报!$D:$D,合格品出库记录!$A:$A,日报!AV$3),"") | AW37: =IF(SUMIFS(合格品出库记录!$G:$G,合格品出库记录!$E:$E,日报!$D:$D,合格品出库记录!$A:$A,日报!AW$3)<>0,SUMIFS(合格品出库记录!$G:$G,合格品出库记录!$E:$E,日报!$D:$D,合格品出库记录!$A:$A,日报!AW$3),"") | AX37: =IF(SUMIFS(合格品出库记录!$G:$G,合格品出库记录!$E:$E,日报!$D:$D,合格品出库记录!$A:$A,日报!AX$3)<>0,SUMIFS(合格品出库记录!$G:$G,合格品出库记录!$E:$E,日报!$D:$D,合格品出库记录!$A:$A,日报!AX$3),"") | AY37: =IF(SUMIFS(合格品出库记录!$G:$G,合格品出库记录!$E:$E,日报!$D:$D,合格品出库记录!$A:$A,日报!AY$3)<>0,SUMIFS(合格品出库记录!$G:$G,合格品出库记录!$E:$E,日报!$D:$D,合格品出库记录!$A:$A,日报!AY$3),"") | AZ37: =IF(SUMIFS(合格品出库记录!$G:$G,合格品出库记录!$E:$E,日报!$D:$D,合格品出库记录!$A:$A,日报!AZ$3)<>0,SUMIFS(合格品出库记录!$G:$G,合格品出库记录!$E:$E,日报!$D:$D,合格品出库记录!$A:$A,日报!AZ$3),"") | BA37: =IF(SUMIFS(合格品出库记录!$G:$G,合格品出库记录!$E:$E,日报!$D:$D,合格品出库记录!$A:$A,日报!BA$3)<>0,SUMIFS(合格品出库记录!$G:$G,合格品出库记录!$E:$E,日报!$D:$D,合格品出库记录!$A:$A,日报!BA$3),"") | BB37: =IF(SUMIFS(合格品出库记录!$G:$G,合格品出库记录!$E:$E,日报!$D:$D,合格品出库记录!$A:$A,日报!BB$3)<>0,SUMIFS(合格品出库记录!$G:$G,合格品出库记录!$E:$E,日报!$D:$D,合格品出库记录!$A:$A,日报!BB$3),"") | ... BY37: =IF(SUMIFS(合格品出库记录!$G:$G,合格品出库记录!$E:$E,日报!$D:$D,合格品出库记录!$A:$A,日报!BY$3)<>0,SUMIFS(合格品出库记录!$G:$G,合格品出库记录!$E:$E,日报!$D:$D,合格品出库记录!$A:$A,日报!BY$3),"") | BZ37: =IF(SUMIFS(领跑良品退回!$G:$G,领跑良品退回!$E:$E,日报!$D:$D,领跑良品退回!$A:$A,日报!BZ$3)<>0,SUMIFS(领跑良品退回!$G:$G,领跑良品退回!$E:$E,日报!$D:$D,领跑良品退回!$A:$A,日报!BZ$3),"") | CA37: =IF(SUMIFS(领跑良品退回!$G:$G,领跑良品退回!$E:$E,日报!$D:$D,领跑良品退回!$A:$A,日报!CA$3)<>0,SUMIFS(领跑良品退回!$G:$G,领跑良品退回!$E:$E,日报!$D:$D,领跑良品退回!$A:$A,日报!CA$3),"") | CB37: =IF(SUMIFS(领跑良品退回!$G:$G,领跑良品退回!$E:$E,日报!$D:$D,领跑良品退回!$A:$A,日报!CB$3)<>0,SUMIFS(领跑良品退回!$G:$G,领跑良品退回!$E:$E,日报!$D:$D,领跑良品退回!$A:$A,日报!CB$3),"") | CC37: =IF(SUMIFS(领跑良品退回!$G:$G,领跑良品退回!$E:$E,日报!$D:$D,领跑良品退回!$A:$A,日报!CC$3)<>0,SUMIFS(领跑良品退回!$G:$G,领跑良品退回!$E:$E,日报!$D:$D,领跑良品退回!$A:$A,日报!CC$3),"") | CD37: =IF(SUMIFS(领跑良品退回!$G:$G,领跑良品退回!$E:$E,日报!$D:$D,领跑良品退回!$A:$A,日报!CD$3)<>0,SUMIFS(领跑良品退回!$G:$G,领跑良品退回!$E:$E,日报!$D:$D,领跑良品退回!$A:$A,日报!CD$3),"") | CE37: =IF(SUMIFS(领跑良品退回!$G:$G,领跑良品退回!$E:$E,日报!$D:$D,领跑良品退回!$A:$A,日报!CE$3)<>0,SUMIFS(领跑良品退回!$G:$G,领跑良品退回!$E:$E,日报!$D:$D,领跑良品退回!$A:$A,日报!CE$3),"") | CF37: =IF(SUMIFS(领跑良品退回!$G:$G,领跑良品退回!$E:$E,日报!$D:$D,领跑良品退回!$A:$A,日报!CF$3)<>0,SUMIFS(领跑良品退回!$G:$G,领跑良品退回!$E:$E,日报!$D:$D,领跑良品退回!$A:$A,日报!CF$3),"") | CG37: =IF(SUMIFS(领跑良品退回!$G:$G,领跑良品退回!$E:$E,日报!$D:$D,领跑良品退回!$A:$A,日报!CG$3)<>0,SUMIFS(领跑良品退回!$G:$G,领跑良品退回!$E:$E,日报!$D:$D,领跑良品退回!$A:$A,日报!CG$3),"") | ... DD37: =IF(SUMIFS(领跑良品退回!$G:$G,领跑良品退回!$E:$E,日报!$D:$D,领跑良品退回!$A:$A,日报!DD$3)<>0,SUMIFS(领跑良品退回!$G:$G,领跑良品退回!$E:$E,日报!$D:$D,领跑良品退回!$A:$A,日报!DD$3),"")
A38: 82 | B38: 1DC | C38: 东莞市硅翔绝缘材料有限公司 | D38: 3.2.49.08.00759-000 | E38: LXC11-模组CCS总成16B-X | F38: =IFERROR(VLOOKUP(D85,'[1]#REF'!D:F,3,FALSE),"0") -> 0 | G38: 0 | H38: =SUMIF(合格品入库记录!E:E,日报!D85,合格品入库记录!G:G) -> 0 | I38: =SUMIF(合格品出库记录!E:E,日报!D85,合格品出库记录!G:G) -> 0 | J38: =SUMIF(领跑良品退回!E:E,D85,领跑良品退回!G:G) -> 0 | K38: =M85+L85 -> 0 | L38: =SUMIF(不良品库存!D:D,D:D,不良品库存!F:F) -> 0 | M38: =G85+H85-I85+J85 -> 0 | N38: 0 | O38: 1 | P38: =IF(SUMIFS(合格品入库记录!$G:$G,合格品入库记录!$E:$E,日报!$D:$D,合格品入库记录!$A:$A,日报!P$3)<>0,SUMIFS(合格品入库记录!$G:$G,合格品入库记录!$E:$E,日报!$D:$D,合格品入库记录!$A:$A,日报!P$3),"") | Q38: =IF(SUMIFS(合格品入库记录!$G:$G,合格品入库记录!$E:$E,日报!$D:$D,合格品入库记录!$A:$A,日报!Q$3)<>0,SUMIFS(合格品入库记录!$G:$G,合格品入库记录!$E:$E,日报!$D:$D,合格品入库记录!$A:$A,日报!Q$3),"") | R38: =IF(SUMIFS(合格品入库记录!$G:$G,合格品入库记录!$E:$E,日报!$D:$D,合格品入库记录!$A:$A,日报!R$3)<>0,SUMIFS(合格品入库记录!$G:$G,合格品入库记录!$E:$E,日报!$D:$D,合格品入库记录!$A:$A,日报!R$3),"") | S38: =IF(SUMIFS(合格品入库记录!$G:$G,合格品入库记录!$E:$E,日报!$D:$D,合格品入库记录!$A:$A,日报!S$3)<>0,SUMIFS(合格品入库记录!$G:$G,合格品入库记录!$E:$E,日报!$D:$D,合格品入库记录!$A:$A,日报!S$3),"") | T38: =IF(SUMIFS(合格品入库记录!$G:$G,合格品入库记录!$E:$E,日报!$D:$D,合格品入库记录!$A:$A,日报!T$3)<>0,SUMIFS(合格品入库记录!$G:$G,合格品入库记录!$E:$E,日报!$D:$D,合格品入库记录!$A:$A,日报!T$3),"") | U38: =IF(SUMIFS(合格品入库记录!$G:$G,合格品入库记录!$E:$E,日报!$D:$D,合格品入库记录!$A:$A,日报!U$3)<>0,SUMIFS(合格品入库记录!$G:$G,合格品入库记录!$E:$E,日报!$D:$D,合格品入库记录!$A:$A,日报!U$3),"") | V38: =IF(SUMIFS(合格品入库记录!$G:$G,合格品入库记录!$E:$E,日报!$D:$D,合格品入库记录!$A:$A,日报!V$3)<>0,SUMIFS(合格品入库记录!$G:$G,合格品入库记录!$E:$E,日报!$D:$D,合格品入库记录!$A:$A,日报!V$3),"") | W38: =IF(SUMIFS(合格品入库记录!$G:$G,合格品入库记录!$E:$E,日报!$D:$D,合格品入库记录!$A:$A,日报!W$3)<>0,SUMIFS(合格品入库记录!$G:$G,合格品入库记录!$E:$E,日报!$D:$D,合格品入库记录!$A:$A,日报!W$3),"") | ... AT38: =IF(SUMIFS(合格品入库记录!$G:$G,合格品入库记录!$E:$E,日报!$D:$D,合格品入库记录!$A:$A,日报!AT$3)<>0,SUMIFS(合格品入库记录!$G:$G,合格品入库记录!$E:$E,日报!$D:$D,合格品入库记录!$A:$A,日报!AT$3),"") | AU38: =IF(SUMIFS(合格品出库记录!$G:$G,合格品出库记录!$E:$E,日报!$D:$D,合格品出库记录!$A:$A,日报!AU$3)<>0,SUMIFS(合格品出库记录!$G:$G,合格品出库记录!$E:$E,日报!$D:$D,合格品出库记录!$A:$A,日报!AU$3),"") | AV38: =IF(SUMIFS(合格品出库记录!$G:$G,合格品出库记录!$E:$E,日报!$D:$D,合格品出库记录!$A:$A,日报!AV$3)<>0,SUMIFS(合格品出库记录!$G:$G,合格品出库记录!$E:$E,日报!$D:$D,合格品出库记录!$A:$A,日报!AV$3),"") | AW38: =IF(SUMIFS(合格品出库记录!$G:$G,合格品出库记录!$E:$E,日报!$D:$D,合格品出库记录!$A:$A,日报!AW$3)<>0,SUMIFS(合格品出库记录!$G:$G,合格品出库记录!$E:$E,日报!$D:$D,合格品出库记录!$A:$A,日报!AW$3),"") | AX38: =IF(SUMIFS(合格品出库记录!$G:$G,合格品出库记录!$E:$E,日报!$D:$D,合格品出库记录!$A:$A,日报!AX$3)<>0,SUMIFS(合格品出库记录!$G:$G,合格品出库记录!$E:$E,日报!$D:$D,合格品出库记录!$A:$A,日报!AX$3),"") | AY38: =IF(SUMIFS(合格品出库记录!$G:$G,合格品出库记录!$E:$E,日报!$D:$D,合格品出库记录!$A:$A,日报!AY$3)<>0,SUMIFS(合格品出库记录!$G:$G,合格品出库记录!$E:$E,日报!$D:$D,合格品出库记录!$A:$A,日报!AY$3),"") | AZ38: =IF(SUMIFS(合格品出库记录!$G:$G,合格品出库记录!$E:$E,日报!$D:$D,合格品出库记录!$A:$A,日报!AZ$3)<>0,SUMIFS(合格品出库记录!$G:$G,合格品出库记录!$E:$E,日报!$D:$D,合格品出库记录!$A:$A,日报!AZ$3),"") | BA38: =IF(SUMIFS(合格品出库记录!$G:$G,合格品出库记录!$E:$E,日报!$D:$D,合格品出库记录!$A:$A,日报!BA$3)<>0,SUMIFS(合格品出库记录!$G:$G,合格品出库记录!$E:$E,日报!$D:$D,合格品出库记录!$A:$A,日报!BA$3),"") | BB38: =IF(SUMIFS(合格品出库记录!$G:$G,合格品出库记录!$E:$E,日报!$D:$D,合格品出库记录!$A:$A,日报!BB$3)<>0,SUMIFS(合格品出库记录!$G:$G,合格品出库记录!$E:$E,日报!$D:$D,合格品出库记录!$A:$A,日报!BB$3),"") | ... BY38: =IF(SUMIFS(合格品出库记录!$G:$G,合格品出库记录!$E:$E,日报!$D:$D,合格品出库记录!$A:$A,日报!BY$3)<>0,SUMIFS(合格品出库记录!$G:$G,合格品出库记录!$E:$E,日报!$D:$D,合格品出库记录!$A:$A,日报!BY$3),"") | BZ38: =IF(SUMIFS(领跑良品退回!$G:$G,领跑良品退回!$E:$E,日报!$D:$D,领跑良品退回!$A:$A,日报!BZ$3)<>0,SUMIFS(领跑良品退回!$G:$G,领跑良品退回!$E:$E,日报!$D:$D,领跑良品退回!$A:$A,日报!BZ$3),"") | CA38: =IF(SUMIFS(领跑良品退回!$G:$G,领跑良品退回!$E:$E,日报!$D:$D,领跑良品退回!$A:$A,日报!CA$3)<>0,SUMIFS(领跑良品退回!$G:$G,领跑良品退回!$E:$E,日报!$D:$D,领跑良品退回!$A:$A,日报!CA$3),"") | CB38: =IF(SUMIFS(领跑良品退回!$G:$G,领跑良品退回!$E:$E,日报!$D:$D,领跑良品退回!$A:$A,日报!CB$3)<>0,SUMIFS(领跑良品退回!$G:$G,领跑良品退回!$E:$E,日报!$D:$D,领跑良品退回!$A:$A,日报!CB$3),"") | CC38: =IF(SUMIFS(领跑良品退回!$G:$G,领跑良品退回!$E:$E,日报!$D:$D,领跑良品退回!$A:$A,日报!CC$3)<>0,SUMIFS(领跑良品退回!$G:$G,领跑良品退回!$E:$E,日报!$D:$D,领跑良品退回!$A:$A,日报!CC$3),"") | CD38: =IF(SUMIFS(领跑良品退回!$G:$G,领跑良品退回!$E:$E,日报!$D:$D,领跑良品退回!$A:$A,日报!CD$3)<>0,SUMIFS(领跑良品退回!$G:$G,领跑良品退回!$E:$E,日报!$D:$D,领跑良品退回!$A:$A,日报!CD$3),"") | CE38: =IF(SUMIFS(领跑良品退回!$G:$G,领跑良品退回!$E:$E,日报!$D:$D,领跑良品退回!$A:$A,日报!CE$3)<>0,SUMIFS(领跑良品退回!$G:$G,领跑良品退回!$E:$E,日报!$D:$D,领跑良品退回!$A:$A,日报!CE$3),"") | CF38: =IF(SUMIFS(领跑良品退回!$G:$G,领跑良品退回!$E:$E,日报!$D:$D,领跑良品退回!$A:$A,日报!CF$3)<>0,SUMIFS(领跑良品退回!$G:$G,领跑良品退回!$E:$E,日报!$D:$D,领跑良品退回!$A:$A,日报!CF$3),"") | CG38: =IF(SUMIFS(领跑良品退回!$G:$G,领跑良品退回!$E:$E,日报!$D:$D,领跑良品退回!$A:$A,日报!CG$3)<>0,SUMIFS(领跑良品退回!$G:$G,领跑良品退回!$E:$E,日报!$D:$D,领跑良品退回!$A:$A,日报!CG$3),"") | ... DD38: =IF(SUMIFS(领跑良品退回!$G:$G,领跑良品退回!$E:$E,日报!$D:$D,领跑良品退回!$A:$A,日报!DD$3)<>0,SUMIFS(领跑良品退回!$G:$G,领跑良品退回!$E:$E,日报!$D:$D,领跑良品退回!$A:$A,日报!DD$3),"")
A39: 83 | B39: 1DC | C39: 东莞市硅翔绝缘材料有限公司 | D39: 3.2.49.08.00760-000 | E39: LXC11-模组CCS总成10S-X | F39: =IFERROR(VLOOKUP(D86,'[1]#REF'!D:F,3,FALSE),"0") -> 0 | G39: 25 | H39: =SUMIF(合格品入库记录!E:E,日报!D86,合格品入库记录!G:G) -> 0 | I39: =SUMIF(合格品出库记录!E:E,日报!D86,合格品出库记录!G:G) -> 0 | J39: =SUMIF(领跑良品退回!E:E,D86,领跑良品退回!G:G) -> 0 | K39: =M86+L86 -> 0 | L39: =SUMIF(不良品库存!D:D,D:D,不良品库存!F:F) -> 0 | M39: =G86+H86-I86+J86 -> 0 | N39: 0 | O39: 1 | P39: =IF(SUMIFS(合格品入库记录!$G:$G,合格品入库记录!$E:$E,日报!$D:$D,合格品入库记录!$A:$A,日报!P$3)<>0,SUMIFS(合格品入库记录!$G:$G,合格品入库记录!$E:$E,日报!$D:$D,合格品入库记录!$A:$A,日报!P$3),"") | Q39: =IF(SUMIFS(合格品入库记录!$G:$G,合格品入库记录!$E:$E,日报!$D:$D,合格品入库记录!$A:$A,日报!Q$3)<>0,SUMIFS(合格品入库记录!$G:$G,合格品入库记录!$E:$E,日报!$D:$D,合格品入库记录!$A:$A,日报!Q$3),"") | R39: =IF(SUMIFS(合格品入库记录!$G:$G,合格品入库记录!$E:$E,日报!$D:$D,合格品入库记录!$A:$A,日报!R$3)<>0,SUMIFS(合格品入库记录!$G:$G,合格品入库记录!$E:$E,日报!$D:$D,合格品入库记录!$A:$A,日报!R$3),"") | S39: =IF(SUMIFS(合格品入库记录!$G:$G,合格品入库记录!$E:$E,日报!$D:$D,合格品入库记录!$A:$A,日报!S$3)<>0,SUMIFS(合格品入库记录!$G:$G,合格品入库记录!$E:$E,日报!$D:$D,合格品入库记录!$A:$A,日报!S$3),"") | T39: =IF(SUMIFS(合格品入库记录!$G:$G,合格品入库记录!$E:$E,日报!$D:$D,合格品入库记录!$A:$A,日报!T$3)<>0,SUMIFS(合格品入库记录!$G:$G,合格品入库记录!$E:$E,日报!$D:$D,合格品入库记录!$A:$A,日报!T$3),"") | U39: =IF(SUMIFS(合格品入库记录!$G:$G,合格品入库记录!$E:$E,日报!$D:$D,合格品入库记录!$A:$A,日报!U$3)<>0,SUMIFS(合格品入库记录!$G:$G,合格品入库记录!$E:$E,日报!$D:$D,合格品入库记录!$A:$A,日报!U$3),"") | V39: =IF(SUMIFS(合格品入库记录!$G:$G,合格品入库记录!$E:$E,日报!$D:$D,合格品入库记录!$A:$A,日报!V$3)<>0,SUMIFS(合格品入库记录!$G:$G,合格品入库记录!$E:$E,日报!$D:$D,合格品入库记录!$A:$A,日报!V$3),"") | W39: =IF(SUMIFS(合格品入库记录!$G:$G,合格品入库记录!$E:$E,日报!$D:$D,合格品入库记录!$A:$A,日报!W$3)<>0,SUMIFS(合格品入库记录!$G:$G,合格品入库记录!$E:$E,日报!$D:$D,合格品入库记录!$A:$A,日报!W$3),"") | ... AT39: =IF(SUMIFS(合格品入库记录!$G:$G,合格品入库记录!$E:$E,日报!$D:$D,合格品入库记录!$A:$A,日报!AT$3)<>0,SUMIFS(合格品入库记录!$G:$G,合格品入库记录!$E:$E,日报!$D:$D,合格品入库记录!$A:$A,日报!AT$3),"") | AU39: =IF(SUMIFS(合格品出库记录!$G:$G,合格品出库记录!$E:$E,日报!$D:$D,合格品出库记录!$A:$A,日报!AU$3)<>0,SUMIFS(合格品出库记录!$G:$G,合格品出库记录!$E:$E,日报!$D:$D,合格品出库记录!$A:$A,日报!AU$3),"") | AV39: =IF(SUMIFS(合格品出库记录!$G:$G,合格品出库记录!$E:$E,日报!$D:$D,合格品出库记录!$A:$A,日报!AV$3)<>0,SUMIFS(合格品出库记录!$G:$G,合格品出库记录!$E:$E,日报!$D:$D,合格品出库记录!$A:$A,日报!AV$3),"") | AW39: =IF(SUMIFS(合格品出库记录!$G:$G,合格品出库记录!$E:$E,日报!$D:$D,合格品出库记录!$A:$A,日报!AW$3)<>0,SUMIFS(合格品出库记录!$G:$G,合格品出库记录!$E:$E,日报!$D:$D,合格品出库记录!$A:$A,日报!AW$3),"") | AX39: =IF(SUMIFS(合格品出库记录!$G:$G,合格品出库记录!$E:$E,日报!$D:$D,合格品出库记录!$A:$A,日报!AX$3)<>0,SUMIFS(合格品出库记录!$G:$G,合格品出库记录!$E:$E,日报!$D:$D,合格品出库记录!$A:$A,日报!AX$3),"") | AY39: =IF(SUMIFS(合格品出库记录!$G:$G,合格品出库记录!$E:$E,日报!$D:$D,合格品出库记录!$A:$A,日报!AY$3)<>0,SUMIFS(合格品出库记录!$G:$G,合格品出库记录!$E:$E,日报!$D:$D,合格品出库记录!$A:$A,日报!AY$3),"") | AZ39: =IF(SUMIFS(合格品出库记录!$G:$G,合格品出库记录!$E:$E,日报!$D:$D,合格品出库记录!$A:$A,日报!AZ$3)<>0,SUMIFS(合格品出库记录!$G:$G,合格品出库记录!$E:$E,日报!$D:$D,合格品出库记录!$A:$A,日报!AZ$3),"") | BA39: =IF(SUMIFS(合格品出库记录!$G:$G,合格品出库记录!$E:$E,日报!$D:$D,合格品出库记录!$A:$A,日报!BA$3)<>0,SUMIFS(合格品出库记录!$G:$G,合格品出库记录!$E:$E,日报!$D:$D,合格品出库记录!$A:$A,日报!BA$3),"") | BB39: =IF(SUMIFS(合格品出库记录!$G:$G,合格品出库记录!$E:$E,日报!$D:$D,合格品出库记录!$A:$A,日报!BB$3)<>0,SUMIFS(合格品出库记录!$G:$G,合格品出库记录!$E:$E,日报!$D:$D,合格品出库记录!$A:$A,日报!BB$3),"") | ... BY39: =IF(SUMIFS(合格品出库记录!$G:$G,合格品出库记录!$E:$E,日报!$D:$D,合格品出库记录!$A:$A,日报!BY$3)<>0,SUMIFS(合格品出库记录!$G:$G,合格品出库记录!$E:$E,日报!$D:$D,合格品出库记录!$A:$A,日报!BY$3),"") | BZ39: =IF(SUMIFS(领跑良品退回!$G:$G,领跑良品退回!$E:$E,日报!$D:$D,领跑良品退回!$A:$A,日报!BZ$3)<>0,SUMIFS(领跑良品退回!$G:$G,领跑良品退回!$E:$E,日报!$D:$D,领跑良品退回!$A:$A,日报!BZ$3),"") | CA39: =IF(SUMIFS(领跑良品退回!$G:$G,领跑良品退回!$E:$E,日报!$D:$D,领跑良品退回!$A:$A,日报!CA$3)<>0,SUMIFS(领跑良品退回!$G:$G,领跑良品退回!$E:$E,日报!$D:$D,领跑良品退回!$A:$A,日报!CA$3),"") | CB39: =IF(SUMIFS(领跑良品退回!$G:$G,领跑良品退回!$E:$E,日报!$D:$D,领跑良品退回!$A:$A,日报!CB$3)<>0,SUMIFS(领跑良品退回!$G:$G,领跑良品退回!$E:$E,日报!$D:$D,领跑良品退回!$A:$A,日报!CB$3),"") | CC39: =IF(SUMIFS(领跑良品退回!$G:$G,领跑良品退回!$E:$E,日报!$D:$D,领跑良品退回!$A:$A,日报!CC$3)<>0,SUMIFS(领跑良品退回!$G:$G,领跑良品退回!$E:$E,日报!$D:$D,领跑良品退回!$A:$A,日报!CC$3),"") | CD39: =IF(SUMIFS(领跑良品退回!$G:$G,领跑良品退回!$E:$E,日报!$D:$D,领跑良品退回!$A:$A,日报!CD$3)<>0,SUMIFS(领跑良品退回!$G:$G,领跑良品退回!$E:$E,日报!$D:$D,领跑良品退回!$A:$A,日报!CD$3),"") | CE39: =IF(SUMIFS(领跑良品退回!$G:$G,领跑良品退回!$E:$E,日报!$D:$D,领跑良品退回!$A:$A,日报!CE$3)<>0,SUMIFS(领跑良品退回!$G:$G,领跑良品退回!$E:$E,日报!$D:$D,领跑良品退回!$A:$A,日报!CE$3),"") | CF39: =IF(SUMIFS(领跑良品退回!$G:$G,领跑良品退回!$E:$E,日报!$D:$D,领跑良品退回!$A:$A,日报!CF$3)<>0,SUMIFS(领跑良品退回!$G:$G,领跑良品退回!$E:$E,日报!$D:$D,领跑良品退回!$A:$A,日报!CF$3),"") | CG39: =IF(SUMIFS(领跑良品退回!$G:$G,领跑良品退回!$E:$E,日报!$D:$D,领跑良品退回!$A:$A,日报!CG$3)<>0,SUMIFS(领跑良品退回!$G:$G,领跑良品退回!$E:$E,日报!$D:$D,领跑良品退回!$A:$A,日报!CG$3),"") | ... DD39: =IF(SUMIFS(领跑良品退回!$G:$G,领跑良品退回!$E:$E,日报!$D:$D,领跑良品退回!$A:$A,日报!DD$3)<>0,SUMIFS(领跑良品退回!$G:$G,领跑良品退回!$E:$E,日报!$D:$D,领跑良品退回!$A:$A,日报!DD$3),"")
A40: 84 | B40: 1DC | C40: 东莞市硅翔绝缘材料有限公司 | D40: 3.2.49.08.00827-000 | E40: LXC01Lite-FPC-21A | F40: =IFERROR(VLOOKUP(D87,'[1]#REF'!D:F,3,FALSE),"0") -> 0 | G40: 0 | H40: =SUMIF(合格品入库记录!E:E,日报!D87,合格品入库记录!G:G) -> 0 | I40: =SUMIF(合格品出库记录!E:E,日报!D87,合格品出库记录!G:G) -> 0 | J40: =SUMIF(领跑良品退回!E:E,D87,领跑良品退回!G:G) -> 0 | K40: =M87+L87 -> 0 | L40: =SUMIF(不良品库存!D:D,D:D,不良品库存!F:F) -> 0 | M40: =G87+H87-I87+J87 -> 0 | N40: #N/A | O40: 1 | P40: =IF(SUMIFS(合格品入库记录!$G:$G,合格品入库记录!$E:$E,日报!$D:$D,合格品入库记录!$A:$A,日报!P$3)<>0,SUMIFS(合格品入库记录!$G:$G,合格品入库记录!$E:$E,日报!$D:$D,合格品入库记录!$A:$A,日报!P$3),"") | Q40: =IF(SUMIFS(合格品入库记录!$G:$G,合格品入库记录!$E:$E,日报!$D:$D,合格品入库记录!$A:$A,日报!Q$3)<>0,SUMIFS(合格品入库记录!$G:$G,合格品入库记录!$E:$E,日报!$D:$D,合格品入库记录!$A:$A,日报!Q$3),"") | R40: =IF(SUMIFS(合格品入库记录!$G:$G,合格品入库记录!$E:$E,日报!$D:$D,合格品入库记录!$A:$A,日报!R$3)<>0,SUMIFS(合格品入库记录!$G:$G,合格品入库记录!$E:$E,日报!$D:$D,合格品入库记录!$A:$A,日报!R$3),"") | S40: =IF(SUMIFS(合格品入库记录!$G:$G,合格品入库记录!$E:$E,日报!$D:$D,合格品入库记录!$A:$A,日报!S$3)<>0,SUMIFS(合格品入库记录!$G:$G,合格品入库记录!$E:$E,日报!$D:$D,合格品入库记录!$A:$A,日报!S$3),"") | T40: =IF(SUMIFS(合格品入库记录!$G:$G,合格品入库记录!$E:$E,日报!$D:$D,合格品入库记录!$A:$A,日报!T$3)<>0,SUMIFS(合格品入库记录!$G:$G,合格品入库记录!$E:$E,日报!$D:$D,合格品入库记录!$A:$A,日报!T$3),"") | U40: =IF(SUMIFS(合格品入库记录!$G:$G,合格品入库记录!$E:$E,日报!$D:$D,合格品入库记录!$A:$A,日报!U$3)<>0,SUMIFS(合格品入库记录!$G:$G,合格品入库记录!$E:$E,日报!$D:$D,合格品入库记录!$A:$A,日报!U$3),"") | V40: =IF(SUMIFS(合格品入库记录!$G:$G,合格品入库记录!$E:$E,日报!$D:$D,合格品入库记录!$A:$A,日报!V$3)<>0,SUMIFS(合格品入库记录!$G:$G,合格品入库记录!$E:$E,日报!$D:$D,合格品入库记录!$A:$A,日报!V$3),"") | W40: =IF(SUMIFS(合格品入库记录!$G:$G,合格品入库记录!$E:$E,日报!$D:$D,合格品入库记录!$A:$A,日报!W$3)<>0,SUMIFS(合格品入库记录!$G:$G,合格品入库记录!$E:$E,日报!$D:$D,合格品入库记录!$A:$A,日报!W$3),"") | ... AT40: =IF(SUMIFS(合格品入库记录!$G:$G,合格品入库记录!$E:$E,日报!$D:$D,合格品入库记录!$A:$A,日报!AT$3)<>0,SUMIFS(合格品入库记录!$G:$G,合格品入库记录!$E:$E,日报!$D:$D,合格品入库记录!$A:$A,日报!AT$3),"") | AU40: =IF(SUMIFS(合格品出库记录!$G:$G,合格品出库记录!$E:$E,日报!$D:$D,合格品出库记录!$A:$A,日报!AU$3)<>0,SUMIFS(合格品出库记录!$G:$G,合格品出库记录!$E:$E,日报!$D:$D,合格品出库记录!$A:$A,日报!AU$3),"") | AV40: =IF(SUMIFS(合格品出库记录!$G:$G,合格品出库记录!$E:$E,日报!$D:$D,合格品出库记录!$A:$A,日报!AV$3)<>0,SUMIFS(合格品出库记录!$G:$G,合格品出库记录!$E:$E,日报!$D:$D,合格品出库记录!$A:$A,日报!AV$3),"") | AW40: =IF(SUMIFS(合格品出库记录!$G:$G,合格品出库记录!$E:$E,日报!$D:$D,合格品出库记录!$A:$A,日报!AW$3)<>0,SUMIFS(合格品出库记录!$G:$G,合格品出库记录!$E:$E,日报!$D:$D,合格品出库记录!$A:$A,日报!AW$3),"") | AX40: =IF(SUMIFS(合格品出库记录!$G:$G,合格品出库记录!$E:$E,日报!$D:$D,合格品出库记录!$A:$A,日报!AX$3)<>0,SUMIFS(合格品出库记录!$G:$G,合格品出库记录!$E:$E,日报!$D:$D,合格品出库记录!$A:$A,日报!AX$3),"") | AY40: =IF(SUMIFS(合格品出库记录!$G:$G,合格品出库记录!$E:$E,日报!$D:$D,合格品出库记录!$A:$A,日报!AY$3)<>0,SUMIFS(合格品出库记录!$G:$G,合格品出库记录!$E:$E,日报!$D:$D,合格品出库记录!$A:$A,日报!AY$3),"") | AZ40: =IF(SUMIFS(合格品出库记录!$G:$G,合格品出库记录!$E:$E,日报!$D:$D,合格品出库记录!$A:$A,日报!AZ$3)<>0,SUMIFS(合格品出库记录!$G:$G,合格品出库记录!$E:$E,日报!$D:$D,合格品出库记录!$A:$A,日报!AZ$3),"") | BA40: =IF(SUMIFS(合格品出库记录!$G:$G,合格品出库记录!$E:$E,日报!$D:$D,合格品出库记录!$A:$A,日报!BA$3)<>0,SUMIFS(合格品出库记录!$G:$G,合格品出库记录!$E:$E,日报!$D:$D,合格品出库记录!$A:$A,日报!BA$3),"") | BB40: =IF(SUMIFS(合格品出库记录!$G:$G,合格品出库记录!$E:$E,日报!$D:$D,合格品出库记录!$A:$A,日报!BB$3)<>0,SUMIFS(合格品出库记录!$G:$G,合格品出库记录!$E:$E,日报!$D:$D,合格品出库记录!$A:$A,日报!BB$3),"") | ... BY40: =IF(SUMIFS(合格品出库记录!$G:$G,合格品出库记录!$E:$E,日报!$D:$D,合格品出库记录!$A:$A,日报!BY$3)<>0,SUMIFS(合格品出库记录!$G:$G,合格品出库记录!$E:$E,日报!$D:$D,合格品出库记录!$A:$A,日报!BY$3),"") | BZ40: =IF(SUMIFS(领跑良品退回!$G:$G,领跑良品退回!$E:$E,日报!$D:$D,领跑良品退回!$A:$A,日报!BZ$3)<>0,SUMIFS(领跑良品退回!$G:$G,领跑良品退回!$E:$E,日报!$D:$D,领跑良品退回!$A:$A,日报!BZ$3),"") | CA40: =IF(SUMIFS(领跑良品退回!$G:$G,领跑良品退回!$E:$E,日报!$D:$D,领跑良品退回!$A:$A,日报!CA$3)<>0,SUMIFS(领跑良品退回!$G:$G,领跑良品退回!$E:$E,日报!$D:$D,领跑良品退回!$A:$A,日报!CA$3),"") | CB40: =IF(SUMIFS(领跑良品退回!$G:$G,领跑良品退回!$E:$E,日报!$D:$D,领跑良品退回!$A:$A,日报!CB$3)<>0,SUMIFS(领跑良品退回!$G:$G,领跑良品退回!$E:$E,日报!$D:$D,领跑良品退回!$A:$A,日报!CB$3),"") | CC40: =IF(SUMIFS(领跑良品退回!$G:$G,领跑良品退回!$E:$E,日报!$D:$D,领跑良品退回!$A:$A,日报!CC$3)<>0,SUMIFS(领跑良品退回!$G:$G,领跑良品退回!$E:$E,日报!$D:$D,领跑良品退回!$A:$A,日报!CC$3),"") | CD40: =IF(SUMIFS(领跑良品退回!$G:$G,领跑良品退回!$E:$E,日报!$D:$D,领跑良品退回!$A:$A,日报!CD$3)<>0,SUMIFS(领跑良品退回!$G:$G,领跑良品退回!$E:$E,日报!$D:$D,领跑良品退回!$A:$A,日报!CD$3),"") | CE40: =IF(SUMIFS(领跑良品退回!$G:$G,领跑良品退回!$E:$E,日报!$D:$D,领跑良品退回!$A:$A,日报!CE$3)<>0,SUMIFS(领跑良品退回!$G:$G,领跑良品退回!$E:$E,日报!$D:$D,领跑良品退回!$A:$A,日报!CE$3),"") | CF40: =IF(SUMIFS(领跑良品退回!$G:$G,领跑良品退回!$E:$E,日报!$D:$D,领跑良品退回!$A:$A,日报!CF$3)<>0,SUMIFS(领跑良品退回!$G:$G,领跑良品退回!$E:$E,日报!$D:$D,领跑良品退回!$A:$A,日报!CF$3),"") | CG40: =IF(SUMIFS(领跑良品退回!$G:$G,领跑良品退回!$E:$E,日报!$D:$D,领跑良品退回!$A:$A,日报!CG$3)<>0,SUMIFS(领跑良品退回!$G:$G,领跑良品退回!$E:$E,日报!$D:$D,领跑良品退回!$A:$A,日报!CG$3),"") | ... DD40: =IF(SUMIFS(领跑良品退回!$G:$G,领跑良品退回!$E:$E,日报!$D:$D,领跑良品退回!$A:$A,日报!DD$3)<>0,SUMIFS(领跑良品退回!$G:$G,领跑良品退回!$E:$E,日报!$D:$D,领跑良品退回!$A:$A,日报!DD$3),"")
A41: 85 | B41: 1DC | C41: 东莞市硅翔绝缘材料有限公司 | D41: 3.2.49.08.00828-000 | E41: LXC01Lite-FPC-21B | F41: =IFERROR(VLOOKUP(D88,'[1]#REF'!D:F,3,FALSE),"0") -> 0 | G41: 0 | H41: =SUMIF(合格品入库记录!E:E,日报!D88,合格品入库记录!G:G) -> 0 | I41: =SUMIF(合格品出库记录!E:E,日报!D88,合格品出库记录!G:G) -> 0 | J41: =SUMIF(领跑良品退回!E:E,D88,领跑良品退回!G:G) -> 0 | K41: =M88+L88 -> 0 | L41: =SUMIF(不良品库存!D:D,D:D,不良品库存!F:F) -> 0 | M41: =G88+H88-I88+J88 -> 0 | N41: #N/A | O41: 1 | P41: =IF(SUMIFS(合格品入库记录!$G:$G,合格品入库记录!$E:$E,日报!$D:$D,合格品入库记录!$A:$A,日报!P$3)<>0,SUMIFS(合格品入库记录!$G:$G,合格品入库记录!$E:$E,日报!$D:$D,合格品入库记录!$A:$A,日报!P$3),"") | Q41: =IF(SUMIFS(合格品入库记录!$G:$G,合格品入库记录!$E:$E,日报!$D:$D,合格品入库记录!$A:$A,日报!Q$3)<>0,SUMIFS(合格品入库记录!$G:$G,合格品入库记录!$E:$E,日报!$D:$D,合格品入库记录!$A:$A,日报!Q$3),"") | R41: =IF(SUMIFS(合格品入库记录!$G:$G,合格品入库记录!$E:$E,日报!$D:$D,合格品入库记录!$A:$A,日报!R$3)<>0,SUMIFS(合格品入库记录!$G:$G,合格品入库记录!$E:$E,日报!$D:$D,合格品入库记录!$A:$A,日报!R$3),"") | S41: =IF(SUMIFS(合格品入库记录!$G:$G,合格品入库记录!$E:$E,日报!$D:$D,合格品入库记录!$A:$A,日报!S$3)<>0,SUMIFS(合格品入库记录!$G:$G,合格品入库记录!$E:$E,日报!$D:$D,合格品入库记录!$A:$A,日报!S$3),"") | T41: =IF(SUMIFS(合格品入库记录!$G:$G,合格品入库记录!$E:$E,日报!$D:$D,合格品入库记录!$A:$A,日报!T$3)<>0,SUMIFS(合格品入库记录!$G:$G,合格品入库记录!$E:$E,日报!$D:$D,合格品入库记录!$A:$A,日报!T$3),"") | U41: =IF(SUMIFS(合格品入库记录!$G:$G,合格品入库记录!$E:$E,日报!$D:$D,合格品入库记录!$A:$A,日报!U$3)<>0,SUMIFS(合格品入库记录!$G:$G,合格品入库记录!$E:$E,日报!$D:$D,合格品入库记录!$A:$A,日报!U$3),"") | V41: =IF(SUMIFS(合格品入库记录!$G:$G,合格品入库记录!$E:$E,日报!$D:$D,合格品入库记录!$A:$A,日报!V$3)<>0,SUMIFS(合格品入库记录!$G:$G,合格品入库记录!$E:$E,日报!$D:$D,合格品入库记录!$A:$A,日报!V$3),"") | W41: =IF(SUMIFS(合格品入库记录!$G:$G,合格品入库记录!$E:$E,日报!$D:$D,合格品入库记录!$A:$A,日报!W$3)<>0,SUMIFS(合格品入库记录!$G:$G,合格品入库记录!$E:$E,日报!$D:$D,合格品入库记录!$A:$A,日报!W$3),"") | ... AT41: =IF(SUMIFS(合格品入库记录!$G:$G,合格品入库记录!$E:$E,日报!$D:$D,合格品入库记录!$A:$A,日报!AT$3)<>0,SUMIFS(合格品入库记录!$G:$G,合格品入库记录!$E:$E,日报!$D:$D,合格品入库记录!$A:$A,日报!AT$3),"") | AU41: =IF(SUMIFS(合格品出库记录!$G:$G,合格品出库记录!$E:$E,日报!$D:$D,合格品出库记录!$A:$A,日报!AU$3)<>0,SUMIFS(合格品出库记录!$G:$G,合格品出库记录!$E:$E,日报!$D:$D,合格品出库记录!$A:$A,日报!AU$3),"") | AV41: =IF(SUMIFS(合格品出库记录!$G:$G,合格品出库记录!$E:$E,日报!$D:$D,合格品出库记录!$A:$A,日报!AV$3)<>0,SUMIFS(合格品出库记录!$G:$G,合格品出库记录!$E:$E,日报!$D:$D,合格品出库记录!$A:$A,日报!AV$3),"") | AW41: =IF(SUMIFS(合格品出库记录!$G:$G,合格品出库记录!$E:$E,日报!$D:$D,合格品出库记录!$A:$A,日报!AW$3)<>0,SUMIFS(合格品出库记录!$G:$G,合格品出库记录!$E:$E,日报!$D:$D,合格品出库记录!$A:$A,日报!AW$3),"") | AX41: =IF(SUMIFS(合格品出库记录!$G:$G,合格品出库记录!$E:$E,日报!$D:$D,合格品出库记录!$A:$A,日报!AX$3)<>0,SUMIFS(合格品出库记录!$G:$G,合格品出库记录!$E:$E,日报!$D:$D,合格品出库记录!$A:$A,日报!AX$3),"") | AY41: =IF(SUMIFS(合格品出库记录!$G:$G,合格品出库记录!$E:$E,日报!$D:$D,合格品出库记录!$A:$A,日报!AY$3)<>0,SUMIFS(合格品出库记录!$G:$G,合格品出库记录!$E:$E,日报!$D:$D,合格品出库记录!$A:$A,日报!AY$3),"") | AZ41: =IF(SUMIFS(合格品出库记录!$G:$G,合格品出库记录!$E:$E,日报!$D:$D,合格品出库记录!$A:$A,日报!AZ$3)<>0,SUMIFS(合格品出库记录!$G:$G,合格品出库记录!$E:$E,日报!$D:$D,合格品出库记录!$A:$A,日报!AZ$3),"") | BA41: =IF(SUMIFS(合格品出库记录!$G:$G,合格品出库记录!$E:$E,日报!$D:$D,合格品出库记录!$A:$A,日报!BA$3)<>0,SUMIFS(合格品出库记录!$G:$G,合格品出库记录!$E:$E,日报!$D:$D,合格品出库记录!$A:$A,日报!BA$3),"") | BB41: =IF(SUMIFS(合格品出库记录!$G:$G,合格品出库记录!$E:$E,日报!$D:$D,合格品出库记录!$A:$A,日报!BB$3)<>0,SUMIFS(合格品出库记录!$G:$G,合格品出库记录!$E:$E,日报!$D:$D,合格品出库记录!$A:$A,日报!BB$3),"") | ... BY41: =IF(SUMIFS(合格品出库记录!$G:$G,合格品出库记录!$E:$E,日报!$D:$D,合格品出库记录!$A:$A,日报!BY$3)<>0,SUMIFS(合格品出库记录!$G:$G,合格品出库记录!$E:$E,日报!$D:$D,合格品出库记录!$A:$A,日报!BY$3),"") | BZ41: =IF(SUMIFS(领跑良品退回!$G:$G,领跑良品退回!$E:$E,日报!$D:$D,领跑良品退回!$A:$A,日报!BZ$3)<>0,SUMIFS(领跑良品退回!$G:$G,领跑良品退回!$E:$E,日报!$D:$D,领跑良品退回!$A:$A,日报!BZ$3),"") | CA41: =IF(SUMIFS(领跑良品退回!$G:$G,领跑良品退回!$E:$E,日报!$D:$D,领跑良品退回!$A:$A,日报!CA$3)<>0,SUMIFS(领跑良品退回!$G:$G,领跑良品退回!$E:$E,日报!$D:$D,领跑良品退回!$A:$A,日报!CA$3),"") | CB41: =IF(SUMIFS(领跑良品退回!$G:$G,领跑良品退回!$E:$E,日报!$D:$D,领跑良品退回!$A:$A,日报!CB$3)<>0,SUMIFS(领跑良品退回!$G:$G,领跑良品退回!$E:$E,日报!$D:$D,领跑良品退回!$A:$A,日报!CB$3),"") | CC41: =IF(SUMIFS(领跑良品退回!$G:$G,领跑良品退回!$E:$E,日报!$D:$D,领跑良品退回!$A:$A,日报!CC$3)<>0,SUMIFS(领跑良品退回!$G:$G,领跑良品退回!$E:$E,日报!$D:$D,领跑良品退回!$A:$A,日报!CC$3),"") | CD41: =IF(SUMIFS(领跑良品退回!$G:$G,领跑良品退回!$E:$E,日报!$D:$D,领跑良品退回!$A:$A,日报!CD$3)<>0,SUMIFS(领跑良品退回!$G:$G,领跑良品退回!$E:$E,日报!$D:$D,领跑良品退回!$A:$A,日报!CD$3),"") | CE41: =IF(SUMIFS(领跑良品退回!$G:$G,领跑良品退回!$E:$E,日报!$D:$D,领跑良品退回!$A:$A,日报!CE$3)<>0,SUMIFS(领跑良品退回!$G:$G,领跑良品退回!$E:$E,日报!$D:$D,领跑良品退回!$A:$A,日报!CE$3),"") | CF41: =IF(SUMIFS(领跑良品退回!$G:$G,领跑良品退回!$E:$E,日报!$D:$D,领跑良品退回!$A:$A,日报!CF$3)<>0,SUMIFS(领跑良品退回!$G:$G,领跑良品退回!$E:$E,日报!$D:$D,领跑良品退回!$A:$A,日报!CF$3),"") | CG41: =IF(SUMIFS(领跑良品退回!$G:$G,领跑良品退回!$E:$E,日报!$D:$D,领跑良品退回!$A:$A,日报!CG$3)<>0,SUMIFS(领跑良品退回!$G:$G,领跑良品退回!$E:$E,日报!$D:$D,领跑良品退回!$A:$A,日报!CG$3),"") | ... DD41: =IF(SUMIFS(领跑良品退回!$G:$G,领跑良品退回!$E:$E,日报!$D:$D,领跑良品退回!$A:$A,日报!DD$3)<>0,SUMIFS(领跑良品退回!$G:$G,领跑良品退回!$E:$E,日报!$D:$D,领跑良品退回!$A:$A,日报!DD$3),"")
A42: 86 | B42: 1DC | C42: 东莞市硅翔绝缘材料有限公司 | D42: 3.2.49.08.00764-000 | E42: LP-C11REO_FPC_B21 | F42: =IFERROR(VLOOKUP(D89,'[1]#REF'!D:F,3,FALSE),"0") -> 0 | G42: 0 | H42: =SUMIF(合格品入库记录!E:E,日报!D89,合格品入库记录!G:G) -> 0 | I42: =SUMIF(合格品出库记录!E:E,日报!D89,合格品出库记录!G:G) -> 0 | J42: =SUMIF(领跑良品退回!E:E,D89,领跑良品退回!G:G) -> 0 | K42: =M89+L89 -> 0 | L42: =SUMIF(不良品库存!D:D,D:D,不良品库存!F:F) -> 0 | M42: =G89+H89-I89+J89 -> 0 | N42: #N/A | P42: =IF(SUMIFS(合格品入库记录!$G:$G,合格品入库记录!$E:$E,日报!$D:$D,合格品入库记录!$A:$A,日报!P$3)<>0,SUMIFS(合格品入库记录!$G:$G,合格品入库记录!$E:$E,日报!$D:$D,合格品入库记录!$A:$A,日报!P$3),"") | Q42: =IF(SUMIFS(合格品入库记录!$G:$G,合格品入库记录!$E:$E,日报!$D:$D,合格品入库记录!$A:$A,日报!Q$3)<>0,SUMIFS(合格品入库记录!$G:$G,合格品入库记录!$E:$E,日报!$D:$D,合格品入库记录!$A:$A,日报!Q$3),"") | R42: =IF(SUMIFS(合格品入库记录!$G:$G,合格品入库记录!$E:$E,日报!$D:$D,合格品入库记录!$A:$A,日报!R$3)<>0,SUMIFS(合格品入库记录!$G:$G,合格品入库记录!$E:$E,日报!$D:$D,合格品入库记录!$A:$A,日报!R$3),"") | S42: =IF(SUMIFS(合格品入库记录!$G:$G,合格品入库记录!$E:$E,日报!$D:$D,合格品入库记录!$A:$A,日报!S$3)<>0,SUMIFS(合格品入库记录!$G:$G,合格品入库记录!$E:$E,日报!$D:$D,合格品入库记录!$A:$A,日报!S$3),"") | T42: =IF(SUMIFS(合格品入库记录!$G:$G,合格品入库记录!$E:$E,日报!$D:$D,合格品入库记录!$A:$A,日报!T$3)<>0,SUMIFS(合格品入库记录!$G:$G,合格品入库记录!$E:$E,日报!$D:$D,合格品入库记录!$A:$A,日报!T$3),"") | U42: =IF(SUMIFS(合格品入库记录!$G:$G,合格品入库记录!$E:$E,日报!$D:$D,合格品入库记录!$A:$A,日报!U$3)<>0,SUMIFS(合格品入库记录!$G:$G,合格品入库记录!$E:$E,日报!$D:$D,合格品入库记录!$A:$A,日报!U$3),"") | V42: =IF(SUMIFS(合格品入库记录!$G:$G,合格品入库记录!$E:$E,日报!$D:$D,合格品入库记录!$A:$A,日报!V$3)<>0,SUMIFS(合格品入库记录!$G:$G,合格品入库记录!$E:$E,日报!$D:$D,合格品入库记录!$A:$A,日报!V$3),"") | W42: =IF(SUMIFS(合格品入库记录!$G:$G,合格品入库记录!$E:$E,日报!$D:$D,合格品入库记录!$A:$A,日报!W$3)<>0,SUMIFS(合格品入库记录!$G:$G,合格品入库记录!$E:$E,日报!$D:$D,合格品入库记录!$A:$A,日报!W$3),"") | ... AT42: =IF(SUMIFS(合格品入库记录!$G:$G,合格品入库记录!$E:$E,日报!$D:$D,合格品入库记录!$A:$A,日报!AT$3)<>0,SUMIFS(合格品入库记录!$G:$G,合格品入库记录!$E:$E,日报!$D:$D,合格品入库记录!$A:$A,日报!AT$3),"") | AU42: =IF(SUMIFS(合格品出库记录!$G:$G,合格品出库记录!$E:$E,日报!$D:$D,合格品出库记录!$A:$A,日报!AU$3)<>0,SUMIFS(合格品出库记录!$G:$G,合格品出库记录!$E:$E,日报!$D:$D,合格品出库记录!$A:$A,日报!AU$3),"") | AV42: =IF(SUMIFS(合格品出库记录!$G:$G,合格品出库记录!$E:$E,日报!$D:$D,合格品出库记录!$A:$A,日报!AV$3)<>0,SUMIFS(合格品出库记录!$G:$G,合格品出库记录!$E:$E,日报!$D:$D,合格品出库记录!$A:$A,日报!AV$3),"") | AW42: =IF(SUMIFS(合格品出库记录!$G:$G,合格品出库记录!$E:$E,日报!$D:$D,合格品出库记录!$A:$A,日报!AW$3)<>0,SUMIFS(合格品出库记录!$G:$G,合格品出库记录!$E:$E,日报!$D:$D,合格品出库记录!$A:$A,日报!AW$3),"") | AX42: =IF(SUMIFS(合格品出库记录!$G:$G,合格品出库记录!$E:$E,日报!$D:$D,合格品出库记录!$A:$A,日报!AX$3)<>0,SUMIFS(合格品出库记录!$G:$G,合格品出库记录!$E:$E,日报!$D:$D,合格品出库记录!$A:$A,日报!AX$3),"") | AY42: =IF(SUMIFS(合格品出库记录!$G:$G,合格品出库记录!$E:$E,日报!$D:$D,合格品出库记录!$A:$A,日报!AY$3)<>0,SUMIFS(合格品出库记录!$G:$G,合格品出库记录!$E:$E,日报!$D:$D,合格品出库记录!$A:$A,日报!AY$3),"") | AZ42: =IF(SUMIFS(合格品出库记录!$G:$G,合格品出库记录!$E:$E,日报!$D:$D,合格品出库记录!$A:$A,日报!AZ$3)<>0,SUMIFS(合格品出库记录!$G:$G,合格品出库记录!$E:$E,日报!$D:$D,合格品出库记录!$A:$A,日报!AZ$3),"") | BA42: =IF(SUMIFS(合格品出库记录!$G:$G,合格品出库记录!$E:$E,日报!$D:$D,合格品出库记录!$A:$A,日报!BA$3)<>0,SUMIFS(合格品出库记录!$G:$G,合格品出库记录!$E:$E,日报!$D:$D,合格品出库记录!$A:$A,日报!BA$3),"") | BB42: =IF(SUMIFS(合格品出库记录!$G:$G,合格品出库记录!$E:$E,日报!$D:$D,合格品出库记录!$A:$A,日报!BB$3)<>0,SUMIFS(合格品出库记录!$G:$G,合格品出库记录!$E:$E,日报!$D:$D,合格品出库记录!$A:$A,日报!BB$3),"") | ... BY42: =IF(SUMIFS(合格品出库记录!$G:$G,合格品出库记录!$E:$E,日报!$D:$D,合格品出库记录!$A:$A,日报!BY$3)<>0,SUMIFS(合格品出库记录!$G:$G,合格品出库记录!$E:$E,日报!$D:$D,合格品出库记录!$A:$A,日报!BY$3),"") | BZ42: =IF(SUMIFS(领跑良品退回!$G:$G,领跑良品退回!$E:$E,日报!$D:$D,领跑良品退回!$A:$A,日报!BZ$3)<>0,SUMIFS(领跑良品退回!$G:$G,领跑良品退回!$E:$E,日报!$D:$D,领跑良品退回!$A:$A,日报!BZ$3),"") | CA42: =IF(SUMIFS(领跑良品退回!$G:$G,领跑良品退回!$E:$E,日报!$D:$D,领跑良品退回!$A:$A,日报!CA$3)<>0,SUMIFS(领跑良品退回!$G:$G,领跑良品退回!$E:$E,日报!$D:$D,领跑良品退回!$A:$A,日报!CA$3),"") | CB42: =IF(SUMIFS(领跑良品退回!$G:$G,领跑良品退回!$E:$E,日报!$D:$D,领跑良品退回!$A:$A,日报!CB$3)<>0,SUMIFS(领跑良品退回!$G:$G,领跑良品退回!$E:$E,日报!$D:$D,领跑良品退回!$A:$A,日报!CB$3),"") | CC42: =IF(SUMIFS(领跑良品退回!$G:$G,领跑良品退回!$E:$E,日报!$D:$D,领跑良品退回!$A:$A,日报!CC$3)<>0,SUMIFS(领跑良品退回!$G:$G,领跑良品退回!$E:$E,日报!$D:$D,领跑良品退回!$A:$A,日报!CC$3),"") | CD42: =IF(SUMIFS(领跑良品退回!$G:$G,领跑良品退回!$E:$E,日报!$D:$D,领跑良品退回!$A:$A,日报!CD$3)<>0,SUMIFS(领跑良品退回!$G:$G,领跑良品退回!$E:$E,日报!$D:$D,领跑良品退回!$A:$A,日报!CD$3),"") | CE42: =IF(SUMIFS(领跑良品退回!$G:$G,领跑良品退回!$E:$E,日报!$D:$D,领跑良品退回!$A:$A,日报!CE$3)<>0,SUMIFS(领跑良品退回!$G:$G,领跑良品退回!$E:$E,日报!$D:$D,领跑良品退回!$A:$A,日报!CE$3),"") | CF42: =IF(SUMIFS(领跑良品退回!$G:$G,领跑良品退回!$E:$E,日报!$D:$D,领跑良品退回!$A:$A,日报!CF$3)<>0,SUMIFS(领跑良品退回!$G:$G,领跑良品退回!$E:$E,日报!$D:$D,领跑良品退回!$A:$A,日报!CF$3),"") | CG42: =IF(SUMIFS(领跑良品退回!$G:$G,领跑良品退回!$E:$E,日报!$D:$D,领跑良品退回!$A:$A,日报!CG$3)<>0,SUMIFS(领跑良品退回!$G:$G,领跑良品退回!$E:$E,日报!$D:$D,领跑良品退回!$A:$A,日报!CG$3),"") | ... DD42: =IF(SUMIFS(领跑良品退回!$G:$G,领跑良品退回!$E:$E,日报!$D:$D,领跑良品退回!$A:$A,日报!DD$3)<>0,SUMIFS(领跑良品退回!$G:$G,领跑良品退回!$E:$E,日报!$D:$D,领跑良品退回!$A:$A,日报!DD$3),"")
A43: 87 | B43: 1DC | C43: 东莞市硅翔绝缘材料有限公司 | D43: 3.1.02.30.00785 | E43: LXC11-模组CCS总成22S | F43: =IFERROR(VLOOKUP(D90,'[1]#REF'!D:F,3,FALSE),"0") -> 0 | G43: 90 | H43: =SUMIF(合格品入库记录!E:E,日报!D90,合格品入库记录!G:G) -> 0 | I43: =SUMIF(合格品出库记录!E:E,日报!D90,合格品出库记录!G:G) -> 0 | J43: =SUMIF(领跑良品退回!E:E,D90,领跑良品退回!G:G) -> 0 | K43: =M90+L90 -> 0 | L43: =SUMIF(不良品库存!D:D,D:D,不良品库存!F:F) -> 0 | M43: =G90+H90-I90+J90 -> 0 | N43: 1728 | P43: =IF(SUMIFS(合格品入库记录!$G:$G,合格品入库记录!$E:$E,日报!$D:$D,合格品入库记录!$A:$A,日报!P$3)<>0,SUMIFS(合格品入库记录!$G:$G,合格品入库记录!$E:$E,日报!$D:$D,合格品入库记录!$A:$A,日报!P$3),"") | Q43: =IF(SUMIFS(合格品入库记录!$G:$G,合格品入库记录!$E:$E,日报!$D:$D,合格品入库记录!$A:$A,日报!Q$3)<>0,SUMIFS(合格品入库记录!$G:$G,合格品入库记录!$E:$E,日报!$D:$D,合格品入库记录!$A:$A,日报!Q$3),"") | R43: =IF(SUMIFS(合格品入库记录!$G:$G,合格品入库记录!$E:$E,日报!$D:$D,合格品入库记录!$A:$A,日报!R$3)<>0,SUMIFS(合格品入库记录!$G:$G,合格品入库记录!$E:$E,日报!$D:$D,合格品入库记录!$A:$A,日报!R$3),"") | S43: =IF(SUMIFS(合格品入库记录!$G:$G,合格品入库记录!$E:$E,日报!$D:$D,合格品入库记录!$A:$A,日报!S$3)<>0,SUMIFS(合格品入库记录!$G:$G,合格品入库记录!$E:$E,日报!$D:$D,合格品入库记录!$A:$A,日报!S$3),"") | T43: =IF(SUMIFS(合格品入库记录!$G:$G,合格品入库记录!$E:$E,日报!$D:$D,合格品入库记录!$A:$A,日报!T$3)<>0,SUMIFS(合格品入库记录!$G:$G,合格品入库记录!$E:$E,日报!$D:$D,合格品入库记录!$A:$A,日报!T$3),"") | U43: =IF(SUMIFS(合格品入库记录!$G:$G,合格品入库记录!$E:$E,日报!$D:$D,合格品入库记录!$A:$A,日报!U$3)<>0,SUMIFS(合格品入库记录!$G:$G,合格品入库记录!$E:$E,日报!$D:$D,合格品入库记录!$A:$A,日报!U$3),"") | V43: =IF(SUMIFS(合格品入库记录!$G:$G,合格品入库记录!$E:$E,日报!$D:$D,合格品入库记录!$A:$A,日报!V$3)<>0,SUMIFS(合格品入库记录!$G:$G,合格品入库记录!$E:$E,日报!$D:$D,合格品入库记录!$A:$A,日报!V$3),"") | W43: =IF(SUMIFS(合格品入库记录!$G:$G,合格品入库记录!$E:$E,日报!$D:$D,合格品入库记录!$A:$A,日报!W$3)<>0,SUMIFS(合格品入库记录!$G:$G,合格品入库记录!$E:$E,日报!$D:$D,合格品入库记录!$A:$A,日报!W$3),"") | ... AT43: =IF(SUMIFS(合格品入库记录!$G:$G,合格品入库记录!$E:$E,日报!$D:$D,合格品入库记录!$A:$A,日报!AT$3)<>0,SUMIFS(合格品入库记录!$G:$G,合格品入库记录!$E:$E,日报!$D:$D,合格品入库记录!$A:$A,日报!AT$3),"") | AU43: =IF(SUMIFS(合格品出库记录!$G:$G,合格品出库记录!$E:$E,日报!$D:$D,合格品出库记录!$A:$A,日报!AU$3)<>0,SUMIFS(合格品出库记录!$G:$G,合格品出库记录!$E:$E,日报!$D:$D,合格品出库记录!$A:$A,日报!AU$3),"") | AV43: =IF(SUMIFS(合格品出库记录!$G:$G,合格品出库记录!$E:$E,日报!$D:$D,合格品出库记录!$A:$A,日报!AV$3)<>0,SUMIFS(合格品出库记录!$G:$G,合格品出库记录!$E:$E,日报!$D:$D,合格品出库记录!$A:$A,日报!AV$3),"") | AW43: =IF(SUMIFS(合格品出库记录!$G:$G,合格品出库记录!$E:$E,日报!$D:$D,合格品出库记录!$A:$A,日报!AW$3)<>0,SUMIFS(合格品出库记录!$G:$G,合格品出库记录!$E:$E,日报!$D:$D,合格品出库记录!$A:$A,日报!AW$3),"") | AX43: =IF(SUMIFS(合格品出库记录!$G:$G,合格品出库记录!$E:$E,日报!$D:$D,合格品出库记录!$A:$A,日报!AX$3)<>0,SUMIFS(合格品出库记录!$G:$G,合格品出库记录!$E:$E,日报!$D:$D,合格品出库记录!$A:$A,日报!AX$3),"") | AY43: =IF(SUMIFS(合格品出库记录!$G:$G,合格品出库记录!$E:$E,日报!$D:$D,合格品出库记录!$A:$A,日报!AY$3)<>0,SUMIFS(合格品出库记录!$G:$G,合格品出库记录!$E:$E,日报!$D:$D,合格品出库记录!$A:$A,日报!AY$3),"") -> 90 | AZ43: =IF(SUMIFS(合格品出库记录!$G:$G,合格品出库记录!$E:$E,日报!$D:$D,合格品出库记录!$A:$A,日报!AZ$3)<>0,SUMIFS(合格品出库记录!$G:$G,合格品出库记录!$E:$E,日报!$D:$D,合格品出库记录!$A:$A,日报!AZ$3),"") | BA43: =IF(SUMIFS(合格品出库记录!$G:$G,合格品出库记录!$E:$E,日报!$D:$D,合格品出库记录!$A:$A,日报!BA$3)<>0,SUMIFS(合格品出库记录!$G:$G,合格品出库记录!$E:$E,日报!$D:$D,合格品出库记录!$A:$A,日报!BA$3),"") | BB43: =IF(SUMIFS(合格品出库记录!$G:$G,合格品出库记录!$E:$E,日报!$D:$D,合格品出库记录!$A:$A,日报!BB$3)<>0,SUMIFS(合格品出库记录!$G:$G,合格品出库记录!$E:$E,日报!$D:$D,合格品出库记录!$A:$A,日报!BB$3),"") | ... BY43: =IF(SUMIFS(合格品出库记录!$G:$G,合格品出库记录!$E:$E,日报!$D:$D,合格品出库记录!$A:$A,日报!BY$3)<>0,SUMIFS(合格品出库记录!$G:$G,合格品出库记录!$E:$E,日报!$D:$D,合格品出库记录!$A:$A,日报!BY$3),"") | BZ43: =IF(SUMIFS(领跑良品退回!$G:$G,领跑良品退回!$E:$E,日报!$D:$D,领跑良品退回!$A:$A,日报!BZ$3)<>0,SUMIFS(领跑良品退回!$G:$G,领跑良品退回!$E:$E,日报!$D:$D,领跑良品退回!$A:$A,日报!BZ$3),"") | CA43: =IF(SUMIFS(领跑良品退回!$G:$G,领跑良品退回!$E:$E,日报!$D:$D,领跑良品退回!$A:$A,日报!CA$3)<>0,SUMIFS(领跑良品退回!$G:$G,领跑良品退回!$E:$E,日报!$D:$D,领跑良品退回!$A:$A,日报!CA$3),"") | CB43: =IF(SUMIFS(领跑良品退回!$G:$G,领跑良品退回!$E:$E,日报!$D:$D,领跑良品退回!$A:$A,日报!CB$3)<>0,SUMIFS(领跑良品退回!$G:$G,领跑良品退回!$E:$E,日报!$D:$D,领跑良品退回!$A:$A,日报!CB$3),"") | CC43: =IF(SUMIFS(领跑良品退回!$G:$G,领跑良品退回!$E:$E,日报!$D:$D,领跑良品退回!$A:$A,日报!CC$3)<>0,SUMIFS(领跑良品退回!$G:$G,领跑良品退回!$E:$E,日报!$D:$D,领跑良品退回!$A:$A,日报!CC$3),"") | CD43: =IF(SUMIFS(领跑良品退回!$G:$G,领跑良品退回!$E:$E,日报!$D:$D,领跑良品退回!$A:$A,日报!CD$3)<>0,SUMIFS(领跑良品退回!$G:$G,领跑良品退回!$E:$E,日报!$D:$D,领跑良品退回!$A:$A,日报!CD$3),"") | CE43: =IF(SUMIFS(领跑良品退回!$G:$G,领跑良品退回!$E:$E,日报!$D:$D,领跑良品退回!$A:$A,日报!CE$3)<>0,SUMIFS(领跑良品退回!$G:$G,领跑良品退回!$E:$E,日报!$D:$D,领跑良品退回!$A:$A,日报!CE$3),"") | CF43: =IF(SUMIFS(领跑良品退回!$G:$G,领跑良品退回!$E:$E,日报!$D:$D,领跑良品退回!$A:$A,日报!CF$3)<>0,SUMIFS(领跑良品退回!$G:$G,领跑良品退回!$E:$E,日报!$D:$D,领跑良品退回!$A:$A,日报!CF$3),"") | CG43: =IF(SUMIFS(领跑良品退回!$G:$G,领跑良品退回!$E:$E,日报!$D:$D,领跑良品退回!$A:$A,日报!CG$3)<>0,SUMIFS(领跑良品退回!$G:$G,领跑良品退回!$E:$E,日报!$D:$D,领跑良品退回!$A:$A,日报!CG$3),"") | ... DD43: =IF(SUMIFS(领跑良品退回!$G:$G,领跑良品退回!$E:$E,日报!$D:$D,领跑良品退回!$A:$A,日报!DD$3)<>0,SUMIFS(领跑良品退回!$G:$G,领跑良品退回!$E:$E,日报!$D:$D,领跑良品退回!$A:$A,日报!DD$3),"")
A44: 88 | B44: 1DC | C44: 东莞市硅翔绝缘材料有限公司 | D44: 3.2.49.08.00786-000 | E44: LXC11-模组CCS总成16S | F44: =IFERROR(VLOOKUP(D91,'[1]#REF'!D:F,3,FALSE),"0") -> 0 | G44: 0 | H44: =SUMIF(合格品入库记录!E:E,日报!D91,合格品入库记录!G:G) -> 0 | I44: =SUMIF(合格品出库记录!E:E,日报!D91,合格品出库记录!G:G) -> 0 | J44: =SUMIF(领跑良品退回!E:E,D91,领跑良品退回!G:G) -> 0 | K44: =M91+L91 -> 0 | L44: =SUMIF(不良品库存!D:D,D:D,不良品库存!F:F) -> 0 | M44: =G91+H91-I91+J91 -> 0 | N44: 288 | P44: =IF(SUMIFS(合格品入库记录!$G:$G,合格品入库记录!$E:$E,日报!$D:$D,合格品入库记录!$A:$A,日报!P$3)<>0,SUMIFS(合格品入库记录!$G:$G,合格品入库记录!$E:$E,日报!$D:$D,合格品入库记录!$A:$A,日报!P$3),"") | Q44: =IF(SUMIFS(合格品入库记录!$G:$G,合格品入库记录!$E:$E,日报!$D:$D,合格品入库记录!$A:$A,日报!Q$3)<>0,SUMIFS(合格品入库记录!$G:$G,合格品入库记录!$E:$E,日报!$D:$D,合格品入库记录!$A:$A,日报!Q$3),"") | R44: =IF(SUMIFS(合格品入库记录!$G:$G,合格品入库记录!$E:$E,日报!$D:$D,合格品入库记录!$A:$A,日报!R$3)<>0,SUMIFS(合格品入库记录!$G:$G,合格品入库记录!$E:$E,日报!$D:$D,合格品入库记录!$A:$A,日报!R$3),"") | S44: =IF(SUMIFS(合格品入库记录!$G:$G,合格品入库记录!$E:$E,日报!$D:$D,合格品入库记录!$A:$A,日报!S$3)<>0,SUMIFS(合格品入库记录!$G:$G,合格品入库记录!$E:$E,日报!$D:$D,合格品入库记录!$A:$A,日报!S$3),"") | T44: =IF(SUMIFS(合格品入库记录!$G:$G,合格品入库记录!$E:$E,日报!$D:$D,合格品入库记录!$A:$A,日报!T$3)<>0,SUMIFS(合格品入库记录!$G:$G,合格品入库记录!$E:$E,日报!$D:$D,合格品入库记录!$A:$A,日报!T$3),"") | U44: =IF(SUMIFS(合格品入库记录!$G:$G,合格品入库记录!$E:$E,日报!$D:$D,合格品入库记录!$A:$A,日报!U$3)<>0,SUMIFS(合格品入库记录!$G:$G,合格品入库记录!$E:$E,日报!$D:$D,合格品入库记录!$A:$A,日报!U$3),"") | V44: =IF(SUMIFS(合格品入库记录!$G:$G,合格品入库记录!$E:$E,日报!$D:$D,合格品入库记录!$A:$A,日报!V$3)<>0,SUMIFS(合格品入库记录!$G:$G,合格品入库记录!$E:$E,日报!$D:$D,合格品入库记录!$A:$A,日报!V$3),"") | W44: =IF(SUMIFS(合格品入库记录!$G:$G,合格品入库记录!$E:$E,日报!$D:$D,合格品入库记录!$A:$A,日报!W$3)<>0,SUMIFS(合格品入库记录!$G:$G,合格品入库记录!$E:$E,日报!$D:$D,合格品入库记录!$A:$A,日报!W$3),"") | ... AT44: =IF(SUMIFS(合格品入库记录!$G:$G,合格品入库记录!$E:$E,日报!$D:$D,合格品入库记录!$A:$A,日报!AT$3)<>0,SUMIFS(合格品入库记录!$G:$G,合格品入库记录!$E:$E,日报!$D:$D,合格品入库记录!$A:$A,日报!AT$3),"") | AU44: =IF(SUMIFS(合格品出库记录!$G:$G,合格品出库记录!$E:$E,日报!$D:$D,合格品出库记录!$A:$A,日报!AU$3)<>0,SUMIFS(合格品出库记录!$G:$G,合格品出库记录!$E:$E,日报!$D:$D,合格品出库记录!$A:$A,日报!AU$3),"") | AV44: =IF(SUMIFS(合格品出库记录!$G:$G,合格品出库记录!$E:$E,日报!$D:$D,合格品出库记录!$A:$A,日报!AV$3)<>0,SUMIFS(合格品出库记录!$G:$G,合格品出库记录!$E:$E,日报!$D:$D,合格品出库记录!$A:$A,日报!AV$3),"") | AW44: =IF(SUMIFS(合格品出库记录!$G:$G,合格品出库记录!$E:$E,日报!$D:$D,合格品出库记录!$A:$A,日报!AW$3)<>0,SUMIFS(合格品出库记录!$G:$G,合格品出库记录!$E:$E,日报!$D:$D,合格品出库记录!$A:$A,日报!AW$3),"") | AX44: =IF(SUMIFS(合格品出库记录!$G:$G,合格品出库记录!$E:$E,日报!$D:$D,合格品出库记录!$A:$A,日报!AX$3)<>0,SUMIFS(合格品出库记录!$G:$G,合格品出库记录!$E:$E,日报!$D:$D,合格品出库记录!$A:$A,日报!AX$3),"") | AY44: =IF(SUMIFS(合格品出库记录!$G:$G,合格品出库记录!$E:$E,日报!$D:$D,合格品出库记录!$A:$A,日报!AY$3)<>0,SUMIFS(合格品出库记录!$G:$G,合格品出库记录!$E:$E,日报!$D:$D,合格品出库记录!$A:$A,日报!AY$3),"") | AZ44: =IF(SUMIFS(合格品出库记录!$G:$G,合格品出库记录!$E:$E,日报!$D:$D,合格品出库记录!$A:$A,日报!AZ$3)<>0,SUMIFS(合格品出库记录!$G:$G,合格品出库记录!$E:$E,日报!$D:$D,合格品出库记录!$A:$A,日报!AZ$3),"") | BA44: =IF(SUMIFS(合格品出库记录!$G:$G,合格品出库记录!$E:$E,日报!$D:$D,合格品出库记录!$A:$A,日报!BA$3)<>0,SUMIFS(合格品出库记录!$G:$G,合格品出库记录!$E:$E,日报!$D:$D,合格品出库记录!$A:$A,日报!BA$3),"") | BB44: =IF(SUMIFS(合格品出库记录!$G:$G,合格品出库记录!$E:$E,日报!$D:$D,合格品出库记录!$A:$A,日报!BB$3)<>0,SUMIFS(合格品出库记录!$G:$G,合格品出库记录!$E:$E,日报!$D:$D,合格品出库记录!$A:$A,日报!BB$3),"") | ... BY44: =IF(SUMIFS(合格品出库记录!$G:$G,合格品出库记录!$E:$E,日报!$D:$D,合格品出库记录!$A:$A,日报!BY$3)<>0,SUMIFS(合格品出库记录!$G:$G,合格品出库记录!$E:$E,日报!$D:$D,合格品出库记录!$A:$A,日报!BY$3),"") | BZ44: =IF(SUMIFS(领跑良品退回!$G:$G,领跑良品退回!$E:$E,日报!$D:$D,领跑良品退回!$A:$A,日报!BZ$3)<>0,SUMIFS(领跑良品退回!$G:$G,领跑良品退回!$E:$E,日报!$D:$D,领跑良品退回!$A:$A,日报!BZ$3),"") | CA44: =IF(SUMIFS(领跑良品退回!$G:$G,领跑良品退回!$E:$E,日报!$D:$D,领跑良品退回!$A:$A,日报!CA$3)<>0,SUMIFS(领跑良品退回!$G:$G,领跑良品退回!$E:$E,日报!$D:$D,领跑良品退回!$A:$A,日报!CA$3),"") | CB44: =IF(SUMIFS(领跑良品退回!$G:$G,领跑良品退回!$E:$E,日报!$D:$D,领跑良品退回!$A:$A,日报!CB$3)<>0,SUMIFS(领跑良品退回!$G:$G,领跑良品退回!$E:$E,日报!$D:$D,领跑良品退回!$A:$A,日报!CB$3),"") | CC44: =IF(SUMIFS(领跑良品退回!$G:$G,领跑良品退回!$E:$E,日报!$D:$D,领跑良品退回!$A:$A,日报!CC$3)<>0,SUMIFS(领跑良品退回!$G:$G,领跑良品退回!$E:$E,日报!$D:$D,领跑良品退回!$A:$A,日报!CC$3),"") | CD44: =IF(SUMIFS(领跑良品退回!$G:$G,领跑良品退回!$E:$E,日报!$D:$D,领跑良品退回!$A:$A,日报!CD$3)<>0,SUMIFS(领跑良品退回!$G:$G,领跑良品退回!$E:$E,日报!$D:$D,领跑良品退回!$A:$A,日报!CD$3),"") | CE44: =IF(SUMIFS(领跑良品退回!$G:$G,领跑良品退回!$E:$E,日报!$D:$D,领跑良品退回!$A:$A,日报!CE$3)<>0,SUMIFS(领跑良品退回!$G:$G,领跑良品退回!$E:$E,日报!$D:$D,领跑良品退回!$A:$A,日报!CE$3),"") | CF44: =IF(SUMIFS(领跑良品退回!$G:$G,领跑良品退回!$E:$E,日报!$D:$D,领跑良品退回!$A:$A,日报!CF$3)<>0,SUMIFS(领跑良品退回!$G:$G,领跑良品退回!$E:$E,日报!$D:$D,领跑良品退回!$A:$A,日报!CF$3),"") | CG44: =IF(SUMIFS(领跑良品退回!$G:$G,领跑良品退回!$E:$E,日报!$D:$D,领跑良品退回!$A:$A,日报!CG$3)<>0,SUMIFS(领跑良品退回!$G:$G,领跑良品退回!$E:$E,日报!$D:$D,领跑良品退回!$A:$A,日报!CG$3),"") | ... DD44: =IF(SUMIFS(领跑良品退回!$G:$G,领跑良品退回!$E:$E,日报!$D:$D,领跑良品退回!$A:$A,日报!DD$3)<>0,SUMIFS(领跑良品退回!$G:$G,领跑良品退回!$E:$E,日报!$D:$D,领跑良品退回!$A:$A,日报!DD$3),"")
A45: 89 | B45: 1DC | C45: 东莞市硅翔绝缘材料有限公司 | D45: 3.2.49.08.00733-000 | E45: C11铁理增程项目LP-C11RE0-CCS总成-28S | F45: =IFERROR(VLOOKUP(D92,'[1]#REF'!D:F,3,FALSE),"0") -> 0 | G45: 5 | H45: =SUMIF(合格品入库记录!E:E,日报!D92,合格品入库记录!G:G) -> 0 | I45: =SUMIF(合格品出库记录!E:E,日报!D92,合格品出库记录!G:G) -> 0 | J45: =SUMIF(领跑良品退回!E:E,D92,领跑良品退回!G:G) -> 0 | K45: =M92+L92 -> 0 | L45: =SUMIF(不良品库存!D:D,D:D,不良品库存!F:F) -> 0 | M45: =G92+H92-I92+J92 -> 0 | N45: 360 | P45: =IF(SUMIFS(合格品入库记录!$G:$G,合格品入库记录!$E:$E,日报!$D:$D,合格品入库记录!$A:$A,日报!P$3)<>0,SUMIFS(合格品入库记录!$G:$G,合格品入库记录!$E:$E,日报!$D:$D,合格品入库记录!$A:$A,日报!P$3),"") | Q45: =IF(SUMIFS(合格品入库记录!$G:$G,合格品入库记录!$E:$E,日报!$D:$D,合格品入库记录!$A:$A,日报!Q$3)<>0,SUMIFS(合格品入库记录!$G:$G,合格品入库记录!$E:$E,日报!$D:$D,合格品入库记录!$A:$A,日报!Q$3),"") | R45: =IF(SUMIFS(合格品入库记录!$G:$G,合格品入库记录!$E:$E,日报!$D:$D,合格品入库记录!$A:$A,日报!R$3)<>0,SUMIFS(合格品入库记录!$G:$G,合格品入库记录!$E:$E,日报!$D:$D,合格品入库记录!$A:$A,日报!R$3),"") | S45: =IF(SUMIFS(合格品入库记录!$G:$G,合格品入库记录!$E:$E,日报!$D:$D,合格品入库记录!$A:$A,日报!S$3)<>0,SUMIFS(合格品入库记录!$G:$G,合格品入库记录!$E:$E,日报!$D:$D,合格品入库记录!$A:$A,日报!S$3),"") | T45: =IF(SUMIFS(合格品入库记录!$G:$G,合格品入库记录!$E:$E,日报!$D:$D,合格品入库记录!$A:$A,日报!T$3)<>0,SUMIFS(合格品入库记录!$G:$G,合格品入库记录!$E:$E,日报!$D:$D,合格品入库记录!$A:$A,日报!T$3),"") | U45: =IF(SUMIFS(合格品入库记录!$G:$G,合格品入库记录!$E:$E,日报!$D:$D,合格品入库记录!$A:$A,日报!U$3)<>0,SUMIFS(合格品入库记录!$G:$G,合格品入库记录!$E:$E,日报!$D:$D,合格品入库记录!$A:$A,日报!U$3),"") | V45: =IF(SUMIFS(合格品入库记录!$G:$G,合格品入库记录!$E:$E,日报!$D:$D,合格品入库记录!$A:$A,日报!V$3)<>0,SUMIFS(合格品入库记录!$G:$G,合格品入库记录!$E:$E,日报!$D:$D,合格品入库记录!$A:$A,日报!V$3),"") | W45: =IF(SUMIFS(合格品入库记录!$G:$G,合格品入库记录!$E:$E,日报!$D:$D,合格品入库记录!$A:$A,日报!W$3)<>0,SUMIFS(合格品入库记录!$G:$G,合格品入库记录!$E:$E,日报!$D:$D,合格品入库记录!$A:$A,日报!W$3),"") | ... AT45: =IF(SUMIFS(合格品入库记录!$G:$G,合格品入库记录!$E:$E,日报!$D:$D,合格品入库记录!$A:$A,日报!AT$3)<>0,SUMIFS(合格品入库记录!$G:$G,合格品入库记录!$E:$E,日报!$D:$D,合格品入库记录!$A:$A,日报!AT$3),"") | AU45: =IF(SUMIFS(合格品出库记录!$G:$G,合格品出库记录!$E:$E,日报!$D:$D,合格品出库记录!$A:$A,日报!AU$3)<>0,SUMIFS(合格品出库记录!$G:$G,合格品出库记录!$E:$E,日报!$D:$D,合格品出库记录!$A:$A,日报!AU$3),"") | AV45: =IF(SUMIFS(合格品出库记录!$G:$G,合格品出库记录!$E:$E,日报!$D:$D,合格品出库记录!$A:$A,日报!AV$3)<>0,SUMIFS(合格品出库记录!$G:$G,合格品出库记录!$E:$E,日报!$D:$D,合格品出库记录!$A:$A,日报!AV$3),"") | AW45: =IF(SUMIFS(合格品出库记录!$G:$G,合格品出库记录!$E:$E,日报!$D:$D,合格品出库记录!$A:$A,日报!AW$3)<>0,SUMIFS(合格品出库记录!$G:$G,合格品出库记录!$E:$E,日报!$D:$D,合格品出库记录!$A:$A,日报!AW$3),"") | AX45: =IF(SUMIFS(合格品出库记录!$G:$G,合格品出库记录!$E:$E,日报!$D:$D,合格品出库记录!$A:$A,日报!AX$3)<>0,SUMIFS(合格品出库记录!$G:$G,合格品出库记录!$E:$E,日报!$D:$D,合格品出库记录!$A:$A,日报!AX$3),"") | AY45: =IF(SUMIFS(合格品出库记录!$G:$G,合格品出库记录!$E:$E,日报!$D:$D,合格品出库记录!$A:$A,日报!AY$3)<>0,SUMIFS(合格品出库记录!$G:$G,合格品出库记录!$E:$E,日报!$D:$D,合格品出库记录!$A:$A,日报!AY$3),"") | AZ45: =IF(SUMIFS(合格品出库记录!$G:$G,合格品出库记录!$E:$E,日报!$D:$D,合格品出库记录!$A:$A,日报!AZ$3)<>0,SUMIFS(合格品出库记录!$G:$G,合格品出库记录!$E:$E,日报!$D:$D,合格品出库记录!$A:$A,日报!AZ$3),"") | BA45: =IF(SUMIFS(合格品出库记录!$G:$G,合格品出库记录!$E:$E,日报!$D:$D,合格品出库记录!$A:$A,日报!BA$3)<>0,SUMIFS(合格品出库记录!$G:$G,合格品出库记录!$E:$E,日报!$D:$D,合格品出库记录!$A:$A,日报!BA$3),"") | BB45: =IF(SUMIFS(合格品出库记录!$G:$G,合格品出库记录!$E:$E,日报!$D:$D,合格品出库记录!$A:$A,日报!BB$3)<>0,SUMIFS(合格品出库记录!$G:$G,合格品出库记录!$E:$E,日报!$D:$D,合格品出库记录!$A:$A,日报!BB$3),"") | ... BY45: =IF(SUMIFS(合格品出库记录!$G:$G,合格品出库记录!$E:$E,日报!$D:$D,合格品出库记录!$A:$A,日报!BY$3)<>0,SUMIFS(合格品出库记录!$G:$G,合格品出库记录!$E:$E,日报!$D:$D,合格品出库记录!$A:$A,日报!BY$3),"") | BZ45: =IF(SUMIFS(领跑良品退回!$G:$G,领跑良品退回!$E:$E,日报!$D:$D,领跑良品退回!$A:$A,日报!BZ$3)<>0,SUMIFS(领跑良品退回!$G:$G,领跑良品退回!$E:$E,日报!$D:$D,领跑良品退回!$A:$A,日报!BZ$3),"") | CA45: =IF(SUMIFS(领跑良品退回!$G:$G,领跑良品退回!$E:$E,日报!$D:$D,领跑良品退回!$A:$A,日报!CA$3)<>0,SUMIFS(领跑良品退回!$G:$G,领跑良品退回!$E:$E,日报!$D:$D,领跑良品退回!$A:$A,日报!CA$3),"") | CB45: =IF(SUMIFS(领跑良品退回!$G:$G,领跑良品退回!$E:$E,日报!$D:$D,领跑良品退回!$A:$A,日报!CB$3)<>0,SUMIFS(领跑良品退回!$G:$G,领跑良品退回!$E:$E,日报!$D:$D,领跑良品退回!$A:$A,日报!CB$3),"") | CC45: =IF(SUMIFS(领跑良品退回!$G:$G,领跑良品退回!$E:$E,日报!$D:$D,领跑良品退回!$A:$A,日报!CC$3)<>0,SUMIFS(领跑良品退回!$G:$G,领跑良品退回!$E:$E,日报!$D:$D,领跑良品退回!$A:$A,日报!CC$3),"") | CD45: =IF(SUMIFS(领跑良品退回!$G:$G,领跑良品退回!$E:$E,日报!$D:$D,领跑良品退回!$A:$A,日报!CD$3)<>0,SUMIFS(领跑良品退回!$G:$G,领跑良品退回!$E:$E,日报!$D:$D,领跑良品退回!$A:$A,日报!CD$3),"") | CE45: =IF(SUMIFS(领跑良品退回!$G:$G,领跑良品退回!$E:$E,日报!$D:$D,领跑良品退回!$A:$A,日报!CE$3)<>0,SUMIFS(领跑良品退回!$G:$G,领跑良品退回!$E:$E,日报!$D:$D,领跑良品退回!$A:$A,日报!CE$3),"") | CF45: =IF(SUMIFS(领跑良品退回!$G:$G,领跑良品退回!$E:$E,日报!$D:$D,领跑良品退回!$A:$A,日报!CF$3)<>0,SUMIFS(领跑良品退回!$G:$G,领跑良品退回!$E:$E,日报!$D:$D,领跑良品退回!$A:$A,日报!CF$3),"") | CG45: =IF(SUMIFS(领跑良品退回!$G:$G,领跑良品退回!$E:$E,日报!$D:$D,领跑良品退回!$A:$A,日报!CG$3)<>0,SUMIFS(领跑良品退回!$G:$G,领跑良品退回!$E:$E,日报!$D:$D,领跑良品退回!$A:$A,日报!CG$3),"") | ... DD45: =IF(SUMIFS(领跑良品退回!$G:$G,领跑良品退回!$E:$E,日报!$D:$D,领跑良品退回!$A:$A,日报!DD$3)<>0,SUMIFS(领跑良品退回!$G:$G,领跑良品退回!$E:$E,日报!$D:$D,领跑良品退回!$A:$A,日报!DD$3),"")
A46: 90 | B46: 1DC | C46: 东莞市硅翔绝缘材料有限公司 | D46: 3.2.49.08.00742-000 | E46: LPC11REO-CCS总成-12S | F46: =IFERROR(VLOOKUP(D93,'[1]#REF'!D:F,3,FALSE),"0") -> 0 | G46: 0 | H46: =SUMIF(合格品入库记录!E:E,日报!D93,合格品入库记录!G:G) -> 0 | I46: =SUMIF(合格品出库记录!E:E,日报!D93,合格品出库记录!G:G) -> 0 | J46: =SUMIF(领跑良品退回!E:E,D93,领跑良品退回!G:G) -> 0 | K46: =M93+L93 -> 0 | L46: =SUMIF(不良品库存!D:D,D:D,不良品库存!F:F) -> 0 | M46: =G93+H93-I93+J93 -> 0 | N46: 480 | P46: =IF(SUMIFS(合格品入库记录!$G:$G,合格品入库记录!$E:$E,日报!$D:$D,合格品入库记录!$A:$A,日报!P$3)<>0,SUMIFS(合格品入库记录!$G:$G,合格品入库记录!$E:$E,日报!$D:$D,合格品入库记录!$A:$A,日报!P$3),"") | Q46: =IF(SUMIFS(合格品入库记录!$G:$G,合格品入库记录!$E:$E,日报!$D:$D,合格品入库记录!$A:$A,日报!Q$3)<>0,SUMIFS(合格品入库记录!$G:$G,合格品入库记录!$E:$E,日报!$D:$D,合格品入库记录!$A:$A,日报!Q$3),"") | R46: =IF(SUMIFS(合格品入库记录!$G:$G,合格品入库记录!$E:$E,日报!$D:$D,合格品入库记录!$A:$A,日报!R$3)<>0,SUMIFS(合格品入库记录!$G:$G,合格品入库记录!$E:$E,日报!$D:$D,合格品入库记录!$A:$A,日报!R$3),"") | S46: =IF(SUMIFS(合格品入库记录!$G:$G,合格品入库记录!$E:$E,日报!$D:$D,合格品入库记录!$A:$A,日报!S$3)<>0,SUMIFS(合格品入库记录!$G:$G,合格品入库记录!$E:$E,日报!$D:$D,合格品入库记录!$A:$A,日报!S$3),"") | T46: =IF(SUMIFS(合格品入库记录!$G:$G,合格品入库记录!$E:$E,日报!$D:$D,合格品入库记录!$A:$A,日报!T$3)<>0,SUMIFS(合格品入库记录!$G:$G,合格品入库记录!$E:$E,日报!$D:$D,合格品入库记录!$A:$A,日报!T$3),"") | U46: =IF(SUMIFS(合格品入库记录!$G:$G,合格品入库记录!$E:$E,日报!$D:$D,合格品入库记录!$A:$A,日报!U$3)<>0,SUMIFS(合格品入库记录!$G:$G,合格品入库记录!$E:$E,日报!$D:$D,合格品入库记录!$A:$A,日报!U$3),"") | V46: =IF(SUMIFS(合格品入库记录!$G:$G,合格品入库记录!$E:$E,日报!$D:$D,合格品入库记录!$A:$A,日报!V$3)<>0,SUMIFS(合格品入库记录!$G:$G,合格品入库记录!$E:$E,日报!$D:$D,合格品入库记录!$A:$A,日报!V$3),"") | W46: =IF(SUMIFS(合格品入库记录!$G:$G,合格品入库记录!$E:$E,日报!$D:$D,合格品入库记录!$A:$A,日报!W$3)<>0,SUMIFS(合格品入库记录!$G:$G,合格品入库记录!$E:$E,日报!$D:$D,合格品入库记录!$A:$A,日报!W$3),"") | ... AT46: =IF(SUMIFS(合格品入库记录!$G:$G,合格品入库记录!$E:$E,日报!$D:$D,合格品入库记录!$A:$A,日报!AT$3)<>0,SUMIFS(合格品入库记录!$G:$G,合格品入库记录!$E:$E,日报!$D:$D,合格品入库记录!$A:$A,日报!AT$3),"") | AU46: =IF(SUMIFS(合格品出库记录!$G:$G,合格品出库记录!$E:$E,日报!$D:$D,合格品出库记录!$A:$A,日报!AU$3)<>0,SUMIFS(合格品出库记录!$G:$G,合格品出库记录!$E:$E,日报!$D:$D,合格品出库记录!$A:$A,日报!AU$3),"") | AV46: =IF(SUMIFS(合格品出库记录!$G:$G,合格品出库记录!$E:$E,日报!$D:$D,合格品出库记录!$A:$A,日报!AV$3)<>0,SUMIFS(合格品出库记录!$G:$G,合格品出库记录!$E:$E,日报!$D:$D,合格品出库记录!$A:$A,日报!AV$3),"") | AW46: =IF(SUMIFS(合格品出库记录!$G:$G,合格品出库记录!$E:$E,日报!$D:$D,合格品出库记录!$A:$A,日报!AW$3)<>0,SUMIFS(合格品出库记录!$G:$G,合格品出库记录!$E:$E,日报!$D:$D,合格品出库记录!$A:$A,日报!AW$3),"") | AX46: =IF(SUMIFS(合格品出库记录!$G:$G,合格品出库记录!$E:$E,日报!$D:$D,合格品出库记录!$A:$A,日报!AX$3)<>0,SUMIFS(合格品出库记录!$G:$G,合格品出库记录!$E:$E,日报!$D:$D,合格品出库记录!$A:$A,日报!AX$3),"") | AY46: =IF(SUMIFS(合格品出库记录!$G:$G,合格品出库记录!$E:$E,日报!$D:$D,合格品出库记录!$A:$A,日报!AY$3)<>0,SUMIFS(合格品出库记录!$G:$G,合格品出库记录!$E:$E,日报!$D:$D,合格品出库记录!$A:$A,日报!AY$3),"") | AZ46: =IF(SUMIFS(合格品出库记录!$G:$G,合格品出库记录!$E:$E,日报!$D:$D,合格品出库记录!$A:$A,日报!AZ$3)<>0,SUMIFS(合格品出库记录!$G:$G,合格品出库记录!$E:$E,日报!$D:$D,合格品出库记录!$A:$A,日报!AZ$3),"") | BA46: =IF(SUMIFS(合格品出库记录!$G:$G,合格品出库记录!$E:$E,日报!$D:$D,合格品出库记录!$A:$A,日报!BA$3)<>0,SUMIFS(合格品出库记录!$G:$G,合格品出库记录!$E:$E,日报!$D:$D,合格品出库记录!$A:$A,日报!BA$3),"") | BB46: =IF(SUMIFS(合格品出库记录!$G:$G,合格品出库记录!$E:$E,日报!$D:$D,合格品出库记录!$A:$A,日报!BB$3)<>0,SUMIFS(合格品出库记录!$G:$G,合格品出库记录!$E:$E,日报!$D:$D,合格品出库记录!$A:$A,日报!BB$3),"") | ... BY46: =IF(SUMIFS(合格品出库记录!$G:$G,合格品出库记录!$E:$E,日报!$D:$D,合格品出库记录!$A:$A,日报!BY$3)<>0,SUMIFS(合格品出库记录!$G:$G,合格品出库记录!$E:$E,日报!$D:$D,合格品出库记录!$A:$A,日报!BY$3),"") | BZ46: =IF(SUMIFS(领跑良品退回!$G:$G,领跑良品退回!$E:$E,日报!$D:$D,领跑良品退回!$A:$A,日报!BZ$3)<>0,SUMIFS(领跑良品退回!$G:$G,领跑良品退回!$E:$E,日报!$D:$D,领跑良品退回!$A:$A,日报!BZ$3),"") | CA46: =IF(SUMIFS(领跑良品退回!$G:$G,领跑良品退回!$E:$E,日报!$D:$D,领跑良品退回!$A:$A,日报!CA$3)<>0,SUMIFS(领跑良品退回!$G:$G,领跑良品退回!$E:$E,日报!$D:$D,领跑良品退回!$A:$A,日报!CA$3),"") | CB46: =IF(SUMIFS(领跑良品退回!$G:$G,领跑良品退回!$E:$E,日报!$D:$D,领跑良品退回!$A:$A,日报!CB$3)<>0,SUMIFS(领跑良品退回!$G:$G,领跑良品退回!$E:$E,日报!$D:$D,领跑良品退回!$A:$A,日报!CB$3),"") | CC46: =IF(SUMIFS(领跑良品退回!$G:$G,领跑良品退回!$E:$E,日报!$D:$D,领跑良品退回!$A:$A,日报!CC$3)<>0,SUMIFS(领跑良品退回!$G:$G,领跑良品退回!$E:$E,日报!$D:$D,领跑良品退回!$A:$A,日报!CC$3),"") | CD46: =IF(SUMIFS(领跑良品退回!$G:$G,领跑良品退回!$E:$E,日报!$D:$D,领跑良品退回!$A:$A,日报!CD$3)<>0,SUMIFS(领跑良品退回!$G:$G,领跑良品退回!$E:$E,日报!$D:$D,领跑良品退回!$A:$A,日报!CD$3),"") | CE46: =IF(SUMIFS(领跑良品退回!$G:$G,领跑良品退回!$E:$E,日报!$D:$D,领跑良品退回!$A:$A,日报!CE$3)<>0,SUMIFS(领跑良品退回!$G:$G,领跑良品退回!$E:$E,日报!$D:$D,领跑良品退回!$A:$A,日报!CE$3),"") | CF46: =IF(SUMIFS(领跑良品退回!$G:$G,领跑良品退回!$E:$E,日报!$D:$D,领跑良品退回!$A:$A,日报!CF$3)<>0,SUMIFS(领跑良品退回!$G:$G,领跑良品退回!$E:$E,日报!$D:$D,领跑良品退回!$A:$A,日报!CF$3),"") | CG46: =IF(SUMIFS(领跑良品退回!$G:$G,领跑良品退回!$E:$E,日报!$D:$D,领跑良品退回!$A:$A,日报!CG$3)<>0,SUMIFS(领跑良品退回!$G:$G,领跑良品退回!$E:$E,日报!$D:$D,领跑良品退回!$A:$A,日报!CG$3),"") | ... DD46: =IF(SUMIFS(领跑良品退回!$G:$G,领跑良品退回!$E:$E,日报!$D:$D,领跑良品退回!$A:$A,日报!DD$3)<>0,SUMIFS(领跑良品退回!$G:$G,领跑良品退回!$E:$E,日报!$D:$D,领跑良品退回!$A:$A,日报!DD$3),"")
A47: 91 | B47: 1DC | C47: 东莞市硅翔绝缘材料有限公司 | D47: 3.2.49.08.00968-000 | E47: LXC11-模组CCS总成16S-H | F47: =IFERROR(VLOOKUP(D94,'[1]#REF'!D:F,3,FALSE),"0") -> 0 | G47: 3 | H47: =SUMIF(合格品入库记录!E:E,日报!D94,合格品入库记录!G:G) -> 0 | I47: =SUMIF(合格品出库记录!E:E,日报!D94,合格品出库记录!G:G) -> 0 | J47: =SUMIF(领跑良品退回!E:E,D94,领跑良品退回!G:G) -> 0 | K47: =M94+L94 -> 0 | L47: =SUMIF(不良品库存!D:D,D:D,不良品库存!F:F) -> 0 | M47: =G94+H94-I94+J94 -> 0 | N47: #N/A | P47: =IF(SUMIFS(合格品入库记录!$G:$G,合格品入库记录!$E:$E,日报!$D:$D,合格品入库记录!$A:$A,日报!P$3)<>0,SUMIFS(合格品入库记录!$G:$G,合格品入库记录!$E:$E,日报!$D:$D,合格品入库记录!$A:$A,日报!P$3),"") | Q47: =IF(SUMIFS(合格品入库记录!$G:$G,合格品入库记录!$E:$E,日报!$D:$D,合格品入库记录!$A:$A,日报!Q$3)<>0,SUMIFS(合格品入库记录!$G:$G,合格品入库记录!$E:$E,日报!$D:$D,合格品入库记录!$A:$A,日报!Q$3),"") | R47: =IF(SUMIFS(合格品入库记录!$G:$G,合格品入库记录!$E:$E,日报!$D:$D,合格品入库记录!$A:$A,日报!R$3)<>0,SUMIFS(合格品入库记录!$G:$G,合格品入库记录!$E:$E,日报!$D:$D,合格品入库记录!$A:$A,日报!R$3),"") | S47: =IF(SUMIFS(合格品入库记录!$G:$G,合格品入库记录!$E:$E,日报!$D:$D,合格品入库记录!$A:$A,日报!S$3)<>0,SUMIFS(合格品入库记录!$G:$G,合格品入库记录!$E:$E,日报!$D:$D,合格品入库记录!$A:$A,日报!S$3),"") | T47: =IF(SUMIFS(合格品入库记录!$G:$G,合格品入库记录!$E:$E,日报!$D:$D,合格品入库记录!$A:$A,日报!T$3)<>0,SUMIFS(合格品入库记录!$G:$G,合格品入库记录!$E:$E,日报!$D:$D,合格品入库记录!$A:$A,日报!T$3),"") | U47: =IF(SUMIFS(合格品入库记录!$G:$G,合格品入库记录!$E:$E,日报!$D:$D,合格品入库记录!$A:$A,日报!U$3)<>0,SUMIFS(合格品入库记录!$G:$G,合格品入库记录!$E:$E,日报!$D:$D,合格品入库记录!$A:$A,日报!U$3),"") | V47: =IF(SUMIFS(合格品入库记录!$G:$G,合格品入库记录!$E:$E,日报!$D:$D,合格品入库记录!$A:$A,日报!V$3)<>0,SUMIFS(合格品入库记录!$G:$G,合格品入库记录!$E:$E,日报!$D:$D,合格品入库记录!$A:$A,日报!V$3),"") | W47: =IF(SUMIFS(合格品入库记录!$G:$G,合格品入库记录!$E:$E,日报!$D:$D,合格品入库记录!$A:$A,日报!W$3)<>0,SUMIFS(合格品入库记录!$G:$G,合格品入库记录!$E:$E,日报!$D:$D,合格品入库记录!$A:$A,日报!W$3),"") | ... AT47: =IF(SUMIFS(合格品入库记录!$G:$G,合格品入库记录!$E:$E,日报!$D:$D,合格品入库记录!$A:$A,日报!AT$3)<>0,SUMIFS(合格品入库记录!$G:$G,合格品入库记录!$E:$E,日报!$D:$D,合格品入库记录!$A:$A,日报!AT$3),"") | AU47: =IF(SUMIFS(合格品出库记录!$G:$G,合格品出库记录!$E:$E,日报!$D:$D,合格品出库记录!$A:$A,日报!AU$3)<>0,SUMIFS(合格品出库记录!$G:$G,合格品出库记录!$E:$E,日报!$D:$D,合格品出库记录!$A:$A,日报!AU$3),"") | AV47: =IF(SUMIFS(合格品出库记录!$G:$G,合格品出库记录!$E:$E,日报!$D:$D,合格品出库记录!$A:$A,日报!AV$3)<>0,SUMIFS(合格品出库记录!$G:$G,合格品出库记录!$E:$E,日报!$D:$D,合格品出库记录!$A:$A,日报!AV$3),"") | AW47: =IF(SUMIFS(合格品出库记录!$G:$G,合格品出库记录!$E:$E,日报!$D:$D,合格品出库记录!$A:$A,日报!AW$3)<>0,SUMIFS(合格品出库记录!$G:$G,合格品出库记录!$E:$E,日报!$D:$D,合格品出库记录!$A:$A,日报!AW$3),"") | AX47: =IF(SUMIFS(合格品出库记录!$G:$G,合格品出库记录!$E:$E,日报!$D:$D,合格品出库记录!$A:$A,日报!AX$3)<>0,SUMIFS(合格品出库记录!$G:$G,合格品出库记录!$E:$E,日报!$D:$D,合格品出库记录!$A:$A,日报!AX$3),"") -> 1 | AY47: =IF(SUMIFS(合格品出库记录!$G:$G,合格品出库记录!$E:$E,日报!$D:$D,合格品出库记录!$A:$A,日报!AY$3)<>0,SUMIFS(合格品出库记录!$G:$G,合格品出库记录!$E:$E,日报!$D:$D,合格品出库记录!$A:$A,日报!AY$3),"") | AZ47: =IF(SUMIFS(合格品出库记录!$G:$G,合格品出库记录!$E:$E,日报!$D:$D,合格品出库记录!$A:$A,日报!AZ$3)<>0,SUMIFS(合格品出库记录!$G:$G,合格品出库记录!$E:$E,日报!$D:$D,合格品出库记录!$A:$A,日报!AZ$3),"") | BA47: =IF(SUMIFS(合格品出库记录!$G:$G,合格品出库记录!$E:$E,日报!$D:$D,合格品出库记录!$A:$A,日报!BA$3)<>0,SUMIFS(合格品出库记录!$G:$G,合格品出库记录!$E:$E,日报!$D:$D,合格品出库记录!$A:$A,日报!BA$3),"") | BB47: =IF(SUMIFS(合格品出库记录!$G:$G,合格品出库记录!$E:$E,日报!$D:$D,合格品出库记录!$A:$A,日报!BB$3)<>0,SUMIFS(合格品出库记录!$G:$G,合格品出库记录!$E:$E,日报!$D:$D,合格品出库记录!$A:$A,日报!BB$3),"") | ... BY47: =IF(SUMIFS(合格品出库记录!$G:$G,合格品出库记录!$E:$E,日报!$D:$D,合格品出库记录!$A:$A,日报!BY$3)<>0,SUMIFS(合格品出库记录!$G:$G,合格品出库记录!$E:$E,日报!$D:$D,合格品出库记录!$A:$A,日报!BY$3),"") | BZ47: =IF(SUMIFS(领跑良品退回!$G:$G,领跑良品退回!$E:$E,日报!$D:$D,领跑良品退回!$A:$A,日报!BZ$3)<>0,SUMIFS(领跑良品退回!$G:$G,领跑良品退回!$E:$E,日报!$D:$D,领跑良品退回!$A:$A,日报!BZ$3),"") | CA47: =IF(SUMIFS(领跑良品退回!$G:$G,领跑良品退回!$E:$E,日报!$D:$D,领跑良品退回!$A:$A,日报!CA$3)<>0,SUMIFS(领跑良品退回!$G:$G,领跑良品退回!$E:$E,日报!$D:$D,领跑良品退回!$A:$A,日报!CA$3),"") | CB47: =IF(SUMIFS(领跑良品退回!$G:$G,领跑良品退回!$E:$E,日报!$D:$D,领跑良品退回!$A:$A,日报!CB$3)<>0,SUMIFS(领跑良品退回!$G:$G,领跑良品退回!$E:$E,日报!$D:$D,领跑良品退回!$A:$A,日报!CB$3),"") | CC47: =IF(SUMIFS(领跑良品退回!$G:$G,领跑良品退回!$E:$E,日报!$D:$D,领跑良品退回!$A:$A,日报!CC$3)<>0,SUMIFS(领跑良品退回!$G:$G,领跑良品退回!$E:$E,日报!$D:$D,领跑良品退回!$A:$A,日报!CC$3),"") | CD47: =IF(SUMIFS(领跑良品退回!$G:$G,领跑良品退回!$E:$E,日报!$D:$D,领跑良品退回!$A:$A,日报!CD$3)<>0,SUMIFS(领跑良品退回!$G:$G,领跑良品退回!$E:$E,日报!$D:$D,领跑良品退回!$A:$A,日报!CD$3),"") | CE47: =IF(SUMIFS(领跑良品退回!$G:$G,领跑良品退回!$E:$E,日报!$D:$D,领跑良品退回!$A:$A,日报!CE$3)<>0,SUMIFS(领跑良品退回!$G:$G,领跑良品退回!$E:$E,日报!$D:$D,领跑良品退回!$A:$A,日报!CE$3),"") | CF47: =IF(SUMIFS(领跑良品退回!$G:$G,领跑良品退回!$E:$E,日报!$D:$D,领跑良品退回!$A:$A,日报!CF$3)<>0,SUMIFS(领跑良品退回!$G:$G,领跑良品退回!$E:$E,日报!$D:$D,领跑良品退回!$A:$A,日报!CF$3),"") | CG47: =IF(SUMIFS(领跑良品退回!$G:$G,领跑良品退回!$E:$E,日报!$D:$D,领跑良品退回!$A:$A,日报!CG$3)<>0,SUMIFS(领跑良品退回!$G:$G,领跑良品退回!$E:$E,日报!$D:$D,领跑良品退回!$A:$A,日报!CG$3),"") | ... DD47: =IF(SUMIFS(领跑良品退回!$G:$G,领跑良品退回!$E:$E,日报!$D:$D,领跑良品退回!$A:$A,日报!DD$3)<>0,SUMIFS(领跑良品退回!$G:$G,领跑良品退回!$E:$E,日报!$D:$D,领跑良品退回!$A:$A,日报!DD$3),"")
