Workbook

Sheet 日报
A1: 46143 | F1: 注：“可用结存”列中红色数据代表库存量过低，黄色数据代表超出最高库存量。
A2: 序号 | B2: 供应商代码 | C2: 供应商名称 | D2: 硅翔料号 | E2: 零件编号 | F2: 零件名称 | G2: 车型 | H2: 上月结存 | I2: 累进 | J2: 累出 | K2: 当前库存 | L2: 不合格品库存 | M2: 可用结存 | N2: 最高库存量 | O2: 单车用量 | P2: 入库 | AU2: 出库
P3: 46143 | Q3: 46144 | R3: 46145 | S3: 46146 | T3: 46147 | U3: 46148 | V3: 46149 | W3: 46150 | X3: 46151 | Y3: 46152 | Z3: 46153 | AA3: 46154 | AB3: 46155 | AC3: 46156 | AD3: 46157 | AE3: 46158 | AF3: 46159 | AG3: 46160 | AH3: 46161 | AI3: 46162 | AJ3: 46163 | AK3: 46164 | AL3: 46165 | AM3: 46166 | AN3: 46167 | AO3: 46168 | AP3: 46169 | AQ3: 46170 | AR3: 46171 | AS3: 46172 | AT3: 46173 | AU3: 46143 | AV3: 46144 | AW3: 46145 | AX3: 46146 | AY3: 46147 | AZ3: 46148 | BA3: 46149 | BB3: 46150 | BC3: 46151 | BD3: 46152 | BE3: 46153 | BF3: 46154 | BG3: 46155 | BH3: 46156 | BI3: 46157 | BJ3: 46158 | BK3: 46159 | BL3: 46160 | BM3: 46161 | BN3: 46162 | BO3: 46163 | BP3: 46164 | BQ3: 46165 | BR3: 46166 | BS3: 46167 | BT3: 46168 | BU3: 46169 | BV3: 46170 | BW3: 46171 | BX3: 46172 | BY3: 46173 | CB3: ，
A4: 1 | B4: 1DC | C4: 东莞市硅翔绝缘材料有限公司 | D4: F01001001117 | E4: 3.2.49.08.01246-000 | F4: LX-B11RE10海外版-CCS总成 | H4: 718 | I4: =SUMIF(合格品入货记录!E:E,日报!E4,合格品入货记录!G:G) -> 0 | J4: =SUMIF(合格品出库记录!E:E,日报!E4,合格品出库记录!G:G) -> 330 | K4: =H4+I4-J4+L4 -> 388 | L4: =SUMIF(不良品库存!D:D,E4:E49,不良品库存!F:F) -> 0 | M4: =H4+I4-J4 -> 388 | P4: =IF(SUMIFS(合格品入货记录!$G:$G,合格品入货记录!$E:$E,日报!$E:$E,合格品入货记录!$A:$A,日报!P$3)<>0,SUMIFS(合格品入货记录!$G:$G,合格品入货记录!$E:$E,日报!$E:$E,合格品入货记录!$A:$A,日报!P$3),"") | Q4: =IF(SUMIFS(合格品入货记录!$G:$G,合格品入货记录!$E:$E,日报!$E:$E,合格品入货记录!$A:$A,日报!Q$3)<>0,SUMIFS(合格品入货记录!$G:$G,合格品入货记录!$E:$E,日报!$E:$E,合格品入货记录!$A:$A,日报!Q$3),"") | R4: =IF(SUMIFS(合格品入货记录!$G:$G,合格品入货记录!$E:$E,日报!$E:$E,合格品入货记录!$A:$A,日报!R$3)<>0,SUMIFS(合格品入货记录!$G:$G,合格品入货记录!$E:$E,日报!$E:$E,合格品入货记录!$A:$A,日报!R$3),"") | S4: =IF(SUMIFS(合格品入货记录!$G:$G,合格品入货记录!$E:$E,日报!$E:$E,合格品入货记录!$A:$A,日报!S$3)<>0,SUMIFS(合格品入货记录!$G:$G,合格品入货记录!$E:$E,日报!$E:$E,合格品入货记录!$A:$A,日报!S$3),"") | T4: =IF(SUMIFS(合格品入货记录!$G:$G,合格品入货记录!$E:$E,日报!$E:$E,合格品入货记录!$A:$A,日报!T$3)<>0,SUMIFS(合格品入货记录!$G:$G,合格品入货记录!$E:$E,日报!$E:$E,合格品入货记录!$A:$A,日报!T$3),"") | U4: =IF(SUMIFS(合格品入货记录!$G:$G,合格品入货记录!$E:$E,日报!$E:$E,合格品入货记录!$A:$A,日报!U$3)<>0,SUMIFS(合格品入货记录!$G:$G,合格品入货记录!$E:$E,日报!$E:$E,合格品入货记录!$A:$A,日报!U$3),"") | V4: =IF(SUMIFS(合格品入货记录!$G:$G,合格品入货记录!$E:$E,日报!$E:$E,合格品入货记录!$A:$A,日报!V$3)<>0,SUMIFS(合格品入货记录!$G:$G,合格品入货记录!$E:$E,日报!$E:$E,合格品入货记录!$A:$A,日报!V$3),"") | W4: =IF(SUMIFS(合格品入货记录!$G:$G,合格品入货记录!$E:$E,日报!$E:$E,合格品入货记录!$A:$A,日报!W$3)<>0,SUMIFS(合格品入货记录!$G:$G,合格品入货记录!$E:$E,日报!$E:$E,合格品入货记录!$A:$A,日报!W$3),"") | ... AT4: =IF(SUMIFS(合格品入货记录!$G:$G,合格品入货记录!$E:$E,日报!$E:$E,合格品入货记录!$A:$A,日报!AT$3)<>0,SUMIFS(合格品入货记录!$G:$G,合格品入货记录!$E:$E,日报!$E:$E,合格品入货记录!$A:$A,日报!AT$3),"") | AU4: =IF(SUMIFS(合格品出库记录!$G:$G,合格品出库记录!$E:$E,日报!$E:$E,合格品出库记录!$A:$A,日报!AU$3)<>0,SUMIFS(合格品出库记录!$G:$G,合格品出库记录!$E:$E,日报!$E:$E,合格品出库记录!$A:$A,日报!AU$3),"") | AV4: =IF(SUMIFS(合格品出库记录!$G:$G,合格品出库记录!$E:$E,日报!$E:$E,合格品出库记录!$A:$A,日报!AV$3)<>0,SUMIFS(合格品出库记录!$G:$G,合格品出库记录!$E:$E,日报!$E:$E,合格品出库记录!$A:$A,日报!AV$3),"") | AW4: =IF(SUMIFS(合格品出库记录!$G:$G,合格品出库记录!$E:$E,日报!$E:$E,合格品出库记录!$A:$A,日报!AW$3)<>0,SUMIFS(合格品出库记录!$G:$G,合格品出库记录!$E:$E,日报!$E:$E,合格品出库记录!$A:$A,日报!AW$3),"") | AX4: =IF(SUMIFS(合格品出库记录!$G:$G,合格品出库记录!$E:$E,日报!$E:$E,合格品出库记录!$A:$A,日报!AX$3)<>0,SUMIFS(合格品出库记录!$G:$G,合格品出库记录!$E:$E,日报!$E:$E,合格品出库记录!$A:$A,日报!AX$3),"") | AY4: =IF(SUMIFS(合格品出库记录!$G:$G,合格品出库记录!$E:$E,日报!$E:$E,合格品出库记录!$A:$A,日报!AY$3)<>0,SUMIFS(合格品出库记录!$G:$G,合格品出库记录!$E:$E,日报!$E:$E,合格品出库记录!$A:$A,日报!AY$3),"") | AZ4: =IF(SUMIFS(合格品出库记录!$G:$G,合格品出库记录!$E:$E,日报!$E:$E,合格品出库记录!$A:$A,日报!AZ$3)<>0,SUMIFS(合格品出库记录!$G:$G,合格品出库记录!$E:$E,日报!$E:$E,合格品出库记录!$A:$A,日报!AZ$3),"") -> 330 | BA4: =IF(SUMIFS(合格品出库记录!$G:$G,合格品出库记录!$E:$E,日报!$E:$E,合格品出库记录!$A:$A,日报!BA$3)<>0,SUMIFS(合格品出库记录!$G:$G,合格品出库记录!$E:$E,日报!$E:$E,合格品出库记录!$A:$A,日报!BA$3),"") | BB4: =IF(SUMIFS(合格品出库记录!$G:$G,合格品出库记录!$E:$E,日报!$E:$E,合格品出库记录!$A:$A,日报!BB$3)<>0,SUMIFS(合格品出库记录!$G:$G,合格品出库记录!$E:$E,日报!$E:$E,合格品出库记录!$A:$A,日报!BB$3),"") | ... BY4: =IF(SUMIFS(合格品出库记录!$G:$G,合格品出库记录!$E:$E,日报!$E:$E,合格品出库记录!$A:$A,日报!BY$3)<>0,SUMIFS(合格品出库记录!$G:$G,合格品出库记录!$E:$E,日报!$E:$E,合格品出库记录!$A:$A,日报!BY$3),"")
A5: 2 | B5: 1DC | C5: 东莞市硅翔绝缘材料有限公司 | D5: F01001000763 | E5: 3.2.49.08.00235-000 | F5: LPT03A_PBP-模组CCS总成1 | H5: 0 | I5: =SUMIF(合格品入货记录!E:E,日报!E5,合格品入货记录!G:G) -> 0 | J5: =SUMIF(合格品出库记录!E:E,日报!E5,合格品出库记录!G:G) -> 0 | K5: =H5+I5-J5+L5 -> 0 | L5: =SUMIF(不良品库存!D:D,E:E,不良品库存!F:F) -> 0 | M5: =H5+I5-J5 -> 0 | P5: =IF(SUMIFS(合格品入货记录!$G:$G,合格品入货记录!$E:$E,日报!$E:$E,合格品入货记录!$A:$A,日报!P$3)<>0,SUMIFS(合格品入货记录!$G:$G,合格品入货记录!$E:$E,日报!$E:$E,合格品入货记录!$A:$A,日报!P$3),"") | Q5: =IF(SUMIFS(合格品入货记录!$G:$G,合格品入货记录!$E:$E,日报!$E:$E,合格品入货记录!$A:$A,日报!Q$3)<>0,SUMIFS(合格品入货记录!$G:$G,合格品入货记录!$E:$E,日报!$E:$E,合格品入货记录!$A:$A,日报!Q$3),"") | R5: =IF(SUMIFS(合格品入货记录!$G:$G,合格品入货记录!$E:$E,日报!$E:$E,合格品入货记录!$A:$A,日报!R$3)<>0,SUMIFS(合格品入货记录!$G:$G,合格品入货记录!$E:$E,日报!$E:$E,合格品入货记录!$A:$A,日报!R$3),"") | S5: =IF(SUMIFS(合格品入货记录!$G:$G,合格品入货记录!$E:$E,日报!$E:$E,合格品入货记录!$A:$A,日报!S$3)<>0,SUMIFS(合格品入货记录!$G:$G,合格品入货记录!$E:$E,日报!$E:$E,合格品入货记录!$A:$A,日报!S$3),"") | T5: =IF(SUMIFS(合格品入货记录!$G:$G,合格品入货记录!$E:$E,日报!$E:$E,合格品入货记录!$A:$A,日报!T$3)<>0,SUMIFS(合格品入货记录!$G:$G,合格品入货记录!$E:$E,日报!$E:$E,合格品入货记录!$A:$A,日报!T$3),"") | U5: =IF(SUMIFS(合格品入货记录!$G:$G,合格品入货记录!$E:$E,日报!$E:$E,合格品入货记录!$A:$A,日报!U$3)<>0,SUMIFS(合格品入货记录!$G:$G,合格品入货记录!$E:$E,日报!$E:$E,合格品入货记录!$A:$A,日报!U$3),"") | V5: =IF(SUMIFS(合格品入货记录!$G:$G,合格品入货记录!$E:$E,日报!$E:$E,合格品入货记录!$A:$A,日报!V$3)<>0,SUMIFS(合格品入货记录!$G:$G,合格品入货记录!$E:$E,日报!$E:$E,合格品入货记录!$A:$A,日报!V$3),"") | W5: =IF(SUMIFS(合格品入货记录!$G:$G,合格品入货记录!$E:$E,日报!$E:$E,合格品入货记录!$A:$A,日报!W$3)<>0,SUMIFS(合格品入货记录!$G:$G,合格品入货记录!$E:$E,日报!$E:$E,合格品入货记录!$A:$A,日报!W$3),"") | ... AT5: =IF(SUMIFS(合格品入货记录!$G:$G,合格品入货记录!$E:$E,日报!$E:$E,合格品入货记录!$A:$A,日报!AT$3)<>0,SUMIFS(合格品入货记录!$G:$G,合格品入货记录!$E:$E,日报!$E:$E,合格品入货记录!$A:$A,日报!AT$3),"") | AU5: =IF(SUMIFS(合格品出库记录!$G:$G,合格品出库记录!$E:$E,日报!$E:$E,合格品出库记录!$A:$A,日报!AU$3)<>0,SUMIFS(合格品出库记录!$G:$G,合格品出库记录!$E:$E,日报!$E:$E,合格品出库记录!$A:$A,日报!AU$3),"") | AV5: =IF(SUMIFS(合格品出库记录!$G:$G,合格品出库记录!$E:$E,日报!$E:$E,合格品出库记录!$A:$A,日报!AV$3)<>0,SUMIFS(合格品出库记录!$G:$G,合格品出库记录!$E:$E,日报!$E:$E,合格品出库记录!$A:$A,日报!AV$3),"") | AW5: =IF(SUMIFS(合格品出库记录!$G:$G,合格品出库记录!$E:$E,日报!$E:$E,合格品出库记录!$A:$A,日报!AW$3)<>0,SUMIFS(合格品出库记录!$G:$G,合格品出库记录!$E:$E,日报!$E:$E,合格品出库记录!$A:$A,日报!AW$3),"") | AX5: =IF(SUMIFS(合格品出库记录!$G:$G,合格品出库记录!$E:$E,日报!$E:$E,合格品出库记录!$A:$A,日报!AX$3)<>0,SUMIFS(合格品出库记录!$G:$G,合格品出库记录!$E:$E,日报!$E:$E,合格品出库记录!$A:$A,日报!AX$3),"") | AY5: =IF(SUMIFS(合格品出库记录!$G:$G,合格品出库记录!$E:$E,日报!$E:$E,合格品出库记录!$A:$A,日报!AY$3)<>0,SUMIFS(合格品出库记录!$G:$G,合格品出库记录!$E:$E,日报!$E:$E,合格品出库记录!$A:$A,日报!AY$3),"") | AZ5: =IF(SUMIFS(合格品出库记录!$G:$G,合格品出库记录!$E:$E,日报!$E:$E,合格品出库记录!$A:$A,日报!AZ$3)<>0,SUMIFS(合格品出库记录!$G:$G,合格品出库记录!$E:$E,日报!$E:$E,合格品出库记录!$A:$A,日报!AZ$3),"") | BA5: =IF(SUMIFS(合格品出库记录!$G:$G,合格品出库记录!$E:$E,日报!$E:$E,合格品出库记录!$A:$A,日报!BA$3)<>0,SUMIFS(合格品出库记录!$G:$G,合格品出库记录!$E:$E,日报!$E:$E,合格品出库记录!$A:$A,日报!BA$3),"") | BB5: =IF(SUMIFS(合格品出库记录!$G:$G,合格品出库记录!$E:$E,日报!$E:$E,合格品出库记录!$A:$A,日报!BB$3)<>0,SUMIFS(合格品出库记录!$G:$G,合格品出库记录!$E:$E,日报!$E:$E,合格品出库记录!$A:$A,日报!BB$3),"") | ... BY5: =IF(SUMIFS(合格品出库记录!$G:$G,合格品出库记录!$E:$E,日报!$E:$E,合格品出库记录!$A:$A,日报!BY$3)<>0,SUMIFS(合格品出库记录!$G:$G,合格品出库记录!$E:$E,日报!$E:$E,合格品出库记录!$A:$A,日报!BY$3),"")
A6: 3 | B6: 1DC | C6: 东莞市硅翔绝缘材料有限公司 | D6: F01001000765 | E6: 3.2.49.08.00259-000 | F6: LPT03A_PBP-模组CCS总成 | H6: 63 | I6: =SUMIF(合格品入货记录!E:E,日报!E6,合格品入货记录!G:G) -> 0 | J6: =SUMIF(合格品出库记录!E:E,日报!E6,合格品出库记录!G:G) -> 0 | K6: =H6+I6-J6+L6 -> 63 | L6: =SUMIF(不良品库存!D:D,E:E,不良品库存!F:F) -> 0 | M6: =H6+I6-J6 -> 63 | P6: =IF(SUMIFS(合格品入货记录!$G:$G,合格品入货记录!$E:$E,日报!$E:$E,合格品入货记录!$A:$A,日报!P$3)<>0,SUMIFS(合格品入货记录!$G:$G,合格品入货记录!$E:$E,日报!$E:$E,合格品入货记录!$A:$A,日报!P$3),"") | Q6: =IF(SUMIFS(合格品入货记录!$G:$G,合格品入货记录!$E:$E,日报!$E:$E,合格品入货记录!$A:$A,日报!Q$3)<>0,SUMIFS(合格品入货记录!$G:$G,合格品入货记录!$E:$E,日报!$E:$E,合格品入货记录!$A:$A,日报!Q$3),"") | R6: =IF(SUMIFS(合格品入货记录!$G:$G,合格品入货记录!$E:$E,日报!$E:$E,合格品入货记录!$A:$A,日报!R$3)<>0,SUMIFS(合格品入货记录!$G:$G,合格品入货记录!$E:$E,日报!$E:$E,合格品入货记录!$A:$A,日报!R$3),"") | S6: =IF(SUMIFS(合格品入货记录!$G:$G,合格品入货记录!$E:$E,日报!$E:$E,合格品入货记录!$A:$A,日报!S$3)<>0,SUMIFS(合格品入货记录!$G:$G,合格品入货记录!$E:$E,日报!$E:$E,合格品入货记录!$A:$A,日报!S$3),"") | T6: =IF(SUMIFS(合格品入货记录!$G:$G,合格品入货记录!$E:$E,日报!$E:$E,合格品入货记录!$A:$A,日报!T$3)<>0,SUMIFS(合格品入货记录!$G:$G,合格品入货记录!$E:$E,日报!$E:$E,合格品入货记录!$A:$A,日报!T$3),"") | U6: =IF(SUMIFS(合格品入货记录!$G:$G,合格品入货记录!$E:$E,日报!$E:$E,合格品入货记录!$A:$A,日报!U$3)<>0,SUMIFS(合格品入货记录!$G:$G,合格品入货记录!$E:$E,日报!$E:$E,合格品入货记录!$A:$A,日报!U$3),"") | V6: =IF(SUMIFS(合格品入货记录!$G:$G,合格品入货记录!$E:$E,日报!$E:$E,合格品入货记录!$A:$A,日报!V$3)<>0,SUMIFS(合格品入货记录!$G:$G,合格品入货记录!$E:$E,日报!$E:$E,合格品入货记录!$A:$A,日报!V$3),"") | W6: =IF(SUMIFS(合格品入货记录!$G:$G,合格品入货记录!$E:$E,日报!$E:$E,合格品入货记录!$A:$A,日报!W$3)<>0,SUMIFS(合格品入货记录!$G:$G,合格品入货记录!$E:$E,日报!$E:$E,合格品入货记录!$A:$A,日报!W$3),"") | ... AT6: =IF(SUMIFS(合格品入货记录!$G:$G,合格品入货记录!$E:$E,日报!$E:$E,合格品入货记录!$A:$A,日报!AT$3)<>0,SUMIFS(合格品入货记录!$G:$G,合格品入货记录!$E:$E,日报!$E:$E,合格品入货记录!$A:$A,日报!AT$3),"") | AU6: =IF(SUMIFS(合格品出库记录!$G:$G,合格品出库记录!$E:$E,日报!$E:$E,合格品出库记录!$A:$A,日报!AU$3)<>0,SUMIFS(合格品出库记录!$G:$G,合格品出库记录!$E:$E,日报!$E:$E,合格品出库记录!$A:$A,日报!AU$3),"") | AV6: =IF(SUMIFS(合格品出库记录!$G:$G,合格品出库记录!$E:$E,日报!$E:$E,合格品出库记录!$A:$A,日报!AV$3)<>0,SUMIFS(合格品出库记录!$G:$G,合格品出库记录!$E:$E,日报!$E:$E,合格品出库记录!$A:$A,日报!AV$3),"") | AW6: =IF(SUMIFS(合格品出库记录!$G:$G,合格品出库记录!$E:$E,日报!$E:$E,合格品出库记录!$A:$A,日报!AW$3)<>0,SUMIFS(合格品出库记录!$G:$G,合格品出库记录!$E:$E,日报!$E:$E,合格品出库记录!$A:$A,日报!AW$3),"") | AX6: =IF(SUMIFS(合格品出库记录!$G:$G,合格品出库记录!$E:$E,日报!$E:$E,合格品出库记录!$A:$A,日报!AX$3)<>0,SUMIFS(合格品出库记录!$G:$G,合格品出库记录!$E:$E,日报!$E:$E,合格品出库记录!$A:$A,日报!AX$3),"") | AY6: =IF(SUMIFS(合格品出库记录!$G:$G,合格品出库记录!$E:$E,日报!$E:$E,合格品出库记录!$A:$A,日报!AY$3)<>0,SUMIFS(合格品出库记录!$G:$G,合格品出库记录!$E:$E,日报!$E:$E,合格品出库记录!$A:$A,日报!AY$3),"") | AZ6: =IF(SUMIFS(合格品出库记录!$G:$G,合格品出库记录!$E:$E,日报!$E:$E,合格品出库记录!$A:$A,日报!AZ$3)<>0,SUMIFS(合格品出库记录!$G:$G,合格品出库记录!$E:$E,日报!$E:$E,合格品出库记录!$A:$A,日报!AZ$3),"") | BA6: =IF(SUMIFS(合格品出库记录!$G:$G,合格品出库记录!$E:$E,日报!$E:$E,合格品出库记录!$A:$A,日报!BA$3)<>0,SUMIFS(合格品出库记录!$G:$G,合格品出库记录!$E:$E,日报!$E:$E,合格品出库记录!$A:$A,日报!BA$3),"") | BB6: =IF(SUMIFS(合格品出库记录!$G:$G,合格品出库记录!$E:$E,日报!$E:$E,合格品出库记录!$A:$A,日报!BB$3)<>0,SUMIFS(合格品出库记录!$G:$G,合格品出库记录!$E:$E,日报!$E:$E,合格品出库记录!$A:$A,日报!BB$3),"") | ... BY6: =IF(SUMIFS(合格品出库记录!$G:$G,合格品出库记录!$E:$E,日报!$E:$E,合格品出库记录!$A:$A,日报!BY$3)<>0,SUMIFS(合格品出库记录!$G:$G,合格品出库记录!$E:$E,日报!$E:$E,合格品出库记录!$A:$A,日报!BY$3),"")
A7: 4 | B7: 1DC | C7: 东莞市硅翔绝缘材料有限公司 | D7: F02001000532 | E7: 3.2.49.08.00658-000 | F7: LPT03A_pBP-RP加热膜－L | H7: 36 | I7: =SUMIF(合格品入货记录!E:E,日报!E7,合格品入货记录!G:G) -> 252 | J7: =SUMIF(合格品出库记录!E:E,日报!E7,合格品出库记录!G:G) -> 10 | K7: =H7+I7-J7+L7 -> 278 | L7: =SUMIF(不良品库存!D:D,E:E,不良品库存!F:F) -> 0 | M7: =H7+I7-J7 -> 278 | P7: =IF(SUMIFS(合格品入货记录!$G:$G,合格品入货记录!$E:$E,日报!$E:$E,合格品入货记录!$A:$A,日报!P$3)<>0,SUMIFS(合格品入货记录!$G:$G,合格品入货记录!$E:$E,日报!$E:$E,合格品入货记录!$A:$A,日报!P$3),"") | Q7: =IF(SUMIFS(合格品入货记录!$G:$G,合格品入货记录!$E:$E,日报!$E:$E,合格品入货记录!$A:$A,日报!Q$3)<>0,SUMIFS(合格品入货记录!$G:$G,合格品入货记录!$E:$E,日报!$E:$E,合格品入货记录!$A:$A,日报!Q$3),"") | R7: =IF(SUMIFS(合格品入货记录!$G:$G,合格品入货记录!$E:$E,日报!$E:$E,合格品入货记录!$A:$A,日报!R$3)<>0,SUMIFS(合格品入货记录!$G:$G,合格品入货记录!$E:$E,日报!$E:$E,合格品入货记录!$A:$A,日报!R$3),"") | S7: =IF(SUMIFS(合格品入货记录!$G:$G,合格品入货记录!$E:$E,日报!$E:$E,合格品入货记录!$A:$A,日报!S$3)<>0,SUMIFS(合格品入货记录!$G:$G,合格品入货记录!$E:$E,日报!$E:$E,合格品入货记录!$A:$A,日报!S$3),"") | T7: =IF(SUMIFS(合格品入货记录!$G:$G,合格品入货记录!$E:$E,日报!$E:$E,合格品入货记录!$A:$A,日报!T$3)<>0,SUMIFS(合格品入货记录!$G:$G,合格品入货记录!$E:$E,日报!$E:$E,合格品入货记录!$A:$A,日报!T$3),"") | U7: =IF(SUMIFS(合格品入货记录!$G:$G,合格品入货记录!$E:$E,日报!$E:$E,合格品入货记录!$A:$A,日报!U$3)<>0,SUMIFS(合格品入货记录!$G:$G,合格品入货记录!$E:$E,日报!$E:$E,合格品入货记录!$A:$A,日报!U$3),"") | V7: =IF(SUMIFS(合格品入货记录!$G:$G,合格品入货记录!$E:$E,日报!$E:$E,合格品入货记录!$A:$A,日报!V$3)<>0,SUMIFS(合格品入货记录!$G:$G,合格品入货记录!$E:$E,日报!$E:$E,合格品入货记录!$A:$A,日报!V$3),"") | W7: =IF(SUMIFS(合格品入货记录!$G:$G,合格品入货记录!$E:$E,日报!$E:$E,合格品入货记录!$A:$A,日报!W$3)<>0,SUMIFS(合格品入货记录!$G:$G,合格品入货记录!$E:$E,日报!$E:$E,合格品入货记录!$A:$A,日报!W$3),"") | ... AT7: =IF(SUMIFS(合格品入货记录!$G:$G,合格品入货记录!$E:$E,日报!$E:$E,合格品入货记录!$A:$A,日报!AT$3)<>0,SUMIFS(合格品入货记录!$G:$G,合格品入货记录!$E:$E,日报!$E:$E,合格品入货记录!$A:$A,日报!AT$3),"") | AU7: =IF(SUMIFS(合格品出库记录!$G:$G,合格品出库记录!$E:$E,日报!$E:$E,合格品出库记录!$A:$A,日报!AU$3)<>0,SUMIFS(合格品出库记录!$G:$G,合格品出库记录!$E:$E,日报!$E:$E,合格品出库记录!$A:$A,日报!AU$3),"") | AV7: =IF(SUMIFS(合格品出库记录!$G:$G,合格品出库记录!$E:$E,日报!$E:$E,合格品出库记录!$A:$A,日报!AV$3)<>0,SUMIFS(合格品出库记录!$G:$G,合格品出库记录!$E:$E,日报!$E:$E,合格品出库记录!$A:$A,日报!AV$3),"") | AW7: =IF(SUMIFS(合格品出库记录!$G:$G,合格品出库记录!$E:$E,日报!$E:$E,合格品出库记录!$A:$A,日报!AW$3)<>0,SUMIFS(合格品出库记录!$G:$G,合格品出库记录!$E:$E,日报!$E:$E,合格品出库记录!$A:$A,日报!AW$3),"") | AX7: =IF(SUMIFS(合格品出库记录!$G:$G,合格品出库记录!$E:$E,日报!$E:$E,合格品出库记录!$A:$A,日报!AX$3)<>0,SUMIFS(合格品出库记录!$G:$G,合格品出库记录!$E:$E,日报!$E:$E,合格品出库记录!$A:$A,日报!AX$3),"") | AY7: =IF(SUMIFS(合格品出库记录!$G:$G,合格品出库记录!$E:$E,日报!$E:$E,合格品出库记录!$A:$A,日报!AY$3)<>0,SUMIFS(合格品出库记录!$G:$G,合格品出库记录!$E:$E,日报!$E:$E,合格品出库记录!$A:$A,日报!AY$3),"") | AZ7: =IF(SUMIFS(合格品出库记录!$G:$G,合格品出库记录!$E:$E,日报!$E:$E,合格品出库记录!$A:$A,日报!AZ$3)<>0,SUMIFS(合格品出库记录!$G:$G,合格品出库记录!$E:$E,日报!$E:$E,合格品出库记录!$A:$A,日报!AZ$3),"") | BA7: =IF(SUMIFS(合格品出库记录!$G:$G,合格品出库记录!$E:$E,日报!$E:$E,合格品出库记录!$A:$A,日报!BA$3)<>0,SUMIFS(合格品出库记录!$G:$G,合格品出库记录!$E:$E,日报!$E:$E,合格品出库记录!$A:$A,日报!BA$3),"") | BB7: =IF(SUMIFS(合格品出库记录!$G:$G,合格品出库记录!$E:$E,日报!$E:$E,合格品出库记录!$A:$A,日报!BB$3)<>0,SUMIFS(合格品出库记录!$G:$G,合格品出库记录!$E:$E,日报!$E:$E,合格品出库记录!$A:$A,日报!BB$3),"") | ... BY7: =IF(SUMIFS(合格品出库记录!$G:$G,合格品出库记录!$E:$E,日报!$E:$E,合格品出库记录!$A:$A,日报!BY$3)<>0,SUMIFS(合格品出库记录!$G:$G,合格品出库记录!$E:$E,日报!$E:$E,合格品出库记录!$A:$A,日报!BY$3),"")
A8: 5 | B8: 1DC | C8: 东莞市硅翔绝缘材料有限公司 | D8: F02001000533 | E8: 3.2.49.08.00659-000 | F8: LPT03A_pBP-RP加热膜－R项目 | H8: 0 | I8: =SUMIF(合格品入货记录!E:E,日报!E8,合格品入货记录!G:G) -> 262 | J8: =SUMIF(合格品出库记录!E:E,日报!E8,合格品出库记录!G:G) -> 233 | K8: =H8+I8-J8+L8 -> 29 | M8: =H8+I8-J8 -> 29 | P8: =IF(SUMIFS(合格品入货记录!$G:$G,合格品入货记录!$E:$E,日报!$E:$E,合格品入货记录!$A:$A,日报!P$3)<>0,SUMIFS(合格品入货记录!$G:$G,合格品入货记录!$E:$E,日报!$E:$E,合格品入货记录!$A:$A,日报!P$3),"") | Q8: =IF(SUMIFS(合格品入货记录!$G:$G,合格品入货记录!$E:$E,日报!$E:$E,合格品入货记录!$A:$A,日报!Q$3)<>0,SUMIFS(合格品入货记录!$G:$G,合格品入货记录!$E:$E,日报!$E:$E,合格品入货记录!$A:$A,日报!Q$3),"") | R8: =IF(SUMIFS(合格品入货记录!$G:$G,合格品入货记录!$E:$E,日报!$E:$E,合格品入货记录!$A:$A,日报!R$3)<>0,SUMIFS(合格品入货记录!$G:$G,合格品入货记录!$E:$E,日报!$E:$E,合格品入货记录!$A:$A,日报!R$3),"") | S8: =IF(SUMIFS(合格品入货记录!$G:$G,合格品入货记录!$E:$E,日报!$E:$E,合格品入货记录!$A:$A,日报!S$3)<>0,SUMIFS(合格品入货记录!$G:$G,合格品入货记录!$E:$E,日报!$E:$E,合格品入货记录!$A:$A,日报!S$3),"") | T8: =IF(SUMIFS(合格品入货记录!$G:$G,合格品入货记录!$E:$E,日报!$E:$E,合格品入货记录!$A:$A,日报!T$3)<>0,SUMIFS(合格品入货记录!$G:$G,合格品入货记录!$E:$E,日报!$E:$E,合格品入货记录!$A:$A,日报!T$3),"") | U8: =IF(SUMIFS(合格品入货记录!$G:$G,合格品入货记录!$E:$E,日报!$E:$E,合格品入货记录!$A:$A,日报!U$3)<>0,SUMIFS(合格品入货记录!$G:$G,合格品入货记录!$E:$E,日报!$E:$E,合格品入货记录!$A:$A,日报!U$3),"") | V8: =IF(SUMIFS(合格品入货记录!$G:$G,合格品入货记录!$E:$E,日报!$E:$E,合格品入货记录!$A:$A,日报!V$3)<>0,SUMIFS(合格品入货记录!$G:$G,合格品入货记录!$E:$E,日报!$E:$E,合格品入货记录!$A:$A,日报!V$3),"") -> 262 | W8: =IF(SUMIFS(合格品入货记录!$G:$G,合格品入货记录!$E:$E,日报!$E:$E,合格品入货记录!$A:$A,日报!W$3)<>0,SUMIFS(合格品入货记录!$G:$G,合格品入货记录!$E:$E,日报!$E:$E,合格品入货记录!$A:$A,日报!W$3),"") | ... AT8: =IF(SUMIFS(合格品入货记录!$G:$G,合格品入货记录!$E:$E,日报!$E:$E,合格品入货记录!$A:$A,日报!AT$3)<>0,SUMIFS(合格品入货记录!$G:$G,合格品入货记录!$E:$E,日报!$E:$E,合格品入货记录!$A:$A,日报!AT$3),"") | AU8: =IF(SUMIFS(合格品出库记录!$G:$G,合格品出库记录!$E:$E,日报!$E:$E,合格品出库记录!$A:$A,日报!AU$3)<>0,SUMIFS(合格品出库记录!$G:$G,合格品出库记录!$E:$E,日报!$E:$E,合格品出库记录!$A:$A,日报!AU$3),"") | AV8: =IF(SUMIFS(合格品出库记录!$G:$G,合格品出库记录!$E:$E,日报!$E:$E,合格品出库记录!$A:$A,日报!AV$3)<>0,SUMIFS(合格品出库记录!$G:$G,合格品出库记录!$E:$E,日报!$E:$E,合格品出库记录!$A:$A,日报!AV$3),"") | AW8: =IF(SUMIFS(合格品出库记录!$G:$G,合格品出库记录!$E:$E,日报!$E:$E,合格品出库记录!$A:$A,日报!AW$3)<>0,SUMIFS(合格品出库记录!$G:$G,合格品出库记录!$E:$E,日报!$E:$E,合格品出库记录!$A:$A,日报!AW$3),"") | AX8: =IF(SUMIFS(合格品出库记录!$G:$G,合格品出库记录!$E:$E,日报!$E:$E,合格品出库记录!$A:$A,日报!AX$3)<>0,SUMIFS(合格品出库记录!$G:$G,合格品出库记录!$E:$E,日报!$E:$E,合格品出库记录!$A:$A,日报!AX$3),"") | AY8: =IF(SUMIFS(合格品出库记录!$G:$G,合格品出库记录!$E:$E,日报!$E:$E,合格品出库记录!$A:$A,日报!AY$3)<>0,SUMIFS(合格品出库记录!$G:$G,合格品出库记录!$E:$E,日报!$E:$E,合格品出库记录!$A:$A,日报!AY$3),"") | AZ8: =IF(SUMIFS(合格品出库记录!$G:$G,合格品出库记录!$E:$E,日报!$E:$E,合格品出库记录!$A:$A,日报!AZ$3)<>0,SUMIFS(合格品出库记录!$G:$G,合格品出库记录!$E:$E,日报!$E:$E,合格品出库记录!$A:$A,日报!AZ$3),"") | BA8: =IF(SUMIFS(合格品出库记录!$G:$G,合格品出库记录!$E:$E,日报!$E:$E,合格品出库记录!$A:$A,日报!BA$3)<>0,SUMIFS(合格品出库记录!$G:$G,合格品出库记录!$E:$E,日报!$E:$E,合格品出库记录!$A:$A,日报!BA$3),"") | BB8: =IF(SUMIFS(合格品出库记录!$G:$G,合格品出库记录!$E:$E,日报!$E:$E,合格品出库记录!$A:$A,日报!BB$3)<>0,SUMIFS(合格品出库记录!$G:$G,合格品出库记录!$E:$E,日报!$E:$E,合格品出库记录!$A:$A,日报!BB$3),"") | ... BY8: =IF(SUMIFS(合格品出库记录!$G:$G,合格品出库记录!$E:$E,日报!$E:$E,合格品出库记录!$A:$A,日报!BY$3)<>0,SUMIFS(合格品出库记录!$G:$G,合格品出库记录!$E:$E,日报!$E:$E,合格品出库记录!$A:$A,日报!BY$3),"")
A9: 6 | B9: 1DC | C9: 东莞市硅翔绝缘材料有限公司 | D9: F02001000534 | E9: 3.2.49.08.00660-000 | F9: LPT03A_pBP-RP加热膜－T1 | H9: 127 | I9: =SUMIF(合格品入货记录!E:E,日报!E9,合格品入货记录!G:G) -> 0 | J9: =SUMIF(合格品出库记录!E:E,日报!E9,合格品出库记录!G:G) -> 3 | K9: =H9+I9-J9+L9 -> 124 | L9: =SUMIF(不良品库存!D:D,E:E,不良品库存!F:F) -> 0 | M9: =H9+I9-J9 -> 124 | P9: =IF(SUMIFS(合格品入货记录!$G:$G,合格品入货记录!$E:$E,日报!$E:$E,合格品入货记录!$A:$A,日报!P$3)<>0,SUMIFS(合格品入货记录!$G:$G,合格品入货记录!$E:$E,日报!$E:$E,合格品入货记录!$A:$A,日报!P$3),"") | Q9: =IF(SUMIFS(合格品入货记录!$G:$G,合格品入货记录!$E:$E,日报!$E:$E,合格品入货记录!$A:$A,日报!Q$3)<>0,SUMIFS(合格品入货记录!$G:$G,合格品入货记录!$E:$E,日报!$E:$E,合格品入货记录!$A:$A,日报!Q$3),"") | R9: =IF(SUMIFS(合格品入货记录!$G:$G,合格品入货记录!$E:$E,日报!$E:$E,合格品入货记录!$A:$A,日报!R$3)<>0,SUMIFS(合格品入货记录!$G:$G,合格品入货记录!$E:$E,日报!$E:$E,合格品入货记录!$A:$A,日报!R$3),"") | S9: =IF(SUMIFS(合格品入货记录!$G:$G,合格品入货记录!$E:$E,日报!$E:$E,合格品入货记录!$A:$A,日报!S$3)<>0,SUMIFS(合格品入货记录!$G:$G,合格品入货记录!$E:$E,日报!$E:$E,合格品入货记录!$A:$A,日报!S$3),"") | T9: =IF(SUMIFS(合格品入货记录!$G:$G,合格品入货记录!$E:$E,日报!$E:$E,合格品入货记录!$A:$A,日报!T$3)<>0,SUMIFS(合格品入货记录!$G:$G,合格品入货记录!$E:$E,日报!$E:$E,合格品入货记录!$A:$A,日报!T$3),"") | U9: =IF(SUMIFS(合格品入货记录!$G:$G,合格品入货记录!$E:$E,日报!$E:$E,合格品入货记录!$A:$A,日报!U$3)<>0,SUMIFS(合格品入货记录!$G:$G,合格品入货记录!$E:$E,日报!$E:$E,合格品入货记录!$A:$A,日报!U$3),"") | V9: =IF(SUMIFS(合格品入货记录!$G:$G,合格品入货记录!$E:$E,日报!$E:$E,合格品入货记录!$A:$A,日报!V$3)<>0,SUMIFS(合格品入货记录!$G:$G,合格品入货记录!$E:$E,日报!$E:$E,合格品入货记录!$A:$A,日报!V$3),"") | W9: =IF(SUMIFS(合格品入货记录!$G:$G,合格品入货记录!$E:$E,日报!$E:$E,合格品入货记录!$A:$A,日报!W$3)<>0,SUMIFS(合格品入货记录!$G:$G,合格品入货记录!$E:$E,日报!$E:$E,合格品入货记录!$A:$A,日报!W$3),"") | ... AT9: =IF(SUMIFS(合格品入货记录!$G:$G,合格品入货记录!$E:$E,日报!$E:$E,合格品入货记录!$A:$A,日报!AT$3)<>0,SUMIFS(合格品入货记录!$G:$G,合格品入货记录!$E:$E,日报!$E:$E,合格品入货记录!$A:$A,日报!AT$3),"") | AU9: =IF(SUMIFS(合格品出库记录!$G:$G,合格品出库记录!$E:$E,日报!$E:$E,合格品出库记录!$A:$A,日报!AU$3)<>0,SUMIFS(合格品出库记录!$G:$G,合格品出库记录!$E:$E,日报!$E:$E,合格品出库记录!$A:$A,日报!AU$3),"") | AV9: =IF(SUMIFS(合格品出库记录!$G:$G,合格品出库记录!$E:$E,日报!$E:$E,合格品出库记录!$A:$A,日报!AV$3)<>0,SUMIFS(合格品出库记录!$G:$G,合格品出库记录!$E:$E,日报!$E:$E,合格品出库记录!$A:$A,日报!AV$3),"") | AW9: =IF(SUMIFS(合格品出库记录!$G:$G,合格品出库记录!$E:$E,日报!$E:$E,合格品出库记录!$A:$A,日报!AW$3)<>0,SUMIFS(合格品出库记录!$G:$G,合格品出库记录!$E:$E,日报!$E:$E,合格品出库记录!$A:$A,日报!AW$3),"") | AX9: =IF(SUMIFS(合格品出库记录!$G:$G,合格品出库记录!$E:$E,日报!$E:$E,合格品出库记录!$A:$A,日报!AX$3)<>0,SUMIFS(合格品出库记录!$G:$G,合格品出库记录!$E:$E,日报!$E:$E,合格品出库记录!$A:$A,日报!AX$3),"") | AY9: =IF(SUMIFS(合格品出库记录!$G:$G,合格品出库记录!$E:$E,日报!$E:$E,合格品出库记录!$A:$A,日报!AY$3)<>0,SUMIFS(合格品出库记录!$G:$G,合格品出库记录!$E:$E,日报!$E:$E,合格品出库记录!$A:$A,日报!AY$3),"") | AZ9: =IF(SUMIFS(合格品出库记录!$G:$G,合格品出库记录!$E:$E,日报!$E:$E,合格品出库记录!$A:$A,日报!AZ$3)<>0,SUMIFS(合格品出库记录!$G:$G,合格品出库记录!$E:$E,日报!$E:$E,合格品出库记录!$A:$A,日报!AZ$3),"") | BA9: =IF(SUMIFS(合格品出库记录!$G:$G,合格品出库记录!$E:$E,日报!$E:$E,合格品出库记录!$A:$A,日报!BA$3)<>0,SUMIFS(合格品出库记录!$G:$G,合格品出库记录!$E:$E,日报!$E:$E,合格品出库记录!$A:$A,日报!BA$3),"") | BB9: =IF(SUMIFS(合格品出库记录!$G:$G,合格品出库记录!$E:$E,日报!$E:$E,合格品出库记录!$A:$A,日报!BB$3)<>0,SUMIFS(合格品出库记录!$G:$G,合格品出库记录!$E:$E,日报!$E:$E,合格品出库记录!$A:$A,日报!BB$3),"") | ... BY9: =IF(SUMIFS(合格品出库记录!$G:$G,合格品出库记录!$E:$E,日报!$E:$E,合格品出库记录!$A:$A,日报!BY$3)<>0,SUMIFS(合格品出库记录!$G:$G,合格品出库记录!$E:$E,日报!$E:$E,合格品出库记录!$A:$A,日报!BY$3),"")
A10: 7 | B10: 1DC | C10: 东莞市硅翔绝缘材料有限公司 | D10: F01001000118 | E10: 3.2.49.08.00332-000 | F10: LP-C11RE0-CCS 总成-21B | H10: 2 | I10: =SUMIF(合格品入货记录!E:E,日报!E10,合格品入货记录!G:G) -> 0 | J10: =SUMIF(合格品出库记录!E:E,日报!E10,合格品出库记录!G:G) -> 0 | K10: =H10+I10-J10+L10 -> 2 | L10: =SUMIF(不良品库存!D:D,E:E,不良品库存!F:F) -> 0 | M10: =H10+I10-J10 -> 2 | P10: =IF(SUMIFS(合格品入货记录!$G:$G,合格品入货记录!$E:$E,日报!$E:$E,合格品入货记录!$A:$A,日报!P$3)<>0,SUMIFS(合格品入货记录!$G:$G,合格品入货记录!$E:$E,日报!$E:$E,合格品入货记录!$A:$A,日报!P$3),"") | Q10: =IF(SUMIFS(合格品入货记录!$G:$G,合格品入货记录!$E:$E,日报!$E:$E,合格品入货记录!$A:$A,日报!Q$3)<>0,SUMIFS(合格品入货记录!$G:$G,合格品入货记录!$E:$E,日报!$E:$E,合格品入货记录!$A:$A,日报!Q$3),"") | R10: =IF(SUMIFS(合格品入货记录!$G:$G,合格品入货记录!$E:$E,日报!$E:$E,合格品入货记录!$A:$A,日报!R$3)<>0,SUMIFS(合格品入货记录!$G:$G,合格品入货记录!$E:$E,日报!$E:$E,合格品入货记录!$A:$A,日报!R$3),"") | S10: =IF(SUMIFS(合格品入货记录!$G:$G,合格品入货记录!$E:$E,日报!$E:$E,合格品入货记录!$A:$A,日报!S$3)<>0,SUMIFS(合格品入货记录!$G:$G,合格品入货记录!$E:$E,日报!$E:$E,合格品入货记录!$A:$A,日报!S$3),"") | T10: =IF(SUMIFS(合格品入货记录!$G:$G,合格品入货记录!$E:$E,日报!$E:$E,合格品入货记录!$A:$A,日报!T$3)<>0,SUMIFS(合格品入货记录!$G:$G,合格品入货记录!$E:$E,日报!$E:$E,合格品入货记录!$A:$A,日报!T$3),"") | U10: =IF(SUMIFS(合格品入货记录!$G:$G,合格品入货记录!$E:$E,日报!$E:$E,合格品入货记录!$A:$A,日报!U$3)<>0,SUMIFS(合格品入货记录!$G:$G,合格品入货记录!$E:$E,日报!$E:$E,合格品入货记录!$A:$A,日报!U$3),"") | V10: =IF(SUMIFS(合格品入货记录!$G:$G,合格品入货记录!$E:$E,日报!$E:$E,合格品入货记录!$A:$A,日报!V$3)<>0,SUMIFS(合格品入货记录!$G:$G,合格品入货记录!$E:$E,日报!$E:$E,合格品入货记录!$A:$A,日报!V$3),"") | W10: =IF(SUMIFS(合格品入货记录!$G:$G,合格品入货记录!$E:$E,日报!$E:$E,合格品入货记录!$A:$A,日报!W$3)<>0,SUMIFS(合格品入货记录!$G:$G,合格品入货记录!$E:$E,日报!$E:$E,合格品入货记录!$A:$A,日报!W$3),"") | ... AT10: =IF(SUMIFS(合格品入货记录!$G:$G,合格品入货记录!$E:$E,日报!$E:$E,合格品入货记录!$A:$A,日报!AT$3)<>0,SUMIFS(合格品入货记录!$G:$G,合格品入货记录!$E:$E,日报!$E:$E,合格品入货记录!$A:$A,日报!AT$3),"") | AU10: =IF(SUMIFS(合格品出库记录!$G:$G,合格品出库记录!$E:$E,日报!$E:$E,合格品出库记录!$A:$A,日报!AU$3)<>0,SUMIFS(合格品出库记录!$G:$G,合格品出库记录!$E:$E,日报!$E:$E,合格品出库记录!$A:$A,日报!AU$3),"") | AV10: =IF(SUMIFS(合格品出库记录!$G:$G,合格品出库记录!$E:$E,日报!$E:$E,合格品出库记录!$A:$A,日报!AV$3)<>0,SUMIFS(合格品出库记录!$G:$G,合格品出库记录!$E:$E,日报!$E:$E,合格品出库记录!$A:$A,日报!AV$3),"") | AW10: =IF(SUMIFS(合格品出库记录!$G:$G,合格品出库记录!$E:$E,日报!$E:$E,合格品出库记录!$A:$A,日报!AW$3)<>0,SUMIFS(合格品出库记录!$G:$G,合格品出库记录!$E:$E,日报!$E:$E,合格品出库记录!$A:$A,日报!AW$3),"") | AX10: =IF(SUMIFS(合格品出库记录!$G:$G,合格品出库记录!$E:$E,日报!$E:$E,合格品出库记录!$A:$A,日报!AX$3)<>0,SUMIFS(合格品出库记录!$G:$G,合格品出库记录!$E:$E,日报!$E:$E,合格品出库记录!$A:$A,日报!AX$3),"") | AY10: =IF(SUMIFS(合格品出库记录!$G:$G,合格品出库记录!$E:$E,日报!$E:$E,合格品出库记录!$A:$A,日报!AY$3)<>0,SUMIFS(合格品出库记录!$G:$G,合格品出库记录!$E:$E,日报!$E:$E,合格品出库记录!$A:$A,日报!AY$3),"") | AZ10: =IF(SUMIFS(合格品出库记录!$G:$G,合格品出库记录!$E:$E,日报!$E:$E,合格品出库记录!$A:$A,日报!AZ$3)<>0,SUMIFS(合格品出库记录!$G:$G,合格品出库记录!$E:$E,日报!$E:$E,合格品出库记录!$A:$A,日报!AZ$3),"") | BA10: =IF(SUMIFS(合格品出库记录!$G:$G,合格品出库记录!$E:$E,日报!$E:$E,合格品出库记录!$A:$A,日报!BA$3)<>0,SUMIFS(合格品出库记录!$G:$G,合格品出库记录!$E:$E,日报!$E:$E,合格品出库记录!$A:$A,日报!BA$3),"") | BB10: =IF(SUMIFS(合格品出库记录!$G:$G,合格品出库记录!$E:$E,日报!$E:$E,合格品出库记录!$A:$A,日报!BB$3)<>0,SUMIFS(合格品出库记录!$G:$G,合格品出库记录!$E:$E,日报!$E:$E,合格品出库记录!$A:$A,日报!BB$3),"") | ... BY10: =IF(SUMIFS(合格品出库记录!$G:$G,合格品出库记录!$E:$E,日报!$E:$E,合格品出库记录!$A:$A,日报!BY$3)<>0,SUMIFS(合格品出库记录!$G:$G,合格品出库记录!$E:$E,日报!$E:$E,合格品出库记录!$A:$A,日报!BY$3),"")
A11: 8 | B11: 1DC | C11: 东莞市硅翔绝缘材料有限公司 | D11: F01001000117 | E11: 3.2.49.08.00331-000 | F11: LP-C11RE0-CCS 总成-21A | H11: 482 | I11: =SUMIF(合格品入货记录!E:E,日报!E11,合格品入货记录!G:G) -> 0 | J11: =SUMIF(合格品出库记录!E:E,日报!E11,合格品出库记录!G:G) -> 0 | K11: =H11+I11-J11+L11 -> 532 | L11: =SUMIF(不良品库存!D:D,E:E,不良品库存!F:F) -> 50 | M11: =H11+I11-J11 -> 482 | P11: =IF(SUMIFS(合格品入货记录!$G:$G,合格品入货记录!$E:$E,日报!$E:$E,合格品入货记录!$A:$A,日报!P$3)<>0,SUMIFS(合格品入货记录!$G:$G,合格品入货记录!$E:$E,日报!$E:$E,合格品入货记录!$A:$A,日报!P$3),"") | Q11: =IF(SUMIFS(合格品入货记录!$G:$G,合格品入货记录!$E:$E,日报!$E:$E,合格品入货记录!$A:$A,日报!Q$3)<>0,SUMIFS(合格品入货记录!$G:$G,合格品入货记录!$E:$E,日报!$E:$E,合格品入货记录!$A:$A,日报!Q$3),"") | R11: =IF(SUMIFS(合格品入货记录!$G:$G,合格品入货记录!$E:$E,日报!$E:$E,合格品入货记录!$A:$A,日报!R$3)<>0,SUMIFS(合格品入货记录!$G:$G,合格品入货记录!$E:$E,日报!$E:$E,合格品入货记录!$A:$A,日报!R$3),"") | S11: =IF(SUMIFS(合格品入货记录!$G:$G,合格品入货记录!$E:$E,日报!$E:$E,合格品入货记录!$A:$A,日报!S$3)<>0,SUMIFS(合格品入货记录!$G:$G,合格品入货记录!$E:$E,日报!$E:$E,合格品入货记录!$A:$A,日报!S$3),"") | T11: =IF(SUMIFS(合格品入货记录!$G:$G,合格品入货记录!$E:$E,日报!$E:$E,合格品入货记录!$A:$A,日报!T$3)<>0,SUMIFS(合格品入货记录!$G:$G,合格品入货记录!$E:$E,日报!$E:$E,合格品入货记录!$A:$A,日报!T$3),"") | U11: =IF(SUMIFS(合格品入货记录!$G:$G,合格品入货记录!$E:$E,日报!$E:$E,合格品入货记录!$A:$A,日报!U$3)<>0,SUMIFS(合格品入货记录!$G:$G,合格品入货记录!$E:$E,日报!$E:$E,合格品入货记录!$A:$A,日报!U$3),"") | V11: =IF(SUMIFS(合格品入货记录!$G:$G,合格品入货记录!$E:$E,日报!$E:$E,合格品入货记录!$A:$A,日报!V$3)<>0,SUMIFS(合格品入货记录!$G:$G,合格品入货记录!$E:$E,日报!$E:$E,合格品入货记录!$A:$A,日报!V$3),"") | W11: =IF(SUMIFS(合格品入货记录!$G:$G,合格品入货记录!$E:$E,日报!$E:$E,合格品入货记录!$A:$A,日报!W$3)<>0,SUMIFS(合格品入货记录!$G:$G,合格品入货记录!$E:$E,日报!$E:$E,合格品入货记录!$A:$A,日报!W$3),"") | ... AT11: =IF(SUMIFS(合格品入货记录!$G:$G,合格品入货记录!$E:$E,日报!$E:$E,合格品入货记录!$A:$A,日报!AT$3)<>0,SUMIFS(合格品入货记录!$G:$G,合格品入货记录!$E:$E,日报!$E:$E,合格品入货记录!$A:$A,日报!AT$3),"") | AU11: =IF(SUMIFS(合格品出库记录!$G:$G,合格品出库记录!$E:$E,日报!$E:$E,合格品出库记录!$A:$A,日报!AU$3)<>0,SUMIFS(合格品出库记录!$G:$G,合格品出库记录!$E:$E,日报!$E:$E,合格品出库记录!$A:$A,日报!AU$3),"") | AV11: =IF(SUMIFS(合格品出库记录!$G:$G,合格品出库记录!$E:$E,日报!$E:$E,合格品出库记录!$A:$A,日报!AV$3)<>0,SUMIFS(合格品出库记录!$G:$G,合格品出库记录!$E:$E,日报!$E:$E,合格品出库记录!$A:$A,日报!AV$3),"") | AW11: =IF(SUMIFS(合格品出库记录!$G:$G,合格品出库记录!$E:$E,日报!$E:$E,合格品出库记录!$A:$A,日报!AW$3)<>0,SUMIFS(合格品出库记录!$G:$G,合格品出库记录!$E:$E,日报!$E:$E,合格品出库记录!$A:$A,日报!AW$3),"") | AX11: =IF(SUMIFS(合格品出库记录!$G:$G,合格品出库记录!$E:$E,日报!$E:$E,合格品出库记录!$A:$A,日报!AX$3)<>0,SUMIFS(合格品出库记录!$G:$G,合格品出库记录!$E:$E,日报!$E:$E,合格品出库记录!$A:$A,日报!AX$3),"") | AY11: =IF(SUMIFS(合格品出库记录!$G:$G,合格品出库记录!$E:$E,日报!$E:$E,合格品出库记录!$A:$A,日报!AY$3)<>0,SUMIFS(合格品出库记录!$G:$G,合格品出库记录!$E:$E,日报!$E:$E,合格品出库记录!$A:$A,日报!AY$3),"") | AZ11: =IF(SUMIFS(合格品出库记录!$G:$G,合格品出库记录!$E:$E,日报!$E:$E,合格品出库记录!$A:$A,日报!AZ$3)<>0,SUMIFS(合格品出库记录!$G:$G,合格品出库记录!$E:$E,日报!$E:$E,合格品出库记录!$A:$A,日报!AZ$3),"") | BA11: =IF(SUMIFS(合格品出库记录!$G:$G,合格品出库记录!$E:$E,日报!$E:$E,合格品出库记录!$A:$A,日报!BA$3)<>0,SUMIFS(合格品出库记录!$G:$G,合格品出库记录!$E:$E,日报!$E:$E,合格品出库记录!$A:$A,日报!BA$3),"") | BB11: =IF(SUMIFS(合格品出库记录!$G:$G,合格品出库记录!$E:$E,日报!$E:$E,合格品出库记录!$A:$A,日报!BB$3)<>0,SUMIFS(合格品出库记录!$G:$G,合格品出库记录!$E:$E,日报!$E:$E,合格品出库记录!$A:$A,日报!BB$3),"") | ... BY11: =IF(SUMIFS(合格品出库记录!$G:$G,合格品出库记录!$E:$E,日报!$E:$E,合格品出库记录!$A:$A,日报!BY$3)<>0,SUMIFS(合格品出库记录!$G:$G,合格品出库记录!$E:$E,日报!$E:$E,合格品出库记录!$A:$A,日报!BY$3),"")
A12: 9 | B12: 1DC | C12: 东莞市硅翔绝缘材料有限公司 | D12: F02001000530 | E12: 3.2.49.08.00242-000 | F12: LPT03A_PBP-加热片-R | H12: 0 | I12: =SUMIF(合格品入货记录!E:E,日报!E12,合格品入货记录!G:G) -> 0 | J12: =SUMIF(合格品出库记录!E:E,日报!E12,合格品出库记录!G:G) -> 0 | K12: =H12+I12-J12+L12 -> 0 | L12: =SUMIF(不良品库存!D:D,E:E,不良品库存!F:F) -> 0 | M12: =H12+I12-J12 -> 0 | P12: =IF(SUMIFS(合格品入货记录!$G:$G,合格品入货记录!$E:$E,日报!$E:$E,合格品入货记录!$A:$A,日报!P$3)<>0,SUMIFS(合格品入货记录!$G:$G,合格品入货记录!$E:$E,日报!$E:$E,合格品入货记录!$A:$A,日报!P$3),"") | Q12: =IF(SUMIFS(合格品入货记录!$G:$G,合格品入货记录!$E:$E,日报!$E:$E,合格品入货记录!$A:$A,日报!Q$3)<>0,SUMIFS(合格品入货记录!$G:$G,合格品入货记录!$E:$E,日报!$E:$E,合格品入货记录!$A:$A,日报!Q$3),"") | R12: =IF(SUMIFS(合格品入货记录!$G:$G,合格品入货记录!$E:$E,日报!$E:$E,合格品入货记录!$A:$A,日报!R$3)<>0,SUMIFS(合格品入货记录!$G:$G,合格品入货记录!$E:$E,日报!$E:$E,合格品入货记录!$A:$A,日报!R$3),"") | S12: =IF(SUMIFS(合格品入货记录!$G:$G,合格品入货记录!$E:$E,日报!$E:$E,合格品入货记录!$A:$A,日报!S$3)<>0,SUMIFS(合格品入货记录!$G:$G,合格品入货记录!$E:$E,日报!$E:$E,合格品入货记录!$A:$A,日报!S$3),"") | T12: =IF(SUMIFS(合格品入货记录!$G:$G,合格品入货记录!$E:$E,日报!$E:$E,合格品入货记录!$A:$A,日报!T$3)<>0,SUMIFS(合格品入货记录!$G:$G,合格品入货记录!$E:$E,日报!$E:$E,合格品入货记录!$A:$A,日报!T$3),"") | U12: =IF(SUMIFS(合格品入货记录!$G:$G,合格品入货记录!$E:$E,日报!$E:$E,合格品入货记录!$A:$A,日报!U$3)<>0,SUMIFS(合格品入货记录!$G:$G,合格品入货记录!$E:$E,日报!$E:$E,合格品入货记录!$A:$A,日报!U$3),"") | V12: =IF(SUMIFS(合格品入货记录!$G:$G,合格品入货记录!$E:$E,日报!$E:$E,合格品入货记录!$A:$A,日报!V$3)<>0,SUMIFS(合格品入货记录!$G:$G,合格品入货记录!$E:$E,日报!$E:$E,合格品入货记录!$A:$A,日报!V$3),"") | W12: =IF(SUMIFS(合格品入货记录!$G:$G,合格品入货记录!$E:$E,日报!$E:$E,合格品入货记录!$A:$A,日报!W$3)<>0,SUMIFS(合格品入货记录!$G:$G,合格品入货记录!$E:$E,日报!$E:$E,合格品入货记录!$A:$A,日报!W$3),"") | ... AT12: =IF(SUMIFS(合格品入货记录!$G:$G,合格品入货记录!$E:$E,日报!$E:$E,合格品入货记录!$A:$A,日报!AT$3)<>0,SUMIFS(合格品入货记录!$G:$G,合格品入货记录!$E:$E,日报!$E:$E,合格品入货记录!$A:$A,日报!AT$3),"") | AU12: =IF(SUMIFS(合格品出库记录!$G:$G,合格品出库记录!$E:$E,日报!$E:$E,合格品出库记录!$A:$A,日报!AU$3)<>0,SUMIFS(合格品出库记录!$G:$G,合格品出库记录!$E:$E,日报!$E:$E,合格品出库记录!$A:$A,日报!AU$3),"") | AV12: =IF(SUMIFS(合格品出库记录!$G:$G,合格品出库记录!$E:$E,日报!$E:$E,合格品出库记录!$A:$A,日报!AV$3)<>0,SUMIFS(合格品出库记录!$G:$G,合格品出库记录!$E:$E,日报!$E:$E,合格品出库记录!$A:$A,日报!AV$3),"") | AW12: =IF(SUMIFS(合格品出库记录!$G:$G,合格品出库记录!$E:$E,日报!$E:$E,合格品出库记录!$A:$A,日报!AW$3)<>0,SUMIFS(合格品出库记录!$G:$G,合格品出库记录!$E:$E,日报!$E:$E,合格品出库记录!$A:$A,日报!AW$3),"") | AX12: =IF(SUMIFS(合格品出库记录!$G:$G,合格品出库记录!$E:$E,日报!$E:$E,合格品出库记录!$A:$A,日报!AX$3)<>0,SUMIFS(合格品出库记录!$G:$G,合格品出库记录!$E:$E,日报!$E:$E,合格品出库记录!$A:$A,日报!AX$3),"") | AY12: =IF(SUMIFS(合格品出库记录!$G:$G,合格品出库记录!$E:$E,日报!$E:$E,合格品出库记录!$A:$A,日报!AY$3)<>0,SUMIFS(合格品出库记录!$G:$G,合格品出库记录!$E:$E,日报!$E:$E,合格品出库记录!$A:$A,日报!AY$3),"") | AZ12: =IF(SUMIFS(合格品出库记录!$G:$G,合格品出库记录!$E:$E,日报!$E:$E,合格品出库记录!$A:$A,日报!AZ$3)<>0,SUMIFS(合格品出库记录!$G:$G,合格品出库记录!$E:$E,日报!$E:$E,合格品出库记录!$A:$A,日报!AZ$3),"") | BA12: =IF(SUMIFS(合格品出库记录!$G:$G,合格品出库记录!$E:$E,日报!$E:$E,合格品出库记录!$A:$A,日报!BA$3)<>0,SUMIFS(合格品出库记录!$G:$G,合格品出库记录!$E:$E,日报!$E:$E,合格品出库记录!$A:$A,日报!BA$3),"") | BB12: =IF(SUMIFS(合格品出库记录!$G:$G,合格品出库记录!$E:$E,日报!$E:$E,合格品出库记录!$A:$A,日报!BB$3)<>0,SUMIFS(合格品出库记录!$G:$G,合格品出库记录!$E:$E,日报!$E:$E,合格品出库记录!$A:$A,日报!BB$3),"") | ... BY12: =IF(SUMIFS(合格品出库记录!$G:$G,合格品出库记录!$E:$E,日报!$E:$E,合格品出库记录!$A:$A,日报!BY$3)<>0,SUMIFS(合格品出库记录!$G:$G,合格品出库记录!$E:$E,日报!$E:$E,合格品出库记录!$A:$A,日报!BY$3),"")
A13: 10 | B13: 1DC | C13: 东莞市硅翔绝缘材料有限公司 | D13: F01001000348 | E13: 3.2.49.08.00524-000 | F13: T03A_PBP-CCS总成-300-R | H13: 35 | I13: =SUMIF(合格品入货记录!E:E,日报!E13,合格品入货记录!G:G) -> 0 | J13: =SUMIF(合格品出库记录!E:E,日报!E13,合格品出库记录!G:G) -> 5 | K13: =H13+I13-J13+L13 -> 30 | L13: =SUMIF(不良品库存!D:D,E:E,不良品库存!F:F) -> 0 | M13: =H13+I13-J13 -> 30 | P13: =IF(SUMIFS(合格品入货记录!$G:$G,合格品入货记录!$E:$E,日报!$E:$E,合格品入货记录!$A:$A,日报!P$3)<>0,SUMIFS(合格品入货记录!$G:$G,合格品入货记录!$E:$E,日报!$E:$E,合格品入货记录!$A:$A,日报!P$3),"") | Q13: =IF(SUMIFS(合格品入货记录!$G:$G,合格品入货记录!$E:$E,日报!$E:$E,合格品入货记录!$A:$A,日报!Q$3)<>0,SUMIFS(合格品入货记录!$G:$G,合格品入货记录!$E:$E,日报!$E:$E,合格品入货记录!$A:$A,日报!Q$3),"") | R13: =IF(SUMIFS(合格品入货记录!$G:$G,合格品入货记录!$E:$E,日报!$E:$E,合格品入货记录!$A:$A,日报!R$3)<>0,SUMIFS(合格品入货记录!$G:$G,合格品入货记录!$E:$E,日报!$E:$E,合格品入货记录!$A:$A,日报!R$3),"") | S13: =IF(SUMIFS(合格品入货记录!$G:$G,合格品入货记录!$E:$E,日报!$E:$E,合格品入货记录!$A:$A,日报!S$3)<>0,SUMIFS(合格品入货记录!$G:$G,合格品入货记录!$E:$E,日报!$E:$E,合格品入货记录!$A:$A,日报!S$3),"") | T13: =IF(SUMIFS(合格品入货记录!$G:$G,合格品入货记录!$E:$E,日报!$E:$E,合格品入货记录!$A:$A,日报!T$3)<>0,SUMIFS(合格品入货记录!$G:$G,合格品入货记录!$E:$E,日报!$E:$E,合格品入货记录!$A:$A,日报!T$3),"") | U13: =IF(SUMIFS(合格品入货记录!$G:$G,合格品入货记录!$E:$E,日报!$E:$E,合格品入货记录!$A:$A,日报!U$3)<>0,SUMIFS(合格品入货记录!$G:$G,合格品入货记录!$E:$E,日报!$E:$E,合格品入货记录!$A:$A,日报!U$3),"") | V13: =IF(SUMIFS(合格品入货记录!$G:$G,合格品入货记录!$E:$E,日报!$E:$E,合格品入货记录!$A:$A,日报!V$3)<>0,SUMIFS(合格品入货记录!$G:$G,合格品入货记录!$E:$E,日报!$E:$E,合格品入货记录!$A:$A,日报!V$3),"") | W13: =IF(SUMIFS(合格品入货记录!$G:$G,合格品入货记录!$E:$E,日报!$E:$E,合格品入货记录!$A:$A,日报!W$3)<>0,SUMIFS(合格品入货记录!$G:$G,合格品入货记录!$E:$E,日报!$E:$E,合格品入货记录!$A:$A,日报!W$3),"") | ... AT13: =IF(SUMIFS(合格品入货记录!$G:$G,合格品入货记录!$E:$E,日报!$E:$E,合格品入货记录!$A:$A,日报!AT$3)<>0,SUMIFS(合格品入货记录!$G:$G,合格品入货记录!$E:$E,日报!$E:$E,合格品入货记录!$A:$A,日报!AT$3),"") | AU13: =IF(SUMIFS(合格品出库记录!$G:$G,合格品出库记录!$E:$E,日报!$E:$E,合格品出库记录!$A:$A,日报!AU$3)<>0,SUMIFS(合格品出库记录!$G:$G,合格品出库记录!$E:$E,日报!$E:$E,合格品出库记录!$A:$A,日报!AU$3),"") | AV13: =IF(SUMIFS(合格品出库记录!$G:$G,合格品出库记录!$E:$E,日报!$E:$E,合格品出库记录!$A:$A,日报!AV$3)<>0,SUMIFS(合格品出库记录!$G:$G,合格品出库记录!$E:$E,日报!$E:$E,合格品出库记录!$A:$A,日报!AV$3),"") | AW13: =IF(SUMIFS(合格品出库记录!$G:$G,合格品出库记录!$E:$E,日报!$E:$E,合格品出库记录!$A:$A,日报!AW$3)<>0,SUMIFS(合格品出库记录!$G:$G,合格品出库记录!$E:$E,日报!$E:$E,合格品出库记录!$A:$A,日报!AW$3),"") | AX13: =IF(SUMIFS(合格品出库记录!$G:$G,合格品出库记录!$E:$E,日报!$E:$E,合格品出库记录!$A:$A,日报!AX$3)<>0,SUMIFS(合格品出库记录!$G:$G,合格品出库记录!$E:$E,日报!$E:$E,合格品出库记录!$A:$A,日报!AX$3),"") | AY13: =IF(SUMIFS(合格品出库记录!$G:$G,合格品出库记录!$E:$E,日报!$E:$E,合格品出库记录!$A:$A,日报!AY$3)<>0,SUMIFS(合格品出库记录!$G:$G,合格品出库记录!$E:$E,日报!$E:$E,合格品出库记录!$A:$A,日报!AY$3),"") | AZ13: =IF(SUMIFS(合格品出库记录!$G:$G,合格品出库记录!$E:$E,日报!$E:$E,合格品出库记录!$A:$A,日报!AZ$3)<>0,SUMIFS(合格品出库记录!$G:$G,合格品出库记录!$E:$E,日报!$E:$E,合格品出库记录!$A:$A,日报!AZ$3),"") | BA13: =IF(SUMIFS(合格品出库记录!$G:$G,合格品出库记录!$E:$E,日报!$E:$E,合格品出库记录!$A:$A,日报!BA$3)<>0,SUMIFS(合格品出库记录!$G:$G,合格品出库记录!$E:$E,日报!$E:$E,合格品出库记录!$A:$A,日报!BA$3),"") | BB13: =IF(SUMIFS(合格品出库记录!$G:$G,合格品出库记录!$E:$E,日报!$E:$E,合格品出库记录!$A:$A,日报!BB$3)<>0,SUMIFS(合格品出库记录!$G:$G,合格品出库记录!$E:$E,日报!$E:$E,合格品出库记录!$A:$A,日报!BB$3),"") | ... BY13: =IF(SUMIFS(合格品出库记录!$G:$G,合格品出库记录!$E:$E,日报!$E:$E,合格品出库记录!$A:$A,日报!BY$3)<>0,SUMIFS(合格品出库记录!$G:$G,合格品出库记录!$E:$E,日报!$E:$E,合格品出库记录!$A:$A,日报!BY$3),"")
A14: 11 | B14: 1DC | C14: 东莞市硅翔绝缘材料有限公司 | D14: F01001000350 | E14: 3.2.49.08.00732-000 | F14: LXC01-模组CCS总成-21B | H14: 675 | I14: =SUMIF(合格品入货记录!E:E,日报!E14,合格品入货记录!G:G) -> 0 | J14: =SUMIF(合格品出库记录!E:E,日报!E14,合格品出库记录!G:G) -> 0 | K14: =H14+I14-J14+L14 -> 675 | L14: =SUMIF(不良品库存!D:D,E:E,不良品库存!F:F) -> 0 | M14: =H14+I14-J14 -> 675 | P14: =IF(SUMIFS(合格品入货记录!$G:$G,合格品入货记录!$E:$E,日报!$E:$E,合格品入货记录!$A:$A,日报!P$3)<>0,SUMIFS(合格品入货记录!$G:$G,合格品入货记录!$E:$E,日报!$E:$E,合格品入货记录!$A:$A,日报!P$3),"") | Q14: =IF(SUMIFS(合格品入货记录!$G:$G,合格品入货记录!$E:$E,日报!$E:$E,合格品入货记录!$A:$A,日报!Q$3)<>0,SUMIFS(合格品入货记录!$G:$G,合格品入货记录!$E:$E,日报!$E:$E,合格品入货记录!$A:$A,日报!Q$3),"") | R14: =IF(SUMIFS(合格品入货记录!$G:$G,合格品入货记录!$E:$E,日报!$E:$E,合格品入货记录!$A:$A,日报!R$3)<>0,SUMIFS(合格品入货记录!$G:$G,合格品入货记录!$E:$E,日报!$E:$E,合格品入货记录!$A:$A,日报!R$3),"") | S14: =IF(SUMIFS(合格品入货记录!$G:$G,合格品入货记录!$E:$E,日报!$E:$E,合格品入货记录!$A:$A,日报!S$3)<>0,SUMIFS(合格品入货记录!$G:$G,合格品入货记录!$E:$E,日报!$E:$E,合格品入货记录!$A:$A,日报!S$3),"") | T14: =IF(SUMIFS(合格品入货记录!$G:$G,合格品入货记录!$E:$E,日报!$E:$E,合格品入货记录!$A:$A,日报!T$3)<>0,SUMIFS(合格品入货记录!$G:$G,合格品入货记录!$E:$E,日报!$E:$E,合格品入货记录!$A:$A,日报!T$3),"") | U14: =IF(SUMIFS(合格品入货记录!$G:$G,合格品入货记录!$E:$E,日报!$E:$E,合格品入货记录!$A:$A,日报!U$3)<>0,SUMIFS(合格品入货记录!$G:$G,合格品入货记录!$E:$E,日报!$E:$E,合格品入货记录!$A:$A,日报!U$3),"") | V14: =IF(SUMIFS(合格品入货记录!$G:$G,合格品入货记录!$E:$E,日报!$E:$E,合格品入货记录!$A:$A,日报!V$3)<>0,SUMIFS(合格品入货记录!$G:$G,合格品入货记录!$E:$E,日报!$E:$E,合格品入货记录!$A:$A,日报!V$3),"") | W14: =IF(SUMIFS(合格品入货记录!$G:$G,合格品入货记录!$E:$E,日报!$E:$E,合格品入货记录!$A:$A,日报!W$3)<>0,SUMIFS(合格品入货记录!$G:$G,合格品入货记录!$E:$E,日报!$E:$E,合格品入货记录!$A:$A,日报!W$3),"") | ... AT14: =IF(SUMIFS(合格品入货记录!$G:$G,合格品入货记录!$E:$E,日报!$E:$E,合格品入货记录!$A:$A,日报!AT$3)<>0,SUMIFS(合格品入货记录!$G:$G,合格品入货记录!$E:$E,日报!$E:$E,合格品入货记录!$A:$A,日报!AT$3),"") | AU14: =IF(SUMIFS(合格品出库记录!$G:$G,合格品出库记录!$E:$E,日报!$E:$E,合格品出库记录!$A:$A,日报!AU$3)<>0,SUMIFS(合格品出库记录!$G:$G,合格品出库记录!$E:$E,日报!$E:$E,合格品出库记录!$A:$A,日报!AU$3),"") | AV14: =IF(SUMIFS(合格品出库记录!$G:$G,合格品出库记录!$E:$E,日报!$E:$E,合格品出库记录!$A:$A,日报!AV$3)<>0,SUMIFS(合格品出库记录!$G:$G,合格品出库记录!$E:$E,日报!$E:$E,合格品出库记录!$A:$A,日报!AV$3),"") | AW14: =IF(SUMIFS(合格品出库记录!$G:$G,合格品出库记录!$E:$E,日报!$E:$E,合格品出库记录!$A:$A,日报!AW$3)<>0,SUMIFS(合格品出库记录!$G:$G,合格品出库记录!$E:$E,日报!$E:$E,合格品出库记录!$A:$A,日报!AW$3),"") | AX14: =IF(SUMIFS(合格品出库记录!$G:$G,合格品出库记录!$E:$E,日报!$E:$E,合格品出库记录!$A:$A,日报!AX$3)<>0,SUMIFS(合格品出库记录!$G:$G,合格品出库记录!$E:$E,日报!$E:$E,合格品出库记录!$A:$A,日报!AX$3),"") | AY14: =IF(SUMIFS(合格品出库记录!$G:$G,合格品出库记录!$E:$E,日报!$E:$E,合格品出库记录!$A:$A,日报!AY$3)<>0,SUMIFS(合格品出库记录!$G:$G,合格品出库记录!$E:$E,日报!$E:$E,合格品出库记录!$A:$A,日报!AY$3),"") | AZ14: =IF(SUMIFS(合格品出库记录!$G:$G,合格品出库记录!$E:$E,日报!$E:$E,合格品出库记录!$A:$A,日报!AZ$3)<>0,SUMIFS(合格品出库记录!$G:$G,合格品出库记录!$E:$E,日报!$E:$E,合格品出库记录!$A:$A,日报!AZ$3),"") | BA14: =IF(SUMIFS(合格品出库记录!$G:$G,合格品出库记录!$E:$E,日报!$E:$E,合格品出库记录!$A:$A,日报!BA$3)<>0,SUMIFS(合格品出库记录!$G:$G,合格品出库记录!$E:$E,日报!$E:$E,合格品出库记录!$A:$A,日报!BA$3),"") | BB14: =IF(SUMIFS(合格品出库记录!$G:$G,合格品出库记录!$E:$E,日报!$E:$E,合格品出库记录!$A:$A,日报!BB$3)<>0,SUMIFS(合格品出库记录!$G:$G,合格品出库记录!$E:$E,日报!$E:$E,合格品出库记录!$A:$A,日报!BB$3),"") | ... BY14: =IF(SUMIFS(合格品出库记录!$G:$G,合格品出库记录!$E:$E,日报!$E:$E,合格品出库记录!$A:$A,日报!BY$3)<>0,SUMIFS(合格品出库记录!$G:$G,合格品出库记录!$E:$E,日报!$E:$E,合格品出库记录!$A:$A,日报!BY$3),"")
A15: 12 | B15: 1DC | C15: 东莞市硅翔绝缘材料有限公司 | D15: F01001000349 | E15: 3.2.49.08.00731-000 | F15: LXC01-模组CCS总成-21A | H15: 1030 | I15: =SUMIF(合格品入货记录!E:E,日报!E15,合格品入货记录!G:G) -> 0 | J15: =SUMIF(合格品出库记录!E:E,日报!E15,合格品出库记录!G:G) -> 0 | K15: =H15+I15-J15+L15 -> 1030 | L15: =SUMIF(不良品库存!D:D,E:E,不良品库存!F:F) -> 0 | M15: =H15+I15-J15 -> 1030 | P15: =IF(SUMIFS(合格品入货记录!$G:$G,合格品入货记录!$E:$E,日报!$E:$E,合格品入货记录!$A:$A,日报!P$3)<>0,SUMIFS(合格品入货记录!$G:$G,合格品入货记录!$E:$E,日报!$E:$E,合格品入货记录!$A:$A,日报!P$3),"") | Q15: =IF(SUMIFS(合格品入货记录!$G:$G,合格品入货记录!$E:$E,日报!$E:$E,合格品入货记录!$A:$A,日报!Q$3)<>0,SUMIFS(合格品入货记录!$G:$G,合格品入货记录!$E:$E,日报!$E:$E,合格品入货记录!$A:$A,日报!Q$3),"") | R15: =IF(SUMIFS(合格品入货记录!$G:$G,合格品入货记录!$E:$E,日报!$E:$E,合格品入货记录!$A:$A,日报!R$3)<>0,SUMIFS(合格品入货记录!$G:$G,合格品入货记录!$E:$E,日报!$E:$E,合格品入货记录!$A:$A,日报!R$3),"") | S15: =IF(SUMIFS(合格品入货记录!$G:$G,合格品入货记录!$E:$E,日报!$E:$E,合格品入货记录!$A:$A,日报!S$3)<>0,SUMIFS(合格品入货记录!$G:$G,合格品入货记录!$E:$E,日报!$E:$E,合格品入货记录!$A:$A,日报!S$3),"") | T15: =IF(SUMIFS(合格品入货记录!$G:$G,合格品入货记录!$E:$E,日报!$E:$E,合格品入货记录!$A:$A,日报!T$3)<>0,SUMIFS(合格品入货记录!$G:$G,合格品入货记录!$E:$E,日报!$E:$E,合格品入货记录!$A:$A,日报!T$3),"") | U15: =IF(SUMIFS(合格品入货记录!$G:$G,合格品入货记录!$E:$E,日报!$E:$E,合格品入货记录!$A:$A,日报!U$3)<>0,SUMIFS(合格品入货记录!$G:$G,合格品入货记录!$E:$E,日报!$E:$E,合格品入货记录!$A:$A,日报!U$3),"") | V15: =IF(SUMIFS(合格品入货记录!$G:$G,合格品入货记录!$E:$E,日报!$E:$E,合格品入货记录!$A:$A,日报!V$3)<>0,SUMIFS(合格品入货记录!$G:$G,合格品入货记录!$E:$E,日报!$E:$E,合格品入货记录!$A:$A,日报!V$3),"") | W15: =IF(SUMIFS(合格品入货记录!$G:$G,合格品入货记录!$E:$E,日报!$E:$E,合格品入货记录!$A:$A,日报!W$3)<>0,SUMIFS(合格品入货记录!$G:$G,合格品入货记录!$E:$E,日报!$E:$E,合格品入货记录!$A:$A,日报!W$3),"") | ... AT15: =IF(SUMIFS(合格品入货记录!$G:$G,合格品入货记录!$E:$E,日报!$E:$E,合格品入货记录!$A:$A,日报!AT$3)<>0,SUMIFS(合格品入货记录!$G:$G,合格品入货记录!$E:$E,日报!$E:$E,合格品入货记录!$A:$A,日报!AT$3),"") | AU15: =IF(SUMIFS(合格品出库记录!$G:$G,合格品出库记录!$E:$E,日报!$E:$E,合格品出库记录!$A:$A,日报!AU$3)<>0,SUMIFS(合格品出库记录!$G:$G,合格品出库记录!$E:$E,日报!$E:$E,合格品出库记录!$A:$A,日报!AU$3),"") | AV15: =IF(SUMIFS(合格品出库记录!$G:$G,合格品出库记录!$E:$E,日报!$E:$E,合格品出库记录!$A:$A,日报!AV$3)<>0,SUMIFS(合格品出库记录!$G:$G,合格品出库记录!$E:$E,日报!$E:$E,合格品出库记录!$A:$A,日报!AV$3),"") | AW15: =IF(SUMIFS(合格品出库记录!$G:$G,合格品出库记录!$E:$E,日报!$E:$E,合格品出库记录!$A:$A,日报!AW$3)<>0,SUMIFS(合格品出库记录!$G:$G,合格品出库记录!$E:$E,日报!$E:$E,合格品出库记录!$A:$A,日报!AW$3),"") | AX15: =IF(SUMIFS(合格品出库记录!$G:$G,合格品出库记录!$E:$E,日报!$E:$E,合格品出库记录!$A:$A,日报!AX$3)<>0,SUMIFS(合格品出库记录!$G:$G,合格品出库记录!$E:$E,日报!$E:$E,合格品出库记录!$A:$A,日报!AX$3),"") | AY15: =IF(SUMIFS(合格品出库记录!$G:$G,合格品出库记录!$E:$E,日报!$E:$E,合格品出库记录!$A:$A,日报!AY$3)<>0,SUMIFS(合格品出库记录!$G:$G,合格品出库记录!$E:$E,日报!$E:$E,合格品出库记录!$A:$A,日报!AY$3),"") | AZ15: =IF(SUMIFS(合格品出库记录!$G:$G,合格品出库记录!$E:$E,日报!$E:$E,合格品出库记录!$A:$A,日报!AZ$3)<>0,SUMIFS(合格品出库记录!$G:$G,合格品出库记录!$E:$E,日报!$E:$E,合格品出库记录!$A:$A,日报!AZ$3),"") | BA15: =IF(SUMIFS(合格品出库记录!$G:$G,合格品出库记录!$E:$E,日报!$E:$E,合格品出库记录!$A:$A,日报!BA$3)<>0,SUMIFS(合格品出库记录!$G:$G,合格品出库记录!$E:$E,日报!$E:$E,合格品出库记录!$A:$A,日报!BA$3),"") | BB15: =IF(SUMIFS(合格品出库记录!$G:$G,合格品出库记录!$E:$E,日报!$E:$E,合格品出库记录!$A:$A,日报!BB$3)<>0,SUMIFS(合格品出库记录!$G:$G,合格品出库记录!$E:$E,日报!$E:$E,合格品出库记录!$A:$A,日报!BB$3),"") | ... BY15: =IF(SUMIFS(合格品出库记录!$G:$G,合格品出库记录!$E:$E,日报!$E:$E,合格品出库记录!$A:$A,日报!BY$3)<>0,SUMIFS(合格品出库记录!$G:$G,合格品出库记录!$E:$E,日报!$E:$E,合格品出库记录!$A:$A,日报!BY$3),"")
A16: 13 | B16: 1DC | C16: 东莞市硅翔绝缘材料有限公司 | D16: F01001000352 | E16: 3.2.49.08.00712-000 | F16: LPT03A-PBP模组CCS总成2-NJ | H16: 0 | I16: =SUMIF(合格品入货记录!E:E,日报!E16,合格品入货记录!G:G) -> 0 | J16: =SUMIF(合格品出库记录!E:E,日报!E16,合格品出库记录!G:G) -> 0 | K16: =H16+I16-J16+L16 -> 0 | L16: =SUMIF(不良品库存!D:D,E:E,不良品库存!F:F) -> 0 | M16: =H16+I16-J16 -> 0 | P16: =IF(SUMIFS(合格品入货记录!$G:$G,合格品入货记录!$E:$E,日报!$E:$E,合格品入货记录!$A:$A,日报!P$3)<>0,SUMIFS(合格品入货记录!$G:$G,合格品入货记录!$E:$E,日报!$E:$E,合格品入货记录!$A:$A,日报!P$3),"") | Q16: =IF(SUMIFS(合格品入货记录!$G:$G,合格品入货记录!$E:$E,日报!$E:$E,合格品入货记录!$A:$A,日报!Q$3)<>0,SUMIFS(合格品入货记录!$G:$G,合格品入货记录!$E:$E,日报!$E:$E,合格品入货记录!$A:$A,日报!Q$3),"") | R16: =IF(SUMIFS(合格品入货记录!$G:$G,合格品入货记录!$E:$E,日报!$E:$E,合格品入货记录!$A:$A,日报!R$3)<>0,SUMIFS(合格品入货记录!$G:$G,合格品入货记录!$E:$E,日报!$E:$E,合格品入货记录!$A:$A,日报!R$3),"") | S16: =IF(SUMIFS(合格品入货记录!$G:$G,合格品入货记录!$E:$E,日报!$E:$E,合格品入货记录!$A:$A,日报!S$3)<>0,SUMIFS(合格品入货记录!$G:$G,合格品入货记录!$E:$E,日报!$E:$E,合格品入货记录!$A:$A,日报!S$3),"") | T16: =IF(SUMIFS(合格品入货记录!$G:$G,合格品入货记录!$E:$E,日报!$E:$E,合格品入货记录!$A:$A,日报!T$3)<>0,SUMIFS(合格品入货记录!$G:$G,合格品入货记录!$E:$E,日报!$E:$E,合格品入货记录!$A:$A,日报!T$3),"") | U16: =IF(SUMIFS(合格品入货记录!$G:$G,合格品入货记录!$E:$E,日报!$E:$E,合格品入货记录!$A:$A,日报!U$3)<>0,SUMIFS(合格品入货记录!$G:$G,合格品入货记录!$E:$E,日报!$E:$E,合格品入货记录!$A:$A,日报!U$3),"") | V16: =IF(SUMIFS(合格品入货记录!$G:$G,合格品入货记录!$E:$E,日报!$E:$E,合格品入货记录!$A:$A,日报!V$3)<>0,SUMIFS(合格品入货记录!$G:$G,合格品入货记录!$E:$E,日报!$E:$E,合格品入货记录!$A:$A,日报!V$3),"") | W16: =IF(SUMIFS(合格品入货记录!$G:$G,合格品入货记录!$E:$E,日报!$E:$E,合格品入货记录!$A:$A,日报!W$3)<>0,SUMIFS(合格品入货记录!$G:$G,合格品入货记录!$E:$E,日报!$E:$E,合格品入货记录!$A:$A,日报!W$3),"") | ... AT16: =IF(SUMIFS(合格品入货记录!$G:$G,合格品入货记录!$E:$E,日报!$E:$E,合格品入货记录!$A:$A,日报!AT$3)<>0,SUMIFS(合格品入货记录!$G:$G,合格品入货记录!$E:$E,日报!$E:$E,合格品入货记录!$A:$A,日报!AT$3),"") | AU16: =IF(SUMIFS(合格品出库记录!$G:$G,合格品出库记录!$E:$E,日报!$E:$E,合格品出库记录!$A:$A,日报!AU$3)<>0,SUMIFS(合格品出库记录!$G:$G,合格品出库记录!$E:$E,日报!$E:$E,合格品出库记录!$A:$A,日报!AU$3),"") | AV16: =IF(SUMIFS(合格品出库记录!$G:$G,合格品出库记录!$E:$E,日报!$E:$E,合格品出库记录!$A:$A,日报!AV$3)<>0,SUMIFS(合格品出库记录!$G:$G,合格品出库记录!$E:$E,日报!$E:$E,合格品出库记录!$A:$A,日报!AV$3),"") | AW16: =IF(SUMIFS(合格品出库记录!$G:$G,合格品出库记录!$E:$E,日报!$E:$E,合格品出库记录!$A:$A,日报!AW$3)<>0,SUMIFS(合格品出库记录!$G:$G,合格品出库记录!$E:$E,日报!$E:$E,合格品出库记录!$A:$A,日报!AW$3),"") | AX16: =IF(SUMIFS(合格品出库记录!$G:$G,合格品出库记录!$E:$E,日报!$E:$E,合格品出库记录!$A:$A,日报!AX$3)<>0,SUMIFS(合格品出库记录!$G:$G,合格品出库记录!$E:$E,日报!$E:$E,合格品出库记录!$A:$A,日报!AX$3),"") | AY16: =IF(SUMIFS(合格品出库记录!$G:$G,合格品出库记录!$E:$E,日报!$E:$E,合格品出库记录!$A:$A,日报!AY$3)<>0,SUMIFS(合格品出库记录!$G:$G,合格品出库记录!$E:$E,日报!$E:$E,合格品出库记录!$A:$A,日报!AY$3),"") | AZ16: =IF(SUMIFS(合格品出库记录!$G:$G,合格品出库记录!$E:$E,日报!$E:$E,合格品出库记录!$A:$A,日报!AZ$3)<>0,SUMIFS(合格品出库记录!$G:$G,合格品出库记录!$E:$E,日报!$E:$E,合格品出库记录!$A:$A,日报!AZ$3),"") | BA16: =IF(SUMIFS(合格品出库记录!$G:$G,合格品出库记录!$E:$E,日报!$E:$E,合格品出库记录!$A:$A,日报!BA$3)<>0,SUMIFS(合格品出库记录!$G:$G,合格品出库记录!$E:$E,日报!$E:$E,合格品出库记录!$A:$A,日报!BA$3),"") | BB16: =IF(SUMIFS(合格品出库记录!$G:$G,合格品出库记录!$E:$E,日报!$E:$E,合格品出库记录!$A:$A,日报!BB$3)<>0,SUMIFS(合格品出库记录!$G:$G,合格品出库记录!$E:$E,日报!$E:$E,合格品出库记录!$A:$A,日报!BB$3),"") | ... BY16: =IF(SUMIFS(合格品出库记录!$G:$G,合格品出库记录!$E:$E,日报!$E:$E,合格品出库记录!$A:$A,日报!BY$3)<>0,SUMIFS(合格品出库记录!$G:$G,合格品出库记录!$E:$E,日报!$E:$E,合格品出库记录!$A:$A,日报!BY$3),"")
A17: 14 | B17: 1DC | C17: 东莞市硅翔绝缘材料有限公司 | D17: F01001000351 | E17: 3.2.49.08.00709-000 | F17: LPT03A-PBP模组CCS总成1-NJ | H17: 42 | I17: =SUMIF(合格品入货记录!E:E,日报!E17,合格品入货记录!G:G) -> 0 | J17: =SUMIF(合格品出库记录!E:E,日报!E17,合格品出库记录!G:G) -> 4 | K17: =H17+I17-J17+L17 -> 38 | L17: =SUMIF(不良品库存!D:D,E:E,不良品库存!F:F) -> 0 | M17: =H17+I17-J17 -> 38 | P17: =IF(SUMIFS(合格品入货记录!$G:$G,合格品入货记录!$E:$E,日报!$E:$E,合格品入货记录!$A:$A,日报!P$3)<>0,SUMIFS(合格品入货记录!$G:$G,合格品入货记录!$E:$E,日报!$E:$E,合格品入货记录!$A:$A,日报!P$3),"") | Q17: =IF(SUMIFS(合格品入货记录!$G:$G,合格品入货记录!$E:$E,日报!$E:$E,合格品入货记录!$A:$A,日报!Q$3)<>0,SUMIFS(合格品入货记录!$G:$G,合格品入货记录!$E:$E,日报!$E:$E,合格品入货记录!$A:$A,日报!Q$3),"") | R17: =IF(SUMIFS(合格品入货记录!$G:$G,合格品入货记录!$E:$E,日报!$E:$E,合格品入货记录!$A:$A,日报!R$3)<>0,SUMIFS(合格品入货记录!$G:$G,合格品入货记录!$E:$E,日报!$E:$E,合格品入货记录!$A:$A,日报!R$3),"") | S17: =IF(SUMIFS(合格品入货记录!$G:$G,合格品入货记录!$E:$E,日报!$E:$E,合格品入货记录!$A:$A,日报!S$3)<>0,SUMIFS(合格品入货记录!$G:$G,合格品入货记录!$E:$E,日报!$E:$E,合格品入货记录!$A:$A,日报!S$3),"") | T17: =IF(SUMIFS(合格品入货记录!$G:$G,合格品入货记录!$E:$E,日报!$E:$E,合格品入货记录!$A:$A,日报!T$3)<>0,SUMIFS(合格品入货记录!$G:$G,合格品入货记录!$E:$E,日报!$E:$E,合格品入货记录!$A:$A,日报!T$3),"") | U17: =IF(SUMIFS(合格品入货记录!$G:$G,合格品入货记录!$E:$E,日报!$E:$E,合格品入货记录!$A:$A,日报!U$3)<>0,SUMIFS(合格品入货记录!$G:$G,合格品入货记录!$E:$E,日报!$E:$E,合格品入货记录!$A:$A,日报!U$3),"") | V17: =IF(SUMIFS(合格品入货记录!$G:$G,合格品入货记录!$E:$E,日报!$E:$E,合格品入货记录!$A:$A,日报!V$3)<>0,SUMIFS(合格品入货记录!$G:$G,合格品入货记录!$E:$E,日报!$E:$E,合格品入货记录!$A:$A,日报!V$3),"") | W17: =IF(SUMIFS(合格品入货记录!$G:$G,合格品入货记录!$E:$E,日报!$E:$E,合格品入货记录!$A:$A,日报!W$3)<>0,SUMIFS(合格品入货记录!$G:$G,合格品入货记录!$E:$E,日报!$E:$E,合格品入货记录!$A:$A,日报!W$3),"") | ... AT17: =IF(SUMIFS(合格品入货记录!$G:$G,合格品入货记录!$E:$E,日报!$E:$E,合格品入货记录!$A:$A,日报!AT$3)<>0,SUMIFS(合格品入货记录!$G:$G,合格品入货记录!$E:$E,日报!$E:$E,合格品入货记录!$A:$A,日报!AT$3),"") | AU17: =IF(SUMIFS(合格品出库记录!$G:$G,合格品出库记录!$E:$E,日报!$E:$E,合格品出库记录!$A:$A,日报!AU$3)<>0,SUMIFS(合格品出库记录!$G:$G,合格品出库记录!$E:$E,日报!$E:$E,合格品出库记录!$A:$A,日报!AU$3),"") | AV17: =IF(SUMIFS(合格品出库记录!$G:$G,合格品出库记录!$E:$E,日报!$E:$E,合格品出库记录!$A:$A,日报!AV$3)<>0,SUMIFS(合格品出库记录!$G:$G,合格品出库记录!$E:$E,日报!$E:$E,合格品出库记录!$A:$A,日报!AV$3),"") | AW17: =IF(SUMIFS(合格品出库记录!$G:$G,合格品出库记录!$E:$E,日报!$E:$E,合格品出库记录!$A:$A,日报!AW$3)<>0,SUMIFS(合格品出库记录!$G:$G,合格品出库记录!$E:$E,日报!$E:$E,合格品出库记录!$A:$A,日报!AW$3),"") | AX17: =IF(SUMIFS(合格品出库记录!$G:$G,合格品出库记录!$E:$E,日报!$E:$E,合格品出库记录!$A:$A,日报!AX$3)<>0,SUMIFS(合格品出库记录!$G:$G,合格品出库记录!$E:$E,日报!$E:$E,合格品出库记录!$A:$A,日报!AX$3),"") | AY17: =IF(SUMIFS(合格品出库记录!$G:$G,合格品出库记录!$E:$E,日报!$E:$E,合格品出库记录!$A:$A,日报!AY$3)<>0,SUMIFS(合格品出库记录!$G:$G,合格品出库记录!$E:$E,日报!$E:$E,合格品出库记录!$A:$A,日报!AY$3),"") | AZ17: =IF(SUMIFS(合格品出库记录!$G:$G,合格品出库记录!$E:$E,日报!$E:$E,合格品出库记录!$A:$A,日报!AZ$3)<>0,SUMIFS(合格品出库记录!$G:$G,合格品出库记录!$E:$E,日报!$E:$E,合格品出库记录!$A:$A,日报!AZ$3),"") -> 4 | BA17: =IF(SUMIFS(合格品出库记录!$G:$G,合格品出库记录!$E:$E,日报!$E:$E,合格品出库记录!$A:$A,日报!BA$3)<>0,SUMIFS(合格品出库记录!$G:$G,合格品出库记录!$E:$E,日报!$E:$E,合格品出库记录!$A:$A,日报!BA$3),"") | BB17: =IF(SUMIFS(合格品出库记录!$G:$G,合格品出库记录!$E:$E,日报!$E:$E,合格品出库记录!$A:$A,日报!BB$3)<>0,SUMIFS(合格品出库记录!$G:$G,合格品出库记录!$E:$E,日报!$E:$E,合格品出库记录!$A:$A,日报!BB$3),"") | ... BY17: =IF(SUMIFS(合格品出库记录!$G:$G,合格品出库记录!$E:$E,日报!$E:$E,合格品出库记录!$A:$A,日报!BY$3)<>0,SUMIFS(合格品出库记录!$G:$G,合格品出库记录!$E:$E,日报!$E:$E,合格品出库记录!$A:$A,日报!BY$3),"")
A18: 15 | B18: 1DC | C18: 东莞市硅翔绝缘材料有限公司 | D18: F02001000538 | E18: 3.2.49.08.00661-000 | F18: LPT03A_PBP_32S加热片_L | H18: 19 | I18: =SUMIF(合格品入货记录!E:E,日报!E18,合格品入货记录!G:G) -> 0 | J18: =SUMIF(合格品出库记录!E:E,日报!E18,合格品出库记录!G:G) -> 6 | K18: =H18+I18-J18+L18 -> 13 | L18: =SUMIF(不良品库存!D:D,E:E,不良品库存!F:F) -> 0 | M18: =H18+I18-J18 -> 13 | P18: =IF(SUMIFS(合格品入货记录!$G:$G,合格品入货记录!$E:$E,日报!$E:$E,合格品入货记录!$A:$A,日报!P$3)<>0,SUMIFS(合格品入货记录!$G:$G,合格品入货记录!$E:$E,日报!$E:$E,合格品入货记录!$A:$A,日报!P$3),"") | Q18: =IF(SUMIFS(合格品入货记录!$G:$G,合格品入货记录!$E:$E,日报!$E:$E,合格品入货记录!$A:$A,日报!Q$3)<>0,SUMIFS(合格品入货记录!$G:$G,合格品入货记录!$E:$E,日报!$E:$E,合格品入货记录!$A:$A,日报!Q$3),"") | R18: =IF(SUMIFS(合格品入货记录!$G:$G,合格品入货记录!$E:$E,日报!$E:$E,合格品入货记录!$A:$A,日报!R$3)<>0,SUMIFS(合格品入货记录!$G:$G,合格品入货记录!$E:$E,日报!$E:$E,合格品入货记录!$A:$A,日报!R$3),"") | S18: =IF(SUMIFS(合格品入货记录!$G:$G,合格品入货记录!$E:$E,日报!$E:$E,合格品入货记录!$A:$A,日报!S$3)<>0,SUMIFS(合格品入货记录!$G:$G,合格品入货记录!$E:$E,日报!$E:$E,合格品入货记录!$A:$A,日报!S$3),"") | T18: =IF(SUMIFS(合格品入货记录!$G:$G,合格品入货记录!$E:$E,日报!$E:$E,合格品入货记录!$A:$A,日报!T$3)<>0,SUMIFS(合格品入货记录!$G:$G,合格品入货记录!$E:$E,日报!$E:$E,合格品入货记录!$A:$A,日报!T$3),"") | U18: =IF(SUMIFS(合格品入货记录!$G:$G,合格品入货记录!$E:$E,日报!$E:$E,合格品入货记录!$A:$A,日报!U$3)<>0,SUMIFS(合格品入货记录!$G:$G,合格品入货记录!$E:$E,日报!$E:$E,合格品入货记录!$A:$A,日报!U$3),"") | V18: =IF(SUMIFS(合格品入货记录!$G:$G,合格品入货记录!$E:$E,日报!$E:$E,合格品入货记录!$A:$A,日报!V$3)<>0,SUMIFS(合格品入货记录!$G:$G,合格品入货记录!$E:$E,日报!$E:$E,合格品入货记录!$A:$A,日报!V$3),"") | W18: =IF(SUMIFS(合格品入货记录!$G:$G,合格品入货记录!$E:$E,日报!$E:$E,合格品入货记录!$A:$A,日报!W$3)<>0,SUMIFS(合格品入货记录!$G:$G,合格品入货记录!$E:$E,日报!$E:$E,合格品入货记录!$A:$A,日报!W$3),"") | ... AT18: =IF(SUMIFS(合格品入货记录!$G:$G,合格品入货记录!$E:$E,日报!$E:$E,合格品入货记录!$A:$A,日报!AT$3)<>0,SUMIFS(合格品入货记录!$G:$G,合格品入货记录!$E:$E,日报!$E:$E,合格品入货记录!$A:$A,日报!AT$3),"") | AU18: =IF(SUMIFS(合格品出库记录!$G:$G,合格品出库记录!$E:$E,日报!$E:$E,合格品出库记录!$A:$A,日报!AU$3)<>0,SUMIFS(合格品出库记录!$G:$G,合格品出库记录!$E:$E,日报!$E:$E,合格品出库记录!$A:$A,日报!AU$3),"") | AV18: =IF(SUMIFS(合格品出库记录!$G:$G,合格品出库记录!$E:$E,日报!$E:$E,合格品出库记录!$A:$A,日报!AV$3)<>0,SUMIFS(合格品出库记录!$G:$G,合格品出库记录!$E:$E,日报!$E:$E,合格品出库记录!$A:$A,日报!AV$3),"") | AW18: =IF(SUMIFS(合格品出库记录!$G:$G,合格品出库记录!$E:$E,日报!$E:$E,合格品出库记录!$A:$A,日报!AW$3)<>0,SUMIFS(合格品出库记录!$G:$G,合格品出库记录!$E:$E,日报!$E:$E,合格品出库记录!$A:$A,日报!AW$3),"") | AX18: =IF(SUMIFS(合格品出库记录!$G:$G,合格品出库记录!$E:$E,日报!$E:$E,合格品出库记录!$A:$A,日报!AX$3)<>0,SUMIFS(合格品出库记录!$G:$G,合格品出库记录!$E:$E,日报!$E:$E,合格品出库记录!$A:$A,日报!AX$3),"") | AY18: =IF(SUMIFS(合格品出库记录!$G:$G,合格品出库记录!$E:$E,日报!$E:$E,合格品出库记录!$A:$A,日报!AY$3)<>0,SUMIFS(合格品出库记录!$G:$G,合格品出库记录!$E:$E,日报!$E:$E,合格品出库记录!$A:$A,日报!AY$3),"") | AZ18: =IF(SUMIFS(合格品出库记录!$G:$G,合格品出库记录!$E:$E,日报!$E:$E,合格品出库记录!$A:$A,日报!AZ$3)<>0,SUMIFS(合格品出库记录!$G:$G,合格品出库记录!$E:$E,日报!$E:$E,合格品出库记录!$A:$A,日报!AZ$3),"") | BA18: =IF(SUMIFS(合格品出库记录!$G:$G,合格品出库记录!$E:$E,日报!$E:$E,合格品出库记录!$A:$A,日报!BA$3)<>0,SUMIFS(合格品出库记录!$G:$G,合格品出库记录!$E:$E,日报!$E:$E,合格品出库记录!$A:$A,日报!BA$3),"") | BB18: =IF(SUMIFS(合格品出库记录!$G:$G,合格品出库记录!$E:$E,日报!$E:$E,合格品出库记录!$A:$A,日报!BB$3)<>0,SUMIFS(合格品出库记录!$G:$G,合格品出库记录!$E:$E,日报!$E:$E,合格品出库记录!$A:$A,日报!BB$3),"") | ... BY18: =IF(SUMIFS(合格品出库记录!$G:$G,合格品出库记录!$E:$E,日报!$E:$E,合格品出库记录!$A:$A,日报!BY$3)<>0,SUMIFS(合格品出库记录!$G:$G,合格品出库记录!$E:$E,日报!$E:$E,合格品出库记录!$A:$A,日报!BY$3),"")
A19: 16 | B19: 1DC | C19: 东莞市硅翔绝缘材料有限公司 | D19: F02001000539 | E19: 3.2.49.08.00662-000 | F19: LPT03A_PBP_32S加热片_R | H19: 19 | I19: =SUMIF(合格品入货记录!E:E,日报!E19,合格品入货记录!G:G) -> 0 | J19: =SUMIF(合格品出库记录!E:E,日报!E19,合格品出库记录!G:G) -> 6 | K19: =H19+I19-J19+L19 -> 13 | L19: =SUMIF(不良品库存!D:D,E:E,不良品库存!F:F) -> 0 | M19: =H19+I19-J19 -> 13 | P19: =IF(SUMIFS(合格品入货记录!$G:$G,合格品入货记录!$E:$E,日报!$E:$E,合格品入货记录!$A:$A,日报!P$3)<>0,SUMIFS(合格品入货记录!$G:$G,合格品入货记录!$E:$E,日报!$E:$E,合格品入货记录!$A:$A,日报!P$3),"") | Q19: =IF(SUMIFS(合格品入货记录!$G:$G,合格品入货记录!$E:$E,日报!$E:$E,合格品入货记录!$A:$A,日报!Q$3)<>0,SUMIFS(合格品入货记录!$G:$G,合格品入货记录!$E:$E,日报!$E:$E,合格品入货记录!$A:$A,日报!Q$3),"") | R19: =IF(SUMIFS(合格品入货记录!$G:$G,合格品入货记录!$E:$E,日报!$E:$E,合格品入货记录!$A:$A,日报!R$3)<>0,SUMIFS(合格品入货记录!$G:$G,合格品入货记录!$E:$E,日报!$E:$E,合格品入货记录!$A:$A,日报!R$3),"") | S19: =IF(SUMIFS(合格品入货记录!$G:$G,合格品入货记录!$E:$E,日报!$E:$E,合格品入货记录!$A:$A,日报!S$3)<>0,SUMIFS(合格品入货记录!$G:$G,合格品入货记录!$E:$E,日报!$E:$E,合格品入货记录!$A:$A,日报!S$3),"") | T19: =IF(SUMIFS(合格品入货记录!$G:$G,合格品入货记录!$E:$E,日报!$E:$E,合格品入货记录!$A:$A,日报!T$3)<>0,SUMIFS(合格品入货记录!$G:$G,合格品入货记录!$E:$E,日报!$E:$E,合格品入货记录!$A:$A,日报!T$3),"") | U19: =IF(SUMIFS(合格品入货记录!$G:$G,合格品入货记录!$E:$E,日报!$E:$E,合格品入货记录!$A:$A,日报!U$3)<>0,SUMIFS(合格品入货记录!$G:$G,合格品入货记录!$E:$E,日报!$E:$E,合格品入货记录!$A:$A,日报!U$3),"") | V19: =IF(SUMIFS(合格品入货记录!$G:$G,合格品入货记录!$E:$E,日报!$E:$E,合格品入货记录!$A:$A,日报!V$3)<>0,SUMIFS(合格品入货记录!$G:$G,合格品入货记录!$E:$E,日报!$E:$E,合格品入货记录!$A:$A,日报!V$3),"") | W19: =IF(SUMIFS(合格品入货记录!$G:$G,合格品入货记录!$E:$E,日报!$E:$E,合格品入货记录!$A:$A,日报!W$3)<>0,SUMIFS(合格品入货记录!$G:$G,合格品入货记录!$E:$E,日报!$E:$E,合格品入货记录!$A:$A,日报!W$3),"") | ... AT19: =IF(SUMIFS(合格品入货记录!$G:$G,合格品入货记录!$E:$E,日报!$E:$E,合格品入货记录!$A:$A,日报!AT$3)<>0,SUMIFS(合格品入货记录!$G:$G,合格品入货记录!$E:$E,日报!$E:$E,合格品入货记录!$A:$A,日报!AT$3),"") | AU19: =IF(SUMIFS(合格品出库记录!$G:$G,合格品出库记录!$E:$E,日报!$E:$E,合格品出库记录!$A:$A,日报!AU$3)<>0,SUMIFS(合格品出库记录!$G:$G,合格品出库记录!$E:$E,日报!$E:$E,合格品出库记录!$A:$A,日报!AU$3),"") | AV19: =IF(SUMIFS(合格品出库记录!$G:$G,合格品出库记录!$E:$E,日报!$E:$E,合格品出库记录!$A:$A,日报!AV$3)<>0,SUMIFS(合格品出库记录!$G:$G,合格品出库记录!$E:$E,日报!$E:$E,合格品出库记录!$A:$A,日报!AV$3),"") | AW19: =IF(SUMIFS(合格品出库记录!$G:$G,合格品出库记录!$E:$E,日报!$E:$E,合格品出库记录!$A:$A,日报!AW$3)<>0,SUMIFS(合格品出库记录!$G:$G,合格品出库记录!$E:$E,日报!$E:$E,合格品出库记录!$A:$A,日报!AW$3),"") | AX19: =IF(SUMIFS(合格品出库记录!$G:$G,合格品出库记录!$E:$E,日报!$E:$E,合格品出库记录!$A:$A,日报!AX$3)<>0,SUMIFS(合格品出库记录!$G:$G,合格品出库记录!$E:$E,日报!$E:$E,合格品出库记录!$A:$A,日报!AX$3),"") | AY19: =IF(SUMIFS(合格品出库记录!$G:$G,合格品出库记录!$E:$E,日报!$E:$E,合格品出库记录!$A:$A,日报!AY$3)<>0,SUMIFS(合格品出库记录!$G:$G,合格品出库记录!$E:$E,日报!$E:$E,合格品出库记录!$A:$A,日报!AY$3),"") | AZ19: =IF(SUMIFS(合格品出库记录!$G:$G,合格品出库记录!$E:$E,日报!$E:$E,合格品出库记录!$A:$A,日报!AZ$3)<>0,SUMIFS(合格品出库记录!$G:$G,合格品出库记录!$E:$E,日报!$E:$E,合格品出库记录!$A:$A,日报!AZ$3),"") | BA19: =IF(SUMIFS(合格品出库记录!$G:$G,合格品出库记录!$E:$E,日报!$E:$E,合格品出库记录!$A:$A,日报!BA$3)<>0,SUMIFS(合格品出库记录!$G:$G,合格品出库记录!$E:$E,日报!$E:$E,合格品出库记录!$A:$A,日报!BA$3),"") | BB19: =IF(SUMIFS(合格品出库记录!$G:$G,合格品出库记录!$E:$E,日报!$E:$E,合格品出库记录!$A:$A,日报!BB$3)<>0,SUMIFS(合格品出库记录!$G:$G,合格品出库记录!$E:$E,日报!$E:$E,合格品出库记录!$A:$A,日报!BB$3),"") | ... BY19: =IF(SUMIFS(合格品出库记录!$G:$G,合格品出库记录!$E:$E,日报!$E:$E,合格品出库记录!$A:$A,日报!BY$3)<>0,SUMIFS(合格品出库记录!$G:$G,合格品出库记录!$E:$E,日报!$E:$E,合格品出库记录!$A:$A,日报!BY$3),"")
A20: 17 | B20: 1DC | C20: 东莞市硅翔绝缘材料有限公司 | D20: F02001000528 | E20: 3.2.49.08.00514-000 | F20: LPT03A_PBP-RP加热片-R | H20: 0 | I20: =SUMIF(合格品入货记录!E:E,日报!E20,合格品入货记录!G:G) -> 0 | J20: =SUMIF(合格品出库记录!E:E,日报!E20,合格品出库记录!G:G) -> 0 | K20: =H20+I20-J20+L20 -> 0 | L20: =SUMIF(不良品库存!D:D,E:E,不良品库存!F:F) -> 0 | M20: =H20+I20-J20 -> 0 | P20: =IF(SUMIFS(合格品入货记录!$G:$G,合格品入货记录!$E:$E,日报!$E:$E,合格品入货记录!$A:$A,日报!P$3)<>0,SUMIFS(合格品入货记录!$G:$G,合格品入货记录!$E:$E,日报!$E:$E,合格品入货记录!$A:$A,日报!P$3),"") | Q20: =IF(SUMIFS(合格品入货记录!$G:$G,合格品入货记录!$E:$E,日报!$E:$E,合格品入货记录!$A:$A,日报!Q$3)<>0,SUMIFS(合格品入货记录!$G:$G,合格品入货记录!$E:$E,日报!$E:$E,合格品入货记录!$A:$A,日报!Q$3),"") | R20: =IF(SUMIFS(合格品入货记录!$G:$G,合格品入货记录!$E:$E,日报!$E:$E,合格品入货记录!$A:$A,日报!R$3)<>0,SUMIFS(合格品入货记录!$G:$G,合格品入货记录!$E:$E,日报!$E:$E,合格品入货记录!$A:$A,日报!R$3),"") | S20: =IF(SUMIFS(合格品入货记录!$G:$G,合格品入货记录!$E:$E,日报!$E:$E,合格品入货记录!$A:$A,日报!S$3)<>0,SUMIFS(合格品入货记录!$G:$G,合格品入货记录!$E:$E,日报!$E:$E,合格品入货记录!$A:$A,日报!S$3),"") | T20: =IF(SUMIFS(合格品入货记录!$G:$G,合格品入货记录!$E:$E,日报!$E:$E,合格品入货记录!$A:$A,日报!T$3)<>0,SUMIFS(合格品入货记录!$G:$G,合格品入货记录!$E:$E,日报!$E:$E,合格品入货记录!$A:$A,日报!T$3),"") | U20: =IF(SUMIFS(合格品入货记录!$G:$G,合格品入货记录!$E:$E,日报!$E:$E,合格品入货记录!$A:$A,日报!U$3)<>0,SUMIFS(合格品入货记录!$G:$G,合格品入货记录!$E:$E,日报!$E:$E,合格品入货记录!$A:$A,日报!U$3),"") | V20: =IF(SUMIFS(合格品入货记录!$G:$G,合格品入货记录!$E:$E,日报!$E:$E,合格品入货记录!$A:$A,日报!V$3)<>0,SUMIFS(合格品入货记录!$G:$G,合格品入货记录!$E:$E,日报!$E:$E,合格品入货记录!$A:$A,日报!V$3),"") | W20: =IF(SUMIFS(合格品入货记录!$G:$G,合格品入货记录!$E:$E,日报!$E:$E,合格品入货记录!$A:$A,日报!W$3)<>0,SUMIFS(合格品入货记录!$G:$G,合格品入货记录!$E:$E,日报!$E:$E,合格品入货记录!$A:$A,日报!W$3),"") | ... AT20: =IF(SUMIFS(合格品入货记录!$G:$G,合格品入货记录!$E:$E,日报!$E:$E,合格品入货记录!$A:$A,日报!AT$3)<>0,SUMIFS(合格品入货记录!$G:$G,合格品入货记录!$E:$E,日报!$E:$E,合格品入货记录!$A:$A,日报!AT$3),"") | AU20: =IF(SUMIFS(合格品出库记录!$G:$G,合格品出库记录!$E:$E,日报!$E:$E,合格品出库记录!$A:$A,日报!AU$3)<>0,SUMIFS(合格品出库记录!$G:$G,合格品出库记录!$E:$E,日报!$E:$E,合格品出库记录!$A:$A,日报!AU$3),"") | AV20: =IF(SUMIFS(合格品出库记录!$G:$G,合格品出库记录!$E:$E,日报!$E:$E,合格品出库记录!$A:$A,日报!AV$3)<>0,SUMIFS(合格品出库记录!$G:$G,合格品出库记录!$E:$E,日报!$E:$E,合格品出库记录!$A:$A,日报!AV$3),"") | AW20: =IF(SUMIFS(合格品出库记录!$G:$G,合格品出库记录!$E:$E,日报!$E:$E,合格品出库记录!$A:$A,日报!AW$3)<>0,SUMIFS(合格品出库记录!$G:$G,合格品出库记录!$E:$E,日报!$E:$E,合格品出库记录!$A:$A,日报!AW$3),"") | AX20: =IF(SUMIFS(合格品出库记录!$G:$G,合格品出库记录!$E:$E,日报!$E:$E,合格品出库记录!$A:$A,日报!AX$3)<>0,SUMIFS(合格品出库记录!$G:$G,合格品出库记录!$E:$E,日报!$E:$E,合格品出库记录!$A:$A,日报!AX$3),"") | AY20: =IF(SUMIFS(合格品出库记录!$G:$G,合格品出库记录!$E:$E,日报!$E:$E,合格品出库记录!$A:$A,日报!AY$3)<>0,SUMIFS(合格品出库记录!$G:$G,合格品出库记录!$E:$E,日报!$E:$E,合格品出库记录!$A:$A,日报!AY$3),"") | AZ20: =IF(SUMIFS(合格品出库记录!$G:$G,合格品出库记录!$E:$E,日报!$E:$E,合格品出库记录!$A:$A,日报!AZ$3)<>0,SUMIFS(合格品出库记录!$G:$G,合格品出库记录!$E:$E,日报!$E:$E,合格品出库记录!$A:$A,日报!AZ$3),"") | BA20: =IF(SUMIFS(合格品出库记录!$G:$G,合格品出库记录!$E:$E,日报!$E:$E,合格品出库记录!$A:$A,日报!BA$3)<>0,SUMIFS(合格品出库记录!$G:$G,合格品出库记录!$E:$E,日报!$E:$E,合格品出库记录!$A:$A,日报!BA$3),"") | BB20: =IF(SUMIFS(合格品出库记录!$G:$G,合格品出库记录!$E:$E,日报!$E:$E,合格品出库记录!$A:$A,日报!BB$3)<>0,SUMIFS(合格品出库记录!$G:$G,合格品出库记录!$E:$E,日报!$E:$E,合格品出库记录!$A:$A,日报!BB$3),"") | ... BY20: =IF(SUMIFS(合格品出库记录!$G:$G,合格品出库记录!$E:$E,日报!$E:$E,合格品出库记录!$A:$A,日报!BY$3)<>0,SUMIFS(合格品出库记录!$G:$G,合格品出库记录!$E:$E,日报!$E:$E,合格品出库记录!$A:$A,日报!BY$3),"")
... A70: 68 | B70: 1DC | C70: 东莞市硅翔绝缘材料有限公司 | D70: F01001002817 | E70: 3.1.02.30.01301 | F70: LXC10EV10C-CCS-B | H70: 76 | I70: =SUMIF(合格品入货记录!E:E,日报!E70,合格品入货记录!G:G) -> 0 | J70: =SUMIF(合格品出库记录!E:E,日报!E70,合格品出库记录!G:G) -> 0 | K70: =H70+I70-J70+L70 -> 76 | L70: =SUMIF(不良品库存!D:D,E:E,不良品库存!F:F) -> 0 | M70: =H70+I70-J70 -> 76 | P70: =IF(SUMIFS(合格品入货记录!$G:$G,合格品入货记录!$E:$E,日报!$E:$E,合格品入货记录!$A:$A,日报!P$3)<>0,SUMIFS(合格品入货记录!$G:$G,合格品入货记录!$E:$E,日报!$E:$E,合格品入货记录!$A:$A,日报!P$3),"") | Q70: =IF(SUMIFS(合格品入货记录!$G:$G,合格品入货记录!$E:$E,日报!$E:$E,合格品入货记录!$A:$A,日报!Q$3)<>0,SUMIFS(合格品入货记录!$G:$G,合格品入货记录!$E:$E,日报!$E:$E,合格品入货记录!$A:$A,日报!Q$3),"") | R70: =IF(SUMIFS(合格品入货记录!$G:$G,合格品入货记录!$E:$E,日报!$E:$E,合格品入货记录!$A:$A,日报!R$3)<>0,SUMIFS(合格品入货记录!$G:$G,合格品入货记录!$E:$E,日报!$E:$E,合格品入货记录!$A:$A,日报!R$3),"") | S70: =IF(SUMIFS(合格品入货记录!$G:$G,合格品入货记录!$E:$E,日报!$E:$E,合格品入货记录!$A:$A,日报!S$3)<>0,SUMIFS(合格品入货记录!$G:$G,合格品入货记录!$E:$E,日报!$E:$E,合格品入货记录!$A:$A,日报!S$3),"") | T70: =IF(SUMIFS(合格品入货记录!$G:$G,合格品入货记录!$E:$E,日报!$E:$E,合格品入货记录!$A:$A,日报!T$3)<>0,SUMIFS(合格品入货记录!$G:$G,合格品入货记录!$E:$E,日报!$E:$E,合格品入货记录!$A:$A,日报!T$3),"") | U70: =IF(SUMIFS(合格品入货记录!$G:$G,合格品入货记录!$E:$E,日报!$E:$E,合格品入货记录!$A:$A,日报!U$3)<>0,SUMIFS(合格品入货记录!$G:$G,合格品入货记录!$E:$E,日报!$E:$E,合格品入货记录!$A:$A,日报!U$3),"") | V70: =IF(SUMIFS(合格品入货记录!$G:$G,合格品入货记录!$E:$E,日报!$E:$E,合格品入货记录!$A:$A,日报!V$3)<>0,SUMIFS(合格品入货记录!$G:$G,合格品入货记录!$E:$E,日报!$E:$E,合格品入货记录!$A:$A,日报!V$3),"") | W70: =IF(SUMIFS(合格品入货记录!$G:$G,合格品入货记录!$E:$E,日报!$E:$E,合格品入货记录!$A:$A,日报!W$3)<>0,SUMIFS(合格品入货记录!$G:$G,合格品入货记录!$E:$E,日报!$E:$E,合格品入货记录!$A:$A,日报!W$3),"") | ... AT70: =IF(SUMIFS(合格品入货记录!$G:$G,合格品入货记录!$E:$E,日报!$E:$E,合格品入货记录!$A:$A,日报!AT$3)<>0,SUMIFS(合格品入货记录!$G:$G,合格品入货记录!$E:$E,日报!$E:$E,合格品入货记录!$A:$A,日报!AT$3),"") | AU70: =IF(SUMIFS(合格品出库记录!$G:$G,合格品出库记录!$E:$E,日报!$E:$E,合格品出库记录!$A:$A,日报!AU$3)<>0,SUMIFS(合格品出库记录!$G:$G,合格品出库记录!$E:$E,日报!$E:$E,合格品出库记录!$A:$A,日报!AU$3),"") | AV70: =IF(SUMIFS(合格品出库记录!$G:$G,合格品出库记录!$E:$E,日报!$E:$E,合格品出库记录!$A:$A,日报!AV$3)<>0,SUMIFS(合格品出库记录!$G:$G,合格品出库记录!$E:$E,日报!$E:$E,合格品出库记录!$A:$A,日报!AV$3),"") | AW70: =IF(SUMIFS(合格品出库记录!$G:$G,合格品出库记录!$E:$E,日报!$E:$E,合格品出库记录!$A:$A,日报!AW$3)<>0,SUMIFS(合格品出库记录!$G:$G,合格品出库记录!$E:$E,日报!$E:$E,合格品出库记录!$A:$A,日报!AW$3),"") | AX70: =IF(SUMIFS(合格品出库记录!$G:$G,合格品出库记录!$E:$E,日报!$E:$E,合格品出库记录!$A:$A,日报!AX$3)<>0,SUMIFS(合格品出库记录!$G:$G,合格品出库记录!$E:$E,日报!$E:$E,合格品出库记录!$A:$A,日报!AX$3),"") | AY70: =IF(SUMIFS(合格品出库记录!$G:$G,合格品出库记录!$E:$E,日报!$E:$E,合格品出库记录!$A:$A,日报!AY$3)<>0,SUMIFS(合格品出库记录!$G:$G,合格品出库记录!$E:$E,日报!$E:$E,合格品出库记录!$A:$A,日报!AY$3),"") | AZ70: =IF(SUMIFS(合格品出库记录!$G:$G,合格品出库记录!$E:$E,日报!$E:$E,合格品出库记录!$A:$A,日报!AZ$3)<>0,SUMIFS(合格品出库记录!$G:$G,合格品出库记录!$E:$E,日报!$E:$E,合格品出库记录!$A:$A,日报!AZ$3),"") | BA70: =IF(SUMIFS(合格品出库记录!$G:$G,合格品出库记录!$E:$E,日报!$E:$E,合格品出库记录!$A:$A,日报!BA$3)<>0,SUMIFS(合格品出库记录!$G:$G,合格品出库记录!$E:$E,日报!$E:$E,合格品出库记录!$A:$A,日报!BA$3),"") | BB70: =IF(SUMIFS(合格品出库记录!$G:$G,合格品出库记录!$E:$E,日报!$E:$E,合格品出库记录!$A:$A,日报!BB$3)<>0,SUMIFS(合格品出库记录!$G:$G,合格品出库记录!$E:$E,日报!$E:$E,合格品出库记录!$A:$A,日报!BB$3),"") | ... BY70: =IF(SUMIFS(合格品出库记录!$G:$G,合格品出库记录!$E:$E,日报!$E:$E,合格品出库记录!$A:$A,日报!BY$3)<>0,SUMIFS(合格品出库记录!$G:$G,合格品出库记录!$E:$E,日报!$E:$E,合格品出库记录!$A:$A,日报!BY$3),"")
A71: 69 | B71: 1DC | C71: 东莞市硅翔绝缘材料有限公司 | D71: F01001002784 | E71: 3.1.02.30.01290 | F71: LXB11RE10A-CCS | H71: 144 | I71: =SUMIF(合格品入货记录!E:E,日报!E71,合格品入货记录!G:G) -> 0 | J71: =SUMIF(合格品出库记录!E:E,日报!E71,合格品出库记录!G:G) -> 0 | K71: =H71+I71-J71+L71 -> 144 | L71: =SUMIF(不良品库存!D:D,E:E,不良品库存!F:F) -> 0 | M71: =H71+I71-J71 -> 144 | P71: =IF(SUMIFS(合格品入货记录!$G:$G,合格品入货记录!$E:$E,日报!$E:$E,合格品入货记录!$A:$A,日报!P$3)<>0,SUMIFS(合格品入货记录!$G:$G,合格品入货记录!$E:$E,日报!$E:$E,合格品入货记录!$A:$A,日报!P$3),"") | Q71: =IF(SUMIFS(合格品入货记录!$G:$G,合格品入货记录!$E:$E,日报!$E:$E,合格品入货记录!$A:$A,日报!Q$3)<>0,SUMIFS(合格品入货记录!$G:$G,合格品入货记录!$E:$E,日报!$E:$E,合格品入货记录!$A:$A,日报!Q$3),"") | R71: =IF(SUMIFS(合格品入货记录!$G:$G,合格品入货记录!$E:$E,日报!$E:$E,合格品入货记录!$A:$A,日报!R$3)<>0,SUMIFS(合格品入货记录!$G:$G,合格品入货记录!$E:$E,日报!$E:$E,合格品入货记录!$A:$A,日报!R$3),"") | S71: =IF(SUMIFS(合格品入货记录!$G:$G,合格品入货记录!$E:$E,日报!$E:$E,合格品入货记录!$A:$A,日报!S$3)<>0,SUMIFS(合格品入货记录!$G:$G,合格品入货记录!$E:$E,日报!$E:$E,合格品入货记录!$A:$A,日报!S$3),"") | T71: =IF(SUMIFS(合格品入货记录!$G:$G,合格品入货记录!$E:$E,日报!$E:$E,合格品入货记录!$A:$A,日报!T$3)<>0,SUMIFS(合格品入货记录!$G:$G,合格品入货记录!$E:$E,日报!$E:$E,合格品入货记录!$A:$A,日报!T$3),"") | U71: =IF(SUMIFS(合格品入货记录!$G:$G,合格品入货记录!$E:$E,日报!$E:$E,合格品入货记录!$A:$A,日报!U$3)<>0,SUMIFS(合格品入货记录!$G:$G,合格品入货记录!$E:$E,日报!$E:$E,合格品入货记录!$A:$A,日报!U$3),"") | V71: =IF(SUMIFS(合格品入货记录!$G:$G,合格品入货记录!$E:$E,日报!$E:$E,合格品入货记录!$A:$A,日报!V$3)<>0,SUMIFS(合格品入货记录!$G:$G,合格品入货记录!$E:$E,日报!$E:$E,合格品入货记录!$A:$A,日报!V$3),"") | W71: =IF(SUMIFS(合格品入货记录!$G:$G,合格品入货记录!$E:$E,日报!$E:$E,合格品入货记录!$A:$A,日报!W$3)<>0,SUMIFS(合格品入货记录!$G:$G,合格品入货记录!$E:$E,日报!$E:$E,合格品入货记录!$A:$A,日报!W$3),"") | ... AT71: =IF(SUMIFS(合格品入货记录!$G:$G,合格品入货记录!$E:$E,日报!$E:$E,合格品入货记录!$A:$A,日报!AT$3)<>0,SUMIFS(合格品入货记录!$G:$G,合格品入货记录!$E:$E,日报!$E:$E,合格品入货记录!$A:$A,日报!AT$3),"") | AU71: =IF(SUMIFS(合格品出库记录!$G:$G,合格品出库记录!$E:$E,日报!$E:$E,合格品出库记录!$A:$A,日报!AU$3)<>0,SUMIFS(合格品出库记录!$G:$G,合格品出库记录!$E:$E,日报!$E:$E,合格品出库记录!$A:$A,日报!AU$3),"") | AV71: =IF(SUMIFS(合格品出库记录!$G:$G,合格品出库记录!$E:$E,日报!$E:$E,合格品出库记录!$A:$A,日报!AV$3)<>0,SUMIFS(合格品出库记录!$G:$G,合格品出库记录!$E:$E,日报!$E:$E,合格品出库记录!$A:$A,日报!AV$3),"") | AW71: =IF(SUMIFS(合格品出库记录!$G:$G,合格品出库记录!$E:$E,日报!$E:$E,合格品出库记录!$A:$A,日报!AW$3)<>0,SUMIFS(合格品出库记录!$G:$G,合格品出库记录!$E:$E,日报!$E:$E,合格品出库记录!$A:$A,日报!AW$3),"") | AX71: =IF(SUMIFS(合格品出库记录!$G:$G,合格品出库记录!$E:$E,日报!$E:$E,合格品出库记录!$A:$A,日报!AX$3)<>0,SUMIFS(合格品出库记录!$G:$G,合格品出库记录!$E:$E,日报!$E:$E,合格品出库记录!$A:$A,日报!AX$3),"") | AY71: =IF(SUMIFS(合格品出库记录!$G:$G,合格品出库记录!$E:$E,日报!$E:$E,合格品出库记录!$A:$A,日报!AY$3)<>0,SUMIFS(合格品出库记录!$G:$G,合格品出库记录!$E:$E,日报!$E:$E,合格品出库记录!$A:$A,日报!AY$3),"") | AZ71: =IF(SUMIFS(合格品出库记录!$G:$G,合格品出库记录!$E:$E,日报!$E:$E,合格品出库记录!$A:$A,日报!AZ$3)<>0,SUMIFS(合格品出库记录!$G:$G,合格品出库记录!$E:$E,日报!$E:$E,合格品出库记录!$A:$A,日报!AZ$3),"") | BA71: =IF(SUMIFS(合格品出库记录!$G:$G,合格品出库记录!$E:$E,日报!$E:$E,合格品出库记录!$A:$A,日报!BA$3)<>0,SUMIFS(合格品出库记录!$G:$G,合格品出库记录!$E:$E,日报!$E:$E,合格品出库记录!$A:$A,日报!BA$3),"") | BB71: =IF(SUMIFS(合格品出库记录!$G:$G,合格品出库记录!$E:$E,日报!$E:$E,合格品出库记录!$A:$A,日报!BB$3)<>0,SUMIFS(合格品出库记录!$G:$G,合格品出库记录!$E:$E,日报!$E:$E,合格品出库记录!$A:$A,日报!BB$3),"") | ... BX71: =IF(SUMIFS(合格品出库记录!$G:$G,合格品出库记录!$E:$E,日报!$E:$E,合格品出库记录!$A:$A,日报!BX$3)<>0,SUMIFS(合格品出库记录!$G:$G,合格品出库记录!$E:$E,日报!$E:$E,合格品出库记录!$A:$A,日报!BX$3),"")
A72: 70 | B72: 1DC | C72: 东莞市硅翔绝缘材料有限公司 | D72: F01001002160 | E72: 3.1.02.30.00632 | F72: LXT05EV20-模组A-CCS-02 | H72: 350 | I72: =SUMIF(合格品入货记录!E:E,日报!E72,合格品入货记录!G:G) -> 0 | J72: =SUMIF(合格品出库记录!E:E,日报!E72,合格品出库记录!G:G) -> 266 | K72: =H72+I72-J72+L72 -> 84 | L72: =SUMIF(不良品库存!D:D,E:E,不良品库存!F:F) -> 0 | M72: =H72+I72-J72 -> 84 | P72: =IF(SUMIFS(合格品入货记录!$G:$G,合格品入货记录!$E:$E,日报!$E:$E,合格品入货记录!$A:$A,日报!P$3)<>0,SUMIFS(合格品入货记录!$G:$G,合格品入货记录!$E:$E,日报!$E:$E,合格品入货记录!$A:$A,日报!P$3),"") | Q72: =IF(SUMIFS(合格品入货记录!$G:$G,合格品入货记录!$E:$E,日报!$E:$E,合格品入货记录!$A:$A,日报!Q$3)<>0,SUMIFS(合格品入货记录!$G:$G,合格品入货记录!$E:$E,日报!$E:$E,合格品入货记录!$A:$A,日报!Q$3),"") | R72: =IF(SUMIFS(合格品入货记录!$G:$G,合格品入货记录!$E:$E,日报!$E:$E,合格品入货记录!$A:$A,日报!R$3)<>0,SUMIFS(合格品入货记录!$G:$G,合格品入货记录!$E:$E,日报!$E:$E,合格品入货记录!$A:$A,日报!R$3),"") | S72: =IF(SUMIFS(合格品入货记录!$G:$G,合格品入货记录!$E:$E,日报!$E:$E,合格品入货记录!$A:$A,日报!S$3)<>0,SUMIFS(合格品入货记录!$G:$G,合格品入货记录!$E:$E,日报!$E:$E,合格品入货记录!$A:$A,日报!S$3),"") | T72: =IF(SUMIFS(合格品入货记录!$G:$G,合格品入货记录!$E:$E,日报!$E:$E,合格品入货记录!$A:$A,日报!T$3)<>0,SUMIFS(合格品入货记录!$G:$G,合格品入货记录!$E:$E,日报!$E:$E,合格品入货记录!$A:$A,日报!T$3),"") | U72: =IF(SUMIFS(合格品入货记录!$G:$G,合格品入货记录!$E:$E,日报!$E:$E,合格品入货记录!$A:$A,日报!U$3)<>0,SUMIFS(合格品入货记录!$G:$G,合格品入货记录!$E:$E,日报!$E:$E,合格品入货记录!$A:$A,日报!U$3),"") | V72: =IF(SUMIFS(合格品入货记录!$G:$G,合格品入货记录!$E:$E,日报!$E:$E,合格品入货记录!$A:$A,日报!V$3)<>0,SUMIFS(合格品入货记录!$G:$G,合格品入货记录!$E:$E,日报!$E:$E,合格品入货记录!$A:$A,日报!V$3),"") | W72: =IF(SUMIFS(合格品入货记录!$G:$G,合格品入货记录!$E:$E,日报!$E:$E,合格品入货记录!$A:$A,日报!W$3)<>0,SUMIFS(合格品入货记录!$G:$G,合格品入货记录!$E:$E,日报!$E:$E,合格品入货记录!$A:$A,日报!W$3),"") | ... AT72: =IF(SUMIFS(合格品入货记录!$G:$G,合格品入货记录!$E:$E,日报!$E:$E,合格品入货记录!$A:$A,日报!AT$3)<>0,SUMIFS(合格品入货记录!$G:$G,合格品入货记录!$E:$E,日报!$E:$E,合格品入货记录!$A:$A,日报!AT$3),"") | AU72: =IF(SUMIFS(合格品出库记录!$G:$G,合格品出库记录!$E:$E,日报!$E:$E,合格品出库记录!$A:$A,日报!AU$3)<>0,SUMIFS(合格品出库记录!$G:$G,合格品出库记录!$E:$E,日报!$E:$E,合格品出库记录!$A:$A,日报!AU$3),"") | AV72: =IF(SUMIFS(合格品出库记录!$G:$G,合格品出库记录!$E:$E,日报!$E:$E,合格品出库记录!$A:$A,日报!AV$3)<>0,SUMIFS(合格品出库记录!$G:$G,合格品出库记录!$E:$E,日报!$E:$E,合格品出库记录!$A:$A,日报!AV$3),"") -> 168 | AW72: =IF(SUMIFS(合格品出库记录!$G:$G,合格品出库记录!$E:$E,日报!$E:$E,合格品出库记录!$A:$A,日报!AW$3)<>0,SUMIFS(合格品出库记录!$G:$G,合格品出库记录!$E:$E,日报!$E:$E,合格品出库记录!$A:$A,日报!AW$3),"") -> 98 | AX72: =IF(SUMIFS(合格品出库记录!$G:$G,合格品出库记录!$E:$E,日报!$E:$E,合格品出库记录!$A:$A,日报!AX$3)<>0,SUMIFS(合格品出库记录!$G:$G,合格品出库记录!$E:$E,日报!$E:$E,合格品出库记录!$A:$A,日报!AX$3),"") | AY72: =IF(SUMIFS(合格品出库记录!$G:$G,合格品出库记录!$E:$E,日报!$E:$E,合格品出库记录!$A:$A,日报!AY$3)<>0,SUMIFS(合格品出库记录!$G:$G,合格品出库记录!$E:$E,日报!$E:$E,合格品出库记录!$A:$A,日报!AY$3),"") | AZ72: =IF(SUMIFS(合格品出库记录!$G:$G,合格品出库记录!$E:$E,日报!$E:$E,合格品出库记录!$A:$A,日报!AZ$3)<>0,SUMIFS(合格品出库记录!$G:$G,合格品出库记录!$E:$E,日报!$E:$E,合格品出库记录!$A:$A,日报!AZ$3),"") | BA72: =IF(SUMIFS(合格品出库记录!$G:$G,合格品出库记录!$E:$E,日报!$E:$E,合格品出库记录!$A:$A,日报!BA$3)<>0,SUMIFS(合格品出库记录!$G:$G,合格品出库记录!$E:$E,日报!$E:$E,合格品出库记录!$A:$A,日报!BA$3),"") | BB72: =IF(SUMIFS(合格品出库记录!$G:$G,合格品出库记录!$E:$E,日报!$E:$E,合格品出库记录!$A:$A,日报!BB$3)<>0,SUMIFS(合格品出库记录!$G:$G,合格品出库记录!$E:$E,日报!$E:$E,合格品出库记录!$A:$A,日报!BB$3),"") | ... BX72: =IF(SUMIFS(合格品出库记录!$G:$G,合格品出库记录!$E:$E,日报!$E:$E,合格品出库记录!$A:$A,日报!BX$3)<>0,SUMIFS(合格品出库记录!$G:$G,合格品出库记录!$E:$E,日报!$E:$E,合格品出库记录!$A:$A,日报!BX$3),"")
A73: 71 | B73: 1DC | C73: 东莞市硅翔绝缘材料有限公司 | D73: F01001002161 | E73: 3.1.02.30.00633 | F73: LXT05EV20-模组B-CCS-02 | H73: 322 | I73: =SUMIF(合格品入货记录!E:E,日报!E73,合格品入货记录!G:G) -> 0 | J73: =SUMIF(合格品出库记录!E:E,日报!E73,合格品出库记录!G:G) -> 266 | K73: =H73+I73-J73+L73 -> 56 | L73: =SUMIF(不良品库存!D:D,E:E,不良品库存!F:F) -> 0 | M73: =H73+I73-J73 -> 56 | P73: =IF(SUMIFS(合格品入货记录!$G:$G,合格品入货记录!$E:$E,日报!$E:$E,合格品入货记录!$A:$A,日报!P$3)<>0,SUMIFS(合格品入货记录!$G:$G,合格品入货记录!$E:$E,日报!$E:$E,合格品入货记录!$A:$A,日报!P$3),"") | Q73: =IF(SUMIFS(合格品入货记录!$G:$G,合格品入货记录!$E:$E,日报!$E:$E,合格品入货记录!$A:$A,日报!Q$3)<>0,SUMIFS(合格品入货记录!$G:$G,合格品入货记录!$E:$E,日报!$E:$E,合格品入货记录!$A:$A,日报!Q$3),"") | R73: =IF(SUMIFS(合格品入货记录!$G:$G,合格品入货记录!$E:$E,日报!$E:$E,合格品入货记录!$A:$A,日报!R$3)<>0,SUMIFS(合格品入货记录!$G:$G,合格品入货记录!$E:$E,日报!$E:$E,合格品入货记录!$A:$A,日报!R$3),"") | S73: =IF(SUMIFS(合格品入货记录!$G:$G,合格品入货记录!$E:$E,日报!$E:$E,合格品入货记录!$A:$A,日报!S$3)<>0,SUMIFS(合格品入货记录!$G:$G,合格品入货记录!$E:$E,日报!$E:$E,合格品入货记录!$A:$A,日报!S$3),"") | T73: =IF(SUMIFS(合格品入货记录!$G:$G,合格品入货记录!$E:$E,日报!$E:$E,合格品入货记录!$A:$A,日报!T$3)<>0,SUMIFS(合格品入货记录!$G:$G,合格品入货记录!$E:$E,日报!$E:$E,合格品入货记录!$A:$A,日报!T$3),"") | U73: =IF(SUMIFS(合格品入货记录!$G:$G,合格品入货记录!$E:$E,日报!$E:$E,合格品入货记录!$A:$A,日报!U$3)<>0,SUMIFS(合格品入货记录!$G:$G,合格品入货记录!$E:$E,日报!$E:$E,合格品入货记录!$A:$A,日报!U$3),"") | V73: =IF(SUMIFS(合格品入货记录!$G:$G,合格品入货记录!$E:$E,日报!$E:$E,合格品入货记录!$A:$A,日报!V$3)<>0,SUMIFS(合格品入货记录!$G:$G,合格品入货记录!$E:$E,日报!$E:$E,合格品入货记录!$A:$A,日报!V$3),"") | W73: =IF(SUMIFS(合格品入货记录!$G:$G,合格品入货记录!$E:$E,日报!$E:$E,合格品入货记录!$A:$A,日报!W$3)<>0,SUMIFS(合格品入货记录!$G:$G,合格品入货记录!$E:$E,日报!$E:$E,合格品入货记录!$A:$A,日报!W$3),"") | ... AT73: =IF(SUMIFS(合格品入货记录!$G:$G,合格品入货记录!$E:$E,日报!$E:$E,合格品入货记录!$A:$A,日报!AT$3)<>0,SUMIFS(合格品入货记录!$G:$G,合格品入货记录!$E:$E,日报!$E:$E,合格品入货记录!$A:$A,日报!AT$3),"") | AU73: =IF(SUMIFS(合格品出库记录!$G:$G,合格品出库记录!$E:$E,日报!$E:$E,合格品出库记录!$A:$A,日报!AU$3)<>0,SUMIFS(合格品出库记录!$G:$G,合格品出库记录!$E:$E,日报!$E:$E,合格品出库记录!$A:$A,日报!AU$3),"") | AV73: =IF(SUMIFS(合格品出库记录!$G:$G,合格品出库记录!$E:$E,日报!$E:$E,合格品出库记录!$A:$A,日报!AV$3)<>0,SUMIFS(合格品出库记录!$G:$G,合格品出库记录!$E:$E,日报!$E:$E,合格品出库记录!$A:$A,日报!AV$3),"") -> 168 | AW73: =IF(SUMIFS(合格品出库记录!$G:$G,合格品出库记录!$E:$E,日报!$E:$E,合格品出库记录!$A:$A,日报!AW$3)<>0,SUMIFS(合格品出库记录!$G:$G,合格品出库记录!$E:$E,日报!$E:$E,合格品出库记录!$A:$A,日报!AW$3),"") -> 98 | AX73: =IF(SUMIFS(合格品出库记录!$G:$G,合格品出库记录!$E:$E,日报!$E:$E,合格品出库记录!$A:$A,日报!AX$3)<>0,SUMIFS(合格品出库记录!$G:$G,合格品出库记录!$E:$E,日报!$E:$E,合格品出库记录!$A:$A,日报!AX$3),"") | AY73: =IF(SUMIFS(合格品出库记录!$G:$G,合格品出库记录!$E:$E,日报!$E:$E,合格品出库记录!$A:$A,日报!AY$3)<>0,SUMIFS(合格品出库记录!$G:$G,合格品出库记录!$E:$E,日报!$E:$E,合格品出库记录!$A:$A,日报!AY$3),"") | AZ73: =IF(SUMIFS(合格品出库记录!$G:$G,合格品出库记录!$E:$E,日报!$E:$E,合格品出库记录!$A:$A,日报!AZ$3)<>0,SUMIFS(合格品出库记录!$G:$G,合格品出库记录!$E:$E,日报!$E:$E,合格品出库记录!$A:$A,日报!AZ$3),"") | BA73: =IF(SUMIFS(合格品出库记录!$G:$G,合格品出库记录!$E:$E,日报!$E:$E,合格品出库记录!$A:$A,日报!BA$3)<>0,SUMIFS(合格品出库记录!$G:$G,合格品出库记录!$E:$E,日报!$E:$E,合格品出库记录!$A:$A,日报!BA$3),"") | BB73: =IF(SUMIFS(合格品出库记录!$G:$G,合格品出库记录!$E:$E,日报!$E:$E,合格品出库记录!$A:$A,日报!BB$3)<>0,SUMIFS(合格品出库记录!$G:$G,合格品出库记录!$E:$E,日报!$E:$E,合格品出库记录!$A:$A,日报!BB$3),"") | ... BX73: =IF(SUMIFS(合格品出库记录!$G:$G,合格品出库记录!$E:$E,日报!$E:$E,合格品出库记录!$A:$A,日报!BX$3)<>0,SUMIFS(合格品出库记录!$G:$G,合格品出库记录!$E:$E,日报!$E:$E,合格品出库记录!$A:$A,日报!BX$3),"")
A74: 72 | B74: 1DC | C74: 东莞市硅翔绝缘材料有限公司 | D74: F01001002473 | E74: 3.1.02.30.01038 | F74: LXT05EV20-CCS-C | H74: 98 | I74: =SUMIF(合格品入货记录!E:E,日报!E74,合格品入货记录!G:G) -> 0 | J74: =SUMIF(合格品出库记录!E:E,日报!E74,合格品出库记录!G:G) -> 0 | K74: =H74+I74-J74+L74 -> 98 | L74: =SUMIF(不良品库存!D:D,E:E,不良品库存!F:F) -> 0 | M74: =H74+I74-J74 -> 98 | P74: =IF(SUMIFS(合格品入货记录!$G:$G,合格品入货记录!$E:$E,日报!$E:$E,合格品入货记录!$A:$A,日报!P$3)<>0,SUMIFS(合格品入货记录!$G:$G,合格品入货记录!$E:$E,日报!$E:$E,合格品入货记录!$A:$A,日报!P$3),"") | Q74: =IF(SUMIFS(合格品入货记录!$G:$G,合格品入货记录!$E:$E,日报!$E:$E,合格品入货记录!$A:$A,日报!Q$3)<>0,SUMIFS(合格品入货记录!$G:$G,合格品入货记录!$E:$E,日报!$E:$E,合格品入货记录!$A:$A,日报!Q$3),"") | R74: =IF(SUMIFS(合格品入货记录!$G:$G,合格品入货记录!$E:$E,日报!$E:$E,合格品入货记录!$A:$A,日报!R$3)<>0,SUMIFS(合格品入货记录!$G:$G,合格品入货记录!$E:$E,日报!$E:$E,合格品入货记录!$A:$A,日报!R$3),"") | S74: =IF(SUMIFS(合格品入货记录!$G:$G,合格品入货记录!$E:$E,日报!$E:$E,合格品入货记录!$A:$A,日报!S$3)<>0,SUMIFS(合格品入货记录!$G:$G,合格品入货记录!$E:$E,日报!$E:$E,合格品入货记录!$A:$A,日报!S$3),"") | T74: =IF(SUMIFS(合格品入货记录!$G:$G,合格品入货记录!$E:$E,日报!$E:$E,合格品入货记录!$A:$A,日报!T$3)<>0,SUMIFS(合格品入货记录!$G:$G,合格品入货记录!$E:$E,日报!$E:$E,合格品入货记录!$A:$A,日报!T$3),"") | U74: =IF(SUMIFS(合格品入货记录!$G:$G,合格品入货记录!$E:$E,日报!$E:$E,合格品入货记录!$A:$A,日报!U$3)<>0,SUMIFS(合格品入货记录!$G:$G,合格品入货记录!$E:$E,日报!$E:$E,合格品入货记录!$A:$A,日报!U$3),"") | V74: =IF(SUMIFS(合格品入货记录!$G:$G,合格品入货记录!$E:$E,日报!$E:$E,合格品入货记录!$A:$A,日报!V$3)<>0,SUMIFS(合格品入货记录!$G:$G,合格品入货记录!$E:$E,日报!$E:$E,合格品入货记录!$A:$A,日报!V$3),"") | W74: =IF(SUMIFS(合格品入货记录!$G:$G,合格品入货记录!$E:$E,日报!$E:$E,合格品入货记录!$A:$A,日报!W$3)<>0,SUMIFS(合格品入货记录!$G:$G,合格品入货记录!$E:$E,日报!$E:$E,合格品入货记录!$A:$A,日报!W$3),"") | ... AT74: =IF(SUMIFS(合格品入货记录!$G:$G,合格品入货记录!$E:$E,日报!$E:$E,合格品入货记录!$A:$A,日报!AT$3)<>0,SUMIFS(合格品入货记录!$G:$G,合格品入货记录!$E:$E,日报!$E:$E,合格品入货记录!$A:$A,日报!AT$3),"") | AU74: =IF(SUMIFS(合格品出库记录!$G:$G,合格品出库记录!$E:$E,日报!$E:$E,合格品出库记录!$A:$A,日报!AU$3)<>0,SUMIFS(合格品出库记录!$G:$G,合格品出库记录!$E:$E,日报!$E:$E,合格品出库记录!$A:$A,日报!AU$3),"") | AV74: =IF(SUMIFS(合格品出库记录!$G:$G,合格品出库记录!$E:$E,日报!$E:$E,合格品出库记录!$A:$A,日报!AV$3)<>0,SUMIFS(合格品出库记录!$G:$G,合格品出库记录!$E:$E,日报!$E:$E,合格品出库记录!$A:$A,日报!AV$3),"") | AW74: =IF(SUMIFS(合格品出库记录!$G:$G,合格品出库记录!$E:$E,日报!$E:$E,合格品出库记录!$A:$A,日报!AW$3)<>0,SUMIFS(合格品出库记录!$G:$G,合格品出库记录!$E:$E,日报!$E:$E,合格品出库记录!$A:$A,日报!AW$3),"") | AX74: =IF(SUMIFS(合格品出库记录!$G:$G,合格品出库记录!$E:$E,日报!$E:$E,合格品出库记录!$A:$A,日报!AX$3)<>0,SUMIFS(合格品出库记录!$G:$G,合格品出库记录!$E:$E,日报!$E:$E,合格品出库记录!$A:$A,日报!AX$3),"") | AY74: =IF(SUMIFS(合格品出库记录!$G:$G,合格品出库记录!$E:$E,日报!$E:$E,合格品出库记录!$A:$A,日报!AY$3)<>0,SUMIFS(合格品出库记录!$G:$G,合格品出库记录!$E:$E,日报!$E:$E,合格品出库记录!$A:$A,日报!AY$3),"") | AZ74: =IF(SUMIFS(合格品出库记录!$G:$G,合格品出库记录!$E:$E,日报!$E:$E,合格品出库记录!$A:$A,日报!AZ$3)<>0,SUMIFS(合格品出库记录!$G:$G,合格品出库记录!$E:$E,日报!$E:$E,合格品出库记录!$A:$A,日报!AZ$3),"") | BA74: =IF(SUMIFS(合格品出库记录!$G:$G,合格品出库记录!$E:$E,日报!$E:$E,合格品出库记录!$A:$A,日报!BA$3)<>0,SUMIFS(合格品出库记录!$G:$G,合格品出库记录!$E:$E,日报!$E:$E,合格品出库记录!$A:$A,日报!BA$3),"") | BB74: =IF(SUMIFS(合格品出库记录!$G:$G,合格品出库记录!$E:$E,日报!$E:$E,合格品出库记录!$A:$A,日报!BB$3)<>0,SUMIFS(合格品出库记录!$G:$G,合格品出库记录!$E:$E,日报!$E:$E,合格品出库记录!$A:$A,日报!BB$3),"") | ... BX74: =IF(SUMIFS(合格品出库记录!$G:$G,合格品出库记录!$E:$E,日报!$E:$E,合格品出库记录!$A:$A,日报!BX$3)<>0,SUMIFS(合格品出库记录!$G:$G,合格品出库记录!$E:$E,日报!$E:$E,合格品出库记录!$A:$A,日报!BX$3),"")
A75: 73 | B75: 1DC | C75: 东莞市硅翔绝缘材料有限公司 | D75: F01001002123 | E75: 3.1.02.30.00636 | F75: LXT05EV20B-模组A_CCS-01 | H75: 860 | I75: =SUMIF(合格品入货记录!E:E,日报!E75,合格品入货记录!G:G) -> 0 | J75: =SUMIF(合格品出库记录!E:E,日报!E75,合格品出库记录!G:G) -> 20 | K75: =H75+I75-J75+L75 -> 840 | L75: =SUMIF(不良品库存!D:D,E:E,不良品库存!F:F) -> 0 | M75: =H75+I75-J75 -> 840 | P75: =IF(SUMIFS(合格品入货记录!$G:$G,合格品入货记录!$E:$E,日报!$E:$E,合格品入货记录!$A:$A,日报!P$3)<>0,SUMIFS(合格品入货记录!$G:$G,合格品入货记录!$E:$E,日报!$E:$E,合格品入货记录!$A:$A,日报!P$3),"") | Q75: =IF(SUMIFS(合格品入货记录!$G:$G,合格品入货记录!$E:$E,日报!$E:$E,合格品入货记录!$A:$A,日报!Q$3)<>0,SUMIFS(合格品入货记录!$G:$G,合格品入货记录!$E:$E,日报!$E:$E,合格品入货记录!$A:$A,日报!Q$3),"") | R75: =IF(SUMIFS(合格品入货记录!$G:$G,合格品入货记录!$E:$E,日报!$E:$E,合格品入货记录!$A:$A,日报!R$3)<>0,SUMIFS(合格品入货记录!$G:$G,合格品入货记录!$E:$E,日报!$E:$E,合格品入货记录!$A:$A,日报!R$3),"") | S75: =IF(SUMIFS(合格品入货记录!$G:$G,合格品入货记录!$E:$E,日报!$E:$E,合格品入货记录!$A:$A,日报!S$3)<>0,SUMIFS(合格品入货记录!$G:$G,合格品入货记录!$E:$E,日报!$E:$E,合格品入货记录!$A:$A,日报!S$3),"") | T75: =IF(SUMIFS(合格品入货记录!$G:$G,合格品入货记录!$E:$E,日报!$E:$E,合格品入货记录!$A:$A,日报!T$3)<>0,SUMIFS(合格品入货记录!$G:$G,合格品入货记录!$E:$E,日报!$E:$E,合格品入货记录!$A:$A,日报!T$3),"") | U75: =IF(SUMIFS(合格品入货记录!$G:$G,合格品入货记录!$E:$E,日报!$E:$E,合格品入货记录!$A:$A,日报!U$3)<>0,SUMIFS(合格品入货记录!$G:$G,合格品入货记录!$E:$E,日报!$E:$E,合格品入货记录!$A:$A,日报!U$3),"") | V75: =IF(SUMIFS(合格品入货记录!$G:$G,合格品入货记录!$E:$E,日报!$E:$E,合格品入货记录!$A:$A,日报!V$3)<>0,SUMIFS(合格品入货记录!$G:$G,合格品入货记录!$E:$E,日报!$E:$E,合格品入货记录!$A:$A,日报!V$3),"") | W75: =IF(SUMIFS(合格品入货记录!$G:$G,合格品入货记录!$E:$E,日报!$E:$E,合格品入货记录!$A:$A,日报!W$3)<>0,SUMIFS(合格品入货记录!$G:$G,合格品入货记录!$E:$E,日报!$E:$E,合格品入货记录!$A:$A,日报!W$3),"") | ... AT75: =IF(SUMIFS(合格品入货记录!$G:$G,合格品入货记录!$E:$E,日报!$E:$E,合格品入货记录!$A:$A,日报!AT$3)<>0,SUMIFS(合格品入货记录!$G:$G,合格品入货记录!$E:$E,日报!$E:$E,合格品入货记录!$A:$A,日报!AT$3),"") | AU75: =IF(SUMIFS(合格品出库记录!$G:$G,合格品出库记录!$E:$E,日报!$E:$E,合格品出库记录!$A:$A,日报!AU$3)<>0,SUMIFS(合格品出库记录!$G:$G,合格品出库记录!$E:$E,日报!$E:$E,合格品出库记录!$A:$A,日报!AU$3),"") | AV75: =IF(SUMIFS(合格品出库记录!$G:$G,合格品出库记录!$E:$E,日报!$E:$E,合格品出库记录!$A:$A,日报!AV$3)<>0,SUMIFS(合格品出库记录!$G:$G,合格品出库记录!$E:$E,日报!$E:$E,合格品出库记录!$A:$A,日报!AV$3),"") | AW75: =IF(SUMIFS(合格品出库记录!$G:$G,合格品出库记录!$E:$E,日报!$E:$E,合格品出库记录!$A:$A,日报!AW$3)<>0,SUMIFS(合格品出库记录!$G:$G,合格品出库记录!$E:$E,日报!$E:$E,合格品出库记录!$A:$A,日报!AW$3),"") | AX75: =IF(SUMIFS(合格品出库记录!$G:$G,合格品出库记录!$E:$E,日报!$E:$E,合格品出库记录!$A:$A,日报!AX$3)<>0,SUMIFS(合格品出库记录!$G:$G,合格品出库记录!$E:$E,日报!$E:$E,合格品出库记录!$A:$A,日报!AX$3),"") | AY75: =IF(SUMIFS(合格品出库记录!$G:$G,合格品出库记录!$E:$E,日报!$E:$E,合格品出库记录!$A:$A,日报!AY$3)<>0,SUMIFS(合格品出库记录!$G:$G,合格品出库记录!$E:$E,日报!$E:$E,合格品出库记录!$A:$A,日报!AY$3),"") | AZ75: =IF(SUMIFS(合格品出库记录!$G:$G,合格品出库记录!$E:$E,日报!$E:$E,合格品出库记录!$A:$A,日报!AZ$3)<>0,SUMIFS(合格品出库记录!$G:$G,合格品出库记录!$E:$E,日报!$E:$E,合格品出库记录!$A:$A,日报!AZ$3),"") | BA75: =IF(SUMIFS(合格品出库记录!$G:$G,合格品出库记录!$E:$E,日报!$E:$E,合格品出库记录!$A:$A,日报!BA$3)<>0,SUMIFS(合格品出库记录!$G:$G,合格品出库记录!$E:$E,日报!$E:$E,合格品出库记录!$A:$A,日报!BA$3),"") | BB75: =IF(SUMIFS(合格品出库记录!$G:$G,合格品出库记录!$E:$E,日报!$E:$E,合格品出库记录!$A:$A,日报!BB$3)<>0,SUMIFS(合格品出库记录!$G:$G,合格品出库记录!$E:$E,日报!$E:$E,合格品出库记录!$A:$A,日报!BB$3),"") -> 20 | ... BX75: =IF(SUMIFS(合格品出库记录!$G:$G,合格品出库记录!$E:$E,日报!$E:$E,合格品出库记录!$A:$A,日报!BX$3)<>0,SUMIFS(合格品出库记录!$G:$G,合格品出库记录!$E:$E,日报!$E:$E,合格品出库记录!$A:$A,日报!BX$3),"")
A76: 74 | B76: 1DC | C76: 东莞市硅翔绝缘材料有限公司 | D76: F01001002124 | E76: 3.1.02.30.00637 | F76: LXT05EV20B-模组B_CCS-02 | H76: 880 | I76: =SUMIF(合格品入货记录!E:E,日报!E76,合格品入货记录!G:G) -> 0 | J76: =SUMIF(合格品出库记录!E:E,日报!E76,合格品出库记录!G:G) -> 20 | K76: =H76+I76-J76+L76 -> 860 | L76: =SUMIF(不良品库存!D:D,E:E,不良品库存!F:F) -> 0 | M76: =H76+I76-J76 -> 860 | P76: =IF(SUMIFS(合格品入货记录!$G:$G,合格品入货记录!$E:$E,日报!$E:$E,合格品入货记录!$A:$A,日报!P$3)<>0,SUMIFS(合格品入货记录!$G:$G,合格品入货记录!$E:$E,日报!$E:$E,合格品入货记录!$A:$A,日报!P$3),"") | Q76: =IF(SUMIFS(合格品入货记录!$G:$G,合格品入货记录!$E:$E,日报!$E:$E,合格品入货记录!$A:$A,日报!Q$3)<>0,SUMIFS(合格品入货记录!$G:$G,合格品入货记录!$E:$E,日报!$E:$E,合格品入货记录!$A:$A,日报!Q$3),"") | R76: =IF(SUMIFS(合格品入货记录!$G:$G,合格品入货记录!$E:$E,日报!$E:$E,合格品入货记录!$A:$A,日报!R$3)<>0,SUMIFS(合格品入货记录!$G:$G,合格品入货记录!$E:$E,日报!$E:$E,合格品入货记录!$A:$A,日报!R$3),"") | S76: =IF(SUMIFS(合格品入货记录!$G:$G,合格品入货记录!$E:$E,日报!$E:$E,合格品入货记录!$A:$A,日报!S$3)<>0,SUMIFS(合格品入货记录!$G:$G,合格品入货记录!$E:$E,日报!$E:$E,合格品入货记录!$A:$A,日报!S$3),"") | T76: =IF(SUMIFS(合格品入货记录!$G:$G,合格品入货记录!$E:$E,日报!$E:$E,合格品入货记录!$A:$A,日报!T$3)<>0,SUMIFS(合格品入货记录!$G:$G,合格品入货记录!$E:$E,日报!$E:$E,合格品入货记录!$A:$A,日报!T$3),"") | U76: =IF(SUMIFS(合格品入货记录!$G:$G,合格品入货记录!$E:$E,日报!$E:$E,合格品入货记录!$A:$A,日报!U$3)<>0,SUMIFS(合格品入货记录!$G:$G,合格品入货记录!$E:$E,日报!$E:$E,合格品入货记录!$A:$A,日报!U$3),"") | V76: =IF(SUMIFS(合格品入货记录!$G:$G,合格品入货记录!$E:$E,日报!$E:$E,合格品入货记录!$A:$A,日报!V$3)<>0,SUMIFS(合格品入货记录!$G:$G,合格品入货记录!$E:$E,日报!$E:$E,合格品入货记录!$A:$A,日报!V$3),"") | W76: =IF(SUMIFS(合格品入货记录!$G:$G,合格品入货记录!$E:$E,日报!$E:$E,合格品入货记录!$A:$A,日报!W$3)<>0,SUMIFS(合格品入货记录!$G:$G,合格品入货记录!$E:$E,日报!$E:$E,合格品入货记录!$A:$A,日报!W$3),"") | ... AT76: =IF(SUMIFS(合格品入货记录!$G:$G,合格品入货记录!$E:$E,日报!$E:$E,合格品入货记录!$A:$A,日报!AT$3)<>0,SUMIFS(合格品入货记录!$G:$G,合格品入货记录!$E:$E,日报!$E:$E,合格品入货记录!$A:$A,日报!AT$3),"") | AU76: =IF(SUMIFS(合格品出库记录!$G:$G,合格品出库记录!$E:$E,日报!$E:$E,合格品出库记录!$A:$A,日报!AU$3)<>0,SUMIFS(合格品出库记录!$G:$G,合格品出库记录!$E:$E,日报!$E:$E,合格品出库记录!$A:$A,日报!AU$3),"") | AV76: =IF(SUMIFS(合格品出库记录!$G:$G,合格品出库记录!$E:$E,日报!$E:$E,合格品出库记录!$A:$A,日报!AV$3)<>0,SUMIFS(合格品出库记录!$G:$G,合格品出库记录!$E:$E,日报!$E:$E,合格品出库记录!$A:$A,日报!AV$3),"") | AW76: =IF(SUMIFS(合格品出库记录!$G:$G,合格品出库记录!$E:$E,日报!$E:$E,合格品出库记录!$A:$A,日报!AW$3)<>0,SUMIFS(合格品出库记录!$G:$G,合格品出库记录!$E:$E,日报!$E:$E,合格品出库记录!$A:$A,日报!AW$3),"") | AX76: =IF(SUMIFS(合格品出库记录!$G:$G,合格品出库记录!$E:$E,日报!$E:$E,合格品出库记录!$A:$A,日报!AX$3)<>0,SUMIFS(合格品出库记录!$G:$G,合格品出库记录!$E:$E,日报!$E:$E,合格品出库记录!$A:$A,日报!AX$3),"") | AY76: =IF(SUMIFS(合格品出库记录!$G:$G,合格品出库记录!$E:$E,日报!$E:$E,合格品出库记录!$A:$A,日报!AY$3)<>0,SUMIFS(合格品出库记录!$G:$G,合格品出库记录!$E:$E,日报!$E:$E,合格品出库记录!$A:$A,日报!AY$3),"") | AZ76: =IF(SUMIFS(合格品出库记录!$G:$G,合格品出库记录!$E:$E,日报!$E:$E,合格品出库记录!$A:$A,日报!AZ$3)<>0,SUMIFS(合格品出库记录!$G:$G,合格品出库记录!$E:$E,日报!$E:$E,合格品出库记录!$A:$A,日报!AZ$3),"") | BA76: =IF(SUMIFS(合格品出库记录!$G:$G,合格品出库记录!$E:$E,日报!$E:$E,合格品出库记录!$A:$A,日报!BA$3)<>0,SUMIFS(合格品出库记录!$G:$G,合格品出库记录!$E:$E,日报!$E:$E,合格品出库记录!$A:$A,日报!BA$3),"") | BB76: =IF(SUMIFS(合格品出库记录!$G:$G,合格品出库记录!$E:$E,日报!$E:$E,合格品出库记录!$A:$A,日报!BB$3)<>0,SUMIFS(合格品出库记录!$G:$G,合格品出库记录!$E:$E,日报!$E:$E,合格品出库记录!$A:$A,日报!BB$3),"") -> 20 | ... BX76: =IF(SUMIFS(合格品出库记录!$G:$G,合格品出库记录!$E:$E,日报!$E:$E,合格品出库记录!$A:$A,日报!BX$3)<>0,SUMIFS(合格品出库记录!$G:$G,合格品出库记录!$E:$E,日报!$E:$E,合格品出库记录!$A:$A,日报!BX$3),"")
A77: 75 | B77: 1DC | C77: 东莞市硅翔绝缘材料有限公司 | D77: F06001000849 | E77: 3.2.41.30.01758-000 | F77: LXD21EV10-串联铝巴-03 | H77: 2000 | I77: =SUMIF(合格品入货记录!E:E,日报!E77,合格品入货记录!G:G) -> 0 | J77: =SUMIF(合格品出库记录!E:E,日报!E77,合格品出库记录!G:G) -> 200 | K77: =H77+I77-J77+L77 -> 1800 | L77: =SUMIF(不良品库存!D:D,E:E,不良品库存!F:F) -> 0 | M77: =H77+I77-J77 -> 1800 | P77: =IF(SUMIFS(合格品入货记录!$G:$G,合格品入货记录!$E:$E,日报!$E:$E,合格品入货记录!$A:$A,日报!P$3)<>0,SUMIFS(合格品入货记录!$G:$G,合格品入货记录!$E:$E,日报!$E:$E,合格品入货记录!$A:$A,日报!P$3),"") | Q77: =IF(SUMIFS(合格品入货记录!$G:$G,合格品入货记录!$E:$E,日报!$E:$E,合格品入货记录!$A:$A,日报!Q$3)<>0,SUMIFS(合格品入货记录!$G:$G,合格品入货记录!$E:$E,日报!$E:$E,合格品入货记录!$A:$A,日报!Q$3),"") | R77: =IF(SUMIFS(合格品入货记录!$G:$G,合格品入货记录!$E:$E,日报!$E:$E,合格品入货记录!$A:$A,日报!R$3)<>0,SUMIFS(合格品入货记录!$G:$G,合格品入货记录!$E:$E,日报!$E:$E,合格品入货记录!$A:$A,日报!R$3),"") | S77: =IF(SUMIFS(合格品入货记录!$G:$G,合格品入货记录!$E:$E,日报!$E:$E,合格品入货记录!$A:$A,日报!S$3)<>0,SUMIFS(合格品入货记录!$G:$G,合格品入货记录!$E:$E,日报!$E:$E,合格品入货记录!$A:$A,日报!S$3),"") | T77: =IF(SUMIFS(合格品入货记录!$G:$G,合格品入货记录!$E:$E,日报!$E:$E,合格品入货记录!$A:$A,日报!T$3)<>0,SUMIFS(合格品入货记录!$G:$G,合格品入货记录!$E:$E,日报!$E:$E,合格品入货记录!$A:$A,日报!T$3),"") | U77: =IF(SUMIFS(合格品入货记录!$G:$G,合格品入货记录!$E:$E,日报!$E:$E,合格品入货记录!$A:$A,日报!U$3)<>0,SUMIFS(合格品入货记录!$G:$G,合格品入货记录!$E:$E,日报!$E:$E,合格品入货记录!$A:$A,日报!U$3),"") | V77: =IF(SUMIFS(合格品入货记录!$G:$G,合格品入货记录!$E:$E,日报!$E:$E,合格品入货记录!$A:$A,日报!V$3)<>0,SUMIFS(合格品入货记录!$G:$G,合格品入货记录!$E:$E,日报!$E:$E,合格品入货记录!$A:$A,日报!V$3),"") | W77: =IF(SUMIFS(合格品入货记录!$G:$G,合格品入货记录!$E:$E,日报!$E:$E,合格品入货记录!$A:$A,日报!W$3)<>0,SUMIFS(合格品入货记录!$G:$G,合格品入货记录!$E:$E,日报!$E:$E,合格品入货记录!$A:$A,日报!W$3),"") | ... AT77: =IF(SUMIFS(合格品入货记录!$G:$G,合格品入货记录!$E:$E,日报!$E:$E,合格品入货记录!$A:$A,日报!AT$3)<>0,SUMIFS(合格品入货记录!$G:$G,合格品入货记录!$E:$E,日报!$E:$E,合格品入货记录!$A:$A,日报!AT$3),"") | AU77: =IF(SUMIFS(合格品出库记录!$G:$G,合格品出库记录!$E:$E,日报!$E:$E,合格品出库记录!$A:$A,日报!AU$3)<>0,SUMIFS(合格品出库记录!$G:$G,合格品出库记录!$E:$E,日报!$E:$E,合格品出库记录!$A:$A,日报!AU$3),"") | AV77: =IF(SUMIFS(合格品出库记录!$G:$G,合格品出库记录!$E:$E,日报!$E:$E,合格品出库记录!$A:$A,日报!AV$3)<>0,SUMIFS(合格品出库记录!$G:$G,合格品出库记录!$E:$E,日报!$E:$E,合格品出库记录!$A:$A,日报!AV$3),"") | AW77: =IF(SUMIFS(合格品出库记录!$G:$G,合格品出库记录!$E:$E,日报!$E:$E,合格品出库记录!$A:$A,日报!AW$3)<>0,SUMIFS(合格品出库记录!$G:$G,合格品出库记录!$E:$E,日报!$E:$E,合格品出库记录!$A:$A,日报!AW$3),"") | AX77: =IF(SUMIFS(合格品出库记录!$G:$G,合格品出库记录!$E:$E,日报!$E:$E,合格品出库记录!$A:$A,日报!AX$3)<>0,SUMIFS(合格品出库记录!$G:$G,合格品出库记录!$E:$E,日报!$E:$E,合格品出库记录!$A:$A,日报!AX$3),"") | AY77: =IF(SUMIFS(合格品出库记录!$G:$G,合格品出库记录!$E:$E,日报!$E:$E,合格品出库记录!$A:$A,日报!AY$3)<>0,SUMIFS(合格品出库记录!$G:$G,合格品出库记录!$E:$E,日报!$E:$E,合格品出库记录!$A:$A,日报!AY$3),"") | AZ77: =IF(SUMIFS(合格品出库记录!$G:$G,合格品出库记录!$E:$E,日报!$E:$E,合格品出库记录!$A:$A,日报!AZ$3)<>0,SUMIFS(合格品出库记录!$G:$G,合格品出库记录!$E:$E,日报!$E:$E,合格品出库记录!$A:$A,日报!AZ$3),"") | BA77: =IF(SUMIFS(合格品出库记录!$G:$G,合格品出库记录!$E:$E,日报!$E:$E,合格品出库记录!$A:$A,日报!BA$3)<>0,SUMIFS(合格品出库记录!$G:$G,合格品出库记录!$E:$E,日报!$E:$E,合格品出库记录!$A:$A,日报!BA$3),"") -> 200 | BB77: =IF(SUMIFS(合格品出库记录!$G:$G,合格品出库记录!$E:$E,日报!$E:$E,合格品出库记录!$A:$A,日报!BB$3)<>0,SUMIFS(合格品出库记录!$G:$G,合格品出库记录!$E:$E,日报!$E:$E,合格品出库记录!$A:$A,日报!BB$3),"") | ... BX77: =IF(SUMIFS(合格品出库记录!$G:$G,合格品出库记录!$E:$E,日报!$E:$E,合格品出库记录!$A:$A,日报!BX$3)<>0,SUMIFS(合格品出库记录!$G:$G,合格品出库记录!$E:$E,日报!$E:$E,合格品出库记录!$A:$A,日报!BX$3),"")
A78: 76 | B78: 1DC | C78: 东莞市硅翔绝缘材料有限公司 | D78: F01001002831 | E78: 3.1.02.30.01312 | F78: LXCU13E01.CCS-02 | H78: 0 | I78: =SUMIF(合格品入货记录!E:E,日报!E78,合格品入货记录!G:G) -> 3609 | J78: =SUMIF(合格品出库记录!E:E,日报!E78,合格品出库记录!G:G) -> 0 | K78: =H78+I78-J78+L78 -> 3609 | L78: =SUMIF(不良品库存!D:D,E:E,不良品库存!F:F) -> 0 | M78: =H78+I78-J78 -> 3609 | P78: =IF(SUMIFS(合格品入货记录!$G:$G,合格品入货记录!$E:$E,日报!$E:$E,合格品入货记录!$A:$A,日报!P$3)<>0,SUMIFS(合格品入货记录!$G:$G,合格品入货记录!$E:$E,日报!$E:$E,合格品入货记录!$A:$A,日报!P$3),"") | Q78: =IF(SUMIFS(合格品入货记录!$G:$G,合格品入货记录!$E:$E,日报!$E:$E,合格品入货记录!$A:$A,日报!Q$3)<>0,SUMIFS(合格品入货记录!$G:$G,合格品入货记录!$E:$E,日报!$E:$E,合格品入货记录!$A:$A,日报!Q$3),"") | R78: =IF(SUMIFS(合格品入货记录!$G:$G,合格品入货记录!$E:$E,日报!$E:$E,合格品入货记录!$A:$A,日报!R$3)<>0,SUMIFS(合格品入货记录!$G:$G,合格品入货记录!$E:$E,日报!$E:$E,合格品入货记录!$A:$A,日报!R$3),"") | S78: =IF(SUMIFS(合格品入货记录!$G:$G,合格品入货记录!$E:$E,日报!$E:$E,合格品入货记录!$A:$A,日报!S$3)<>0,SUMIFS(合格品入货记录!$G:$G,合格品入货记录!$E:$E,日报!$E:$E,合格品入货记录!$A:$A,日报!S$3),"") | T78: =IF(SUMIFS(合格品入货记录!$G:$G,合格品入货记录!$E:$E,日报!$E:$E,合格品入货记录!$A:$A,日报!T$3)<>0,SUMIFS(合格品入货记录!$G:$G,合格品入货记录!$E:$E,日报!$E:$E,合格品入货记录!$A:$A,日报!T$3),"") | U78: =IF(SUMIFS(合格品入货记录!$G:$G,合格品入货记录!$E:$E,日报!$E:$E,合格品入货记录!$A:$A,日报!U$3)<>0,SUMIFS(合格品入货记录!$G:$G,合格品入货记录!$E:$E,日报!$E:$E,合格品入货记录!$A:$A,日报!U$3),"") | V78: =IF(SUMIFS(合格品入货记录!$G:$G,合格品入货记录!$E:$E,日报!$E:$E,合格品入货记录!$A:$A,日报!V$3)<>0,SUMIFS(合格品入货记录!$G:$G,合格品入货记录!$E:$E,日报!$E:$E,合格品入货记录!$A:$A,日报!V$3),"") | W78: =IF(SUMIFS(合格品入货记录!$G:$G,合格品入货记录!$E:$E,日报!$E:$E,合格品入货记录!$A:$A,日报!W$3)<>0,SUMIFS(合格品入货记录!$G:$G,合格品入货记录!$E:$E,日报!$E:$E,合格品入货记录!$A:$A,日报!W$3),"") -> 216 | ... AT78: =IF(SUMIFS(合格品入货记录!$G:$G,合格品入货记录!$E:$E,日报!$E:$E,合格品入货记录!$A:$A,日报!AT$3)<>0,SUMIFS(合格品入货记录!$G:$G,合格品入货记录!$E:$E,日报!$E:$E,合格品入货记录!$A:$A,日报!AT$3),"") | AU78: =IF(SUMIFS(合格品出库记录!$G:$G,合格品出库记录!$E:$E,日报!$E:$E,合格品出库记录!$A:$A,日报!AU$3)<>0,SUMIFS(合格品出库记录!$G:$G,合格品出库记录!$E:$E,日报!$E:$E,合格品出库记录!$A:$A,日报!AU$3),"") | AV78: =IF(SUMIFS(合格品出库记录!$G:$G,合格品出库记录!$E:$E,日报!$E:$E,合格品出库记录!$A:$A,日报!AV$3)<>0,SUMIFS(合格品出库记录!$G:$G,合格品出库记录!$E:$E,日报!$E:$E,合格品出库记录!$A:$A,日报!AV$3),"") | AW78: =IF(SUMIFS(合格品出库记录!$G:$G,合格品出库记录!$E:$E,日报!$E:$E,合格品出库记录!$A:$A,日报!AW$3)<>0,SUMIFS(合格品出库记录!$G:$G,合格品出库记录!$E:$E,日报!$E:$E,合格品出库记录!$A:$A,日报!AW$3),"") | AX78: =IF(SUMIFS(合格品出库记录!$G:$G,合格品出库记录!$E:$E,日报!$E:$E,合格品出库记录!$A:$A,日报!AX$3)<>0,SUMIFS(合格品出库记录!$G:$G,合格品出库记录!$E:$E,日报!$E:$E,合格品出库记录!$A:$A,日报!AX$3),"") | AY78: =IF(SUMIFS(合格品出库记录!$G:$G,合格品出库记录!$E:$E,日报!$E:$E,合格品出库记录!$A:$A,日报!AY$3)<>0,SUMIFS(合格品出库记录!$G:$G,合格品出库记录!$E:$E,日报!$E:$E,合格品出库记录!$A:$A,日报!AY$3),"") | AZ78: =IF(SUMIFS(合格品出库记录!$G:$G,合格品出库记录!$E:$E,日报!$E:$E,合格品出库记录!$A:$A,日报!AZ$3)<>0,SUMIFS(合格品出库记录!$G:$G,合格品出库记录!$E:$E,日报!$E:$E,合格品出库记录!$A:$A,日报!AZ$3),"") | BA78: =IF(SUMIFS(合格品出库记录!$G:$G,合格品出库记录!$E:$E,日报!$E:$E,合格品出库记录!$A:$A,日报!BA$3)<>0,SUMIFS(合格品出库记录!$G:$G,合格品出库记录!$E:$E,日报!$E:$E,合格品出库记录!$A:$A,日报!BA$3),"") | BB78: =IF(SUMIFS(合格品出库记录!$G:$G,合格品出库记录!$E:$E,日报!$E:$E,合格品出库记录!$A:$A,日报!BB$3)<>0,SUMIFS(合格品出库记录!$G:$G,合格品出库记录!$E:$E,日报!$E:$E,合格品出库记录!$A:$A,日报!BB$3),"") | ... BX78: =IF(SUMIFS(合格品出库记录!$G:$G,合格品出库记录!$E:$E,日报!$E:$E,合格品出库记录!$A:$A,日报!BX$3)<>0,SUMIFS(合格品出库记录!$G:$G,合格品出库记录!$E:$E,日报!$E:$E,合格品出库记录!$A:$A,日报!BX$3),"")
A79: 77 | B79: 1DC | C79: 东莞市硅翔绝缘材料有限公司 | D79: F01001003093 | E79: 3.1.02.30.01484 | F79: LXC11EV1A-CCS-02 | H79: 0 | I79: =SUMIF(合格品入货记录!E:E,日报!E79,合格品入货记录!G:G) -> 784 | J79: =SUMIF(合格品出库记录!E:E,日报!E79,合格品出库记录!G:G) -> 364 | K79: =H79+I79-J79+L79 -> 420 | L79: =SUMIF(不良品库存!D:D,E:E,不良品库存!F:F) -> 0 | M79: =H79+I79-J79 -> 420 | P79: =IF(SUMIFS(合格品入货记录!$G:$G,合格品入货记录!$E:$E,日报!$E:$E,合格品入货记录!$A:$A,日报!P$3)<>0,SUMIFS(合格品入货记录!$G:$G,合格品入货记录!$E:$E,日报!$E:$E,合格品入货记录!$A:$A,日报!P$3),"") | Q79: =IF(SUMIFS(合格品入货记录!$G:$G,合格品入货记录!$E:$E,日报!$E:$E,合格品入货记录!$A:$A,日报!Q$3)<>0,SUMIFS(合格品入货记录!$G:$G,合格品入货记录!$E:$E,日报!$E:$E,合格品入货记录!$A:$A,日报!Q$3),"") | R79: =IF(SUMIFS(合格品入货记录!$G:$G,合格品入货记录!$E:$E,日报!$E:$E,合格品入货记录!$A:$A,日报!R$3)<>0,SUMIFS(合格品入货记录!$G:$G,合格品入货记录!$E:$E,日报!$E:$E,合格品入货记录!$A:$A,日报!R$3),"") | S79: =IF(SUMIFS(合格品入货记录!$G:$G,合格品入货记录!$E:$E,日报!$E:$E,合格品入货记录!$A:$A,日报!S$3)<>0,SUMIFS(合格品入货记录!$G:$G,合格品入货记录!$E:$E,日报!$E:$E,合格品入货记录!$A:$A,日报!S$3),"") | T79: =IF(SUMIFS(合格品入货记录!$G:$G,合格品入货记录!$E:$E,日报!$E:$E,合格品入货记录!$A:$A,日报!T$3)<>0,SUMIFS(合格品入货记录!$G:$G,合格品入货记录!$E:$E,日报!$E:$E,合格品入货记录!$A:$A,日报!T$3),"") | U79: =IF(SUMIFS(合格品入货记录!$G:$G,合格品入货记录!$E:$E,日报!$E:$E,合格品入货记录!$A:$A,日报!U$3)<>0,SUMIFS(合格品入货记录!$G:$G,合格品入货记录!$E:$E,日报!$E:$E,合格品入货记录!$A:$A,日报!U$3),"") | V79: =IF(SUMIFS(合格品入货记录!$G:$G,合格品入货记录!$E:$E,日报!$E:$E,合格品入货记录!$A:$A,日报!V$3)<>0,SUMIFS(合格品入货记录!$G:$G,合格品入货记录!$E:$E,日报!$E:$E,合格品入货记录!$A:$A,日报!V$3),"") | W79: =IF(SUMIFS(合格品入货记录!$G:$G,合格品入货记录!$E:$E,日报!$E:$E,合格品入货记录!$A:$A,日报!W$3)<>0,SUMIFS(合格品入货记录!$G:$G,合格品入货记录!$E:$E,日报!$E:$E,合格品入货记录!$A:$A,日报!W$3),"") -> 112 | ... AT79: =IF(SUMIFS(合格品入货记录!$G:$G,合格品入货记录!$E:$E,日报!$E:$E,合格品入货记录!$A:$A,日报!AT$3)<>0,SUMIFS(合格品入货记录!$G:$G,合格品入货记录!$E:$E,日报!$E:$E,合格品入货记录!$A:$A,日报!AT$3),"") | AU79: =IF(SUMIFS(合格品出库记录!$G:$G,合格品出库记录!$E:$E,日报!$E:$E,合格品出库记录!$A:$A,日报!AU$3)<>0,SUMIFS(合格品出库记录!$G:$G,合格品出库记录!$E:$E,日报!$E:$E,合格品出库记录!$A:$A,日报!AU$3),"") | AV79: =IF(SUMIFS(合格品出库记录!$G:$G,合格品出库记录!$E:$E,日报!$E:$E,合格品出库记录!$A:$A,日报!AV$3)<>0,SUMIFS(合格品出库记录!$G:$G,合格品出库记录!$E:$E,日报!$E:$E,合格品出库记录!$A:$A,日报!AV$3),"") | AW79: =IF(SUMIFS(合格品出库记录!$G:$G,合格品出库记录!$E:$E,日报!$E:$E,合格品出库记录!$A:$A,日报!AW$3)<>0,SUMIFS(合格品出库记录!$G:$G,合格品出库记录!$E:$E,日报!$E:$E,合格品出库记录!$A:$A,日报!AW$3),"") | AX79: =IF(SUMIFS(合格品出库记录!$G:$G,合格品出库记录!$E:$E,日报!$E:$E,合格品出库记录!$A:$A,日报!AX$3)<>0,SUMIFS(合格品出库记录!$G:$G,合格品出库记录!$E:$E,日报!$E:$E,合格品出库记录!$A:$A,日报!AX$3),"") | AY79: =IF(SUMIFS(合格品出库记录!$G:$G,合格品出库记录!$E:$E,日报!$E:$E,合格品出库记录!$A:$A,日报!AY$3)<>0,SUMIFS(合格品出库记录!$G:$G,合格品出库记录!$E:$E,日报!$E:$E,合格品出库记录!$A:$A,日报!AY$3),"") | AZ79: =IF(SUMIFS(合格品出库记录!$G:$G,合格品出库记录!$E:$E,日报!$E:$E,合格品出库记录!$A:$A,日报!AZ$3)<>0,SUMIFS(合格品出库记录!$G:$G,合格品出库记录!$E:$E,日报!$E:$E,合格品出库记录!$A:$A,日报!AZ$3),"") | BA79: =IF(SUMIFS(合格品出库记录!$G:$G,合格品出库记录!$E:$E,日报!$E:$E,合格品出库记录!$A:$A,日报!BA$3)<>0,SUMIFS(合格品出库记录!$G:$G,合格品出库记录!$E:$E,日报!$E:$E,合格品出库记录!$A:$A,日报!BA$3),"") | BB79: =IF(SUMIFS(合格品出库记录!$G:$G,合格品出库记录!$E:$E,日报!$E:$E,合格品出库记录!$A:$A,日报!BB$3)<>0,SUMIFS(合格品出库记录!$G:$G,合格品出库记录!$E:$E,日报!$E:$E,合格品出库记录!$A:$A,日报!BB$3),"") | ... BX79: =IF(SUMIFS(合格品出库记录!$G:$G,合格品出库记录!$E:$E,日报!$E:$E,合格品出库记录!$A:$A,日报!BX$3)<>0,SUMIFS(合格品出库记录!$G:$G,合格品出库记录!$E:$E,日报!$E:$E,合格品出库记录!$A:$A,日报!BX$3),"")
A80: 78 | B80: 1DC | C80: 东莞市硅翔绝缘材料有限公司 | D80: F01001003094 | E80: 3.1.02.30.01485 | F80: LXTO5EV20-CCS-B-02 | H80: 0 | I80: =SUMIF(合格品入货记录!E:E,日报!E80,合格品入货记录!G:G) -> 784 | J80: =SUMIF(合格品出库记录!E:E,日报!E80,合格品出库记录!G:G) -> 364 | K80: =H80+I80-J80+L80 -> 420 | L80: =SUMIF(不良品库存!D:D,E:E,不良品库存!F:F) -> 0 | M80: =H80+I80-J80 -> 420 | P80: =IF(SUMIFS(合格品入货记录!$G:$G,合格品入货记录!$E:$E,日报!$E:$E,合格品入货记录!$A:$A,日报!P$3)<>0,SUMIFS(合格品入货记录!$G:$G,合格品入货记录!$E:$E,日报!$E:$E,合格品入货记录!$A:$A,日报!P$3),"") | Q80: =IF(SUMIFS(合格品入货记录!$G:$G,合格品入货记录!$E:$E,日报!$E:$E,合格品入货记录!$A:$A,日报!Q$3)<>0,SUMIFS(合格品入货记录!$G:$G,合格品入货记录!$E:$E,日报!$E:$E,合格品入货记录!$A:$A,日报!Q$3),"") | R80: =IF(SUMIFS(合格品入货记录!$G:$G,合格品入货记录!$E:$E,日报!$E:$E,合格品入货记录!$A:$A,日报!R$3)<>0,SUMIFS(合格品入货记录!$G:$G,合格品入货记录!$E:$E,日报!$E:$E,合格品入货记录!$A:$A,日报!R$3),"") | S80: =IF(SUMIFS(合格品入货记录!$G:$G,合格品入货记录!$E:$E,日报!$E:$E,合格品入货记录!$A:$A,日报!S$3)<>0,SUMIFS(合格品入货记录!$G:$G,合格品入货记录!$E:$E,日报!$E:$E,合格品入货记录!$A:$A,日报!S$3),"") | T80: =IF(SUMIFS(合格品入货记录!$G:$G,合格品入货记录!$E:$E,日报!$E:$E,合格品入货记录!$A:$A,日报!T$3)<>0,SUMIFS(合格品入货记录!$G:$G,合格品入货记录!$E:$E,日报!$E:$E,合格品入货记录!$A:$A,日报!T$3),"") | U80: =IF(SUMIFS(合格品入货记录!$G:$G,合格品入货记录!$E:$E,日报!$E:$E,合格品入货记录!$A:$A,日报!U$3)<>0,SUMIFS(合格品入货记录!$G:$G,合格品入货记录!$E:$E,日报!$E:$E,合格品入货记录!$A:$A,日报!U$3),"") | V80: =IF(SUMIFS(合格品入货记录!$G:$G,合格品入货记录!$E:$E,日报!$E:$E,合格品入货记录!$A:$A,日报!V$3)<>0,SUMIFS(合格品入货记录!$G:$G,合格品入货记录!$E:$E,日报!$E:$E,合格品入货记录!$A:$A,日报!V$3),"") | W80: =IF(SUMIFS(合格品入货记录!$G:$G,合格品入货记录!$E:$E,日报!$E:$E,合格品入货记录!$A:$A,日报!W$3)<>0,SUMIFS(合格品入货记录!$G:$G,合格品入货记录!$E:$E,日报!$E:$E,合格品入货记录!$A:$A,日报!W$3),"") -> 112 | ... AT80: =IF(SUMIFS(合格品入货记录!$G:$G,合格品入货记录!$E:$E,日报!$E:$E,合格品入货记录!$A:$A,日报!AT$3)<>0,SUMIFS(合格品入货记录!$G:$G,合格品入货记录!$E:$E,日报!$E:$E,合格品入货记录!$A:$A,日报!AT$3),"") | AU80: =IF(SUMIFS(合格品出库记录!$G:$G,合格品出库记录!$E:$E,日报!$E:$E,合格品出库记录!$A:$A,日报!AU$3)<>0,SUMIFS(合格品出库记录!$G:$G,合格品出库记录!$E:$E,日报!$E:$E,合格品出库记录!$A:$A,日报!AU$3),"") | AV80: =IF(SUMIFS(合格品出库记录!$G:$G,合格品出库记录!$E:$E,日报!$E:$E,合格品出库记录!$A:$A,日报!AV$3)<>0,SUMIFS(合格品出库记录!$G:$G,合格品出库记录!$E:$E,日报!$E:$E,合格品出库记录!$A:$A,日报!AV$3),"") | AW80: =IF(SUMIFS(合格品出库记录!$G:$G,合格品出库记录!$E:$E,日报!$E:$E,合格品出库记录!$A:$A,日报!AW$3)<>0,SUMIFS(合格品出库记录!$G:$G,合格品出库记录!$E:$E,日报!$E:$E,合格品出库记录!$A:$A,日报!AW$3),"") | AX80: =IF(SUMIFS(合格品出库记录!$G:$G,合格品出库记录!$E:$E,日报!$E:$E,合格品出库记录!$A:$A,日报!AX$3)<>0,SUMIFS(合格品出库记录!$G:$G,合格品出库记录!$E:$E,日报!$E:$E,合格品出库记录!$A:$A,日报!AX$3),"") | AY80: =IF(SUMIFS(合格品出库记录!$G:$G,合格品出库记录!$E:$E,日报!$E:$E,合格品出库记录!$A:$A,日报!AY$3)<>0,SUMIFS(合格品出库记录!$G:$G,合格品出库记录!$E:$E,日报!$E:$E,合格品出库记录!$A:$A,日报!AY$3),"") | AZ80: =IF(SUMIFS(合格品出库记录!$G:$G,合格品出库记录!$E:$E,日报!$E:$E,合格品出库记录!$A:$A,日报!AZ$3)<>0,SUMIFS(合格品出库记录!$G:$G,合格品出库记录!$E:$E,日报!$E:$E,合格品出库记录!$A:$A,日报!AZ$3),"") | BA80: =IF(SUMIFS(合格品出库记录!$G:$G,合格品出库记录!$E:$E,日报!$E:$E,合格品出库记录!$A:$A,日报!BA$3)<>0,SUMIFS(合格品出库记录!$G:$G,合格品出库记录!$E:$E,日报!$E:$E,合格品出库记录!$A:$A,日报!BA$3),"") | BB80: =IF(SUMIFS(合格品出库记录!$G:$G,合格品出库记录!$E:$E,日报!$E:$E,合格品出库记录!$A:$A,日报!BB$3)<>0,SUMIFS(合格品出库记录!$G:$G,合格品出库记录!$E:$E,日报!$E:$E,合格品出库记录!$A:$A,日报!BB$3),"") | ... BX80: =IF(SUMIFS(合格品出库记录!$G:$G,合格品出库记录!$E:$E,日报!$E:$E,合格品出库记录!$A:$A,日报!BX$3)<>0,SUMIFS(合格品出库记录!$G:$G,合格品出库记录!$E:$E,日报!$E:$E,合格品出库记录!$A:$A,日报!BX$3),"")
A81: 79 | B81: 1DC | C81: 东莞市硅翔绝缘材料有限公司 | D81: F01001003095 | E81: 3.1.02.30.01486 | F81: LXTO5EV20-CCS-C-02 | H81: 0 | I81: =SUMIF(合格品入货记录!E:E,日报!E81,合格品入货记录!G:G) -> 392 | J81: =SUMIF(合格品出库记录!E:E,日报!E81,合格品出库记录!G:G) -> 182 | K81: =H82+I81-J81+L81 -> 210 | L81: =SUMIF(不良品库存!D:D,E:E,不良品库存!F:F) -> 0 | M81: =H82+I81-J81 -> 210 | P81: =IF(SUMIFS(合格品入货记录!$G:$G,合格品入货记录!$E:$E,日报!$E:$E,合格品入货记录!$A:$A,日报!P$3)<>0,SUMIFS(合格品入货记录!$G:$G,合格品入货记录!$E:$E,日报!$E:$E,合格品入货记录!$A:$A,日报!P$3),"") | Q81: =IF(SUMIFS(合格品入货记录!$G:$G,合格品入货记录!$E:$E,日报!$E:$E,合格品入货记录!$A:$A,日报!Q$3)<>0,SUMIFS(合格品入货记录!$G:$G,合格品入货记录!$E:$E,日报!$E:$E,合格品入货记录!$A:$A,日报!Q$3),"") | R81: =IF(SUMIFS(合格品入货记录!$G:$G,合格品入货记录!$E:$E,日报!$E:$E,合格品入货记录!$A:$A,日报!R$3)<>0,SUMIFS(合格品入货记录!$G:$G,合格品入货记录!$E:$E,日报!$E:$E,合格品入货记录!$A:$A,日报!R$3),"") | S81: =IF(SUMIFS(合格品入货记录!$G:$G,合格品入货记录!$E:$E,日报!$E:$E,合格品入货记录!$A:$A,日报!S$3)<>0,SUMIFS(合格品入货记录!$G:$G,合格品入货记录!$E:$E,日报!$E:$E,合格品入货记录!$A:$A,日报!S$3),"") | T81: =IF(SUMIFS(合格品入货记录!$G:$G,合格品入货记录!$E:$E,日报!$E:$E,合格品入货记录!$A:$A,日报!T$3)<>0,SUMIFS(合格品入货记录!$G:$G,合格品入货记录!$E:$E,日报!$E:$E,合格品入货记录!$A:$A,日报!T$3),"") | U81: =IF(SUMIFS(合格品入货记录!$G:$G,合格品入货记录!$E:$E,日报!$E:$E,合格品入货记录!$A:$A,日报!U$3)<>0,SUMIFS(合格品入货记录!$G:$G,合格品入货记录!$E:$E,日报!$E:$E,合格品入货记录!$A:$A,日报!U$3),"") | V81: =IF(SUMIFS(合格品入货记录!$G:$G,合格品入货记录!$E:$E,日报!$E:$E,合格品入货记录!$A:$A,日报!V$3)<>0,SUMIFS(合格品入货记录!$G:$G,合格品入货记录!$E:$E,日报!$E:$E,合格品入货记录!$A:$A,日报!V$3),"") | W81: =IF(SUMIFS(合格品入货记录!$G:$G,合格品入货记录!$E:$E,日报!$E:$E,合格品入货记录!$A:$A,日报!W$3)<>0,SUMIFS(合格品入货记录!$G:$G,合格品入货记录!$E:$E,日报!$E:$E,合格品入货记录!$A:$A,日报!W$3),"") -> 56 | ... AT81: =IF(SUMIFS(合格品入货记录!$G:$G,合格品入货记录!$E:$E,日报!$E:$E,合格品入货记录!$A:$A,日报!AT$3)<>0,SUMIFS(合格品入货记录!$G:$G,合格品入货记录!$E:$E,日报!$E:$E,合格品入货记录!$A:$A,日报!AT$3),"") | AU81: =IF(SUMIFS(合格品出库记录!$G:$G,合格品出库记录!$E:$E,日报!$E:$E,合格品出库记录!$A:$A,日报!AU$3)<>0,SUMIFS(合格品出库记录!$G:$G,合格品出库记录!$E:$E,日报!$E:$E,合格品出库记录!$A:$A,日报!AU$3),"") | AV81: =IF(SUMIFS(合格品出库记录!$G:$G,合格品出库记录!$E:$E,日报!$E:$E,合格品出库记录!$A:$A,日报!AV$3)<>0,SUMIFS(合格品出库记录!$G:$G,合格品出库记录!$E:$E,日报!$E:$E,合格品出库记录!$A:$A,日报!AV$3),"") | AW81: =IF(SUMIFS(合格品出库记录!$G:$G,合格品出库记录!$E:$E,日报!$E:$E,合格品出库记录!$A:$A,日报!AW$3)<>0,SUMIFS(合格品出库记录!$G:$G,合格品出库记录!$E:$E,日报!$E:$E,合格品出库记录!$A:$A,日报!AW$3),"") | AX81: =IF(SUMIFS(合格品出库记录!$G:$G,合格品出库记录!$E:$E,日报!$E:$E,合格品出库记录!$A:$A,日报!AX$3)<>0,SUMIFS(合格品出库记录!$G:$G,合格品出库记录!$E:$E,日报!$E:$E,合格品出库记录!$A:$A,日报!AX$3),"") | AY81: =IF(SUMIFS(合格品出库记录!$G:$G,合格品出库记录!$E:$E,日报!$E:$E,合格品出库记录!$A:$A,日报!AY$3)<>0,SUMIFS(合格品出库记录!$G:$G,合格品出库记录!$E:$E,日报!$E:$E,合格品出库记录!$A:$A,日报!AY$3),"") | AZ81: =IF(SUMIFS(合格品出库记录!$G:$G,合格品出库记录!$E:$E,日报!$E:$E,合格品出库记录!$A:$A,日报!AZ$3)<>0,SUMIFS(合格品出库记录!$G:$G,合格品出库记录!$E:$E,日报!$E:$E,合格品出库记录!$A:$A,日报!AZ$3),"") | BA81: =IF(SUMIFS(合格品出库记录!$G:$G,合格品出库记录!$E:$E,日报!$E:$E,合格品出库记录!$A:$A,日报!BA$3)<>0,SUMIFS(合格品出库记录!$G:$G,合格品出库记录!$E:$E,日报!$E:$E,合格品出库记录!$A:$A,日报!BA$3),"") | BB81: =IF(SUMIFS(合格品出库记录!$G:$G,合格品出库记录!$E:$E,日报!$E:$E,合格品出库记录!$A:$A,日报!BB$3)<>0,SUMIFS(合格品出库记录!$G:$G,合格品出库记录!$E:$E,日报!$E:$E,合格品出库记录!$A:$A,日报!BB$3),"") | ... BX81: =IF(SUMIFS(合格品出库记录!$G:$G,合格品出库记录!$E:$E,日报!$E:$E,合格品出库记录!$A:$A,日报!BX$3)<>0,SUMIFS(合格品出库记录!$G:$G,合格品出库记录!$E:$E,日报!$E:$E,合格品出库记录!$A:$A,日报!BX$3),"")
A82: 80 | B82: 1DC | C82: 东莞市硅翔绝缘材料有限公司 | E82: 3.1.02.30.01329 | F82: LXCU12E09EV-CCS-A | H82: 0 | I82: =SUMIF(合格品入货记录!E:E,日报!E82,合格品入货记录!G:G) -> 28 | J82: =SUMIF(合格品出库记录!E:E,日报!E82,合格品出库记录!G:G) -> 0 | K82: =H83+I82-J82+L82 -> 28 | L82: =SUMIF(不良品库存!D:D,E:E,不良品库存!F:F) -> 0 | M82: =H83+I82-J82 -> 28 | P82: =IF(SUMIFS(合格品入货记录!$G:$G,合格品入货记录!$E:$E,日报!$E:$E,合格品入货记录!$A:$A,日报!P$3)<>0,SUMIFS(合格品入货记录!$G:$G,合格品入货记录!$E:$E,日报!$E:$E,合格品入货记录!$A:$A,日报!P$3),"") | Q82: =IF(SUMIFS(合格品入货记录!$G:$G,合格品入货记录!$E:$E,日报!$E:$E,合格品入货记录!$A:$A,日报!Q$3)<>0,SUMIFS(合格品入货记录!$G:$G,合格品入货记录!$E:$E,日报!$E:$E,合格品入货记录!$A:$A,日报!Q$3),"") | R82: =IF(SUMIFS(合格品入货记录!$G:$G,合格品入货记录!$E:$E,日报!$E:$E,合格品入货记录!$A:$A,日报!R$3)<>0,SUMIFS(合格品入货记录!$G:$G,合格品入货记录!$E:$E,日报!$E:$E,合格品入货记录!$A:$A,日报!R$3),"") | S82: =IF(SUMIFS(合格品入货记录!$G:$G,合格品入货记录!$E:$E,日报!$E:$E,合格品入货记录!$A:$A,日报!S$3)<>0,SUMIFS(合格品入货记录!$G:$G,合格品入货记录!$E:$E,日报!$E:$E,合格品入货记录!$A:$A,日报!S$3),"") | T82: =IF(SUMIFS(合格品入货记录!$G:$G,合格品入货记录!$E:$E,日报!$E:$E,合格品入货记录!$A:$A,日报!T$3)<>0,SUMIFS(合格品入货记录!$G:$G,合格品入货记录!$E:$E,日报!$E:$E,合格品入货记录!$A:$A,日报!T$3),"") | U82: =IF(SUMIFS(合格品入货记录!$G:$G,合格品入货记录!$E:$E,日报!$E:$E,合格品入货记录!$A:$A,日报!U$3)<>0,SUMIFS(合格品入货记录!$G:$G,合格品入货记录!$E:$E,日报!$E:$E,合格品入货记录!$A:$A,日报!U$3),"") | V82: =IF(SUMIFS(合格品入货记录!$G:$G,合格品入货记录!$E:$E,日报!$E:$E,合格品入货记录!$A:$A,日报!V$3)<>0,SUMIFS(合格品入货记录!$G:$G,合格品入货记录!$E:$E,日报!$E:$E,合格品入货记录!$A:$A,日报!V$3),"") | W82: =IF(SUMIFS(合格品入货记录!$G:$G,合格品入货记录!$E:$E,日报!$E:$E,合格品入货记录!$A:$A,日报!W$3)<>0,SUMIFS(合格品入货记录!$G:$G,合格品入货记录!$E:$E,日报!$E:$E,合格品入货记录!$A:$A,日报!W$3),"") | ... AT82: =IF(SUMIFS(合格品入货记录!$G:$G,合格品入货记录!$E:$E,日报!$E:$E,合格品入货记录!$A:$A,日报!AT$3)<>0,SUMIFS(合格品入货记录!$G:$G,合格品入货记录!$E:$E,日报!$E:$E,合格品入货记录!$A:$A,日报!AT$3),"") | AU82: =IF(SUMIFS(合格品出库记录!$G:$G,合格品出库记录!$E:$E,日报!$E:$E,合格品出库记录!$A:$A,日报!AU$3)<>0,SUMIFS(合格品出库记录!$G:$G,合格品出库记录!$E:$E,日报!$E:$E,合格品出库记录!$A:$A,日报!AU$3),"") | AV82: =IF(SUMIFS(合格品出库记录!$G:$G,合格品出库记录!$E:$E,日报!$E:$E,合格品出库记录!$A:$A,日报!AV$3)<>0,SUMIFS(合格品出库记录!$G:$G,合格品出库记录!$E:$E,日报!$E:$E,合格品出库记录!$A:$A,日报!AV$3),"") | AW82: =IF(SUMIFS(合格品出库记录!$G:$G,合格品出库记录!$E:$E,日报!$E:$E,合格品出库记录!$A:$A,日报!AW$3)<>0,SUMIFS(合格品出库记录!$G:$G,合格品出库记录!$E:$E,日报!$E:$E,合格品出库记录!$A:$A,日报!AW$3),"") | AX82: =IF(SUMIFS(合格品出库记录!$G:$G,合格品出库记录!$E:$E,日报!$E:$E,合格品出库记录!$A:$A,日报!AX$3)<>0,SUMIFS(合格品出库记录!$G:$G,合格品出库记录!$E:$E,日报!$E:$E,合格品出库记录!$A:$A,日报!AX$3),"") | AY82: =IF(SUMIFS(合格品出库记录!$G:$G,合格品出库记录!$E:$E,日报!$E:$E,合格品出库记录!$A:$A,日报!AY$3)<>0,SUMIFS(合格品出库记录!$G:$G,合格品出库记录!$E:$E,日报!$E:$E,合格品出库记录!$A:$A,日报!AY$3),"") | AZ82: =IF(SUMIFS(合格品出库记录!$G:$G,合格品出库记录!$E:$E,日报!$E:$E,合格品出库记录!$A:$A,日报!AZ$3)<>0,SUMIFS(合格品出库记录!$G:$G,合格品出库记录!$E:$E,日报!$E:$E,合格品出库记录!$A:$A,日报!AZ$3),"") | BA82: =IF(SUMIFS(合格品出库记录!$G:$G,合格品出库记录!$E:$E,日报!$E:$E,合格品出库记录!$A:$A,日报!BA$3)<>0,SUMIFS(合格品出库记录!$G:$G,合格品出库记录!$E:$E,日报!$E:$E,合格品出库记录!$A:$A,日报!BA$3),"") | BB82: =IF(SUMIFS(合格品出库记录!$G:$G,合格品出库记录!$E:$E,日报!$E:$E,合格品出库记录!$A:$A,日报!BB$3)<>0,SUMIFS(合格品出库记录!$G:$G,合格品出库记录!$E:$E,日报!$E:$E,合格品出库记录!$A:$A,日报!BB$3),"") | ... BX82: =IF(SUMIFS(合格品出库记录!$G:$G,合格品出库记录!$E:$E,日报!$E:$E,合格品出库记录!$A:$A,日报!BX$3)<>0,SUMIFS(合格品出库记录!$G:$G,合格品出库记录!$E:$E,日报!$E:$E,合格品出库记录!$A:$A,日报!BX$3),"")
A83: 81 | B83: 1DC | C83: 东莞市硅翔绝缘材料有限公司 | E83: 3.1.02.30.01330 | F83: LXCU12E09EV-CCS-B | H83: 0 | I83: =SUMIF(合格品入货记录!E:E,日报!E83,合格品入货记录!G:G) -> 30 | J83: =SUMIF(合格品出库记录!E:E,日报!E83,合格品出库记录!G:G) -> 0 | K83: =H84+I83-J83+L83 -> 30 | L83: =SUMIF(不良品库存!D:D,E:E,不良品库存!F:F) -> 0 | M83: =H84+I83-J83 -> 30 | P83: =IF(SUMIFS(合格品入货记录!$G:$G,合格品入货记录!$E:$E,日报!$E:$E,合格品入货记录!$A:$A,日报!P$3)<>0,SUMIFS(合格品入货记录!$G:$G,合格品入货记录!$E:$E,日报!$E:$E,合格品入货记录!$A:$A,日报!P$3),"") | Q83: =IF(SUMIFS(合格品入货记录!$G:$G,合格品入货记录!$E:$E,日报!$E:$E,合格品入货记录!$A:$A,日报!Q$3)<>0,SUMIFS(合格品入货记录!$G:$G,合格品入货记录!$E:$E,日报!$E:$E,合格品入货记录!$A:$A,日报!Q$3),"") | R83: =IF(SUMIFS(合格品入货记录!$G:$G,合格品入货记录!$E:$E,日报!$E:$E,合格品入货记录!$A:$A,日报!R$3)<>0,SUMIFS(合格品入货记录!$G:$G,合格品入货记录!$E:$E,日报!$E:$E,合格品入货记录!$A:$A,日报!R$3),"") | S83: =IF(SUMIFS(合格品入货记录!$G:$G,合格品入货记录!$E:$E,日报!$E:$E,合格品入货记录!$A:$A,日报!S$3)<>0,SUMIFS(合格品入货记录!$G:$G,合格品入货记录!$E:$E,日报!$E:$E,合格品入货记录!$A:$A,日报!S$3),"") | T83: =IF(SUMIFS(合格品入货记录!$G:$G,合格品入货记录!$E:$E,日报!$E:$E,合格品入货记录!$A:$A,日报!T$3)<>0,SUMIFS(合格品入货记录!$G:$G,合格品入货记录!$E:$E,日报!$E:$E,合格品入货记录!$A:$A,日报!T$3),"") | U83: =IF(SUMIFS(合格品入货记录!$G:$G,合格品入货记录!$E:$E,日报!$E:$E,合格品入货记录!$A:$A,日报!U$3)<>0,SUMIFS(合格品入货记录!$G:$G,合格品入货记录!$E:$E,日报!$E:$E,合格品入货记录!$A:$A,日报!U$3),"") | V83: =IF(SUMIFS(合格品入货记录!$G:$G,合格品入货记录!$E:$E,日报!$E:$E,合格品入货记录!$A:$A,日报!V$3)<>0,SUMIFS(合格品入货记录!$G:$G,合格品入货记录!$E:$E,日报!$E:$E,合格品入货记录!$A:$A,日报!V$3),"") | W83: =IF(SUMIFS(合格品入货记录!$G:$G,合格品入货记录!$E:$E,日报!$E:$E,合格品入货记录!$A:$A,日报!W$3)<>0,SUMIFS(合格品入货记录!$G:$G,合格品入货记录!$E:$E,日报!$E:$E,合格品入货记录!$A:$A,日报!W$3),"") | ... AT83: =IF(SUMIFS(合格品入货记录!$G:$G,合格品入货记录!$E:$E,日报!$E:$E,合格品入货记录!$A:$A,日报!AT$3)<>0,SUMIFS(合格品入货记录!$G:$G,合格品入货记录!$E:$E,日报!$E:$E,合格品入货记录!$A:$A,日报!AT$3),"") | AU83: =IF(SUMIFS(合格品出库记录!$G:$G,合格品出库记录!$E:$E,日报!$E:$E,合格品出库记录!$A:$A,日报!AU$3)<>0,SUMIFS(合格品出库记录!$G:$G,合格品出库记录!$E:$E,日报!$E:$E,合格品出库记录!$A:$A,日报!AU$3),"") | AV83: =IF(SUMIFS(合格品出库记录!$G:$G,合格品出库记录!$E:$E,日报!$E:$E,合格品出库记录!$A:$A,日报!AV$3)<>0,SUMIFS(合格品出库记录!$G:$G,合格品出库记录!$E:$E,日报!$E:$E,合格品出库记录!$A:$A,日报!AV$3),"") | AW83: =IF(SUMIFS(合格品出库记录!$G:$G,合格品出库记录!$E:$E,日报!$E:$E,合格品出库记录!$A:$A,日报!AW$3)<>0,SUMIFS(合格品出库记录!$G:$G,合格品出库记录!$E:$E,日报!$E:$E,合格品出库记录!$A:$A,日报!AW$3),"") | AX83: =IF(SUMIFS(合格品出库记录!$G:$G,合格品出库记录!$E:$E,日报!$E:$E,合格品出库记录!$A:$A,日报!AX$3)<>0,SUMIFS(合格品出库记录!$G:$G,合格品出库记录!$E:$E,日报!$E:$E,合格品出库记录!$A:$A,日报!AX$3),"") | AY83: =IF(SUMIFS(合格品出库记录!$G:$G,合格品出库记录!$E:$E,日报!$E:$E,合格品出库记录!$A:$A,日报!AY$3)<>0,SUMIFS(合格品出库记录!$G:$G,合格品出库记录!$E:$E,日报!$E:$E,合格品出库记录!$A:$A,日报!AY$3),"") | AZ83: =IF(SUMIFS(合格品出库记录!$G:$G,合格品出库记录!$E:$E,日报!$E:$E,合格品出库记录!$A:$A,日报!AZ$3)<>0,SUMIFS(合格品出库记录!$G:$G,合格品出库记录!$E:$E,日报!$E:$E,合格品出库记录!$A:$A,日报!AZ$3),"") | BA83: =IF(SUMIFS(合格品出库记录!$G:$G,合格品出库记录!$E:$E,日报!$E:$E,合格品出库记录!$A:$A,日报!BA$3)<>0,SUMIFS(合格品出库记录!$G:$G,合格品出库记录!$E:$E,日报!$E:$E,合格品出库记录!$A:$A,日报!BA$3),"") | BB83: =IF(SUMIFS(合格品出库记录!$G:$G,合格品出库记录!$E:$E,日报!$E:$E,合格品出库记录!$A:$A,日报!BB$3)<>0,SUMIFS(合格品出库记录!$G:$G,合格品出库记录!$E:$E,日报!$E:$E,合格品出库记录!$A:$A,日报!BB$3),"") | ... BX83: =IF(SUMIFS(合格品出库记录!$G:$G,合格品出库记录!$E:$E,日报!$E:$E,合格品出库记录!$A:$A,日报!BX$3)<>0,SUMIFS(合格品出库记录!$G:$G,合格品出库记录!$E:$E,日报!$E:$E,合格品出库记录!$A:$A,日报!BX$3),"")
A84: 82 | B84: 1DC | C84: 东莞市硅翔绝缘材料有限公司 | E84: 3.1.02.30.01331 | F84: LXCU12E09EV-CCS-C | H84: 0 | I84: =SUMIF(合格品入货记录!E:E,日报!E84,合格品入货记录!G:G) -> 30 | J84: =SUMIF(合格品出库记录!E:E,日报!E84,合格品出库记录!G:G) -> 0 | K84: =H85+I84-J84+L84 -> 30 | L84: =SUMIF(不良品库存!D:D,E:E,不良品库存!F:F) -> 0 | M84: =H85+I84-J84 -> 30 | P84: =IF(SUMIFS(合格品入货记录!$G:$G,合格品入货记录!$E:$E,日报!$E:$E,合格品入货记录!$A:$A,日报!P$3)<>0,SUMIFS(合格品入货记录!$G:$G,合格品入货记录!$E:$E,日报!$E:$E,合格品入货记录!$A:$A,日报!P$3),"") | Q84: =IF(SUMIFS(合格品入货记录!$G:$G,合格品入货记录!$E:$E,日报!$E:$E,合格品入货记录!$A:$A,日报!Q$3)<>0,SUMIFS(合格品入货记录!$G:$G,合格品入货记录!$E:$E,日报!$E:$E,合格品入货记录!$A:$A,日报!Q$3),"") | R84: =IF(SUMIFS(合格品入货记录!$G:$G,合格品入货记录!$E:$E,日报!$E:$E,合格品入货记录!$A:$A,日报!R$3)<>0,SUMIFS(合格品入货记录!$G:$G,合格品入货记录!$E:$E,日报!$E:$E,合格品入货记录!$A:$A,日报!R$3),"") | S84: =IF(SUMIFS(合格品入货记录!$G:$G,合格品入货记录!$E:$E,日报!$E:$E,合格品入货记录!$A:$A,日报!S$3)<>0,SUMIFS(合格品入货记录!$G:$G,合格品入货记录!$E:$E,日报!$E:$E,合格品入货记录!$A:$A,日报!S$3),"") | T84: =IF(SUMIFS(合格品入货记录!$G:$G,合格品入货记录!$E:$E,日报!$E:$E,合格品入货记录!$A:$A,日报!T$3)<>0,SUMIFS(合格品入货记录!$G:$G,合格品入货记录!$E:$E,日报!$E:$E,合格品入货记录!$A:$A,日报!T$3),"") | U84: =IF(SUMIFS(合格品入货记录!$G:$G,合格品入货记录!$E:$E,日报!$E:$E,合格品入货记录!$A:$A,日报!U$3)<>0,SUMIFS(合格品入货记录!$G:$G,合格品入货记录!$E:$E,日报!$E:$E,合格品入货记录!$A:$A,日报!U$3),"") | V84: =IF(SUMIFS(合格品入货记录!$G:$G,合格品入货记录!$E:$E,日报!$E:$E,合格品入货记录!$A:$A,日报!V$3)<>0,SUMIFS(合格品入货记录!$G:$G,合格品入货记录!$E:$E,日报!$E:$E,合格品入货记录!$A:$A,日报!V$3),"") | W84: =IF(SUMIFS(合格品入货记录!$G:$G,合格品入货记录!$E:$E,日报!$E:$E,合格品入货记录!$A:$A,日报!W$3)<>0,SUMIFS(合格品入货记录!$G:$G,合格品入货记录!$E:$E,日报!$E:$E,合格品入货记录!$A:$A,日报!W$3),"") | ... AT84: =IF(SUMIFS(合格品入货记录!$G:$G,合格品入货记录!$E:$E,日报!$E:$E,合格品入货记录!$A:$A,日报!AT$3)<>0,SUMIFS(合格品入货记录!$G:$G,合格品入货记录!$E:$E,日报!$E:$E,合格品入货记录!$A:$A,日报!AT$3),"") | AU84: =IF(SUMIFS(合格品出库记录!$G:$G,合格品出库记录!$E:$E,日报!$E:$E,合格品出库记录!$A:$A,日报!AU$3)<>0,SUMIFS(合格品出库记录!$G:$G,合格品出库记录!$E:$E,日报!$E:$E,合格品出库记录!$A:$A,日报!AU$3),"") | AV84: =IF(SUMIFS(合格品出库记录!$G:$G,合格品出库记录!$E:$E,日报!$E:$E,合格品出库记录!$A:$A,日报!AV$3)<>0,SUMIFS(合格品出库记录!$G:$G,合格品出库记录!$E:$E,日报!$E:$E,合格品出库记录!$A:$A,日报!AV$3),"") | AW84: =IF(SUMIFS(合格品出库记录!$G:$G,合格品出库记录!$E:$E,日报!$E:$E,合格品出库记录!$A:$A,日报!AW$3)<>0,SUMIFS(合格品出库记录!$G:$G,合格品出库记录!$E:$E,日报!$E:$E,合格品出库记录!$A:$A,日报!AW$3),"") | AX84: =IF(SUMIFS(合格品出库记录!$G:$G,合格品出库记录!$E:$E,日报!$E:$E,合格品出库记录!$A:$A,日报!AX$3)<>0,SUMIFS(合格品出库记录!$G:$G,合格品出库记录!$E:$E,日报!$E:$E,合格品出库记录!$A:$A,日报!AX$3),"") | AY84: =IF(SUMIFS(合格品出库记录!$G:$G,合格品出库记录!$E:$E,日报!$E:$E,合格品出库记录!$A:$A,日报!AY$3)<>0,SUMIFS(合格品出库记录!$G:$G,合格品出库记录!$E:$E,日报!$E:$E,合格品出库记录!$A:$A,日报!AY$3),"") | AZ84: =IF(SUMIFS(合格品出库记录!$G:$G,合格品出库记录!$E:$E,日报!$E:$E,合格品出库记录!$A:$A,日报!AZ$3)<>0,SUMIFS(合格品出库记录!$G:$G,合格品出库记录!$E:$E,日报!$E:$E,合格品出库记录!$A:$A,日报!AZ$3),"") | BA84: =IF(SUMIFS(合格品出库记录!$G:$G,合格品出库记录!$E:$E,日报!$E:$E,合格品出库记录!$A:$A,日报!BA$3)<>0,SUMIFS(合格品出库记录!$G:$G,合格品出库记录!$E:$E,日报!$E:$E,合格品出库记录!$A:$A,日报!BA$3),"") | BB84: =IF(SUMIFS(合格品出库记录!$G:$G,合格品出库记录!$E:$E,日报!$E:$E,合格品出库记录!$A:$A,日报!BB$3)<>0,SUMIFS(合格品出库记录!$G:$G,合格品出库记录!$E:$E,日报!$E:$E,合格品出库记录!$A:$A,日报!BB$3),"") | ... BX84: =IF(SUMIFS(合格品出库记录!$G:$G,合格品出库记录!$E:$E,日报!$E:$E,合格品出库记录!$A:$A,日报!BX$3)<>0,SUMIFS(合格品出库记录!$G:$G,合格品出库记录!$E:$E,日报!$E:$E,合格品出库记录!$A:$A,日报!BX$3),"")
A85: 83 | B85: 1DC | C85: 东莞市硅翔绝缘材料有限公司 | E85: 3.1.02.30.01332 | F85: LXCU12E09EV-CCS-D | H85: 0 | I85: =SUMIF(合格品入货记录!E:E,日报!E85,合格品入货记录!G:G) -> 30 | J85: =SUMIF(合格品出库记录!E:E,日报!E85,合格品出库记录!G:G) -> 0 | K85: =H86+I85-J85+L85 -> 30 | L85: =SUMIF(不良品库存!D:D,E:E,不良品库存!F:F) -> 0 | M85: =H86+I85-J85 -> 30 | P85: =IF(SUMIFS(合格品入货记录!$G:$G,合格品入货记录!$E:$E,日报!$E:$E,合格品入货记录!$A:$A,日报!P$3)<>0,SUMIFS(合格品入货记录!$G:$G,合格品入货记录!$E:$E,日报!$E:$E,合格品入货记录!$A:$A,日报!P$3),"") | Q85: =IF(SUMIFS(合格品入货记录!$G:$G,合格品入货记录!$E:$E,日报!$E:$E,合格品入货记录!$A:$A,日报!Q$3)<>0,SUMIFS(合格品入货记录!$G:$G,合格品入货记录!$E:$E,日报!$E:$E,合格品入货记录!$A:$A,日报!Q$3),"") | R85: =IF(SUMIFS(合格品入货记录!$G:$G,合格品入货记录!$E:$E,日报!$E:$E,合格品入货记录!$A:$A,日报!R$3)<>0,SUMIFS(合格品入货记录!$G:$G,合格品入货记录!$E:$E,日报!$E:$E,合格品入货记录!$A:$A,日报!R$3),"") | S85: =IF(SUMIFS(合格品入货记录!$G:$G,合格品入货记录!$E:$E,日报!$E:$E,合格品入货记录!$A:$A,日报!S$3)<>0,SUMIFS(合格品入货记录!$G:$G,合格品入货记录!$E:$E,日报!$E:$E,合格品入货记录!$A:$A,日报!S$3),"") | T85: =IF(SUMIFS(合格品入货记录!$G:$G,合格品入货记录!$E:$E,日报!$E:$E,合格品入货记录!$A:$A,日报!T$3)<>0,SUMIFS(合格品入货记录!$G:$G,合格品入货记录!$E:$E,日报!$E:$E,合格品入货记录!$A:$A,日报!T$3),"") | U85: =IF(SUMIFS(合格品入货记录!$G:$G,合格品入货记录!$E:$E,日报!$E:$E,合格品入货记录!$A:$A,日报!U$3)<>0,SUMIFS(合格品入货记录!$G:$G,合格品入货记录!$E:$E,日报!$E:$E,合格品入货记录!$A:$A,日报!U$3),"") | V85: =IF(SUMIFS(合格品入货记录!$G:$G,合格品入货记录!$E:$E,日报!$E:$E,合格品入货记录!$A:$A,日报!V$3)<>0,SUMIFS(合格品入货记录!$G:$G,合格品入货记录!$E:$E,日报!$E:$E,合格品入货记录!$A:$A,日报!V$3),"") | W85: =IF(SUMIFS(合格品入货记录!$G:$G,合格品入货记录!$E:$E,日报!$E:$E,合格品入货记录!$A:$A,日报!W$3)<>0,SUMIFS(合格品入货记录!$G:$G,合格品入货记录!$E:$E,日报!$E:$E,合格品入货记录!$A:$A,日报!W$3),"") | ... AT85: =IF(SUMIFS(合格品入货记录!$G:$G,合格品入货记录!$E:$E,日报!$E:$E,合格品入货记录!$A:$A,日报!AT$3)<>0,SUMIFS(合格品入货记录!$G:$G,合格品入货记录!$E:$E,日报!$E:$E,合格品入货记录!$A:$A,日报!AT$3),"") | AU85: =IF(SUMIFS(合格品出库记录!$G:$G,合格品出库记录!$E:$E,日报!$E:$E,合格品出库记录!$A:$A,日报!AU$3)<>0,SUMIFS(合格品出库记录!$G:$G,合格品出库记录!$E:$E,日报!$E:$E,合格品出库记录!$A:$A,日报!AU$3),"") | AV85: =IF(SUMIFS(合格品出库记录!$G:$G,合格品出库记录!$E:$E,日报!$E:$E,合格品出库记录!$A:$A,日报!AV$3)<>0,SUMIFS(合格品出库记录!$G:$G,合格品出库记录!$E:$E,日报!$E:$E,合格品出库记录!$A:$A,日报!AV$3),"") | AW85: =IF(SUMIFS(合格品出库记录!$G:$G,合格品出库记录!$E:$E,日报!$E:$E,合格品出库记录!$A:$A,日报!AW$3)<>0,SUMIFS(合格品出库记录!$G:$G,合格品出库记录!$E:$E,日报!$E:$E,合格品出库记录!$A:$A,日报!AW$3),"") | AX85: =IF(SUMIFS(合格品出库记录!$G:$G,合格品出库记录!$E:$E,日报!$E:$E,合格品出库记录!$A:$A,日报!AX$3)<>0,SUMIFS(合格品出库记录!$G:$G,合格品出库记录!$E:$E,日报!$E:$E,合格品出库记录!$A:$A,日报!AX$3),"") | AY85: =IF(SUMIFS(合格品出库记录!$G:$G,合格品出库记录!$E:$E,日报!$E:$E,合格品出库记录!$A:$A,日报!AY$3)<>0,SUMIFS(合格品出库记录!$G:$G,合格品出库记录!$E:$E,日报!$E:$E,合格品出库记录!$A:$A,日报!AY$3),"") | AZ85: =IF(SUMIFS(合格品出库记录!$G:$G,合格品出库记录!$E:$E,日报!$E:$E,合格品出库记录!$A:$A,日报!AZ$3)<>0,SUMIFS(合格品出库记录!$G:$G,合格品出库记录!$E:$E,日报!$E:$E,合格品出库记录!$A:$A,日报!AZ$3),"") | BA85: =IF(SUMIFS(合格品出库记录!$G:$G,合格品出库记录!$E:$E,日报!$E:$E,合格品出库记录!$A:$A,日报!BA$3)<>0,SUMIFS(合格品出库记录!$G:$G,合格品出库记录!$E:$E,日报!$E:$E,合格品出库记录!$A:$A,日报!BA$3),"") | BB85: =IF(SUMIFS(合格品出库记录!$G:$G,合格品出库记录!$E:$E,日报!$E:$E,合格品出库记录!$A:$A,日报!BB$3)<>0,SUMIFS(合格品出库记录!$G:$G,合格品出库记录!$E:$E,日报!$E:$E,合格品出库记录!$A:$A,日报!BB$3),"") | ... BX85: =IF(SUMIFS(合格品出库记录!$G:$G,合格品出库记录!$E:$E,日报!$E:$E,合格品出库记录!$A:$A,日报!BX$3)<>0,SUMIFS(合格品出库记录!$G:$G,合格品出库记录!$E:$E,日报!$E:$E,合格品出库记录!$A:$A,日报!BX$3),"")

Sheet 样品
A1: 46143 | F1: 注：“可用结存”列中红色数据代表库存量过低，黄色数据代表超出最高库存量。
A2: 序号 | B2: 供应商代码 | C2: 供应商名称 | D2: 硅翔料号 | E2: 零件编号 | F2: 零件名称 | G2: 车型 | H2: 上月结存 | I2: 累进 | J2: 累出 | K2: 当前库存 | L2: 不合格品库存 | M2: 可用结存 | N2: 最高库存量 | O2: 单车用量 | P2: 入库 | AU2: 出库
P3: 46143 | Q3: 46144 | R3: 46145 | S3: 46146 | T3: 46147 | U3: 46148 | V3: 46149 | W3: 46150 | X3: 46151 | Y3: 46152 | Z3: 46153 | AA3: 46154 | AB3: 46155 | AC3: 46156 | AD3: 46157 | AE3: 46158 | AF3: 46159 | AG3: 46160 | AH3: 46161 | AI3: 46162 | AJ3: 46163 | AK3: 46164 | AL3: 46165 | AM3: 46166 | AN3: 46167 | AO3: 46168 | AP3: 46169 | AQ3: 46170 | AR3: 46171 | AS3: 46172 | AT3: 46173 | AU3: 46143 | AV3: 46144 | AW3: 46145 | AX3: 46146 | AY3: 46147 | AZ3: 46148 | BA3: 46149 | BB3: 46150 | BC3: 46151 | BD3: 46152 | BE3: 46153 | BF3: 46154 | BG3: 46155 | BH3: 46156 | BI3: 46157 | BJ3: 46158 | BK3: 46159 | BL3: 46160 | BM3: 46161 | BN3: 46162 | BO3: 46163 | BP3: 46164 | BQ3: 46165 | BR3: 46166 | BS3: 46167 | BT3: 46168 | BU3: 46169 | BV3: 46170 | BW3: 46171 | BX3: 46172 | BY3: 46173 | CB3: ，
A4: 1 | B4: 1DC | C4: 东莞市硅翔绝缘材料有限公司 | D4: F01001000346 | E4: 3.2.49.08.00346-000 | F4: T03A_PBP-模组（南京国轩电芯）CCS总成1 | H4: 22 | I4: =SUMIF(合格品入货记录!E:E,样品!E4,合格品入货记录!G:G) -> 0 | J4: =SUMIF(合格品出库记录!E:E,样品!E4,合格品出库记录!G:G) -> 0 | K4: =H4+I4-J4+L4 -> 22 | L4: =SUMIF(不良品库存!D:D,E4:E43,不良品库存!F:F) -> 0 | M4: =H4+I4-J4 -> 22 | P4: =IFERROR(SUMIFS(合格品入货记录!$G:$G,合格品入货记录!$A:$A,样品!P$3,合格品入货记录!$E:$E,样品!$E4)," ") -> 0 | Q4: =SUMIFS(合格品入货记录!$G:$G,合格品入货记录!$A:$A,样品!Q$3,合格品入货记录!$E:$E,样品!$E4) -> 0 | R4: =SUMIFS(合格品入货记录!$G:$G,合格品入货记录!$A:$A,样品!R$3,合格品入货记录!$E:$E,样品!$E4) -> 0 | S4: =SUMIFS(合格品入货记录!$G:$G,合格品入货记录!$A:$A,样品!S$3,合格品入货记录!$E:$E,样品!$E4) -> 0 | T4: =SUMIFS(合格品入货记录!$G:$G,合格品入货记录!$A:$A,样品!T$3,合格品入货记录!$E:$E,样品!$E4) -> 0 | U4: =SUMIFS(合格品入货记录!$G:$G,合格品入货记录!$A:$A,样品!U$3,合格品入货记录!$E:$E,样品!$E4) -> 0 | V4: =SUMIFS(合格品入货记录!$G:$G,合格品入货记录!$A:$A,样品!V$3,合格品入货记录!$E:$E,样品!$E4) -> 0 | W4: =SUMIFS(合格品入货记录!$G:$G,合格品入货记录!$A:$A,样品!W$3,合格品入货记录!$E:$E,样品!$E4) -> 0 | X4: =SUMIFS(合格品入货记录!$G:$G,合格品入货记录!$A:$A,样品!X$3,合格品入货记录!$E:$E,样品!$E4) -> 0 | ... BY4: =SUMIFS(合格品入货记录!$G:$G,合格品入货记录!$A:$A,样品!BY$3,合格品入货记录!$E:$E,样品!$E4) -> 0
A5: 2 | B5: 1DC | C5: 东莞市硅翔绝缘材料有限公司 | D5: F01001000347 | E5: 3.2.49.08.00347-000 | F5: T03A_PBP-模组（南京国轩电芯）CCS总成2 | H5: 10 | I5: =SUMIF(合格品入货记录!E:E,样品!E5,合格品入货记录!G:G) -> 0 | J5: =SUMIF(合格品出库记录!E:E,样品!E5,合格品出库记录!G:G) -> 0 | K5: =H5+I5-J5+L5 -> 10 | L5: =SUMIF(不良品库存!D:D,E5:E44,不良品库存!F:F) -> 0 | M5: =H5+I5-J5 -> 10 | P5: =IFERROR(SUMIFS(合格品入货记录!$G:$G,合格品入货记录!$A:$A,样品!P$3,合格品入货记录!$E:$E,样品!$E5)," ") -> 0 | Q5: =SUMIFS(合格品入货记录!$G:$G,合格品入货记录!$A:$A,样品!Q$3,合格品入货记录!$E:$E,样品!$E5) -> 0 | R5: =SUMIFS(合格品入货记录!$G:$G,合格品入货记录!$A:$A,样品!R$3,合格品入货记录!$E:$E,样品!$E5) -> 0 | S5: =SUMIFS(合格品入货记录!$G:$G,合格品入货记录!$A:$A,样品!S$3,合格品入货记录!$E:$E,样品!$E5) -> 0 | T5: =SUMIFS(合格品入货记录!$G:$G,合格品入货记录!$A:$A,样品!T$3,合格品入货记录!$E:$E,样品!$E5) -> 0 | U5: =SUMIFS(合格品入货记录!$G:$G,合格品入货记录!$A:$A,样品!U$3,合格品入货记录!$E:$E,样品!$E5) -> 0 | V5: =SUMIFS(合格品入货记录!$G:$G,合格品入货记录!$A:$A,样品!V$3,合格品入货记录!$E:$E,样品!$E5) -> 0 | W5: =SUMIFS(合格品入货记录!$G:$G,合格品入货记录!$A:$A,样品!W$3,合格品入货记录!$E:$E,样品!$E5) -> 0 | X5: =SUMIFS(合格品入货记录!$G:$G,合格品入货记录!$A:$A,样品!X$3,合格品入货记录!$E:$E,样品!$E5) -> 0 | ... BY5: =SUMIFS(合格品入货记录!$G:$G,合格品入货记录!$A:$A,样品!BY$3,合格品入货记录!$E:$E,样品!$E5) -> 0
A6: 3 | B6: 1DC | C6: 东莞市硅翔绝缘材料有限公司 | D6: 801001002226 | E6: 3.2.49.08.00610-000 | F6: LPC11_LFP_FPC233 | H6: 0 | I6: =SUMIF(合格品入货记录!E:E,样品!E6,合格品入货记录!G:G) -> 0 | J6: =SUMIF(合格品出库记录!E:E,样品!E6,合格品出库记录!G:G) -> 0 | K6: =H6+I6-J6+L6 -> 0 | L6: =SUMIF(不良品库存!D:D,E6:E45,不良品库存!F:F) -> 0 | M6: =H6+I6-J6 -> 0 | P6: =IFERROR(SUMIFS(合格品入货记录!$G:$G,合格品入货记录!$A:$A,样品!P$3,合格品入货记录!$E:$E,样品!$E6)," ") -> 0 | Q6: =SUMIFS(合格品入货记录!$G:$G,合格品入货记录!$A:$A,样品!Q$3,合格品入货记录!$E:$E,样品!$E6) -> 0 | R6: =SUMIFS(合格品入货记录!$G:$G,合格品入货记录!$A:$A,样品!R$3,合格品入货记录!$E:$E,样品!$E6) -> 0 | S6: =SUMIFS(合格品入货记录!$G:$G,合格品入货记录!$A:$A,样品!S$3,合格品入货记录!$E:$E,样品!$E6) -> 0 | T6: =SUMIFS(合格品入货记录!$G:$G,合格品入货记录!$A:$A,样品!T$3,合格品入货记录!$E:$E,样品!$E6) -> 0 | U6: =SUMIFS(合格品入货记录!$G:$G,合格品入货记录!$A:$A,样品!U$3,合格品入货记录!$E:$E,样品!$E6) -> 0 | V6: =SUMIFS(合格品入货记录!$G:$G,合格品入货记录!$A:$A,样品!V$3,合格品入货记录!$E:$E,样品!$E6) -> 0 | W6: =SUMIFS(合格品入货记录!$G:$G,合格品入货记录!$A:$A,样品!W$3,合格品入货记录!$E:$E,样品!$E6) -> 0 | X6: =SUMIFS(合格品入货记录!$G:$G,合格品入货记录!$A:$A,样品!X$3,合格品入货记录!$E:$E,样品!$E6) -> 0 | ... BY6: =SUMIFS(合格品入货记录!$G:$G,合格品入货记录!$A:$A,样品!BY$3,合格品入货记录!$E:$E,样品!$E6) -> 0
A7: 4 | B7: 1DC | C7: 东莞市硅翔绝缘材料有限公司 | D7: F06001000569 | E7: 3.2.44.30.00303-000 | F7: LP-C11三元模组中间铝巴 | H7: 0 | I7: =SUMIF(合格品入货记录!E:E,样品!E7,合格品入货记录!G:G) -> 0 | J7: =SUMIF(合格品出库记录!E:E,样品!E7,合格品出库记录!G:G) -> 0 | K7: =H7+I7-J7+L7 -> 0 | L7: =SUMIF(不良品库存!D:D,E7:E46,不良品库存!F:F) -> 0 | M7: =H7+I7-J7 -> 0 | P7: =IFERROR(SUMIFS(合格品入货记录!$G:$G,合格品入货记录!$A:$A,样品!P$3,合格品入货记录!$E:$E,样品!$E7)," ") -> 0 | Q7: =SUMIFS(合格品入货记录!$G:$G,合格品入货记录!$A:$A,样品!Q$3,合格品入货记录!$E:$E,样品!$E7) -> 0 | R7: =SUMIFS(合格品入货记录!$G:$G,合格品入货记录!$A:$A,样品!R$3,合格品入货记录!$E:$E,样品!$E7) -> 0 | S7: =SUMIFS(合格品入货记录!$G:$G,合格品入货记录!$A:$A,样品!S$3,合格品入货记录!$E:$E,样品!$E7) -> 0 | T7: =SUMIFS(合格品入货记录!$G:$G,合格品入货记录!$A:$A,样品!T$3,合格品入货记录!$E:$E,样品!$E7) -> 0 | U7: =SUMIFS(合格品入货记录!$G:$G,合格品入货记录!$A:$A,样品!U$3,合格品入货记录!$E:$E,样品!$E7) -> 0 | V7: =SUMIFS(合格品入货记录!$G:$G,合格品入货记录!$A:$A,样品!V$3,合格品入货记录!$E:$E,样品!$E7) -> 0 | W7: =SUMIFS(合格品入货记录!$G:$G,合格品入货记录!$A:$A,样品!W$3,合格品入货记录!$E:$E,样品!$E7) -> 0 | X7: =SUMIFS(合格品入货记录!$G:$G,合格品入货记录!$A:$A,样品!X$3,合格品入货记录!$E:$E,样品!$E7) -> 0 | ... BY7: =SUMIFS(合格品入货记录!$G:$G,合格品入货记录!$A:$A,样品!BY$3,合格品入货记录!$E:$E,样品!$E7) -> 0
A8: 5 | B8: 1DC | C8: 东莞市硅翔绝缘材料有限公司 | D8: 801001003682 | E8: 3.2.49.08.00609-000 | F8: LPC11_LFP_FPC232 | H8: 30 | I8: =SUMIF(合格品入货记录!E:E,样品!E8,合格品入货记录!G:G) -> 0 | J8: =SUMIF(合格品出库记录!E:E,样品!E8,合格品出库记录!G:G) -> 0 | K8: =H8+I8-J8+L8 -> 30 | L8: =SUMIF(不良品库存!D:D,E8:E47,不良品库存!F:F) -> 0 | M8: =H8+I8-J8 -> 30 | P8: =IFERROR(SUMIFS(合格品入货记录!$G:$G,合格品入货记录!$A:$A,样品!P$3,合格品入货记录!$E:$E,样品!$E8)," ") -> 0 | Q8: =SUMIFS(合格品入货记录!$G:$G,合格品入货记录!$A:$A,样品!Q$3,合格品入货记录!$E:$E,样品!$E8) -> 0 | R8: =SUMIFS(合格品入货记录!$G:$G,合格品入货记录!$A:$A,样品!R$3,合格品入货记录!$E:$E,样品!$E8) -> 0 | S8: =SUMIFS(合格品入货记录!$G:$G,合格品入货记录!$A:$A,样品!S$3,合格品入货记录!$E:$E,样品!$E8) -> 0 | T8: =SUMIFS(合格品入货记录!$G:$G,合格品入货记录!$A:$A,样品!T$3,合格品入货记录!$E:$E,样品!$E8) -> 0 | U8: =SUMIFS(合格品入货记录!$G:$G,合格品入货记录!$A:$A,样品!U$3,合格品入货记录!$E:$E,样品!$E8) -> 0 | V8: =SUMIFS(合格品入货记录!$G:$G,合格品入货记录!$A:$A,样品!V$3,合格品入货记录!$E:$E,样品!$E8) -> 0 | W8: =SUMIFS(合格品入货记录!$G:$G,合格品入货记录!$A:$A,样品!W$3,合格品入货记录!$E:$E,样品!$E8) -> 0 | X8: =SUMIFS(合格品入货记录!$G:$G,合格品入货记录!$A:$A,样品!X$3,合格品入货记录!$E:$E,样品!$E8) -> 0 | ... BY8: =SUMIFS(合格品入货记录!$G:$G,合格品入货记录!$A:$A,样品!BY$3,合格品入货记录!$E:$E,样品!$E8) -> 0
A9: 6 | B9: 1DC | C9: 东莞市硅翔绝缘材料有限公司 | D9: 801001003681 | E9: 3.2.49.08.00608-000 | F9: LPC11_LFP_FPC231 | H9: 93 | I9: =SUMIF(合格品入货记录!E:E,样品!E9,合格品入货记录!G:G) -> 0 | J9: =SUMIF(合格品出库记录!E:E,样品!E9,合格品出库记录!G:G) -> 0 | K9: =H9+I9-J9+L9 -> 93 | L9: =SUMIF(不良品库存!D:D,E9:E48,不良品库存!F:F) -> 0 | M9: =H9+I9-J9 -> 93 | P9: =IFERROR(SUMIFS(合格品入货记录!$G:$G,合格品入货记录!$A:$A,样品!P$3,合格品入货记录!$E:$E,样品!$E9)," ") -> 0 | Q9: =SUMIFS(合格品入货记录!$G:$G,合格品入货记录!$A:$A,样品!Q$3,合格品入货记录!$E:$E,样品!$E9) -> 0 | R9: =SUMIFS(合格品入货记录!$G:$G,合格品入货记录!$A:$A,样品!R$3,合格品入货记录!$E:$E,样品!$E9) -> 0 | S9: =SUMIFS(合格品入货记录!$G:$G,合格品入货记录!$A:$A,样品!S$3,合格品入货记录!$E:$E,样品!$E9) -> 0 | T9: =SUMIFS(合格品入货记录!$G:$G,合格品入货记录!$A:$A,样品!T$3,合格品入货记录!$E:$E,样品!$E9) -> 0 | U9: =SUMIFS(合格品入货记录!$G:$G,合格品入货记录!$A:$A,样品!U$3,合格品入货记录!$E:$E,样品!$E9) -> 0 | V9: =SUMIFS(合格品入货记录!$G:$G,合格品入货记录!$A:$A,样品!V$3,合格品入货记录!$E:$E,样品!$E9) -> 0 | W9: =SUMIFS(合格品入货记录!$G:$G,合格品入货记录!$A:$A,样品!W$3,合格品入货记录!$E:$E,样品!$E9) -> 0 | X9: =SUMIFS(合格品入货记录!$G:$G,合格品入货记录!$A:$A,样品!X$3,合格品入货记录!$E:$E,样品!$E9) -> 0 | ... BY9: =SUMIFS(合格品入货记录!$G:$G,合格品入货记录!$A:$A,样品!BY$3,合格品入货记录!$E:$E,样品!$E9) -> 0
A10: 7 | B10: 1DC | C10: 东莞市硅翔绝缘材料有限公司 | D10: F06001000390 | E10: 3.2.41.30.00436-000 | F10: LP-C11-22S-B-串联排1 | H10: 1920 | I10: =SUMIF(合格品入货记录!E:E,样品!E10,合格品入货记录!G:G) -> 0 | J10: =SUMIF(合格品出库记录!E:E,样品!E10,合格品出库记录!G:G) -> 0 | K10: =H10+I10-J10+L10 -> 1920 | L10: =SUMIF(不良品库存!D:D,E10:E49,不良品库存!F:F) -> 0 | M10: =H10+I10-J10 -> 1920 | P10: =IFERROR(SUMIFS(合格品入货记录!$G:$G,合格品入货记录!$A:$A,样品!P$3,合格品入货记录!$E:$E,样品!$E10)," ") -> 0 | Q10: =SUMIFS(合格品入货记录!$G:$G,合格品入货记录!$A:$A,样品!Q$3,合格品入货记录!$E:$E,样品!$E10) -> 0 | R10: =SUMIFS(合格品入货记录!$G:$G,合格品入货记录!$A:$A,样品!R$3,合格品入货记录!$E:$E,样品!$E10) -> 0 | S10: =SUMIFS(合格品入货记录!$G:$G,合格品入货记录!$A:$A,样品!S$3,合格品入货记录!$E:$E,样品!$E10) -> 0 | T10: =SUMIFS(合格品入货记录!$G:$G,合格品入货记录!$A:$A,样品!T$3,合格品入货记录!$E:$E,样品!$E10) -> 0 | U10: =SUMIFS(合格品入货记录!$G:$G,合格品入货记录!$A:$A,样品!U$3,合格品入货记录!$E:$E,样品!$E10) -> 0 | V10: =SUMIFS(合格品入货记录!$G:$G,合格品入货记录!$A:$A,样品!V$3,合格品入货记录!$E:$E,样品!$E10) -> 0 | W10: =SUMIFS(合格品入货记录!$G:$G,合格品入货记录!$A:$A,样品!W$3,合格品入货记录!$E:$E,样品!$E10) -> 0 | X10: =SUMIFS(合格品入货记录!$G:$G,合格品入货记录!$A:$A,样品!X$3,合格品入货记录!$E:$E,样品!$E10) -> 0 | ... BY10: =SUMIFS(合格品入货记录!$G:$G,合格品入货记录!$A:$A,样品!BY$3,合格品入货记录!$E:$E,样品!$E10) -> 0
A11: 8 | B11: 1DC | C11: 东莞市硅翔绝缘材料有限公司 | D11: F06001000151 | E11: 3.2.49.08.01089-000 | F11: 串联排二 | H11: 700 | I11: =SUMIF(合格品入货记录!E:E,样品!E11,合格品入货记录!G:G) -> 0 | J11: =SUMIF(合格品出库记录!E:E,样品!E11,合格品出库记录!G:G) -> 700 | K11: =H11+I11-J11+L11 -> 100 | L11: =SUMIF(不良品库存!D:D,E11:E50,不良品库存!F:F) -> 100 | M11: =H11+I11-J11 -> 0 | P11: =IFERROR(SUMIFS(合格品入货记录!$G:$G,合格品入货记录!$A:$A,样品!P$3,合格品入货记录!$E:$E,样品!$E11)," ") -> 0 | Q11: =SUMIFS(合格品入货记录!$G:$G,合格品入货记录!$A:$A,样品!Q$3,合格品入货记录!$E:$E,样品!$E11) -> 0 | R11: =SUMIFS(合格品入货记录!$G:$G,合格品入货记录!$A:$A,样品!R$3,合格品入货记录!$E:$E,样品!$E11) -> 0 | S11: =SUMIFS(合格品入货记录!$G:$G,合格品入货记录!$A:$A,样品!S$3,合格品入货记录!$E:$E,样品!$E11) -> 0 | T11: =SUMIFS(合格品入货记录!$G:$G,合格品入货记录!$A:$A,样品!T$3,合格品入货记录!$E:$E,样品!$E11) -> 0 | U11: =SUMIFS(合格品入货记录!$G:$G,合格品入货记录!$A:$A,样品!U$3,合格品入货记录!$E:$E,样品!$E11) -> 0 | V11: =SUMIFS(合格品入货记录!$G:$G,合格品入货记录!$A:$A,样品!V$3,合格品入货记录!$E:$E,样品!$E11) -> 0 | W11: =SUMIFS(合格品入货记录!$G:$G,合格品入货记录!$A:$A,样品!W$3,合格品入货记录!$E:$E,样品!$E11) -> 0 | X11: =SUMIFS(合格品入货记录!$G:$G,合格品入货记录!$A:$A,样品!X$3,合格品入货记录!$E:$E,样品!$E11) -> 0 | ... BY11: =SUMIFS(合格品入货记录!$G:$G,合格品入货记录!$A:$A,样品!BY$3,合格品入货记录!$E:$E,样品!$E11) -> 0
A12: 9 | B12: 1DC | C12: 东莞市硅翔绝缘材料有限公司 | D12: F06001000091 | E12: 3.2.41.30.00187-000 | F12: 吕排1 | H12: 4720 | I12: =SUMIF(合格品入货记录!E:E,样品!E12,合格品入货记录!G:G) -> 0 | J12: =SUMIF(合格品出库记录!E:E,样品!E12,合格品出库记录!G:G) -> 0 | K12: =H12+I12-J12+L12 -> 4720 | L12: =SUMIF(不良品库存!D:D,E12:E50,不良品库存!F:F) -> 0 | M12: =H12+I12-J12 -> 4720 | P12: =IFERROR(SUMIFS(合格品入货记录!$G:$G,合格品入货记录!$A:$A,样品!P$3,合格品入货记录!$E:$E,样品!$E12)," ") -> 0 | Q12: =SUMIFS(合格品入货记录!$G:$G,合格品入货记录!$A:$A,样品!Q$3,合格品入货记录!$E:$E,样品!$E12) -> 0 | R12: =SUMIFS(合格品入货记录!$G:$G,合格品入货记录!$A:$A,样品!R$3,合格品入货记录!$E:$E,样品!$E12) -> 0 | S12: =SUMIFS(合格品入货记录!$G:$G,合格品入货记录!$A:$A,样品!S$3,合格品入货记录!$E:$E,样品!$E12) -> 0 | T12: =SUMIFS(合格品入货记录!$G:$G,合格品入货记录!$A:$A,样品!T$3,合格品入货记录!$E:$E,样品!$E12) -> 0 | U12: =SUMIFS(合格品入货记录!$G:$G,合格品入货记录!$A:$A,样品!U$3,合格品入货记录!$E:$E,样品!$E12) -> 0 | V12: =SUMIFS(合格品入货记录!$G:$G,合格品入货记录!$A:$A,样品!V$3,合格品入货记录!$E:$E,样品!$E12) -> 0 | W12: =SUMIFS(合格品入货记录!$G:$G,合格品入货记录!$A:$A,样品!W$3,合格品入货记录!$E:$E,样品!$E12) -> 0 | X12: =SUMIFS(合格品入货记录!$G:$G,合格品入货记录!$A:$A,样品!X$3,合格品入货记录!$E:$E,样品!$E12) -> 0 | ... BY12: =SUMIFS(合格品入货记录!$G:$G,合格品入货记录!$A:$A,样品!BY$3,合格品入货记录!$E:$E,样品!$E12) -> 0
A13: 10 | B13: 1DC | C13: 东莞市硅翔绝缘材料有限公司 | D13: F02002000735 | E13: 3.2.53.06.00106-000 | F13: 上层模组加热膜 | H13: 33 | I13: =SUMIF(合格品入货记录!E:E,样品!E13,合格品入货记录!G:G) -> 0 | J13: =SUMIF(合格品出库记录!E:E,样品!E13,合格品出库记录!G:G) -> 0 | K13: =H13+I13-J13+L13 -> 33 | L13: =SUMIF(不良品库存!D:D,E13:E50,不良品库存!F:F) -> 0 | M13: =H13+I13-J13 -> 33 | P13: =IFERROR(SUMIFS(合格品入货记录!$G:$G,合格品入货记录!$A:$A,样品!P$3,合格品入货记录!$E:$E,样品!$E13)," ") -> 0 | Q13: =SUMIFS(合格品入货记录!$G:$G,合格品入货记录!$A:$A,样品!Q$3,合格品入货记录!$E:$E,样品!$E13) -> 0 | R13: =SUMIFS(合格品入货记录!$G:$G,合格品入货记录!$A:$A,样品!R$3,合格品入货记录!$E:$E,样品!$E13) -> 0 | S13: =SUMIFS(合格品入货记录!$G:$G,合格品入货记录!$A:$A,样品!S$3,合格品入货记录!$E:$E,样品!$E13) -> 0 | T13: =SUMIFS(合格品入货记录!$G:$G,合格品入货记录!$A:$A,样品!T$3,合格品入货记录!$E:$E,样品!$E13) -> 0 | U13: =SUMIFS(合格品入货记录!$G:$G,合格品入货记录!$A:$A,样品!U$3,合格品入货记录!$E:$E,样品!$E13) -> 0 | V13: =SUMIFS(合格品入货记录!$G:$G,合格品入货记录!$A:$A,样品!V$3,合格品入货记录!$E:$E,样品!$E13) -> 0 | W13: =SUMIFS(合格品入货记录!$G:$G,合格品入货记录!$A:$A,样品!W$3,合格品入货记录!$E:$E,样品!$E13) -> 0 | X13: =SUMIFS(合格品入货记录!$G:$G,合格品入货记录!$A:$A,样品!X$3,合格品入货记录!$E:$E,样品!$E13) -> 0 | ... BY13: =SUMIFS(合格品入货记录!$G:$G,合格品入货记录!$A:$A,样品!BY$3,合格品入货记录!$E:$E,样品!$E13) -> 0
A14: 11 | B14: 1DC | C14: 东莞市硅翔绝缘材料有限公司 | D14: F02002000734 | E14: 3.2.53.06.00107-000 | F14: 下层模组加热膜 | H14: 33 | I14: =SUMIF(合格品入货记录!E:E,样品!E14,合格品入货记录!G:G) -> 0 | J14: =SUMIF(合格品出库记录!E:E,样品!E14,合格品出库记录!G:G) -> 0 | K14: =H14+I14-J14+L14 -> 33 | L14: =SUMIF(不良品库存!D:D,E14:E50,不良品库存!F:F) -> 0 | M14: =H14+I14-J14 -> 33 | P14: =IFERROR(SUMIFS(合格品入货记录!$G:$G,合格品入货记录!$A:$A,样品!P$3,合格品入货记录!$E:$E,样品!$E14)," ") -> 0 | Q14: =IFERROR(SUMIFS(合格品入货记录!$G:$G,合格品入货记录!$A:$A,样品!Q$3,合格品入货记录!$E:$E,样品!$E14)," ") -> 0 | R14: =IFERROR(SUMIFS(合格品入货记录!$G:$G,合格品入货记录!$A:$A,样品!R$3,合格品入货记录!$E:$E,样品!$E14)," ") -> 0 | S14: =IFERROR(SUMIFS(合格品入货记录!$G:$G,合格品入货记录!$A:$A,样品!S$3,合格品入货记录!$E:$E,样品!$E14)," ") -> 0 | T14: =IFERROR(SUMIFS(合格品入货记录!$G:$G,合格品入货记录!$A:$A,样品!T$3,合格品入货记录!$E:$E,样品!$E14)," ") -> 0 | U14: =IFERROR(SUMIFS(合格品入货记录!$G:$G,合格品入货记录!$A:$A,样品!U$3,合格品入货记录!$E:$E,样品!$E14)," ") -> 0 | V14: =IFERROR(SUMIFS(合格品入货记录!$G:$G,合格品入货记录!$A:$A,样品!V$3,合格品入货记录!$E:$E,样品!$E14)," ") -> 0 | W14: =IFERROR(SUMIFS(合格品入货记录!$G:$G,合格品入货记录!$A:$A,样品!W$3,合格品入货记录!$E:$E,样品!$E14)," ") -> 0 | ... AT14: =IFERROR(SUMIFS(合格品入货记录!$G:$G,合格品入货记录!$A:$A,样品!AT$3,合格品入货记录!$E:$E,样品!$E14)," ") -> 0 | AU14: =SUMIFS(合格品入货记录!$G:$G,合格品入货记录!$A:$A,样品!AU$3,合格品入货记录!$E:$E,样品!$E14) -> 0 | AV14: =SUMIFS(合格品入货记录!$G:$G,合格品入货记录!$A:$A,样品!AV$3,合格品入货记录!$E:$E,样品!$E14) -> 0 | AW14: =SUMIFS(合格品入货记录!$G:$G,合格品入货记录!$A:$A,样品!AW$3,合格品入货记录!$E:$E,样品!$E14) -> 0 | AX14: =SUMIFS(合格品入货记录!$G:$G,合格品入货记录!$A:$A,样品!AX$3,合格品入货记录!$E:$E,样品!$E14) -> 0 | AY14: =SUMIFS(合格品入货记录!$G:$G,合格品入货记录!$A:$A,样品!AY$3,合格品入货记录!$E:$E,样品!$E14) -> 0 | AZ14: =SUMIFS(合格品入货记录!$G:$G,合格品入货记录!$A:$A,样品!AZ$3,合格品入货记录!$E:$E,样品!$E14) -> 0 | BA14: =SUMIFS(合格品入货记录!$G:$G,合格品入货记录!$A:$A,样品!BA$3,合格品入货记录!$E:$E,样品!$E14) -> 0 | BB14: =SUMIFS(合格品入货记录!$G:$G,合格品入货记录!$A:$A,样品!BB$3,合格品入货记录!$E:$E,样品!$E14) -> 0 | ... BY14: =SUMIFS(合格品入货记录!$G:$G,合格品入货记录!$A:$A,样品!BY$3,合格品入货记录!$E:$E,样品!$E14) -> 0
A15: 12 | B15: 1DC | C15: 东莞市硅翔绝缘材料有限公司 | D15: F06001000399 | E15: 3.2.44.30.02022-000 | F15: 铝排;LX-B13EV10A-输出级铝巴1 | H15: 0 | I15: =SUMIF(合格品入货记录!E:E,样品!E15,合格品入货记录!G:G) -> 0 | J15: =SUMIF(合格品出库记录!E:E,样品!E15,合格品出库记录!G:G) -> 0 | K15: =H15+I15-J15+L15 -> 0 | L15: =SUMIF(不良品库存!D:D,E15:E50,不良品库存!F:F) -> 0 | M15: =H15+I15-J15 -> 0 | P15: =IFERROR(SUMIFS(合格品入货记录!$G:$G,合格品入货记录!$A:$A,样品!P$3,合格品入货记录!$E:$E,样品!$E15)," ") -> 0 | Q15: =SUMIFS(合格品入货记录!$G:$G,合格品入货记录!$A:$A,样品!Q$3,合格品入货记录!$E:$E,样品!$E15) -> 0 | R15: =SUMIFS(合格品入货记录!$G:$G,合格品入货记录!$A:$A,样品!R$3,合格品入货记录!$E:$E,样品!$E15) -> 0 | S15: =SUMIFS(合格品入货记录!$G:$G,合格品入货记录!$A:$A,样品!S$3,合格品入货记录!$E:$E,样品!$E15) -> 0 | T15: =SUMIFS(合格品入货记录!$G:$G,合格品入货记录!$A:$A,样品!T$3,合格品入货记录!$E:$E,样品!$E15) -> 0 | U15: =SUMIFS(合格品入货记录!$G:$G,合格品入货记录!$A:$A,样品!U$3,合格品入货记录!$E:$E,样品!$E15) -> 0 | V15: =SUMIFS(合格品入货记录!$G:$G,合格品入货记录!$A:$A,样品!V$3,合格品入货记录!$E:$E,样品!$E15) -> 0 | W15: =SUMIFS(合格品入货记录!$G:$G,合格品入货记录!$A:$A,样品!W$3,合格品入货记录!$E:$E,样品!$E15) -> 0 | X15: =SUMIFS(合格品入货记录!$G:$G,合格品入货记录!$A:$A,样品!X$3,合格品入货记录!$E:$E,样品!$E15) -> 0 | ... BY15: =SUMIFS(合格品入货记录!$G:$G,合格品入货记录!$A:$A,样品!BY$3,合格品入货记录!$E:$E,样品!$E15) -> 0
A16: 13 | B16: 1DC | C16: 东莞市硅翔绝缘材料有限公司 | D16: F06001000395 | E16: 3.2.44.30.02023-000 | F16: LX-B13EV10A-输出级铝巴2 | H16: 0 | I16: =SUMIF(合格品入货记录!E:E,样品!E16,合格品入货记录!G:G) -> 0 | J16: =SUMIF(合格品出库记录!E:E,样品!E16,合格品出库记录!G:G) -> 0 | K16: =H16+I16-J16+L16 -> 0 | L16: =SUMIF(不良品库存!D:D,E16:E51,不良品库存!F:F) -> 0 | M16: =H16+I16-J16 -> 0 | P16: =IFERROR(SUMIFS(合格品入货记录!$G:$G,合格品入货记录!$A:$A,样品!P$3,合格品入货记录!$E:$E,样品!$E16)," ") -> 0 | Q16: =SUMIFS(合格品入货记录!$G:$G,合格品入货记录!$A:$A,样品!Q$3,合格品入货记录!$E:$E,样品!$E16) -> 0 | R16: =SUMIFS(合格品入货记录!$G:$G,合格品入货记录!$A:$A,样品!R$3,合格品入货记录!$E:$E,样品!$E16) -> 0 | S16: =SUMIFS(合格品入货记录!$G:$G,合格品入货记录!$A:$A,样品!S$3,合格品入货记录!$E:$E,样品!$E16) -> 0 | T16: =SUMIFS(合格品入货记录!$G:$G,合格品入货记录!$A:$A,样品!T$3,合格品入货记录!$E:$E,样品!$E16) -> 0 | U16: =SUMIFS(合格品入货记录!$G:$G,合格品入货记录!$A:$A,样品!U$3,合格品入货记录!$E:$E,样品!$E16) -> 0 | V16: =SUMIFS(合格品入货记录!$G:$G,合格品入货记录!$A:$A,样品!V$3,合格品入货记录!$E:$E,样品!$E16) -> 0 | W16: =SUMIFS(合格品入货记录!$G:$G,合格品入货记录!$A:$A,样品!W$3,合格品入货记录!$E:$E,样品!$E16) -> 0 | X16: =SUMIFS(合格品入货记录!$G:$G,合格品入货记录!$A:$A,样品!X$3,合格品入货记录!$E:$E,样品!$E16) -> 0 | ... BY16: =SUMIFS(合格品入货记录!$G:$G,合格品入货记录!$A:$A,样品!BY$3,合格品入货记录!$E:$E,样品!$E16) -> 0
A17: 14 | B17: 1DC | C17: 东莞市硅翔绝缘材料有限公司 | D17: F06001000397 | E17: 3.2.44.30.02024-000 | F17: LX-B13EV10A-输出级铝巴3 | H17: 0 | I17: =SUMIF(合格品入货记录!E:E,样品!E17,合格品入货记录!G:G) -> 0 | J17: =SUMIF(合格品出库记录!E:E,样品!E17,合格品出库记录!G:G) -> 0 | K17: =H17+I17-J17+L17 -> 0 | L17: =SUMIF(不良品库存!D:D,E17:E52,不良品库存!F:F) -> 0 | M17: =H17+I17-J17 -> 0 | P17: =IFERROR(SUMIFS(合格品入货记录!$G:$G,合格品入货记录!$A:$A,样品!P$3,合格品入货记录!$E:$E,样品!$E17)," ") -> 0 | Q17: =SUMIFS(合格品入货记录!$G:$G,合格品入货记录!$A:$A,样品!Q$3,合格品入货记录!$E:$E,样品!$E17) -> 0 | R17: =SUMIFS(合格品入货记录!$G:$G,合格品入货记录!$A:$A,样品!R$3,合格品入货记录!$E:$E,样品!$E17) -> 0 | S17: =SUMIFS(合格品入货记录!$G:$G,合格品入货记录!$A:$A,样品!S$3,合格品入货记录!$E:$E,样品!$E17) -> 0 | T17: =SUMIFS(合格品入货记录!$G:$G,合格品入货记录!$A:$A,样品!T$3,合格品入货记录!$E:$E,样品!$E17) -> 0 | U17: =SUMIFS(合格品入货记录!$G:$G,合格品入货记录!$A:$A,样品!U$3,合格品入货记录!$E:$E,样品!$E17) -> 0 | V17: =SUMIFS(合格品入货记录!$G:$G,合格品入货记录!$A:$A,样品!V$3,合格品入货记录!$E:$E,样品!$E17) -> 0 | W17: =SUMIFS(合格品入货记录!$G:$G,合格品入货记录!$A:$A,样品!W$3,合格品入货记录!$E:$E,样品!$E17) -> 0 | X17: =SUMIFS(合格品入货记录!$G:$G,合格品入货记录!$A:$A,样品!X$3,合格品入货记录!$E:$E,样品!$E17) -> 0 | ... BY17: =SUMIFS(合格品入货记录!$G:$G,合格品入货记录!$A:$A,样品!BY$3,合格品入货记录!$E:$E,样品!$E17) -> 0
A18: 15 | B18: 1DC | C18: 东莞市硅翔绝缘材料有限公司 | D18: F06001000400 | E18: 3.2.44.30.02025-000 | F18: 铝排:LX-B13EV10A-输出级铝巴4 | H18: 0 | I18: =SUMIF(合格品入货记录!E:E,样品!E18,合格品入货记录!G:G) -> 0 | J18: =SUMIF(合格品出库记录!E:E,样品!E18,合格品出库记录!G:G) -> 0 | K18: =H18+I18-J18+L18 -> 0 | L18: =SUMIF(不良品库存!D:D,E18:E53,不良品库存!F:F) -> 0 | M18: =H18+I18-J18 -> 0 | P18: =IFERROR(SUMIFS(合格品入货记录!$G:$G,合格品入货记录!$A:$A,样品!P$3,合格品入货记录!$E:$E,样品!$E18)," ") -> 0 | Q18: =SUMIFS(合格品入货记录!$G:$G,合格品入货记录!$A:$A,样品!Q$3,合格品入货记录!$E:$E,样品!$E18) -> 0 | R18: =SUMIFS(合格品入货记录!$G:$G,合格品入货记录!$A:$A,样品!R$3,合格品入货记录!$E:$E,样品!$E18) -> 0 | S18: =SUMIFS(合格品入货记录!$G:$G,合格品入货记录!$A:$A,样品!S$3,合格品入货记录!$E:$E,样品!$E18) -> 0 | T18: =SUMIFS(合格品入货记录!$G:$G,合格品入货记录!$A:$A,样品!T$3,合格品入货记录!$E:$E,样品!$E18) -> 0 | U18: =SUMIFS(合格品入货记录!$G:$G,合格品入货记录!$A:$A,样品!U$3,合格品入货记录!$E:$E,样品!$E18) -> 0 | V18: =SUMIFS(合格品入货记录!$G:$G,合格品入货记录!$A:$A,样品!V$3,合格品入货记录!$E:$E,样品!$E18) -> 0 | W18: =SUMIFS(合格品入货记录!$G:$G,合格品入货记录!$A:$A,样品!W$3,合格品入货记录!$E:$E,样品!$E18) -> 0 | X18: =SUMIFS(合格品入货记录!$G:$G,合格品入货记录!$A:$A,样品!X$3,合格品入货记录!$E:$E,样品!$E18) -> 0 | ... BY18: =SUMIFS(合格品入货记录!$G:$G,合格品入货记录!$A:$A,样品!BY$3,合格品入货记录!$E:$E,样品!$E18) -> 0
A19: 16 | B19: 1DC | C19: 东莞市硅翔绝缘材料有限公司 | D19: F06001000394 | E19: 3.2.44.30.02026-000 | F19: LX-B13EV10A-输出级铝巴5 | H19: 0 | I19: =SUMIF(合格品入货记录!E:E,样品!E19,合格品入货记录!G:G) -> 0 | J19: =SUMIF(合格品出库记录!E:E,样品!E19,合格品出库记录!G:G) -> 0 | K19: =H19+I19-J19+L19 -> 0 | L19: =SUMIF(不良品库存!D:D,E19:E54,不良品库存!F:F) -> 0 | M19: =H19+I19-J19 -> 0 | P19: =IFERROR(SUMIFS(合格品入货记录!$G:$G,合格品入货记录!$A:$A,样品!P$3,合格品入货记录!$E:$E,样品!$E19)," ") -> 0 | Q19: =SUMIFS(合格品入货记录!$G:$G,合格品入货记录!$A:$A,样品!Q$3,合格品入货记录!$E:$E,样品!$E19) -> 0 | R19: =SUMIFS(合格品入货记录!$G:$G,合格品入货记录!$A:$A,样品!R$3,合格品入货记录!$E:$E,样品!$E19) -> 0 | S19: =SUMIFS(合格品入货记录!$G:$G,合格品入货记录!$A:$A,样品!S$3,合格品入货记录!$E:$E,样品!$E19) -> 0 | T19: =SUMIFS(合格品入货记录!$G:$G,合格品入货记录!$A:$A,样品!T$3,合格品入货记录!$E:$E,样品!$E19) -> 0 | U19: =SUMIFS(合格品入货记录!$G:$G,合格品入货记录!$A:$A,样品!U$3,合格品入货记录!$E:$E,样品!$E19) -> 0 | V19: =SUMIFS(合格品入货记录!$G:$G,合格品入货记录!$A:$A,样品!V$3,合格品入货记录!$E:$E,样品!$E19) -> 0 | W19: =SUMIFS(合格品入货记录!$G:$G,合格品入货记录!$A:$A,样品!W$3,合格品入货记录!$E:$E,样品!$E19) -> 0 | X19: =SUMIFS(合格品入货记录!$G:$G,合格品入货记录!$A:$A,样品!X$3,合格品入货记录!$E:$E,样品!$E19) -> 0 | ... BI19: =SUMIFS(合格品入货记录!$G:$G,合格品入货记录!$A:$A,样品!BI$3,合格品入货记录!$E:$E,样品!$E19) -> 0 | BJ19: 0 | BK19: 0 | BL19: 0 | BM19: 0 | BN19: 0 | BO19: 0 | BP19: 0 | BQ19: 0 | BR19: 0 | BS19: 0 | BT19: =SUMIFS(合格品入货记录!$G:$G,合格品入货记录!$A:$A,样品!BT$3,合格品入货记录!$E:$E,样品!$E19) -> 0 | BU19: =SUMIFS(合格品入货记录!$G:$G,合格品入货记录!$A:$A,样品!BU$3,合格品入货记录!$E:$E,样品!$E19) -> 0 | BV19: =SUMIFS(合格品入货记录!$G:$G,合格品入货记录!$A:$A,样品!BV$3,合格品入货记录!$E:$E,样品!$E19) -> 0 | BW19: =SUMIFS(合格品入货记录!$G:$G,合格品入货记录!$A:$A,样品!BW$3,合格品入货记录!$E:$E,样品!$E19) -> 0 | BX19: =SUMIFS(合格品入货记录!$G:$G,合格品入货记录!$A:$A,样品!BX$3,合格品入货记录!$E:$E,样品!$E19) -> 0 | BY19: =SUMIFS(合格品入货记录!$G:$G,合格品入货记录!$A:$A,样品!BY$3,合格品入货记录!$E:$E,样品!$E19) -> 0
A20: 17 | B20: 1DC | C20: 东莞市硅翔绝缘材料有限公司 | D20: F06001000398 | E20: 3.2.44.30.02027-000 | F20: LX-B13EV10A-输出级铝巴6 | H20: 0 | I20: =SUMIF(合格品入货记录!E:E,样品!E20,合格品入货记录!G:G) -> 0 | J20: =SUMIF(合格品出库记录!E:E,样品!E20,合格品出库记录!G:G) -> 0 | K20: =H20+I20-J20+L20 -> 0 | L20: =SUMIF(不良品库存!D:D,E20:E55,不良品库存!F:F) -> 0 | M20: =H20+I20-J20 -> 0 | P20: =IFERROR(SUMIFS(合格品入货记录!$G:$G,合格品入货记录!$A:$A,样品!P$3,合格品入货记录!$E:$E,样品!$E20)," ") -> 0 | Q20: =SUMIFS(合格品入货记录!$G:$G,合格品入货记录!$A:$A,样品!Q$3,合格品入货记录!$E:$E,样品!$E20) -> 0 | R20: =SUMIFS(合格品入货记录!$G:$G,合格品入货记录!$A:$A,样品!R$3,合格品入货记录!$E:$E,样品!$E20) -> 0 | S20: =SUMIFS(合格品入货记录!$G:$G,合格品入货记录!$A:$A,样品!S$3,合格品入货记录!$E:$E,样品!$E20) -> 0 | T20: =SUMIFS(合格品入货记录!$G:$G,合格品入货记录!$A:$A,样品!T$3,合格品入货记录!$E:$E,样品!$E20) -> 0 | U20: =SUMIFS(合格品入货记录!$G:$G,合格品入货记录!$A:$A,样品!U$3,合格品入货记录!$E:$E,样品!$E20) -> 0 | V20: =SUMIFS(合格品入货记录!$G:$G,合格品入货记录!$A:$A,样品!V$3,合格品入货记录!$E:$E,样品!$E20) -> 0 | W20: =SUMIFS(合格品入货记录!$G:$G,合格品入货记录!$A:$A,样品!W$3,合格品入货记录!$E:$E,样品!$E20) -> 0 | X20: =SUMIFS(合格品入货记录!$G:$G,合格品入货记录!$A:$A,样品!X$3,合格品入货记录!$E:$E,样品!$E20) -> 0 | ... BY20: =SUMIFS(合格品入货记录!$G:$G,合格品入货记录!$A:$A,样品!BY$3,合格品入货记录!$E:$E,样品!$E20) -> 0
A21: 18 | B21: 1DC | C21: 东莞市硅翔绝缘材料有限公司 | D21: F06001000396 | E21: 3.2.44.30.02028-000 | F21: LX-B13EV10A-模组B串联铝巴2 | H21: 0 | I21: =SUMIF(合格品入货记录!E:E,样品!E21,合格品入货记录!G:G) -> 0 | J21: =SUMIF(合格品出库记录!E:E,样品!E21,合格品出库记录!G:G) -> 0 | K21: =H21+I21-J21+L21 -> 0 | L21: =SUMIF(不良品库存!D:D,E21:E56,不良品库存!F:F) -> 0 | M21: =H21+I21-J21 -> 0 | P21: =IFERROR(SUMIFS(合格品入货记录!$G:$G,合格品入货记录!$A:$A,样品!P$3,合格品入货记录!$E:$E,样品!$E21)," ") -> 0 | Q21: =SUMIFS(合格品入货记录!$G:$G,合格品入货记录!$A:$A,样品!Q$3,合格品入货记录!$E:$E,样品!$E21) -> 0 | R21: =SUMIFS(合格品入货记录!$G:$G,合格品入货记录!$A:$A,样品!R$3,合格品入货记录!$E:$E,样品!$E21) -> 0 | S21: =SUMIFS(合格品入货记录!$G:$G,合格品入货记录!$A:$A,样品!S$3,合格品入货记录!$E:$E,样品!$E21) -> 0 | T21: =SUMIFS(合格品入货记录!$G:$G,合格品入货记录!$A:$A,样品!T$3,合格品入货记录!$E:$E,样品!$E21) -> 0 | U21: =SUMIFS(合格品入货记录!$G:$G,合格品入货记录!$A:$A,样品!U$3,合格品入货记录!$E:$E,样品!$E21) -> 0 | V21: =SUMIFS(合格品入货记录!$G:$G,合格品入货记录!$A:$A,样品!V$3,合格品入货记录!$E:$E,样品!$E21) -> 0 | W21: =SUMIFS(合格品入货记录!$G:$G,合格品入货记录!$A:$A,样品!W$3,合格品入货记录!$E:$E,样品!$E21) -> 0 | X21: =SUMIFS(合格品入货记录!$G:$G,合格品入货记录!$A:$A,样品!X$3,合格品入货记录!$E:$E,样品!$E21) -> 0 | ... BY21: =SUMIFS(合格品入货记录!$G:$G,合格品入货记录!$A:$A,样品!BY$3,合格品入货记录!$E:$E,样品!$E21) -> 0
A22: 19 | B22: 1DC | C22: 东莞市硅翔绝缘材料有限公司 | D22: 801001003168 | E22: 3.2.49.08.01389-000 | F22: LXC11-721-FPC-A | H22: 0 | I22: =SUMIF(合格品入货记录!E:E,样品!E22,合格品入货记录!G:G) -> 0 | J22: =SUMIF(合格品出库记录!E:E,样品!E22,合格品出库记录!G:G) -> 0 | K22: =H22+I22-J22+L22 -> 0 | L22: =SUMIF(不良品库存!D:D,E22:E57,不良品库存!F:F) -> 0 | M22: =H22+I22-J22 -> 0 | P22: =IFERROR(SUMIFS(合格品入货记录!$G:$G,合格品入货记录!$A:$A,样品!P$3,合格品入货记录!$E:$E,样品!$E22)," ") -> 0 | Q22: =SUMIFS(合格品入货记录!$G:$G,合格品入货记录!$A:$A,样品!Q$3,合格品入货记录!$E:$E,样品!$E22) -> 0 | R22: =SUMIFS(合格品入货记录!$G:$G,合格品入货记录!$A:$A,样品!R$3,合格品入货记录!$E:$E,样品!$E22) -> 0 | S22: =SUMIFS(合格品入货记录!$G:$G,合格品入货记录!$A:$A,样品!S$3,合格品入货记录!$E:$E,样品!$E22) -> 0 | T22: =SUMIFS(合格品入货记录!$G:$G,合格品入货记录!$A:$A,样品!T$3,合格品入货记录!$E:$E,样品!$E22) -> 0 | U22: =SUMIFS(合格品入货记录!$G:$G,合格品入货记录!$A:$A,样品!U$3,合格品入货记录!$E:$E,样品!$E22) -> 0 | V22: =SUMIFS(合格品入货记录!$G:$G,合格品入货记录!$A:$A,样品!V$3,合格品入货记录!$E:$E,样品!$E22) -> 0 | W22: =SUMIFS(合格品入货记录!$G:$G,合格品入货记录!$A:$A,样品!W$3,合格品入货记录!$E:$E,样品!$E22) -> 0 | X22: =SUMIFS(合格品入货记录!$G:$G,合格品入货记录!$A:$A,样品!X$3,合格品入货记录!$E:$E,样品!$E22) -> 0 | ... BY22: =SUMIFS(合格品入货记录!$G:$G,合格品入货记录!$A:$A,样品!BY$3,合格品入货记录!$E:$E,样品!$E22) -> 0
A23: 20 | B23: 1DC | C23: 东莞市硅翔绝缘材料有限公司 | D23: 801001003167 | E23: 3.2.49.08.01390-000 | F23: LXC11-721-FPC-B | H23: 0 | I23: =SUMIF(合格品入货记录!E:E,样品!E23,合格品入货记录!G:G) -> 0 | J23: =SUMIF(合格品出库记录!E:E,样品!E23,合格品出库记录!G:G) -> 0 | K23: =H23+I23-J23+L23 -> 0 | L23: =SUMIF(不良品库存!D:D,E23:E57,不良品库存!F:F) -> 0 | M23: =H23+I23-J23 -> 0 | P23: =IFERROR(SUMIFS(合格品入货记录!$G:$G,合格品入货记录!$A:$A,样品!P$3,合格品入货记录!$E:$E,样品!$E23)," ") -> 0 | Q23: =SUMIFS(合格品入货记录!$G:$G,合格品入货记录!$A:$A,样品!Q$3,合格品入货记录!$E:$E,样品!$E23) -> 0 | R23: =SUMIFS(合格品入货记录!$G:$G,合格品入货记录!$A:$A,样品!R$3,合格品入货记录!$E:$E,样品!$E23) -> 0 | S23: =SUMIFS(合格品入货记录!$G:$G,合格品入货记录!$A:$A,样品!S$3,合格品入货记录!$E:$E,样品!$E23) -> 0 | T23: =SUMIFS(合格品入货记录!$G:$G,合格品入货记录!$A:$A,样品!T$3,合格品入货记录!$E:$E,样品!$E23) -> 0 | U23: =SUMIFS(合格品入货记录!$G:$G,合格品入货记录!$A:$A,样品!U$3,合格品入货记录!$E:$E,样品!$E23) -> 0 | V23: =SUMIFS(合格品入货记录!$G:$G,合格品入货记录!$A:$A,样品!V$3,合格品入货记录!$E:$E,样品!$E23) -> 0 | W23: =SUMIFS(合格品入货记录!$G:$G,合格品入货记录!$A:$A,样品!W$3,合格品入货记录!$E:$E,样品!$E23) -> 0 | X23: =SUMIFS(合格品入货记录!$G:$G,合格品入货记录!$A:$A,样品!X$3,合格品入货记录!$E:$E,样品!$E23) -> 0 | ... BY23: =SUMIFS(合格品入货记录!$G:$G,合格品入货记录!$A:$A,样品!BY$3,合格品入货记录!$E:$E,样品!$E23) -> 0
A24: 21 | B24: 1DC | C24: 东莞市硅翔绝缘材料有限公司 | D24: F06001000140 | E24: 3.2.41.30.00433-000 | F24: TO3-200串联铝排 | H24: 0 | I24: =SUMIF(合格品入货记录!E:E,样品!E24,合格品入货记录!G:G) -> 0 | J24: =SUMIF(合格品出库记录!E:E,样品!E24,合格品出库记录!G:G) -> 0 | K24: =H24+I24-J24+L24 -> 0 | L24: =SUMIF(不良品库存!D:D,E24:E58,不良品库存!F:F) -> 0 | M24: =H24+I24-J24 -> 0 | P24: =IFERROR(SUMIFS(合格品入货记录!$G:$G,合格品入货记录!$A:$A,样品!P$3,合格品入货记录!$E:$E,样品!$E24)," ") -> 0 | Q24: =SUMIFS(合格品入货记录!$G:$G,合格品入货记录!$A:$A,样品!Q$3,合格品入货记录!$E:$E,样品!$E24) -> 0 | R24: =SUMIFS(合格品入货记录!$G:$G,合格品入货记录!$A:$A,样品!R$3,合格品入货记录!$E:$E,样品!$E24) -> 0 | S24: =SUMIFS(合格品入货记录!$G:$G,合格品入货记录!$A:$A,样品!S$3,合格品入货记录!$E:$E,样品!$E24) -> 0 | T24: =SUMIFS(合格品入货记录!$G:$G,合格品入货记录!$A:$A,样品!T$3,合格品入货记录!$E:$E,样品!$E24) -> 0 | U24: =SUMIFS(合格品入货记录!$G:$G,合格品入货记录!$A:$A,样品!U$3,合格品入货记录!$E:$E,样品!$E24) -> 0 | V24: =SUMIFS(合格品入货记录!$G:$G,合格品入货记录!$A:$A,样品!V$3,合格品入货记录!$E:$E,样品!$E24) -> 0 | W24: =SUMIFS(合格品入货记录!$G:$G,合格品入货记录!$A:$A,样品!W$3,合格品入货记录!$E:$E,样品!$E24) -> 0 | X24: =SUMIFS(合格品入货记录!$G:$G,合格品入货记录!$A:$A,样品!X$3,合格品入货记录!$E:$E,样品!$E24) -> 0 | ... BY24: =SUMIFS(合格品入货记录!$G:$G,合格品入货记录!$A:$A,样品!BY$3,合格品入货记录!$E:$E,样品!$E24) -> 0
A25: 22 | B25: 1DC | C25: 东莞市硅翔绝缘材料有限公司 | D25: F06001000523 | E25: 3.2.44.30.01968-000 | F25: 模组CCS零部件输出铝巴-R | H25: 0 | I25: =SUMIF(合格品入货记录!E:E,样品!E25,合格品入货记录!G:G) -> 0 | J25: =SUMIF(合格品出库记录!E:E,样品!E25,合格品出库记录!G:G) -> 0 | K25: =H25+I25-J25+L25 -> 0 | L25: =SUMIF(不良品库存!D:D,E25:E59,不良品库存!F:F) -> 0 | M25: =H25+I25-J25 -> 0 | P25: =IFERROR(SUMIFS(合格品入货记录!$G:$G,合格品入货记录!$A:$A,样品!P$3,合格品入货记录!$E:$E,样品!$E25)," ") -> 0 | Q25: =SUMIFS(合格品入货记录!$G:$G,合格品入货记录!$A:$A,样品!Q$3,合格品入货记录!$E:$E,样品!$E25) -> 0 | R25: =SUMIFS(合格品入货记录!$G:$G,合格品入货记录!$A:$A,样品!R$3,合格品入货记录!$E:$E,样品!$E25) -> 0 | S25: =SUMIFS(合格品入货记录!$G:$G,合格品入货记录!$A:$A,样品!S$3,合格品入货记录!$E:$E,样品!$E25) -> 0 | T25: =SUMIFS(合格品入货记录!$G:$G,合格品入货记录!$A:$A,样品!T$3,合格品入货记录!$E:$E,样品!$E25) -> 0 | U25: =SUMIFS(合格品入货记录!$G:$G,合格品入货记录!$A:$A,样品!U$3,合格品入货记录!$E:$E,样品!$E25) -> 0 | V25: =SUMIFS(合格品入货记录!$G:$G,合格品入货记录!$A:$A,样品!V$3,合格品入货记录!$E:$E,样品!$E25) -> 0 | W25: =SUMIFS(合格品入货记录!$G:$G,合格品入货记录!$A:$A,样品!W$3,合格品入货记录!$E:$E,样品!$E25) -> 0 | X25: =SUMIFS(合格品入货记录!$G:$G,合格品入货记录!$A:$A,样品!X$3,合格品入货记录!$E:$E,样品!$E25) -> 0 | ... BY25: =SUMIFS(合格品入货记录!$G:$G,合格品入货记录!$A:$A,样品!BY$3,合格品入货记录!$E:$E,样品!$E25) -> 0
A26: 23 | B26: 1DC | C26: 东莞市硅翔绝缘材料有限公司 | D26: F06001000524 | E26: 3.2.44.30.01969-000 | F26: 模组CCS零部件输出铝巴-L | H26: 0 | I26: =SUMIF(合格品入货记录!E:E,样品!E26,合格品入货记录!G:G) -> 0 | J26: =SUMIF(合格品出库记录!E:E,样品!E26,合格品出库记录!G:G) -> 0 | K26: =H26+I26-J26+L26 -> 0 | L26: =SUMIF(不良品库存!D:D,E26:E60,不良品库存!F:F) -> 0 | M26: =H26+I26-J26 -> 0 | P26: =IFERROR(SUMIFS(合格品入货记录!$G:$G,合格品入货记录!$A:$A,样品!P$3,合格品入货记录!$E:$E,样品!$E26)," ") -> 0 | Q26: =SUMIFS(合格品入货记录!$G:$G,合格品入货记录!$A:$A,样品!Q$3,合格品入货记录!$E:$E,样品!$E26) -> 0 | R26: =SUMIFS(合格品入货记录!$G:$G,合格品入货记录!$A:$A,样品!R$3,合格品入货记录!$E:$E,样品!$E26) -> 0 | S26: =SUMIFS(合格品入货记录!$G:$G,合格品入货记录!$A:$A,样品!S$3,合格品入货记录!$E:$E,样品!$E26) -> 0 | T26: =SUMIFS(合格品入货记录!$G:$G,合格品入货记录!$A:$A,样品!T$3,合格品入货记录!$E:$E,样品!$E26) -> 0 | U26: =SUMIFS(合格品入货记录!$G:$G,合格品入货记录!$A:$A,样品!U$3,合格品入货记录!$E:$E,样品!$E26) -> 0 | V26: =SUMIFS(合格品入货记录!$G:$G,合格品入货记录!$A:$A,样品!V$3,合格品入货记录!$E:$E,样品!$E26) -> 0 | W26: =SUMIFS(合格品入货记录!$G:$G,合格品入货记录!$A:$A,样品!W$3,合格品入货记录!$E:$E,样品!$E26) -> 0 | X26: =SUMIFS(合格品入货记录!$G:$G,合格品入货记录!$A:$A,样品!X$3,合格品入货记录!$E:$E,样品!$E26) -> 0 | ... BY26: =SUMIFS(合格品入货记录!$G:$G,合格品入货记录!$A:$A,样品!BY$3,合格品入货记录!$E:$E,样品!$E26) -> 0
A27: 24 | B27: 1DC | C27: 东莞市硅翔绝缘材料有限公司 | D27: F06001000525 | E27: 3.2.44.30.01970-000 | F27: 模组CCS零部件输出铝巴2-R | H27: 0 | I27: =SUMIF(合格品入货记录!E:E,样品!E27,合格品入货记录!G:G) -> 0 | J27: =SUMIF(合格品出库记录!E:E,样品!E27,合格品出库记录!G:G) -> 0 | K27: =H27+I27-J27+L27 -> 0 | L27: =SUMIF(不良品库存!D:D,E27:E61,不良品库存!F:F) -> 0 | M27: =H27+I27-J27 -> 0 | P27: =IFERROR(SUMIFS(合格品入货记录!$G:$G,合格品入货记录!$A:$A,样品!P$3,合格品入货记录!$E:$E,样品!$E27)," ") -> 0 | Q27: =SUMIFS(合格品入货记录!$G:$G,合格品入货记录!$A:$A,样品!Q$3,合格品入货记录!$E:$E,样品!$E27) -> 0 | R27: =SUMIFS(合格品入货记录!$G:$G,合格品入货记录!$A:$A,样品!R$3,合格品入货记录!$E:$E,样品!$E27) -> 0 | S27: =SUMIFS(合格品入货记录!$G:$G,合格品入货记录!$A:$A,样品!S$3,合格品入货记录!$E:$E,样品!$E27) -> 0 | T27: =SUMIFS(合格品入货记录!$G:$G,合格品入货记录!$A:$A,样品!T$3,合格品入货记录!$E:$E,样品!$E27) -> 0 | U27: =SUMIFS(合格品入货记录!$G:$G,合格品入货记录!$A:$A,样品!U$3,合格品入货记录!$E:$E,样品!$E27) -> 0 | V27: =SUMIFS(合格品入货记录!$G:$G,合格品入货记录!$A:$A,样品!V$3,合格品入货记录!$E:$E,样品!$E27) -> 0 | W27: =SUMIFS(合格品入货记录!$G:$G,合格品入货记录!$A:$A,样品!W$3,合格品入货记录!$E:$E,样品!$E27) -> 0 | X27: =SUMIFS(合格品入货记录!$G:$G,合格品入货记录!$A:$A,样品!X$3,合格品入货记录!$E:$E,样品!$E27) -> 0 | ... BY27: =SUMIFS(合格品入货记录!$G:$G,合格品入货记录!$A:$A,样品!BY$3,合格品入货记录!$E:$E,样品!$E27) -> 0
A28: 25 | B28: 1DC | C28: 东莞市硅翔绝缘材料有限公司 | D28: F06001000520 | E28: 3.2.44.30.01964-000 | F28: T03-200km模组CCS串联铝排1 | H28: 0 | I28: =SUMIF(合格品入货记录!E:E,样品!E28,合格品入货记录!G:G) -> 0 | J28: =SUMIF(合格品出库记录!E:E,样品!E28,合格品出库记录!G:G) -> 0 | K28: =H28+I28-J28+L28 -> 0 | L28: =SUMIF(不良品库存!D:D,E28:E62,不良品库存!F:F) -> 0 | M28: =H28+I28-J28 -> 0 | P28: =IFERROR(SUMIFS(合格品入货记录!$G:$G,合格品入货记录!$A:$A,样品!P$3,合格品入货记录!$E:$E,样品!$E28)," ") -> 0 | Q28: =SUMIFS(合格品入货记录!$G:$G,合格品入货记录!$A:$A,样品!Q$3,合格品入货记录!$E:$E,样品!$E28) -> 0 | R28: =SUMIFS(合格品入货记录!$G:$G,合格品入货记录!$A:$A,样品!R$3,合格品入货记录!$E:$E,样品!$E28) -> 0 | S28: =SUMIFS(合格品入货记录!$G:$G,合格品入货记录!$A:$A,样品!S$3,合格品入货记录!$E:$E,样品!$E28) -> 0 | T28: =SUMIFS(合格品入货记录!$G:$G,合格品入货记录!$A:$A,样品!T$3,合格品入货记录!$E:$E,样品!$E28) -> 0 | U28: =SUMIFS(合格品入货记录!$G:$G,合格品入货记录!$A:$A,样品!U$3,合格品入货记录!$E:$E,样品!$E28) -> 0 | V28: =SUMIFS(合格品入货记录!$G:$G,合格品入货记录!$A:$A,样品!V$3,合格品入货记录!$E:$E,样品!$E28) -> 0 | W28: =SUMIFS(合格品入货记录!$G:$G,合格品入货记录!$A:$A,样品!W$3,合格品入货记录!$E:$E,样品!$E28) -> 0 | X28: =SUMIFS(合格品入货记录!$G:$G,合格品入货记录!$A:$A,样品!X$3,合格品入货记录!$E:$E,样品!$E28) -> 0 | ... BY28: =SUMIFS(合格品入货记录!$G:$G,合格品入货记录!$A:$A,样品!BY$3,合格品入货记录!$E:$E,样品!$E28) -> 0
A29: 26 | B29: 1DC | C29: 东莞市硅翔绝缘材料有限公司 | D29: F06001000521 | E29: 3.2.44.30.01965-000 | F29: 模组CCS零部件跨接串联铝排 | H29: 0 | I29: =SUMIF(合格品入货记录!E:E,样品!E29,合格品入货记录!G:G) -> 0 | J29: =SUMIF(合格品出库记录!E:E,样品!E29,合格品出库记录!G:G) -> 0 | K29: =H29+I29-J29+L29 -> 0 | L29: =SUMIF(不良品库存!D:D,E29:E63,不良品库存!F:F) -> 0 | M29: =H29+I29-J29 -> 0 | P29: =IFERROR(SUMIFS(合格品入货记录!$G:$G,合格品入货记录!$A:$A,样品!P$3,合格品入货记录!$E:$E,样品!$E29)," ") -> 0 | Q29: =SUMIFS(合格品入货记录!$G:$G,合格品入货记录!$A:$A,样品!Q$3,合格品入货记录!$E:$E,样品!$E29) -> 0 | R29: =SUMIFS(合格品入货记录!$G:$G,合格品入货记录!$A:$A,样品!R$3,合格品入货记录!$E:$E,样品!$E29) -> 0 | S29: =SUMIFS(合格品入货记录!$G:$G,合格品入货记录!$A:$A,样品!S$3,合格品入货记录!$E:$E,样品!$E29) -> 0 | T29: =SUMIFS(合格品入货记录!$G:$G,合格品入货记录!$A:$A,样品!T$3,合格品入货记录!$E:$E,样品!$E29) -> 0 | U29: =SUMIFS(合格品入货记录!$G:$G,合格品入货记录!$A:$A,样品!U$3,合格品入货记录!$E:$E,样品!$E29) -> 0 | V29: =SUMIFS(合格品入货记录!$G:$G,合格品入货记录!$A:$A,样品!V$3,合格品入货记录!$E:$E,样品!$E29) -> 0 | W29: =SUMIFS(合格品入货记录!$G:$G,合格品入货记录!$A:$A,样品!W$3,合格品入货记录!$E:$E,样品!$E29) -> 0 | X29: =SUMIFS(合格品入货记录!$G:$G,合格品入货记录!$A:$A,样品!X$3,合格品入货记录!$E:$E,样品!$E29) -> 0 | ... BY29: =SUMIFS(合格品入货记录!$G:$G,合格品入货记录!$A:$A,样品!BY$3,合格品入货记录!$E:$E,样品!$E29) -> 0
A30: 27 | B30: 1DC | C30: 东莞市硅翔绝缘材料有限公司 | D30: F06001000522 | E30: 3.2.44.30.01966-000 | F30: 模组CCS等部件串联铝排2 | H30: 0 | I30: =SUMIF(合格品入货记录!E:E,样品!E30,合格品入货记录!G:G) -> 0 | J30: =SUMIF(合格品出库记录!E:E,样品!E30,合格品出库记录!G:G) -> 0 | K30: =H30+I30-J30+L30 -> 0 | L30: =SUMIF(不良品库存!D:D,E30:E64,不良品库存!F:F) -> 0 | M30: =H30+I30-J30 -> 0 | P30: =IFERROR(SUMIFS(合格品入货记录!$G:$G,合格品入货记录!$A:$A,样品!P$3,合格品入货记录!$E:$E,样品!$E30)," ") -> 0 | Q30: =SUMIFS(合格品入货记录!$G:$G,合格品入货记录!$A:$A,样品!Q$3,合格品入货记录!$E:$E,样品!$E30) -> 0 | R30: =SUMIFS(合格品入货记录!$G:$G,合格品入货记录!$A:$A,样品!R$3,合格品入货记录!$E:$E,样品!$E30) -> 0 | S30: =SUMIFS(合格品入货记录!$G:$G,合格品入货记录!$A:$A,样品!S$3,合格品入货记录!$E:$E,样品!$E30) -> 0 | T30: =SUMIFS(合格品入货记录!$G:$G,合格品入货记录!$A:$A,样品!T$3,合格品入货记录!$E:$E,样品!$E30) -> 0 | U30: =SUMIFS(合格品入货记录!$G:$G,合格品入货记录!$A:$A,样品!U$3,合格品入货记录!$E:$E,样品!$E30) -> 0 | V30: =SUMIFS(合格品入货记录!$G:$G,合格品入货记录!$A:$A,样品!V$3,合格品入货记录!$E:$E,样品!$E30) -> 0 | W30: =SUMIFS(合格品入货记录!$G:$G,合格品入货记录!$A:$A,样品!W$3,合格品入货记录!$E:$E,样品!$E30) -> 0 | X30: =SUMIFS(合格品入货记录!$G:$G,合格品入货记录!$A:$A,样品!X$3,合格品入货记录!$E:$E,样品!$E30) -> 0 | ... BY30: =SUMIFS(合格品入货记录!$G:$G,合格品入货记录!$A:$A,样品!BY$3,合格品入货记录!$E:$E,样品!$E30) -> 0
A31: 28 | B31: 1DC | C31: 东莞市硅翔绝缘材料有限公司 | D31: F06001000526 | E31: 3.2.44.30.01971-000 | F31: T03-200km模组CCS零部件-输出铝巴2-L | H31: 0 | I31: =SUMIF(合格品入货记录!E:E,样品!E31,合格品入货记录!G:G) -> 0 | J31: =SUMIF(合格品出库记录!E:E,样品!E31,合格品出库记录!G:G) -> 0 | K31: =H31+I31-J31+L31 -> 0 | L31: =SUMIF(不良品库存!D:D,E31:E65,不良品库存!F:F) -> 0 | M31: =H31+I31-J31 -> 0 | P31: =IFERROR(SUMIFS(合格品入货记录!$G:$G,合格品入货记录!$A:$A,样品!P$3,合格品入货记录!$E:$E,样品!$E31)," ") -> 0 | Q31: =SUMIFS(合格品入货记录!$G:$G,合格品入货记录!$A:$A,样品!Q$3,合格品入货记录!$E:$E,样品!$E31) -> 0 | R31: =SUMIFS(合格品入货记录!$G:$G,合格品入货记录!$A:$A,样品!R$3,合格品入货记录!$E:$E,样品!$E31) -> 0 | S31: =SUMIFS(合格品入货记录!$G:$G,合格品入货记录!$A:$A,样品!S$3,合格品入货记录!$E:$E,样品!$E31) -> 0 | T31: =SUMIFS(合格品入货记录!$G:$G,合格品入货记录!$A:$A,样品!T$3,合格品入货记录!$E:$E,样品!$E31) -> 0 | U31: =SUMIFS(合格品入货记录!$G:$G,合格品入货记录!$A:$A,样品!U$3,合格品入货记录!$E:$E,样品!$E31) -> 0 | V31: =SUMIFS(合格品入货记录!$G:$G,合格品入货记录!$A:$A,样品!V$3,合格品入货记录!$E:$E,样品!$E31) -> 0 | W31: =SUMIFS(合格品入货记录!$G:$G,合格品入货记录!$A:$A,样品!W$3,合格品入货记录!$E:$E,样品!$E31) -> 0 | X31: =SUMIFS(合格品入货记录!$G:$G,合格品入货记录!$A:$A,样品!X$3,合格品入货记录!$E:$E,样品!$E31) -> 0 | ... BY31: =SUMIFS(合格品入货记录!$G:$G,合格品入货记录!$A:$A,样品!BY$3,合格品入货记录!$E:$E,样品!$E31) -> 0
A32: 29 | B32: 1DC | C32: 东莞市硅翔绝缘材料有限公司 | D32: F06001000555 | E32: 3.2.49.08.01088-000 | F32: 模组铝巴01-28.4 | H32: 0 | I32: =SUMIF(合格品入货记录!E:E,样品!E32,合格品入货记录!G:G) -> 0 | J32: =SUMIF(合格品出库记录!E:E,样品!E32,合格品出库记录!G:G) -> 0 | K32: =H32+I32-J32+L32 -> 0 | L32: =SUMIF(不良品库存!D:D,E32:E66,不良品库存!F:F) -> 0 | M32: =H32+I32-J32 -> 0 | P32: =IFERROR(SUMIFS(合格品入货记录!$G:$G,合格品入货记录!$A:$A,样品!P$3,合格品入货记录!$E:$E,样品!$E32)," ") -> 0 | Q32: =SUMIFS(合格品入货记录!$G:$G,合格品入货记录!$A:$A,样品!Q$3,合格品入货记录!$E:$E,样品!$E32) -> 0 | R32: =SUMIFS(合格品入货记录!$G:$G,合格品入货记录!$A:$A,样品!R$3,合格品入货记录!$E:$E,样品!$E32) -> 0 | S32: =SUMIFS(合格品入货记录!$G:$G,合格品入货记录!$A:$A,样品!S$3,合格品入货记录!$E:$E,样品!$E32) -> 0 | T32: =SUMIFS(合格品入货记录!$G:$G,合格品入货记录!$A:$A,样品!T$3,合格品入货记录!$E:$E,样品!$E32) -> 0 | U32: =SUMIFS(合格品入货记录!$G:$G,合格品入货记录!$A:$A,样品!U$3,合格品入货记录!$E:$E,样品!$E32) -> 0 | V32: =SUMIFS(合格品入货记录!$G:$G,合格品入货记录!$A:$A,样品!V$3,合格品入货记录!$E:$E,样品!$E32) -> 0 | W32: =SUMIFS(合格品入货记录!$G:$G,合格品入货记录!$A:$A,样品!W$3,合格品入货记录!$E:$E,样品!$E32) -> 0 | X32: =SUMIFS(合格品入货记录!$G:$G,合格品入货记录!$A:$A,样品!X$3,合格品入货记录!$E:$E,样品!$E32) -> 0 | ... BY32: =SUMIFS(合格品入货记录!$G:$G,合格品入货记录!$A:$A,样品!BY$3,合格品入货记录!$E:$E,样品!$E32) -> 0
A33: 30 | B33: 1DC | C33: 东莞市硅翔绝缘材料有限公司 | D33: F06001000557 | E33: 3.2.49.08.01090-000 | F33: 模组铝巴03-28.4 | H33: 0 | I33: =SUMIF(合格品入货记录!E:E,样品!E33,合格品入货记录!G:G) -> 0 | J33: =SUMIF(合格品出库记录!E:E,样品!E33,合格品出库记录!G:G) -> 0 | K33: =H33+I33-J33+L33 -> 0 | L33: =SUMIF(不良品库存!D:D,E33:E67,不良品库存!F:F) -> 0 | M33: =H33+I33-J33 -> 0 | P33: =IFERROR(SUMIFS(合格品入货记录!$G:$G,合格品入货记录!$A:$A,样品!P$3,合格品入货记录!$E:$E,样品!$E33)," ") -> 0 | Q33: =SUMIFS(合格品入货记录!$G:$G,合格品入货记录!$A:$A,样品!Q$3,合格品入货记录!$E:$E,样品!$E33) -> 0 | R33: =SUMIFS(合格品入货记录!$G:$G,合格品入货记录!$A:$A,样品!R$3,合格品入货记录!$E:$E,样品!$E33) -> 0 | S33: =SUMIFS(合格品入货记录!$G:$G,合格品入货记录!$A:$A,样品!S$3,合格品入货记录!$E:$E,样品!$E33) -> 0 | T33: =SUMIFS(合格品入货记录!$G:$G,合格品入货记录!$A:$A,样品!T$3,合格品入货记录!$E:$E,样品!$E33) -> 0 | U33: =SUMIFS(合格品入货记录!$G:$G,合格品入货记录!$A:$A,样品!U$3,合格品入货记录!$E:$E,样品!$E33) -> 0 | V33: =SUMIFS(合格品入货记录!$G:$G,合格品入货记录!$A:$A,样品!V$3,合格品入货记录!$E:$E,样品!$E33) -> 0 | W33: =SUMIFS(合格品入货记录!$G:$G,合格品入货记录!$A:$A,样品!W$3,合格品入货记录!$E:$E,样品!$E33) -> 0 | X33: =SUMIFS(合格品入货记录!$G:$G,合格品入货记录!$A:$A,样品!X$3,合格品入货记录!$E:$E,样品!$E33) -> 0 | ... BY33: =SUMIFS(合格品入货记录!$G:$G,合格品入货记录!$A:$A,样品!BY$3,合格品入货记录!$E:$E,样品!$E33) -> 0
A34: 31 | B34: 1DC | C34: 东莞市硅翔绝缘材料有限公司 | D34: F06001000556 | E34: 3.2.49.08.01091-000 | F34: 模组铝巴04-28.4 | H34: 0 | I34: =SUMIF(合格品入货记录!E:E,样品!E34,合格品入货记录!G:G) -> 0 | J34: =SUMIF(合格品出库记录!E:E,样品!E34,合格品出库记录!G:G) -> 0 | K34: =H34+I34-J34+L34 -> 0 | L34: =SUMIF(不良品库存!D:D,E34:E68,不良品库存!F:F) -> 0 | M34: =H34+I34-J34 -> 0 | P34: =IFERROR(SUMIFS(合格品入货记录!$G:$G,合格品入货记录!$A:$A,样品!P$3,合格品入货记录!$E:$E,样品!$E34)," ") -> 0 | Q34: =SUMIFS(合格品入货记录!$G:$G,合格品入货记录!$A:$A,样品!Q$3,合格品入货记录!$E:$E,样品!$E34) -> 0 | R34: =SUMIFS(合格品入货记录!$G:$G,合格品入货记录!$A:$A,样品!R$3,合格品入货记录!$E:$E,样品!$E34) -> 0 | S34: =SUMIFS(合格品入货记录!$G:$G,合格品入货记录!$A:$A,样品!S$3,合格品入货记录!$E:$E,样品!$E34) -> 0 | T34: =SUMIFS(合格品入货记录!$G:$G,合格品入货记录!$A:$A,样品!T$3,合格品入货记录!$E:$E,样品!$E34) -> 0 | U34: =SUMIFS(合格品入货记录!$G:$G,合格品入货记录!$A:$A,样品!U$3,合格品入货记录!$E:$E,样品!$E34) -> 0 | V34: =SUMIFS(合格品入货记录!$G:$G,合格品入货记录!$A:$A,样品!V$3,合格品入货记录!$E:$E,样品!$E34) -> 0 | W34: =SUMIFS(合格品入货记录!$G:$G,合格品入货记录!$A:$A,样品!W$3,合格品入货记录!$E:$E,样品!$E34) -> 0 | X34: =SUMIFS(合格品入货记录!$G:$G,合格品入货记录!$A:$A,样品!X$3,合格品入货记录!$E:$E,样品!$E34) -> 0 | ... BY34: =SUMIFS(合格品入货记录!$G:$G,合格品入货记录!$A:$A,样品!BY$3,合格品入货记录!$E:$E,样品!$E34) -> 0
... A37: 34 | B37: 1DC | C37: 东莞市硅翔绝缘材料有限公司 | D37: F06001000422 | E37: 3.2.41.30.01245-000 | F37: LXC11欣旺达-X16铝巴-1 | H37: 0 | I37: =SUMIF(合格品入货记录!E:E,样品!E37,合格品入货记录!G:G) -> 0 | J37: =SUMIF(合格品出库记录!E:E,样品!E37,合格品出库记录!G:G) -> 0 | K37: =H37+I37-J37+L37 -> 0 | L37: =SUMIF(不良品库存!D:D,E37:E71,不良品库存!F:F) -> 0 | M37: =H37+I37-J37 -> 0 | P37: =IFERROR(SUMIFS(合格品入货记录!$G:$G,合格品入货记录!$A:$A,样品!P$3,合格品入货记录!$E:$E,样品!$E37)," ") -> 0 | Q37: =SUMIFS(合格品入货记录!$G:$G,合格品入货记录!$A:$A,样品!Q$3,合格品入货记录!$E:$E,样品!$E37) -> 0 | R37: =SUMIFS(合格品入货记录!$G:$G,合格品入货记录!$A:$A,样品!R$3,合格品入货记录!$E:$E,样品!$E37) -> 0 | S37: =SUMIFS(合格品入货记录!$G:$G,合格品入货记录!$A:$A,样品!S$3,合格品入货记录!$E:$E,样品!$E37) -> 0 | T37: =SUMIFS(合格品入货记录!$G:$G,合格品入货记录!$A:$A,样品!T$3,合格品入货记录!$E:$E,样品!$E37) -> 0 | U37: =SUMIFS(合格品入货记录!$G:$G,合格品入货记录!$A:$A,样品!U$3,合格品入货记录!$E:$E,样品!$E37) -> 0 | V37: =SUMIFS(合格品入货记录!$G:$G,合格品入货记录!$A:$A,样品!V$3,合格品入货记录!$E:$E,样品!$E37) -> 0 | W37: =SUMIFS(合格品入货记录!$G:$G,合格品入货记录!$A:$A,样品!W$3,合格品入货记录!$E:$E,样品!$E37) -> 0 | X37: =SUMIFS(合格品入货记录!$G:$G,合格品入货记录!$A:$A,样品!X$3,合格品入货记录!$E:$E,样品!$E37) -> 0 | ... BY37: =SUMIFS(合格品入货记录!$G:$G,合格品入货记录!$A:$A,样品!BY$3,合格品入货记录!$E:$E,样品!$E37) -> 0
A38: 35 | B38: 1DC | C38: 东莞市硅翔绝缘材料有限公司 | D38: 801001003166 | E38: 3.2.49.08.01391-000 | F38: LXC11-;722-FPC-S; | H38: 0 | I38: =SUMIF(合格品入货记录!E:E,样品!E38,合格品入货记录!G:G) -> 0 | J38: =SUMIF(合格品出库记录!E:E,样品!E38,合格品出库记录!G:G) -> 0 | K38: =H38+I38-J38+L38 -> 0 | L38: =SUMIF(不良品库存!D:D,E38:E72,不良品库存!F:F) -> 0 | M38: =H38+I38-J38 -> 0 | P38: =IFERROR(SUMIFS(合格品入货记录!$G:$G,合格品入货记录!$A:$A,样品!P$3,合格品入货记录!$E:$E,样品!$E38)," ") -> 0 | Q38: =SUMIFS(合格品入货记录!$G:$G,合格品入货记录!$A:$A,样品!Q$3,合格品入货记录!$E:$E,样品!$E38) -> 0 | R38: =SUMIFS(合格品入货记录!$G:$G,合格品入货记录!$A:$A,样品!R$3,合格品入货记录!$E:$E,样品!$E38) -> 0 | S38: =SUMIFS(合格品入货记录!$G:$G,合格品入货记录!$A:$A,样品!S$3,合格品入货记录!$E:$E,样品!$E38) -> 0 | T38: =SUMIFS(合格品入货记录!$G:$G,合格品入货记录!$A:$A,样品!T$3,合格品入货记录!$E:$E,样品!$E38) -> 0 | U38: =SUMIFS(合格品入货记录!$G:$G,合格品入货记录!$A:$A,样品!U$3,合格品入货记录!$E:$E,样品!$E38) -> 0 | V38: =SUMIFS(合格品入货记录!$G:$G,合格品入货记录!$A:$A,样品!V$3,合格品入货记录!$E:$E,样品!$E38) -> 0 | W38: =SUMIFS(合格品入货记录!$G:$G,合格品入货记录!$A:$A,样品!W$3,合格品入货记录!$E:$E,样品!$E38) -> 0 | X38: =SUMIFS(合格品入货记录!$G:$G,合格品入货记录!$A:$A,样品!X$3,合格品入货记录!$E:$E,样品!$E38) -> 0 | ... BY38: =SUMIFS(合格品入货记录!$G:$G,合格品入货记录!$A:$A,样品!BY$3,合格品入货记录!$E:$E,样品!$E38) -> 0
A39: 36 | B39: 1DC | C39: 东莞市硅翔绝缘材料有限公司 | D39: 801001004706 | E39: 3.2.49.08.00447-000 | F39: LPTO3APBP-FPC2-FC大模组 | H39: 0 | I39: =SUMIF(合格品入货记录!E:E,样品!E39,合格品入货记录!G:G) -> 0 | J39: =SUMIF(合格品出库记录!E:E,样品!E39,合格品出库记录!G:G) -> 0 | K39: =H39+I39-J39+L39 -> 0 | L39: =SUMIF(不良品库存!D:D,E39:E80,不良品库存!F:F) -> 0 | M39: =H39+I39-J39 -> 0 | P39: =IFERROR(SUMIFS(合格品入货记录!$G:$G,合格品入货记录!$A:$A,样品!P$3,合格品入货记录!$E:$E,样品!$E39)," ") -> 0 | Q39: =SUMIFS(合格品入货记录!$G:$G,合格品入货记录!$A:$A,样品!Q$3,合格品入货记录!$E:$E,样品!$E39) -> 0 | R39: =SUMIFS(合格品入货记录!$G:$G,合格品入货记录!$A:$A,样品!R$3,合格品入货记录!$E:$E,样品!$E39) -> 0 | S39: =SUMIFS(合格品入货记录!$G:$G,合格品入货记录!$A:$A,样品!S$3,合格品入货记录!$E:$E,样品!$E39) -> 0 | T39: =SUMIFS(合格品入货记录!$G:$G,合格品入货记录!$A:$A,样品!T$3,合格品入货记录!$E:$E,样品!$E39) -> 0 | U39: =SUMIFS(合格品入货记录!$G:$G,合格品入货记录!$A:$A,样品!U$3,合格品入货记录!$E:$E,样品!$E39) -> 0 | V39: =SUMIFS(合格品入货记录!$G:$G,合格品入货记录!$A:$A,样品!V$3,合格品入货记录!$E:$E,样品!$E39) -> 0 | W39: =SUMIFS(合格品入货记录!$G:$G,合格品入货记录!$A:$A,样品!W$3,合格品入货记录!$E:$E,样品!$E39) -> 0 | X39: =SUMIFS(合格品入货记录!$G:$G,合格品入货记录!$A:$A,样品!X$3,合格品入货记录!$E:$E,样品!$E39) -> 0 | ... BY39: =SUMIFS(合格品入货记录!$G:$G,合格品入货记录!$A:$A,样品!BY$3,合格品入货记录!$E:$E,样品!$E39) -> 0
A40: 37 | B40: 1DC | C40: 东莞市硅翔绝缘材料有限公司 | D40: F06001000376 | E40: 3.2.41.30.00435-000 | F40: LXC01-21A-电芯间汇流排-1 | H40: 0 | I40: =SUMIF(合格品入货记录!E:E,样品!E40,合格品入货记录!G:G) -> 0 | J40: =SUMIF(合格品出库记录!E:E,样品!E40,合格品出库记录!G:G) -> 0 | K40: =H40+I40-J40+L40 -> 0 | L40: =SUMIF(不良品库存!D:D,E40:E81,不良品库存!F:F) -> 0 | M40: =H40+I40-J40 -> 0 | P40: =IFERROR(SUMIFS(合格品入货记录!$G:$G,合格品入货记录!$A:$A,样品!P$3,合格品入货记录!$E:$E,样品!$E40)," ") -> 0 | Q40: =SUMIFS(合格品入货记录!$G:$G,合格品入货记录!$A:$A,样品!Q$3,合格品入货记录!$E:$E,样品!$E40) -> 0 | R40: =SUMIFS(合格品入货记录!$G:$G,合格品入货记录!$A:$A,样品!R$3,合格品入货记录!$E:$E,样品!$E40) -> 0 | S40: =SUMIFS(合格品入货记录!$G:$G,合格品入货记录!$A:$A,样品!S$3,合格品入货记录!$E:$E,样品!$E40) -> 0 | T40: =SUMIFS(合格品入货记录!$G:$G,合格品入货记录!$A:$A,样品!T$3,合格品入货记录!$E:$E,样品!$E40) -> 0 | U40: =SUMIFS(合格品入货记录!$G:$G,合格品入货记录!$A:$A,样品!U$3,合格品入货记录!$E:$E,样品!$E40) -> 0 | V40: =SUMIFS(合格品入货记录!$G:$G,合格品入货记录!$A:$A,样品!V$3,合格品入货记录!$E:$E,样品!$E40) -> 0 | W40: =SUMIFS(合格品入货记录!$G:$G,合格品入货记录!$A:$A,样品!W$3,合格品入货记录!$E:$E,样品!$E40) -> 0 | X40: =SUMIFS(合格品入货记录!$G:$G,合格品入货记录!$A:$A,样品!X$3,合格品入货记录!$E:$E,样品!$E40) -> 0 | ... BY40: =SUMIFS(合格品入货记录!$G:$G,合格品入货记录!$A:$A,样品!BY$3,合格品入货记录!$E:$E,样品!$E40) -> 0
A41: 38 | B41: 1DC | C41: 东莞市硅翔绝缘材料有限公司 | D41: 801001004766 | E41: 3.2.49.08.00446-000 | F41: LPTO3A PBP-FPC1-FC大模组 | H41: 0 | I41: =SUMIF(合格品入货记录!E:E,样品!E41,合格品入货记录!G:G) -> 0 | J41: =SUMIF(合格品出库记录!E:E,样品!E41,合格品出库记录!G:G) -> 0 | K41: =H41+I41-J41+L41 -> 0 | L41: =SUMIF(不良品库存!D:D,E41:E82,不良品库存!F:F) -> 0 | M41: =H41+I41-J41 -> 0 | P41: =IFERROR(SUMIFS(合格品入货记录!$G:$G,合格品入货记录!$A:$A,样品!P$3,合格品入货记录!$E:$E,样品!$E41)," ") -> 0 | Q41: =SUMIFS(合格品入货记录!$G:$G,合格品入货记录!$A:$A,样品!Q$3,合格品入货记录!$E:$E,样品!$E41) -> 0 | R41: =SUMIFS(合格品入货记录!$G:$G,合格品入货记录!$A:$A,样品!R$3,合格品入货记录!$E:$E,样品!$E41) -> 0 | S41: =SUMIFS(合格品入货记录!$G:$G,合格品入货记录!$A:$A,样品!S$3,合格品入货记录!$E:$E,样品!$E41) -> 0 | T41: =SUMIFS(合格品入货记录!$G:$G,合格品入货记录!$A:$A,样品!T$3,合格品入货记录!$E:$E,样品!$E41) -> 0 | U41: =SUMIFS(合格品入货记录!$G:$G,合格品入货记录!$A:$A,样品!U$3,合格品入货记录!$E:$E,样品!$E41) -> 0 | V41: =SUMIFS(合格品入货记录!$G:$G,合格品入货记录!$A:$A,样品!V$3,合格品入货记录!$E:$E,样品!$E41) -> 0 | W41: =SUMIFS(合格品入货记录!$G:$G,合格品入货记录!$A:$A,样品!W$3,合格品入货记录!$E:$E,样品!$E41) -> 0 | X41: =SUMIFS(合格品入货记录!$G:$G,合格品入货记录!$A:$A,样品!X$3,合格品入货记录!$E:$E,样品!$E41) -> 0 | ... BY41: =SUMIFS(合格品入货记录!$G:$G,合格品入货记录!$A:$A,样品!BY$3,合格品入货记录!$E:$E,样品!$E41) -> 0
A42: 39 | B42: 1DC | C42: 东莞市硅翔绝缘材料有限公司 | D42: F01001001480 | E42: 3.2.49.08.01337-000 | F42: LXA12EV10-CCS-32S-A | H42: 0 | I42: =SUMIF(合格品入货记录!E:E,样品!E42,合格品入货记录!G:G) -> 0 | J42: =SUMIF(合格品出库记录!E:E,样品!E42,合格品出库记录!G:G) -> 0 | K42: =H42+I42-J42+L42 -> 0 | L42: =SUMIF(不良品库存!D:D,E42:E83,不良品库存!F:F) -> 0 | M42: =H42+I42-J42 -> 0 | P42: =IFERROR(SUMIFS(合格品入货记录!$G:$G,合格品入货记录!$A:$A,样品!P$3,合格品入货记录!$E:$E,样品!$E42)," ") -> 0 | Q42: =SUMIFS(合格品入货记录!$G:$G,合格品入货记录!$A:$A,样品!Q$3,合格品入货记录!$E:$E,样品!$E42) -> 0 | R42: =SUMIFS(合格品入货记录!$G:$G,合格品入货记录!$A:$A,样品!R$3,合格品入货记录!$E:$E,样品!$E42) -> 0 | S42: =SUMIFS(合格品入货记录!$G:$G,合格品入货记录!$A:$A,样品!S$3,合格品入货记录!$E:$E,样品!$E42) -> 0 | T42: =SUMIFS(合格品入货记录!$G:$G,合格品入货记录!$A:$A,样品!T$3,合格品入货记录!$E:$E,样品!$E42) -> 0 | U42: =SUMIFS(合格品入货记录!$G:$G,合格品入货记录!$A:$A,样品!U$3,合格品入货记录!$E:$E,样品!$E42) -> 0 | V42: =SUMIFS(合格品入货记录!$G:$G,合格品入货记录!$A:$A,样品!V$3,合格品入货记录!$E:$E,样品!$E42) -> 0 | W42: =SUMIFS(合格品入货记录!$G:$G,合格品入货记录!$A:$A,样品!W$3,合格品入货记录!$E:$E,样品!$E42) -> 0 | X42: =SUMIFS(合格品入货记录!$G:$G,合格品入货记录!$A:$A,样品!X$3,合格品入货记录!$E:$E,样品!$E42) -> 0 | ... BY42: =SUMIFS(合格品入货记录!$G:$G,合格品入货记录!$A:$A,样品!BY$3,合格品入货记录!$E:$E,样品!$E42) -> 0
A43: 40 | B43: 1DC | C43: 东莞市硅翔绝缘材料有限公司 | D43: F01001001481 | E43: 3.2.49.08.01338-000 | F43: LXA12EV10-CCS-32S-B | H43: 0 | I43: =SUMIF(合格品入货记录!E:E,样品!E43,合格品入货记录!G:G) -> 0 | J43: =SUMIF(合格品出库记录!E:E,样品!E43,合格品出库记录!G:G) -> 0 | K43: =H43+I43-J43+L43 -> 0 | L43: =SUMIF(不良品库存!D:D,E43:E84,不良品库存!F:F) -> 0 | M43: =H43+I43-J43 -> 0 | P43: =IFERROR(SUMIFS(合格品入货记录!$G:$G,合格品入货记录!$A:$A,样品!P$3,合格品入货记录!$E:$E,样品!$E43)," ") -> 0 | Q43: =SUMIFS(合格品入货记录!$G:$G,合格品入货记录!$A:$A,样品!Q$3,合格品入货记录!$E:$E,样品!$E43) -> 0 | R43: =SUMIFS(合格品入货记录!$G:$G,合格品入货记录!$A:$A,样品!R$3,合格品入货记录!$E:$E,样品!$E43) -> 0 | S43: =SUMIFS(合格品入货记录!$G:$G,合格品入货记录!$A:$A,样品!S$3,合格品入货记录!$E:$E,样品!$E43) -> 0 | T43: =SUMIFS(合格品入货记录!$G:$G,合格品入货记录!$A:$A,样品!T$3,合格品入货记录!$E:$E,样品!$E43) -> 0 | U43: =SUMIFS(合格品入货记录!$G:$G,合格品入货记录!$A:$A,样品!U$3,合格品入货记录!$E:$E,样品!$E43) -> 0 | V43: =SUMIFS(合格品入货记录!$G:$G,合格品入货记录!$A:$A,样品!V$3,合格品入货记录!$E:$E,样品!$E43) -> 0 | W43: =SUMIFS(合格品入货记录!$G:$G,合格品入货记录!$A:$A,样品!W$3,合格品入货记录!$E:$E,样品!$E43) -> 0 | X43: =SUMIFS(合格品入货记录!$G:$G,合格品入货记录!$A:$A,样品!X$3,合格品入货记录!$E:$E,样品!$E43) -> 0 | ... BY43: =SUMIFS(合格品入货记录!$G:$G,合格品入货记录!$A:$A,样品!BY$3,合格品入货记录!$E:$E,样品!$E43) -> 0
A44: 41 | B44: 1DC | C44: 东莞市硅翔绝缘材料有限公司 | D44: F06001000490 | E44: 3.2.44.30.02433-000 | F44: LXA12EV10-焊前验证镍片-1 | H44: 0 | I44: =SUMIF(合格品入货记录!E:E,样品!E44,合格品入货记录!G:G) -> 0 | J44: =SUMIF(合格品出库记录!E:E,样品!E44,合格品出库记录!G:G) -> 0 | K44: =H44+I44-J44+L44 -> 0 | L44: =SUMIF(不良品库存!D:D,E44:E85,不良品库存!F:F) -> 0 | M44: =H44+I44-J44 -> 0 | P44: =IFERROR(SUMIFS(合格品入货记录!$G:$G,合格品入货记录!$A:$A,样品!P$3,合格品入货记录!$E:$E,样品!$E44)," ") -> 0 | Q44: =SUMIFS(合格品入货记录!$G:$G,合格品入货记录!$A:$A,样品!Q$3,合格品入货记录!$E:$E,样品!$E44) -> 0 | R44: =SUMIFS(合格品入货记录!$G:$G,合格品入货记录!$A:$A,样品!R$3,合格品入货记录!$E:$E,样品!$E44) -> 0 | S44: =SUMIFS(合格品入货记录!$G:$G,合格品入货记录!$A:$A,样品!S$3,合格品入货记录!$E:$E,样品!$E44) -> 0 | T44: =SUMIFS(合格品入货记录!$G:$G,合格品入货记录!$A:$A,样品!T$3,合格品入货记录!$E:$E,样品!$E44) -> 0 | U44: =SUMIFS(合格品入货记录!$G:$G,合格品入货记录!$A:$A,样品!U$3,合格品入货记录!$E:$E,样品!$E44) -> 0 | V44: =SUMIFS(合格品入货记录!$G:$G,合格品入货记录!$A:$A,样品!V$3,合格品入货记录!$E:$E,样品!$E44) -> 0 | W44: =SUMIFS(合格品入货记录!$G:$G,合格品入货记录!$A:$A,样品!W$3,合格品入货记录!$E:$E,样品!$E44) -> 0 | X44: =SUMIFS(合格品入货记录!$G:$G,合格品入货记录!$A:$A,样品!X$3,合格品入货记录!$E:$E,样品!$E44) -> 0 | ... BY44: =SUMIFS(合格品入货记录!$G:$G,合格品入货记录!$A:$A,样品!BY$3,合格品入货记录!$E:$E,样品!$E44) -> 0
A45: 42 | B45: 1DC | C45: 东莞市硅翔绝缘材料有限公司 | D45: F06001000489 | E45: 3.2.41.30.01477-000 | F45: LXA12EV10-串联铝巴-1 | H45: 0 | I45: =SUMIF(合格品入货记录!E:E,样品!E45,合格品入货记录!G:G) -> 0 | J45: =SUMIF(合格品出库记录!E:E,样品!E45,合格品出库记录!G:G) -> 0 | K45: =H45+I45-J45+L45 -> 0 | L45: =SUMIF(不良品库存!D:D,E45:E86,不良品库存!F:F) -> 0 | M45: =H45+I45-J45 -> 0 | P45: =IFERROR(SUMIFS(合格品入货记录!$G:$G,合格品入货记录!$A:$A,样品!P$3,合格品入货记录!$E:$E,样品!$E45)," ") -> 0 | Q45: =SUMIFS(合格品入货记录!$G:$G,合格品入货记录!$A:$A,样品!Q$3,合格品入货记录!$E:$E,样品!$E45) -> 0 | R45: =SUMIFS(合格品入货记录!$G:$G,合格品入货记录!$A:$A,样品!R$3,合格品入货记录!$E:$E,样品!$E45) -> 0 | S45: =SUMIFS(合格品入货记录!$G:$G,合格品入货记录!$A:$A,样品!S$3,合格品入货记录!$E:$E,样品!$E45) -> 0 | T45: =SUMIFS(合格品入货记录!$G:$G,合格品入货记录!$A:$A,样品!T$3,合格品入货记录!$E:$E,样品!$E45) -> 0 | U45: =SUMIFS(合格品入货记录!$G:$G,合格品入货记录!$A:$A,样品!U$3,合格品入货记录!$E:$E,样品!$E45) -> 0 | V45: =SUMIFS(合格品入货记录!$G:$G,合格品入货记录!$A:$A,样品!V$3,合格品入货记录!$E:$E,样品!$E45) -> 0 | W45: =SUMIFS(合格品入货记录!$G:$G,合格品入货记录!$A:$A,样品!W$3,合格品入货记录!$E:$E,样品!$E45) -> 0 | X45: =SUMIFS(合格品入货记录!$G:$G,合格品入货记录!$A:$A,样品!X$3,合格品入货记录!$E:$E,样品!$E45) -> 0 | ... BY45: =SUMIFS(合格品入货记录!$G:$G,合格品入货记录!$A:$A,样品!BY$3,合格品入货记录!$E:$E,样品!$E45) -> 0
A46: 43 | B46: 1DC | C46: 东莞市硅翔绝缘材料有限公司 | D46: F06001000794 | E46: 3.2.41.30.00437-000 | F46: LXC11-增程铁锂模组铝巴 | H46: 300 | I46: =SUMIF(合格品入货记录!E:E,样品!E46,合格品入货记录!G:G) -> 0 | J46: =SUMIF(合格品出库记录!E:E,样品!E46,合格品出库记录!G:G) -> 0 | K46: =H46+I46-J46+L46 -> 300 | L46: =SUMIF(不良品库存!D:D,E46:E87,不良品库存!F:F) -> 0 | M46: =H46+I46-J46 -> 300 | P46: =IFERROR(SUMIFS(合格品入货记录!$G:$G,合格品入货记录!$A:$A,样品!P$3,合格品入货记录!$E:$E,样品!$E46)," ") -> 0 | Q46: =SUMIFS(合格品入货记录!$G:$G,合格品入货记录!$A:$A,样品!Q$3,合格品入货记录!$E:$E,样品!$E46) -> 0 | R46: =SUMIFS(合格品入货记录!$G:$G,合格品入货记录!$A:$A,样品!R$3,合格品入货记录!$E:$E,样品!$E46) -> 0 | S46: =SUMIFS(合格品入货记录!$G:$G,合格品入货记录!$A:$A,样品!S$3,合格品入货记录!$E:$E,样品!$E46) -> 0 | T46: =SUMIFS(合格品入货记录!$G:$G,合格品入货记录!$A:$A,样品!T$3,合格品入货记录!$E:$E,样品!$E46) -> 0 | U46: =SUMIFS(合格品入货记录!$G:$G,合格品入货记录!$A:$A,样品!U$3,合格品入货记录!$E:$E,样品!$E46) -> 0 | V46: =SUMIFS(合格品入货记录!$G:$G,合格品入货记录!$A:$A,样品!V$3,合格品入货记录!$E:$E,样品!$E46) -> 0 | W46: =SUMIFS(合格品入货记录!$G:$G,合格品入货记录!$A:$A,样品!W$3,合格品入货记录!$E:$E,样品!$E46) -> 0 | X46: =SUMIFS(合格品入货记录!$G:$G,合格品入货记录!$A:$A,样品!X$3,合格品入货记录!$E:$E,样品!$E46) -> 0 | ... BY46: =SUMIFS(合格品入货记录!$G:$G,合格品入货记录!$A:$A,样品!BY$3,合格品入货记录!$E:$E,样品!$E46) -> 0
A47: 44 | B47: 1DC | C47: 东莞市硅翔绝缘材料有限公司 | D47: 801001005154 | E47: 3.2.49.08.01824-000 | F47: LXC11EV1A-FPC_A1 | H47: 0 | I47: =SUMIF(合格品入货记录!E:E,样品!E47,合格品入货记录!G:G) -> 0 | J47: =SUMIF(合格品出库记录!E:E,样品!E47,合格品出库记录!G:G) -> 0 | K47: =H47+I47-J47+L47 -> 0 | L47: =SUMIF(不良品库存!D:D,E47:E88,不良品库存!F:F) -> 0 | M47: =H47+I47-J47 -> 0 | P47: =IFERROR(SUMIFS(合格品入货记录!$G:$G,合格品入货记录!$A:$A,样品!P$3,合格品入货记录!$E:$E,样品!$E47)," ") -> 0 | Q47: =SUMIFS(合格品入货记录!$G:$G,合格品入货记录!$A:$A,样品!Q$3,合格品入货记录!$E:$E,样品!$E47) -> 0 | R47: =SUMIFS(合格品入货记录!$G:$G,合格品入货记录!$A:$A,样品!R$3,合格品入货记录!$E:$E,样品!$E47) -> 0 | S47: =SUMIFS(合格品入货记录!$G:$G,合格品入货记录!$A:$A,样品!S$3,合格品入货记录!$E:$E,样品!$E47) -> 0 | T47: =SUMIFS(合格品入货记录!$G:$G,合格品入货记录!$A:$A,样品!T$3,合格品入货记录!$E:$E,样品!$E47) -> 0 | U47: =SUMIFS(合格品入货记录!$G:$G,合格品入货记录!$A:$A,样品!U$3,合格品入货记录!$E:$E,样品!$E47) -> 0 | V47: =SUMIFS(合格品入货记录!$G:$G,合格品入货记录!$A:$A,样品!V$3,合格品入货记录!$E:$E,样品!$E47) -> 0 | W47: =SUMIFS(合格品入货记录!$G:$G,合格品入货记录!$A:$A,样品!W$3,合格品入货记录!$E:$E,样品!$E47) -> 0 | X47: =SUMIFS(合格品入货记录!$G:$G,合格品入货记录!$A:$A,样品!X$3,合格品入货记录!$E:$E,样品!$E47) -> 0 | ... BY47: =SUMIFS(合格品入货记录!$G:$G,合格品入货记录!$A:$A,样品!BY$3,合格品入货记录!$E:$E,样品!$E47) -> 0
A48: 45 | B48: 1DC | C48: 东莞市硅翔绝缘材料有限公司 | D48: 801001005155 | E48: 3.2.49.08.01825-000 | F48: LXC11EV1A-FPC_A2 | H48: 0 | I48: =SUMIF(合格品入货记录!E:E,样品!E48,合格品入货记录!G:G) -> 0 | J48: =SUMIF(合格品出库记录!E:E,样品!E48,合格品出库记录!G:G) -> 0 | K48: =H48+I48-J48+L48 -> 0 | L48: =SUMIF(不良品库存!D:D,E48:E89,不良品库存!F:F) -> 0 | M48: =H48+I48-J48 -> 0 | P48: =IFERROR(SUMIFS(合格品入货记录!$G:$G,合格品入货记录!$A:$A,样品!P$3,合格品入货记录!$E:$E,样品!$E48)," ") -> 0 | Q48: =SUMIFS(合格品入货记录!$G:$G,合格品入货记录!$A:$A,样品!Q$3,合格品入货记录!$E:$E,样品!$E48) -> 0 | R48: =SUMIFS(合格品入货记录!$G:$G,合格品入货记录!$A:$A,样品!R$3,合格品入货记录!$E:$E,样品!$E48) -> 0 | S48: =SUMIFS(合格品入货记录!$G:$G,合格品入货记录!$A:$A,样品!S$3,合格品入货记录!$E:$E,样品!$E48) -> 0 | T48: =SUMIFS(合格品入货记录!$G:$G,合格品入货记录!$A:$A,样品!T$3,合格品入货记录!$E:$E,样品!$E48) -> 0 | U48: =SUMIFS(合格品入货记录!$G:$G,合格品入货记录!$A:$A,样品!U$3,合格品入货记录!$E:$E,样品!$E48) -> 0 | V48: =SUMIFS(合格品入货记录!$G:$G,合格品入货记录!$A:$A,样品!V$3,合格品入货记录!$E:$E,样品!$E48) -> 0 | W48: =SUMIFS(合格品入货记录!$G:$G,合格品入货记录!$A:$A,样品!W$3,合格品入货记录!$E:$E,样品!$E48) -> 0 | X48: =SUMIFS(合格品入货记录!$G:$G,合格品入货记录!$A:$A,样品!X$3,合格品入货记录!$E:$E,样品!$E48) -> 0 | ... BY48: =SUMIFS(合格品入货记录!$G:$G,合格品入货记录!$A:$A,样品!BY$3,合格品入货记录!$E:$E,样品!$E48) -> 0
A49: 46 | B49: 1DC | C49: 东莞市硅翔绝缘材料有限公司 | D49: 801001005156 | E49: 3.2.49.08.01826-000 | F49: LXC11EV1A-FPC_B1 | H49: 0 | I49: =SUMIF(合格品入货记录!E:E,样品!E49,合格品入货记录!G:G) -> 0 | J49: =SUMIF(合格品出库记录!E:E,样品!E49,合格品出库记录!G:G) -> 0 | K49: =H49+I49-J49+L49 -> 0 | L49: =SUMIF(不良品库存!D:D,E49:E90,不良品库存!F:F) -> 0 | M49: =H49+I49-J49 -> 0 | P49: =IFERROR(SUMIFS(合格品入货记录!$G:$G,合格品入货记录!$A:$A,样品!P$3,合格品入货记录!$E:$E,样品!$E49)," ") -> 0 | Q49: =SUMIFS(合格品入货记录!$G:$G,合格品入货记录!$A:$A,样品!Q$3,合格品入货记录!$E:$E,样品!$E49) -> 0 | R49: =SUMIFS(合格品入货记录!$G:$G,合格品入货记录!$A:$A,样品!R$3,合格品入货记录!$E:$E,样品!$E49) -> 0 | S49: =SUMIFS(合格品入货记录!$G:$G,合格品入货记录!$A:$A,样品!S$3,合格品入货记录!$E:$E,样品!$E49) -> 0 | T49: =SUMIFS(合格品入货记录!$G:$G,合格品入货记录!$A:$A,样品!T$3,合格品入货记录!$E:$E,样品!$E49) -> 0 | U49: =SUMIFS(合格品入货记录!$G:$G,合格品入货记录!$A:$A,样品!U$3,合格品入货记录!$E:$E,样品!$E49) -> 0 | V49: =SUMIFS(合格品入货记录!$G:$G,合格品入货记录!$A:$A,样品!V$3,合格品入货记录!$E:$E,样品!$E49) -> 0 | W49: =SUMIFS(合格品入货记录!$G:$G,合格品入货记录!$A:$A,样品!W$3,合格品入货记录!$E:$E,样品!$E49) -> 0 | X49: =SUMIFS(合格品入货记录!$G:$G,合格品入货记录!$A:$A,样品!X$3,合格品入货记录!$E:$E,样品!$E49) -> 0 | ... BY49: =SUMIFS(合格品入货记录!$G:$G,合格品入货记录!$A:$A,样品!BY$3,合格品入货记录!$E:$E,样品!$E49) -> 0
A50: 47 | B50: 1DC | C50: 东莞市硅翔绝缘材料有限公司 | D50: 801001005157 | E50: 3.2.49.08.01827-000 | F50: LXC11EV1A-FPC_B2 | H50: 0 | I50: =SUMIF(合格品入货记录!E:E,样品!E50,合格品入货记录!G:G) -> 0 | J50: =SUMIF(合格品出库记录!E:E,样品!E50,合格品出库记录!G:G) -> 0 | K50: =H50+I50-J50+L50 -> 0 | L50: =SUMIF(不良品库存!D:D,E50:E91,不良品库存!F:F) -> 0 | M50: =H50+I50-J50 -> 0 | P50: =IFERROR(SUMIFS(合格品入货记录!$G:$G,合格品入货记录!$A:$A,样品!P$3,合格品入货记录!$E:$E,样品!$E50)," ") -> 0 | Q50: =SUMIFS(合格品入货记录!$G:$G,合格品入货记录!$A:$A,样品!Q$3,合格品入货记录!$E:$E,样品!$E50) -> 0 | R50: =SUMIFS(合格品入货记录!$G:$G,合格品入货记录!$A:$A,样品!R$3,合格品入货记录!$E:$E,样品!$E50) -> 0 | S50: =SUMIFS(合格品入货记录!$G:$G,合格品入货记录!$A:$A,样品!S$3,合格品入货记录!$E:$E,样品!$E50) -> 0 | T50: =SUMIFS(合格品入货记录!$G:$G,合格品入货记录!$A:$A,样品!T$3,合格品入货记录!$E:$E,样品!$E50) -> 0 | U50: =SUMIFS(合格品入货记录!$G:$G,合格品入货记录!$A:$A,样品!U$3,合格品入货记录!$E:$E,样品!$E50) -> 0 | V50: =SUMIFS(合格品入货记录!$G:$G,合格品入货记录!$A:$A,样品!V$3,合格品入货记录!$E:$E,样品!$E50) -> 0 | W50: =SUMIFS(合格品入货记录!$G:$G,合格品入货记录!$A:$A,样品!W$3,合格品入货记录!$E:$E,样品!$E50) -> 0 | X50: =SUMIFS(合格品入货记录!$G:$G,合格品入货记录!$A:$A,样品!X$3,合格品入货记录!$E:$E,样品!$E50) -> 0 | ... BY50: =SUMIFS(合格品入货记录!$G:$G,合格品入货记录!$A:$A,样品!BY$3,合格品入货记录!$E:$E,样品!$E50) -> 0
A51: 52 | B51: 1DC | C51: 东莞市硅翔绝缘材料有限公司 | D51: 801001004175 | E51: 3.2.49.08.00763-000 | F51: LP-C11RE0_FPC_A21 | H51: 0 | I51: =SUMIF(合格品入货记录!E:E,样品!E51,合格品入货记录!G:G) -> 0 | J51: =SUMIF(合格品出库记录!E:E,样品!E51,合格品出库记录!G:G) -> 0 | K51: =H51+I51-J51+L51 -> 0 | L51: =SUMIF(不良品库存!D:D,E51:E96,不良品库存!F:F) -> 0 | M51: =H51+I51-J51 -> 0 | P51: =IFERROR(SUMIFS(合格品入货记录!$G:$G,合格品入货记录!$A:$A,样品!P$3,合格品入货记录!$E:$E,样品!$E51)," ") -> 0 | Q51: =SUMIFS(合格品入货记录!$G:$G,合格品入货记录!$A:$A,样品!Q$3,合格品入货记录!$E:$E,样品!$E51) -> 0 | R51: =SUMIFS(合格品入货记录!$G:$G,合格品入货记录!$A:$A,样品!R$3,合格品入货记录!$E:$E,样品!$E51) -> 0 | S51: =SUMIFS(合格品入货记录!$G:$G,合格品入货记录!$A:$A,样品!S$3,合格品入货记录!$E:$E,样品!$E51) -> 0 | T51: =SUMIFS(合格品入货记录!$G:$G,合格品入货记录!$A:$A,样品!T$3,合格品入货记录!$E:$E,样品!$E51) -> 0 | U51: =SUMIFS(合格品入货记录!$G:$G,合格品入货记录!$A:$A,样品!U$3,合格品入货记录!$E:$E,样品!$E51) -> 0 | V51: =SUMIFS(合格品入货记录!$G:$G,合格品入货记录!$A:$A,样品!V$3,合格品入货记录!$E:$E,样品!$E51) -> 0 | W51: =SUMIFS(合格品入货记录!$G:$G,合格品入货记录!$A:$A,样品!W$3,合格品入货记录!$E:$E,样品!$E51) -> 0 | X51: =SUMIFS(合格品入货记录!$G:$G,合格品入货记录!$A:$A,样品!X$3,合格品入货记录!$E:$E,样品!$E51) -> 0 | ... BY51: =SUMIFS(合格品入货记录!$G:$G,合格品入货记录!$A:$A,样品!BY$3,合格品入货记录!$E:$E,样品!$E51) -> 0
A52: 53 | B52: 1DC | C52: 东莞市硅翔绝缘材料有限公司 | D52: 801001005718 | E52: 3.2.49.08.00611-000 | F52: LPT03A_FPC_F16 | H52: 0 | I52: =SUMIF(合格品入货记录!E:E,样品!E52,合格品入货记录!G:G) -> 0 | J52: =SUMIF(合格品出库记录!E:E,样品!E52,合格品出库记录!G:G) -> 0 | K52: =H52+I52-J52+L52 -> 0 | L52: =SUMIF(不良品库存!D:D,E52:E97,不良品库存!F:F) -> 0 | M52: =H52+I52-J52 -> 0 | P52: =IFERROR(SUMIFS(合格品入货记录!$G:$G,合格品入货记录!$A:$A,样品!P$3,合格品入货记录!$E:$E,样品!$E52)," ") -> 0 | Q52: =SUMIFS(合格品入货记录!$G:$G,合格品入货记录!$A:$A,样品!Q$3,合格品入货记录!$E:$E,样品!$E52) -> 0 | R52: =SUMIFS(合格品入货记录!$G:$G,合格品入货记录!$A:$A,样品!R$3,合格品入货记录!$E:$E,样品!$E52) -> 0 | S52: =SUMIFS(合格品入货记录!$G:$G,合格品入货记录!$A:$A,样品!S$3,合格品入货记录!$E:$E,样品!$E52) -> 0 | T52: =SUMIFS(合格品入货记录!$G:$G,合格品入货记录!$A:$A,样品!T$3,合格品入货记录!$E:$E,样品!$E52) -> 0 | U52: =SUMIFS(合格品入货记录!$G:$G,合格品入货记录!$A:$A,样品!U$3,合格品入货记录!$E:$E,样品!$E52) -> 0 | V52: =SUMIFS(合格品入货记录!$G:$G,合格品入货记录!$A:$A,样品!V$3,合格品入货记录!$E:$E,样品!$E52) -> 0 | W52: =SUMIFS(合格品入货记录!$G:$G,合格品入货记录!$A:$A,样品!W$3,合格品入货记录!$E:$E,样品!$E52) -> 0 | X52: =SUMIFS(合格品入货记录!$G:$G,合格品入货记录!$A:$A,样品!X$3,合格品入货记录!$E:$E,样品!$E52) -> 0 | ... BY52: =SUMIFS(合格品入货记录!$G:$G,合格品入货记录!$A:$A,样品!BY$3,合格品入货记录!$E:$E,样品!$E52) -> 0
A53: 54 | B53: 1DC | C53: 东莞市硅翔绝缘材料有限公司 | D53: 801001005719 | E53: 3.2.49.08.00612-000 | F53: LPT03A_FPC_B16 | H53: 0 | I53: =SUMIF(合格品入货记录!E:E,样品!E53,合格品入货记录!G:G) -> 0 | J53: =SUMIF(合格品出库记录!E:E,样品!E53,合格品出库记录!G:G) -> 0 | K53: =H53+I53-J53+L53 -> 0 | L53: =SUMIF(不良品库存!D:D,E53:E98,不良品库存!F:F) -> 0 | M53: =H53+I53-J53 -> 0 | P53: =IFERROR(SUMIFS(合格品入货记录!$G:$G,合格品入货记录!$A:$A,样品!P$3,合格品入货记录!$E:$E,样品!$E53)," ") -> 0 | Q53: =SUMIFS(合格品入货记录!$G:$G,合格品入货记录!$A:$A,样品!Q$3,合格品入货记录!$E:$E,样品!$E53) -> 0 | R53: =SUMIFS(合格品入货记录!$G:$G,合格品入货记录!$A:$A,样品!R$3,合格品入货记录!$E:$E,样品!$E53) -> 0 | S53: =SUMIFS(合格品入货记录!$G:$G,合格品入货记录!$A:$A,样品!S$3,合格品入货记录!$E:$E,样品!$E53) -> 0 | T53: =SUMIFS(合格品入货记录!$G:$G,合格品入货记录!$A:$A,样品!T$3,合格品入货记录!$E:$E,样品!$E53) -> 0 | U53: =SUMIFS(合格品入货记录!$G:$G,合格品入货记录!$A:$A,样品!U$3,合格品入货记录!$E:$E,样品!$E53) -> 0 | V53: =SUMIFS(合格品入货记录!$G:$G,合格品入货记录!$A:$A,样品!V$3,合格品入货记录!$E:$E,样品!$E53) -> 0 | W53: =SUMIFS(合格品入货记录!$G:$G,合格品入货记录!$A:$A,样品!W$3,合格品入货记录!$E:$E,样品!$E53) -> 0 | X53: =SUMIFS(合格品入货记录!$G:$G,合格品入货记录!$A:$A,样品!X$3,合格品入货记录!$E:$E,样品!$E53) -> 0 | ... BY53: =SUMIFS(合格品入货记录!$G:$G,合格品入货记录!$A:$A,样品!BY$3,合格品入货记录!$E:$E,样品!$E53) -> 0
A54: 55 | B54: 1DC | C54: 东莞市硅翔绝缘材料有限公司 | D54: 801001005094 | E54: 3.2.49.08.01560 | F54: LXC10EV10C-FPC_A1 | G54: 20 | H54: 20 | I54: =SUMIF(合格品入货记录!E:E,样品!E54,合格品入货记录!G:G) -> 0 | J54: =SUMIF(合格品出库记录!E:E,样品!E54,合格品出库记录!G:G) -> 0 | K54: =H54+I54-J54+L54 -> 20 | L54: =SUMIF(不良品库存!D:D,E54:E99,不良品库存!F:F) -> 0 | M54: =H54+I54-J54 -> 20 | P54: =IFERROR(SUMIFS(合格品入货记录!$G:$G,合格品入货记录!$A:$A,样品!P$3,合格品入货记录!$E:$E,样品!$E54)," ") -> 0 | Q54: =SUMIFS(合格品入货记录!$G:$G,合格品入货记录!$A:$A,样品!Q$3,合格品入货记录!$E:$E,样品!$E54) -> 0 | R54: =SUMIFS(合格品入货记录!$G:$G,合格品入货记录!$A:$A,样品!R$3,合格品入货记录!$E:$E,样品!$E54) -> 0 | S54: =SUMIFS(合格品入货记录!$G:$G,合格品入货记录!$A:$A,样品!S$3,合格品入货记录!$E:$E,样品!$E54) -> 0 | T54: =SUMIFS(合格品入货记录!$G:$G,合格品入货记录!$A:$A,样品!T$3,合格品入货记录!$E:$E,样品!$E54) -> 0 | U54: =SUMIFS(合格品入货记录!$G:$G,合格品入货记录!$A:$A,样品!U$3,合格品入货记录!$E:$E,样品!$E54) -> 0 | V54: =SUMIFS(合格品入货记录!$G:$G,合格品入货记录!$A:$A,样品!V$3,合格品入货记录!$E:$E,样品!$E54) -> 0 | W54: =SUMIFS(合格品入货记录!$G:$G,合格品入货记录!$A:$A,样品!W$3,合格品入货记录!$E:$E,样品!$E54) -> 0 | X54: =SUMIFS(合格品入货记录!$G:$G,合格品入货记录!$A:$A,样品!X$3,合格品入货记录!$E:$E,样品!$E54) -> 0 | ... BY54: =SUMIFS(合格品入货记录!$G:$G,合格品入货记录!$A:$A,样品!BY$3,合格品入货记录!$E:$E,样品!$E54) -> 0
A55: 56 | B55: 1DC | C55: 东莞市硅翔绝缘材料有限公司 | D55: 801001005095 | E55: 3.2.49.08.01561 | F55: LXC10EV10C-FPC_A2 | G55: 20 | H55: 20 | I55: =SUMIF(合格品入货记录!E:E,样品!E55,合格品入货记录!G:G) -> 0 | J55: =SUMIF(合格品出库记录!E:E,样品!E55,合格品出库记录!G:G) -> 0 | K55: =H55+I55-J55+L55 -> 20 | L55: =SUMIF(不良品库存!D:D,E55:E100,不良品库存!F:F) -> 0 | M55: =H55+I55-J55 -> 20 | P55: =IFERROR(SUMIFS(合格品入货记录!$G:$G,合格品入货记录!$A:$A,样品!P$3,合格品入货记录!$E:$E,样品!$E55)," ") -> 0 | Q55: =SUMIFS(合格品入货记录!$G:$G,合格品入货记录!$A:$A,样品!Q$3,合格品入货记录!$E:$E,样品!$E55) -> 0 | R55: =SUMIFS(合格品入货记录!$G:$G,合格品入货记录!$A:$A,样品!R$3,合格品入货记录!$E:$E,样品!$E55) -> 0 | S55: =SUMIFS(合格品入货记录!$G:$G,合格品入货记录!$A:$A,样品!S$3,合格品入货记录!$E:$E,样品!$E55) -> 0 | T55: =SUMIFS(合格品入货记录!$G:$G,合格品入货记录!$A:$A,样品!T$3,合格品入货记录!$E:$E,样品!$E55) -> 0 | U55: =SUMIFS(合格品入货记录!$G:$G,合格品入货记录!$A:$A,样品!U$3,合格品入货记录!$E:$E,样品!$E55) -> 0 | V55: =SUMIFS(合格品入货记录!$G:$G,合格品入货记录!$A:$A,样品!V$3,合格品入货记录!$E:$E,样品!$E55) -> 0 | W55: =SUMIFS(合格品入货记录!$G:$G,合格品入货记录!$A:$A,样品!W$3,合格品入货记录!$E:$E,样品!$E55) -> 0 | X55: =SUMIFS(合格品入货记录!$G:$G,合格品入货记录!$A:$A,样品!X$3,合格品入货记录!$E:$E,样品!$E55) -> 0 | ... BY55: =SUMIFS(合格品入货记录!$G:$G,合格品入货记录!$A:$A,样品!BY$3,合格品入货记录!$E:$E,样品!$E55) -> 0
A56: 57 | B56: 1DC | C56: 东莞市硅翔绝缘材料有限公司 | D56: 801001005096 | E56: 3.2.49.08.01562 | F56: LXC10EV10C-FPC_B1 | G56: 20 | H56: 20 | I56: =SUMIF(合格品入货记录!E:E,样品!E56,合格品入货记录!G:G) -> 0 | J56: =SUMIF(合格品出库记录!E:E,样品!E56,合格品出库记录!G:G) -> 0 | K56: =H56+I56-J56+L56 -> 20 | L56: =SUMIF(不良品库存!D:D,E56:E101,不良品库存!F:F) -> 0 | M56: =H56+I56-J56 -> 20 | P56: =IFERROR(SUMIFS(合格品入货记录!$G:$G,合格品入货记录!$A:$A,样品!P$3,合格品入货记录!$E:$E,样品!$E56)," ") -> 0 | Q56: =SUMIFS(合格品入货记录!$G:$G,合格品入货记录!$A:$A,样品!Q$3,合格品入货记录!$E:$E,样品!$E56) -> 0 | R56: =SUMIFS(合格品入货记录!$G:$G,合格品入货记录!$A:$A,样品!R$3,合格品入货记录!$E:$E,样品!$E56) -> 0 | S56: =SUMIFS(合格品入货记录!$G:$G,合格品入货记录!$A:$A,样品!S$3,合格品入货记录!$E:$E,样品!$E56) -> 0 | T56: =SUMIFS(合格品入货记录!$G:$G,合格品入货记录!$A:$A,样品!T$3,合格品入货记录!$E:$E,样品!$E56) -> 0 | U56: =SUMIFS(合格品入货记录!$G:$G,合格品入货记录!$A:$A,样品!U$3,合格品入货记录!$E:$E,样品!$E56) -> 0 | V56: =SUMIFS(合格品入货记录!$G:$G,合格品入货记录!$A:$A,样品!V$3,合格品入货记录!$E:$E,样品!$E56) -> 0 | W56: =SUMIFS(合格品入货记录!$G:$G,合格品入货记录!$A:$A,样品!W$3,合格品入货记录!$E:$E,样品!$E56) -> 0 | X56: =SUMIFS(合格品入货记录!$G:$G,合格品入货记录!$A:$A,样品!X$3,合格品入货记录!$E:$E,样品!$E56) -> 0 | ... BY56: =SUMIFS(合格品入货记录!$G:$G,合格品入货记录!$A:$A,样品!BY$3,合格品入货记录!$E:$E,样品!$E56) -> 0
A57: 58 | B57: 1DC | C57: 东莞市硅翔绝缘材料有限公司 | D57: 801001005097 | E57: 3.2.49.08.01563 | F57: LXC10EV10C-FPC_B2 | G57: 20 | H57: 20 | I57: =SUMIF(合格品入货记录!E:E,样品!E57,合格品入货记录!G:G) -> 0 | J57: =SUMIF(合格品出库记录!E:E,样品!E57,合格品出库记录!G:G) -> 0 | K57: =H57+I57-J57+L57 -> 20 | L57: =SUMIF(不良品库存!D:D,E57:E102,不良品库存!F:F) -> 0 | M57: =H57+I57-J57 -> 20 | P57: =IFERROR(SUMIFS(合格品入货记录!$G:$G,合格品入货记录!$A:$A,样品!P$3,合格品入货记录!$E:$E,样品!$E57)," ") -> 0 | Q57: =SUMIFS(合格品入货记录!$G:$G,合格品入货记录!$A:$A,样品!Q$3,合格品入货记录!$E:$E,样品!$E57) -> 0 | R57: =SUMIFS(合格品入货记录!$G:$G,合格品入货记录!$A:$A,样品!R$3,合格品入货记录!$E:$E,样品!$E57) -> 0 | S57: =SUMIFS(合格品入货记录!$G:$G,合格品入货记录!$A:$A,样品!S$3,合格品入货记录!$E:$E,样品!$E57) -> 0 | T57: =SUMIFS(合格品入货记录!$G:$G,合格品入货记录!$A:$A,样品!T$3,合格品入货记录!$E:$E,样品!$E57) -> 0 | U57: =SUMIFS(合格品入货记录!$G:$G,合格品入货记录!$A:$A,样品!U$3,合格品入货记录!$E:$E,样品!$E57) -> 0 | V57: =SUMIFS(合格品入货记录!$G:$G,合格品入货记录!$A:$A,样品!V$3,合格品入货记录!$E:$E,样品!$E57) -> 0 | W57: =SUMIFS(合格品入货记录!$G:$G,合格品入货记录!$A:$A,样品!W$3,合格品入货记录!$E:$E,样品!$E57) -> 0 | X57: =SUMIFS(合格品入货记录!$G:$G,合格品入货记录!$A:$A,样品!X$3,合格品入货记录!$E:$E,样品!$E57) -> 0 | ... BY57: =SUMIFS(合格品入货记录!$G:$G,合格品入货记录!$A:$A,样品!BY$3,合格品入货记录!$E:$E,样品!$E57) -> 0
A58: 59 | B58: 1DC | C58: 东莞市硅翔绝缘材料有限公司 | D58: F06001000580 | E58: 3.2.44.30.02622-000 | F58: LXC10EV10C-厂内焊接镍片-01 | H58: 2100 | I58: =SUMIF(合格品入货记录!E:E,样品!E58,合格品入货记录!G:G) -> 0 | J58: =SUMIF(合格品出库记录!E:E,样品!E58,合格品出库记录!G:G) -> 0 | K58: =H58+I58-J58+L58 -> 2100 | L58: =SUMIF(不良品库存!D:D,E58:E103,不良品库存!F:F) -> 0 | M58: =H58+I58-J58 -> 2100 | P58: =IFERROR(SUMIFS(合格品入货记录!$G:$G,合格品入货记录!$A:$A,样品!P$3,合格品入货记录!$E:$E,样品!$E58)," ") -> 0 | Q58: =SUMIFS(合格品入货记录!$G:$G,合格品入货记录!$A:$A,样品!Q$3,合格品入货记录!$E:$E,样品!$E58) -> 0 | R58: =SUMIFS(合格品入货记录!$G:$G,合格品入货记录!$A:$A,样品!R$3,合格品入货记录!$E:$E,样品!$E58) -> 0 | S58: =SUMIFS(合格品入货记录!$G:$G,合格品入货记录!$A:$A,样品!S$3,合格品入货记录!$E:$E,样品!$E58) -> 0 | T58: =SUMIFS(合格品入货记录!$G:$G,合格品入货记录!$A:$A,样品!T$3,合格品入货记录!$E:$E,样品!$E58) -> 0 | U58: =SUMIFS(合格品入货记录!$G:$G,合格品入货记录!$A:$A,样品!U$3,合格品入货记录!$E:$E,样品!$E58) -> 0 | V58: =SUMIFS(合格品入货记录!$G:$G,合格品入货记录!$A:$A,样品!V$3,合格品入货记录!$E:$E,样品!$E58) -> 0 | W58: =SUMIFS(合格品入货记录!$G:$G,合格品入货记录!$A:$A,样品!W$3,合格品入货记录!$E:$E,样品!$E58) -> 0 | X58: =SUMIFS(合格品入货记录!$G:$G,合格品入货记录!$A:$A,样品!X$3,合格品入货记录!$E:$E,样品!$E58) -> 0 | ... BY58: =SUMIFS(合格品入货记录!$G:$G,合格品入货记录!$A:$A,样品!BY$3,合格品入货记录!$E:$E,样品!$E58) -> 0
A59: 60 | B59: 1DC | C59: 东莞市硅翔绝缘材料有限公司 | D59: F06001000377 | E59: 3.2.44.30.01769-000 | F59: LXA12EV10-模组跨接铝排-1 | H59: 0 | I59: =SUMIF(合格品入货记录!E:E,样品!E59,合格品入货记录!G:G) -> 0 | J59: =SUMIF(合格品出库记录!E:E,样品!E59,合格品出库记录!G:G) -> 0 | K59: =H59+I59-J59+L59 -> 0 | L59: =SUMIF(不良品库存!D:D,E59:E104,不良品库存!F:F) -> 0 | M59: =H59+I59-J59 -> 0 | P59: =IFERROR(SUMIFS(合格品入货记录!$G:$G,合格品入货记录!$A:$A,样品!P$3,合格品入货记录!$E:$E,样品!$E59)," ") -> 0 | Q59: =SUMIFS(合格品入货记录!$G:$G,合格品入货记录!$A:$A,样品!Q$3,合格品入货记录!$E:$E,样品!$E59) -> 0 | R59: =SUMIFS(合格品入货记录!$G:$G,合格品入货记录!$A:$A,样品!R$3,合格品入货记录!$E:$E,样品!$E59) -> 0 | S59: =SUMIFS(合格品入货记录!$G:$G,合格品入货记录!$A:$A,样品!S$3,合格品入货记录!$E:$E,样品!$E59) -> 0 | T59: =SUMIFS(合格品入货记录!$G:$G,合格品入货记录!$A:$A,样品!T$3,合格品入货记录!$E:$E,样品!$E59) -> 0 | U59: =SUMIFS(合格品入货记录!$G:$G,合格品入货记录!$A:$A,样品!U$3,合格品入货记录!$E:$E,样品!$E59) -> 0 | V59: =SUMIFS(合格品入货记录!$G:$G,合格品入货记录!$A:$A,样品!V$3,合格品入货记录!$E:$E,样品!$E59) -> 0 | W59: =SUMIFS(合格品入货记录!$G:$G,合格品入货记录!$A:$A,样品!W$3,合格品入货记录!$E:$E,样品!$E59) -> 0 | X59: =SUMIFS(合格品入货记录!$G:$G,合格品入货记录!$A:$A,样品!X$3,合格品入货记录!$E:$E,样品!$E59) -> 0 | ... BY59: =SUMIFS(合格品入货记录!$G:$G,合格品入货记录!$A:$A,样品!BY$3,合格品入货记录!$E:$E,样品!$E59) -> 0
A60: 61 | B60: 1DC | C60: 东莞市硅翔绝缘材料有限公司 | D60: F06001000378 | E60: 3.2.44.30.01770-000 | F60: LXA12EV10-模组跨接铝排-2 | H60: 0 | I60: =SUMIF(合格品入货记录!E:E,样品!E60,合格品入货记录!G:G) -> 0 | J60: =SUMIF(合格品出库记录!E:E,样品!E60,合格品出库记录!G:G) -> 0 | K60: =H60+I60-J60+L60 -> 0 | L60: =SUMIF(不良品库存!D:D,E60:E105,不良品库存!F:F) -> 0 | M60: =H60+I60-J60 -> 0 | P60: =IFERROR(SUMIFS(合格品入货记录!$G:$G,合格品入货记录!$A:$A,样品!P$3,合格品入货记录!$E:$E,样品!$E60)," ") -> 0 | Q60: =SUMIFS(合格品入货记录!$G:$G,合格品入货记录!$A:$A,样品!Q$3,合格品入货记录!$E:$E,样品!$E60) -> 0 | R60: =SUMIFS(合格品入货记录!$G:$G,合格品入货记录!$A:$A,样品!R$3,合格品入货记录!$E:$E,样品!$E60) -> 0 | S60: =SUMIFS(合格品入货记录!$G:$G,合格品入货记录!$A:$A,样品!S$3,合格品入货记录!$E:$E,样品!$E60) -> 0 | T60: =SUMIFS(合格品入货记录!$G:$G,合格品入货记录!$A:$A,样品!T$3,合格品入货记录!$E:$E,样品!$E60) -> 0 | U60: =SUMIFS(合格品入货记录!$G:$G,合格品入货记录!$A:$A,样品!U$3,合格品入货记录!$E:$E,样品!$E60) -> 0 | V60: =SUMIFS(合格品入货记录!$G:$G,合格品入货记录!$A:$A,样品!V$3,合格品入货记录!$E:$E,样品!$E60) -> 0 | W60: =SUMIFS(合格品入货记录!$G:$G,合格品入货记录!$A:$A,样品!W$3,合格品入货记录!$E:$E,样品!$E60) -> 0 | X60: =SUMIFS(合格品入货记录!$G:$G,合格品入货记录!$A:$A,样品!X$3,合格品入货记录!$E:$E,样品!$E60) -> 0 | ... BY60: =SUMIFS(合格品入货记录!$G:$G,合格品入货记录!$A:$A,样品!BY$3,合格品入货记录!$E:$E,样品!$E60) -> 0

Sheet 合格品入货记录
A1: 到货日期 | B1: 厂家代码 | C1: 供应商名称 | D1: 到货单号 | E1: 零件编号 | F1: 零件名称 | G1: 收货数量 | H1: 硅翔料号 | I1: 包装数量 | J1: 备注 | K1: 备注
A2: 46146 | B2: 1DC | C2: 东莞市硅翔绝缘材料有限公司 | D2: 2811102000043572 | E2: 3.2.44.30.01702-000 | F2: LX-B13EV10A-模组B串联铝巴 | G2: 600 | H2: =VLOOKUP(E2,基础信息!C:E,3,FALSE) -> F06001000152 | J2: 51421000285142900011/5142800020/5143000017/5142900017
A3: 46146 | B3: 1DC | C3: 东莞市硅翔绝缘材料有限公司 | D3: 2811102000043572 | E3: 3.2.49.08.01372-000 | F3: LXCIOEV10C-模组A-CCS组件 | G3: 480 | H3: =VLOOKUP(E3,基础信息!C:E,3,FALSE) -> F01001001607 | J3: 51421000285142900011/5142800020/5143000017/5142900017
A4: 46146 | B4: 1DC | C4: 东莞市硅翔绝缘材料有限公司 | D4: 2811102000043572 | E4: 3.2.49.08.01373-000 | F4: LXC10EV10C-模组B-CCS组件 | G4: 525 | H4: =VLOOKUP(E4,基础信息!C:E,3,FALSE) -> F01001001608 | J4: 51421000285142900011/5142800020/5143000017/5142900017
A5: 46146 | B5: 1DC | C5: 东莞市硅翔绝缘材料有限公司 | D5: 2811102000043572 | E5: 3.2.49.08.01373-000 | F5: LXC10EV10C-模组B-CCS组件 | G5: 435 | H5: =VLOOKUP(E5,基础信息!C:E,3,FALSE) -> F01001001608 | J5: 51421000285142900011/5142800020/5143000017/5142900017
A6: 46146 | B6: 1DC | C6: 东莞市硅翔绝缘材料有限公司 | D6: 2811102000043572 | E6: 3.2.49.08.01461-000 | F6: LXC10EV10C-跨接铝巴1 | G6: 3376 | H6: =VLOOKUP(E6,基础信息!C:E,3,FALSE) -> F06001000448 | J6: 51421000285142900011/5142800020/5143000017/5142900017
A7: 46147 | B7: 1DC | C7: 东莞市硅翔绝缘材料有限公司 | D7: 2811102000043586 | E7: 3.2.49.08.00814-000 | F7: LP-B11RE10-CCS总成 | G7: 120 | H7: =VLOOKUP(E7,基础信息!C:E,3,FALSE) -> F01001000370 | J7: 5150400023/5150400008/5150400011
A8: 46147 | B8: 1DC | C8: 东莞市硅翔绝缘材料有限公司 | D8: 2811102000043586 | E8: 3.2.49.08.00814-000 | F8: LP-B11RE10-CCS总成 | G8: 180 | H8: =VLOOKUP(E8,基础信息!C:E,3,FALSE) -> F01001000370 | J8: 5150400023/5150400008/5150400011
A9: 46147 | B9: 1DC | C9: 东莞市硅翔绝缘材料有限公司 | D9: 2811102000043586 | E9: 3.2.49.08.00814-000 | F9: LP-B11RE10-CCS总成 | G9: 180 | H9: =VLOOKUP(E9,基础信息!C:E,3,FALSE) -> F01001000370 | J9: 5150400023/5150400008/5150400011
A10: 46143 | B10: 1DC | C10: 东莞市硅翔绝缘材料有限公司 | D10: 2811102000043460 | E10: 3.2.49.08.00814-000 | F10: LP-B11RE10-CCS总成 | G10: 480 | H10: =VLOOKUP(E10,基础信息!C:E,3,FALSE) -> F01001000370 | J10: 5143000020/5143000018
A11: 46143 | B11: 1DC | C11: 东莞市硅翔绝缘材料有限公司 | D11: 2811102000043460 | E11: 3.2.49.08.00814-000 | F11: LP-B11RE10-CCS总成 | G11: 120 | H11: =VLOOKUP(E11,基础信息!C:E,3,FALSE) -> F01001000370 | J11: 5143000020/5143000018
A12: 46144 | B12: 1DC | C12: 东莞市硅翔绝缘材料有限公司 | D12: 2811102000043477 | E12: 3.1.02.30.01019 | F12: LXC11EV1A;CCS-01 | G12: 288 | H12: =VLOOKUP(E12,基础信息!C:E,3,FALSE) -> F01001002458 | J12: 21z2026043000003/21z2026043000002
A13: 46144 | B13: 1DC | C13: 东莞市硅翔绝缘材料有限公司 | D13: 2811102000043477 | E13: 3.1.02.30.01019 | F13: LXC11EV1A;CCS-01 | G13: 144 | H13: =VLOOKUP(E13,基础信息!C:E,3,FALSE) -> F01001002458 | J13: 21z2026043000003/21z2026043000002
... A70: 46155 | B70: 1DC | C70: 东莞市硅翔绝缘材料有限公司 | D70: 2811102000044081 | E70: 3.2.49.08.00814-000 | F70: LP-B11RE10-CCS总成 | G70: 150 | H70: =VLOOKUP(E70,基础信息!C:E,3,FALSE) -> F01001000370 | J70: 5151200017
H71: =VLOOKUP(E71,基础信息!C:E,3,FALSE) -> #N/A
H72: =VLOOKUP(E72,基础信息!C:E,3,FALSE) -> #N/A
H73: =VLOOKUP(E73,基础信息!C:E,3,FALSE) -> #N/A
H74: =VLOOKUP(E74,基础信息!C:E,3,FALSE) -> #N/A
H75: =VLOOKUP(E75,基础信息!C:E,3,FALSE) -> #N/A
H76: =VLOOKUP(E76,基础信息!C:E,3,FALSE) -> #N/A
H77: =VLOOKUP(E77,基础信息!C:E,3,FALSE) -> #N/A
H78: =VLOOKUP(E78,基础信息!C:E,3,FALSE) -> #N/A
H79: =VLOOKUP(E79,基础信息!C:E,3,FALSE) -> #N/A
H80: =VLOOKUP(E80,基础信息!C:E,3,FALSE) -> #N/A
H81: =VLOOKUP(E81,基础信息!C:E,3,FALSE) -> #N/A
H82: =VLOOKUP(E82,基础信息!C:E,3,FALSE) -> #N/A
... H1202: =VLOOKUP(E1202,基础信息!C:E,3,FALSE) -> #N/A

Sheet 合格品出库记录
A1: 发货日期 | B1: 厂家代码 | C1: 供应商名称 | D1: 装箱单号 | E1: 零件编号 | F1: 零件名称 | G1: 发货数量 | H1: 硅翔料号 | I1: 包装数量 | J1: 备注
A2: 46144 | B2: 1DC | C2: 东莞市硅翔绝缘材料有限公司 | D2: 2811191000016726 | E2: 3.2.49.08.01459-000 | F2: LXC10EV10C-正输出极铝 | G2: 720 | H2: =VLOOKUP(E2,基础信息!C:E,3,FALSE) -> F06001000446 | J2: D2026050200057
A3: 46144 | B3: 1DC | C3: 东莞市硅翔绝缘材料有限公司 | D3: 2811191000016727 | E3: 3.2.49.08.01372-000 | F3: LXCIOEV10C-模组A-CCS组件 | G3: 176 | H3: =VLOOKUP(E3,基础信息!C:E,3,FALSE) -> F01001001607 | J3: D2026050200045
A4: 46144 | B4: 1DC | C4: 东莞市硅翔绝缘材料有限公司 | D4: 2811191000016727 | E4: 3.2.49.08.01372-000 | F4: LXCIOEV10C-模组A-CCS组件 | G4: 112 | H4: =VLOOKUP(E4,基础信息!C:E,3,FALSE) -> F01001001607 | J4: D2026050200045
A5: 46144 | B5: 1DC | C5: 东莞市硅翔绝缘材料有限公司 | D5: 2811202000247034 | E5: 3.1.02.30.00632 | F5: LXT05EV20-模组A-CCS-02 | G5: 140 | H5: =VLOOKUP(E5,基础信息!C:E,3,FALSE) -> F01001002160 | J5: 转武义仓
A6: 46144 | B6: 1DC | C6: 东莞市硅翔绝缘材料有限公司 | D6: 2811202000247034 | E6: 3.1.02.30.00632 | F6: LXT05EV20-模组A-CCS-02 | G6: 28 | H6: =VLOOKUP(E6,基础信息!C:E,3,FALSE) -> F01001002160 | J6: 转武义仓
A7: 46144 | B7: 1DC | C7: 东莞市硅翔绝缘材料有限公司 | D7: 2811202000247034 | E7: 3.1.02.30.00633 | F7: LXT05EV20-模组B-CCS-02 | G7: 126 | H7: =VLOOKUP(E7,基础信息!C:E,3,FALSE) -> F01001002161 | J7: 转武义仓
A8: 46144 | B8: 1DC | C8: 东莞市硅翔绝缘材料有限公司 | D8: 2811202000247034 | E8: 3.1.02.30.00633 | F8: LXT05EV20-模组B-CCS-02 | G8: 28 | H8: =VLOOKUP(E8,基础信息!C:E,3,FALSE) -> F01001002161 | J8: 转武义仓
A9: 46144 | B9: 1DC | C9: 东莞市硅翔绝缘材料有限公司 | D9: 2811202000247034 | E9: 3.1.02.30.00633 | F9: LXT05EV20-模组B-CCS-02 | G9: 14 | H9: =VLOOKUP(E9,基础信息!C:E,3,FALSE) -> F01001002161 | J9: 转武义仓
A10: 46144 | B10: 1DC | C10: 东莞市硅翔绝缘材料有限公司 | D10: 2811202000247036 | E10: 3.2.49.08.01373-000 | F10: LXC10EV10C-模组B-CCS组件 | G10: 390 | H10: =VLOOKUP(E10,基础信息!C:E,3,FALSE) -> F01001001608 | J10: D2026050200070
A11: 46144 | B11: 1DC | C11: 东莞市硅翔绝缘材料有限公司 | D11: 2811202000247036 | E11: 3.2.49.08.01373-000 | F11: LXC10EV10C-模组B-CCS组件 | G11: 15 | H11: =VLOOKUP(E11,基础信息!C:E,3,FALSE) -> F01001001608 | J11: D2026050200070
A12: 46145 | B12: 1DC | C12: 东莞市硅翔绝缘材料有限公司 | D12: 2811202000247039 | E12: 3.2.49.08.01461-000 | F12: LXC10EV10C-跨接铝巴1 | G12: 960 | H12: =VLOOKUP(E12,基础信息!C:E,3,FALSE) -> F06001000448 | J12: D2026050300005
A13: 46145 | B13: 1DC | C13: 东莞市硅翔绝缘材料有限公司 | D13: 2811202000247039 | E13: 3.2.49.08.01462-000 | F13: LXC10EV10C-跨接铝巴2 | G13: 720 | H13: =VLOOKUP(E13,基础信息!C:E,3,FALSE) -> F06001000449 | J13: D2026050300005
... A165: 46155 | B165: 1DC | C165: 东莞市硅翔绝缘材料有限公司 | D165: 2811202000250064 | E165: 3.2.49.08.01373-000 | F165: LXC10EV10C-模组B-CCS组件 | G165: 405 | H165: =VLOOKUP(E165,基础信息!C:E,3,FALSE) -> F01001001608 | J165: D2026051300028
H166: =VLOOKUP(E166,基础信息!C:E,3,FALSE) -> #N/A
H167: =VLOOKUP(E167,基础信息!C:E,3,FALSE) -> #N/A
H168: =VLOOKUP(E168,基础信息!C:E,3,FALSE) -> #N/A
H169: =VLOOKUP(E169,基础信息!C:E,3,FALSE) -> #N/A
H170: =VLOOKUP(E170,基础信息!C:E,3,FALSE) -> #N/A
H171: =VLOOKUP(E171,基础信息!C:E,3,FALSE) -> #N/A
H172: =VLOOKUP(E172,基础信息!C:E,3,FALSE) -> #N/A
H173: =VLOOKUP(E173,基础信息!C:E,3,FALSE) -> #N/A
H174: =VLOOKUP(E174,基础信息!C:E,3,FALSE) -> #N/A
H175: =VLOOKUP(E175,基础信息!C:E,3,FALSE) -> #N/A
H176: =VLOOKUP(E176,基础信息!C:E,3,FALSE) -> #N/A
H177: =VLOOKUP(E177,基础信息!C:E,3,FALSE) -> #N/A
... H9709: =VLOOKUP(E9709,基础信息!C:E,3,FALSE) -> #N/A

Sheet 售后配件
A1: 计划生产日期 | B1: 订单号 | C1: 物料 | D1: 物料名称 | E1: 供应商名称 | F1: 指示数量 | G1: 实发 | H1: 签收日期 | I1: 发货SNP | J1: 箱数 | K1: 备注
D2: =VLOOKUP(C:C,日报!E:F,2,0) -> #N/A | E2: 安徽晨阳 | I2: =VLOOKUP(C:C,日报!E:H,4,0) -> #N/A | J2: =G2/I2 -> #N/A

Sheet 不良品库存
A1: 日期 | B1: 厂家代码 | C1: 供应商名称 | D1: 零件号/空盛具 | E1: 零件名称 | F1: 退货数量 | G1: 发货人 | H1: 备注 | I1: 单号 | J1: 备注2
A2: 44986 | B2: 1DC | C2: 东莞市硅翔绝缘材料有限公司 | D2: 3.2.49.08.00235-000 | E2: LPT03A_PBP-模组CCS总成1 | F2: 40 | H2: 喜百年转入不良品 | I2: 2811102000000040
A3: 44986 | B3: 1DC | C3: 东莞市硅翔绝缘材料有限公司 | D3: 3.2.49.08.00347-000 | E3: T03A_PBP-模组（南京国轩电芯）CCS总成2 | F3: 12 | H3: 喜百年转入不良品 | I3: 2811102000000040
A4: 45248 | B4: 1DC | C4: 东莞市硅翔绝缘材料有限公司 | D4: 3.2.49.08.00331-000 | E4: LP-C11RE0-CCS 总成-21A | F4: 2 | H4: 售后退回 | I4: 2811291000000419
A5: 45254 | B5: 1DC | C5: 东莞市硅翔绝缘材料有限公司 | D5: 3.2.49.08.00331-000 | E5: LP-C11RE0-CCS 总成-21A | F5: 1 | H5: 线服排查不良品 | I5: 2811401000000235
A6: 45259 | B6: 1DC | C6: 东莞市硅翔绝缘材料有限公司 | D6: 3.2.49.08.00331-000 | E6: LP-C11RE0-CCS 总成-21A | F6: 1 | H6: 驻场排查不良 11.29 | I6: 2811401000000237
A7: 45277 | B7: 1DC | C7: 东莞市硅翔绝缘材料有限公司 | D7: 3.2.49.08.00346-000 | E7: T03A_PBP-模组（南京国轩电芯）CCS总成1 | F7: 4 | H7: 12.17驻厂排查不良 | I7: 2811401000000255
A8: 45497 | B8: 1DC | C8: 东莞市硅翔绝缘材料有限公司 | D8: 3.2.49.08.00347-000 | E8: T03A_PBP-模组（南京国轩电芯）CCS总成2 | F8: -10 | H8: 转合格品 | I8: 2811401000000473
A9: 45606 | B9: 1DC | C9: 东莞市硅翔绝缘材料有限公司 | D9: 3.2.44.30.01701-000 | E9: LX-B13EV10A-模组A串联铝巴 | F9: 1000 | H9: 不良品零跑退货 | I9: 2811291000002036
A10: 45642 | B10: 1DC | C10: 东莞市硅翔绝缘材料有限公司 | D10: 3.2.49.08.00331-000 | E10: LP-C11RE0-CCS 总成-21A | F10: 46 | H10: 老状态 隔离暂转 | I10: 2811401000000644
A11: 45727 | B11: 1DC | C11: 东莞市硅翔绝缘材料有限公司 | D11: 3.2.44.30.01701-000 | E11: LX-B13EV10A-模组A串联铝巴 | F11: -1000 | H11: 供应商通知转良品 | I11: 2811401000000771
A12: 45733 | B12: 1DC | C12: 东莞市硅翔绝缘材料有限公司 | D12: 3.2.49.08.00235-000 | E12: LPT03A_PBP-模组CCS总成1 | F12: -40 | H12: 不良退回 | I12: 2811191000006403
A13: 45733 | B13: 1DC | C13: 东莞市硅翔绝缘材料有限公司 | D13: 3.2.49.08.00346-000 | E13: T03A_PBP-模组（南京国轩电芯）CCS总成1 | F13: -4 | H13: 不良退回 | I13: 2811191000006408
... A18: 45985 | B18: 1DC | C18: 东莞市硅翔绝缘材料有限公司 | D18: 3.2.49.08.01089-000 | E18: 串联排二 | F18: -100 | H18: 供应商要求转良品 | I18: 2811401000001155
A19: 46005 | B19: 1DC | C19: 东莞市硅翔绝缘材料有限公司 | D19: 3.2.49.08.01089-000 | E19: 串联排二 | F19: 100 | I19: 2811401000001203
A20: 46029 | B20: 1DC | C20: 东莞市硅翔绝缘材料有限公司 | D20: 3.1.02.30.01020 | E20: LXC11EV1A;CCS-02 | F20: 12 | H20: 盘点调账转不良 | I20: 2811401000001242

Sheet 预警

Sheet 基础信息
A1: 供应商代码 | B1: 供应商名称 | C1: 零件号 | D1: 零件名称 | E1: 硅翔料号 | F1: 包装代码 | G1: 数量SNP | H1: 车型 | I1: 交付地点 | J1: 单车用量
A2: 1DC | B2: 东莞市硅翔绝缘材料有限公司 | C2: 3.2.49.08.01246-000 | E2: F01001001117
A3: 1DC | B3: 东莞市硅翔绝缘材料有限公司 | C3: 3.2.49.08.00235-000 | E3: F01001000763
A4: 1DC | B4: 东莞市硅翔绝缘材料有限公司 | C4: 3.2.49.08.00259-000 | E4: F01001000765
A5: 1DC | B5: 东莞市硅翔绝缘材料有限公司 | C5: 3.2.49.08.00658-000 | E5: F02001000532
A6: 1DC | B6: 东莞市硅翔绝缘材料有限公司 | C6: 3.2.49.08.00659-000 | E6: F02001000533
A7: 1DC | B7: 东莞市硅翔绝缘材料有限公司 | C7: 3.2.49.08.00660-000 | E7: F02001000534
A8: 1DC | B8: 东莞市硅翔绝缘材料有限公司 | C8: 3.2.49.08.00332-000 | E8: F01001000118
A9: 1DC | B9: 东莞市硅翔绝缘材料有限公司 | C9: 3.2.49.08.00331-000 | E9: F01001000117
A10: 1DC | B10: 东莞市硅翔绝缘材料有限公司 | C10: 3.2.49.08.00242-000 | E10: F02001000530
A11: 1DC | B11: 东莞市硅翔绝缘材料有限公司 | C11: 3.2.49.08.00524-000 | E11: F01001000348
A12: 1DC | B12: 东莞市硅翔绝缘材料有限公司 | C12: 3.2.49.08.00732-000 | E12: F01001000350
A13: 1DC | B13: 东莞市硅翔绝缘材料有限公司 | C13: 3.2.49.08.00731-000 | E13: F01001000349
... A51: 1DC | B51: 东莞市硅翔绝缘材料有限公司 | C51: 3.2.44.30.00303-000 | E51: F06001000569
A52: 1DC | B52: 东莞市硅翔绝缘材料有限公司 | C52: 3.2.49.08.00609-000 | E52: 801001003682
A53: 1DC | B53: 东莞市硅翔绝缘材料有限公司 | C53: 3.2.49.08.00608-000 | E53: 801001003681
A54: 1DC | B54: 东莞市硅翔绝缘材料有限公司 | C54: 3.2.41.30.00436-000 | E54: F06001000390
A55: 1DC | B55: 东莞市硅翔绝缘材料有限公司 | C55: 3.2.49.08.01089-000 | E55: F06001000151
A56: 1DC | B56: 东莞市硅翔绝缘材料有限公司 | C56: 3.2.41.30.00187-000 | E56: F06001000091
A57: 1DC | B57: 东莞市硅翔绝缘材料有限公司 | C57: 3.2.53.06.00106-000 | E57: F02002000735
A58: 1DC | B58: 东莞市硅翔绝缘材料有限公司 | C58: 3.2.53.06.00107-000 | E58: F02002000734
A59: 1DC | B59: 东莞市硅翔绝缘材料有限公司 | C59: 3.2.44.30.02022-000 | E59: F06001000399
A60: 1DC | B60: 东莞市硅翔绝缘材料有限公司 | C60: 3.2.44.30.02023-000 | E60: F06001000395
A61: 1DC | B61: 东莞市硅翔绝缘材料有限公司 | C61: 3.2.44.30.02024-000 | E61: F06001000397
A62: 1DC | B62: 东莞市硅翔绝缘材料有限公司 | C62: 3.2.44.30.02025-000 | E62: F06001000400
A63: 1DC | B63: 东莞市硅翔绝缘材料有限公司 | C63: 3.2.44.30.02026-000 | E63: F06001000394
A64: 1DC | B64: 东莞市硅翔绝缘材料有限公司 | C64: 3.2.44.30.02027-000 | E64: F06001000398
A65: 1DC | B65: 东莞市硅翔绝缘材料有限公司 | C65: 3.2.44.30.02028-000 | E65: F06001000396
... A81: 1DC | B81: 东莞市硅翔绝缘材料有限公司 | C81: 3.2.41.30.01245-000 | E81: F06001000422
A82: 1DC | B82: 东莞市硅翔绝缘材料有限公司 | C82: 3.2.49.08.01391-000 | E82: 801001003166
A83: 1DC | B83: 东莞市硅翔绝缘材料有限公司 | C83: 3.2.49.08.01459-000 | E83: F06001000446
A84: 1DC | B84: 东莞市硅翔绝缘材料有限公司 | C84: 3.2.49.08.01460-000 | E84: F06001000447
A85: 1DC | B85: 东莞市硅翔绝缘材料有限公司 | C85: 3.2.49.08.01461-000 | E85: F06001000448
A86: 1DC | B86: 东莞市硅翔绝缘材料有限公司 | C86: 3.2.49.08.01462-000 | E86: F06001000449
A87: 1DC | B87: 东莞市硅翔绝缘材料有限公司 | C87: 3.2.49.08.01463-000 | E87: F06001000450
A88: 1DC | B88: 东莞市硅翔绝缘材料有限公司 | C88: 3.2.49.08.01373-000 | E88: F01001001608
A89: 1DC | B89: 东莞市硅翔绝缘材料有限公司 | C89: 3.2.49.08.01372-000 | E89: F01001001607
A90: 1DC | B90: 东莞市硅翔绝缘材料有限公司 | C90: 3.2.49.08.00447-000 | E90: 801001004706
A91: 1DC | B91: 东莞市硅翔绝缘材料有限公司 | C91: 3.2.41.30.00435-000 | E91: F06001000376
A92: 1DC | B92: 东莞市硅翔绝缘材料有限公司 | C92: 3.2.49.08.00446-000 | E92: 801001004766
A93: 1DC | B93: 东莞市硅翔绝缘材料有限公司 | C93: 3.2.49.08.01337-000 | E93: F01001001480
A94: 1DC | B94: 东莞市硅翔绝缘材料有限公司 | C94: 3.2.49.08.01338-000 | E94: F01001001481
A95: 1DC | B95: 东莞市硅翔绝缘材料有限公司 | C95: 3.1.02.30.00547 | E95: F01001002013
A96: 1DC | B96: 东莞市硅翔绝缘材料有限公司 | C96: 3.1.02.30.00548 | E96: F01001002014
C97: 3.2.49.08.01032-000(验证) | E97: F01001002172
C98: 3.2.49.08.01033-000(验证) | E98: F01001002173
C99: 3.2.44.30.02433-000 | E99: F06001000490
C100: 3.2.41.30.01477-000 | E100: F06001000489
C101: 3.2.41.30.00437-000 | E101: F06001000794
C102: 3.2.49.08.01824-000 | E102: 801001005154
C103: 3.2.49.08.01825-000 | E103: 801001005155
C104: 3.2.49.08.01826-000 | E104: 801001005156
C105: 3.2.49.08.01827-000 | E105: 801001005157
C106: 3.1.02.30.01019 | E106: F01001002458
C107: 3.1.02.30.01020 | E107: F01001002459
C108: 3.2.49.08.02348-000 | E108: F01001002456
C109: 3.2.49.08.02354-000 | E109: F01001002457
C110: 3.2.49.08.00763-000 | E110: 801001004175
C111: 3.2.49.08.00611-000 | E111: 801001005718
C112: 3.2.49.08.00612-000 | E112: 801001005719
C113: 3.2.49.08.01560 | E113: 801001005094
C114: 3.2.49.08.01561 | E114: 801001005095
C115: 3.2.49.08.01562 | E115: 801001005096
C116: 3.2.49.08.01563 | E116: 801001005097
C117: 3.2.44.30.02622-000 | E117: F06001000580
C118: 3.2.44.30.01769-000 | E118: F06001000377
C119: 3.2.44.30.01770-000 | E119: F06001000378
C120: 3.2.41.30.01906-000 | E120: F06001000861
C121: 3.2.44.30.02162-000 | E121: F06001000579
C122: 3.2.44.30.02163-000 | E122: F06001000814
C123: 3.2.41.30.01727-000 | E123: F06001000720
C124: 3.2.41.30.01728-000 | E124: F06001000721
C125: 3.2.41.30.01730 | E125: F06001000723
C126: 3.1.02.30.01300 | E126: F01001002816
C127: 3.1.02.30.01301 | E127: F01001002817
C128: 3.1.02.30.01290 | E128: F01001002784
... C198: 3.1.02.30.01486 | E198: F01001003095

Sheet Sheet1
A1: 供应商 | B1: 零件代码 | C1: 零件编号 | D1: 零件名称 | E1: 可用结存 | F1: 43977 | G1: 差异 | H1: 43978 | I1: 差异 | J1: 43979 | K1: 差异
A2: 华通 | B2: 12036504 | C2: KK7B17C871AA | D2: CD539C MCA中支架总成 | E2: 48 | F2: 96 | G2: -48 | H2: 96 | I2: -144 | J2: 96 | K2: -240
A3: 华通 | B3: 12036505 | C3: KK7B17D995AA | D3: CD539C MCA刚度支架总成-左 | E3: 840 | F3: 28 | G3: 812 | H3: 28 | I3: 784 | J3: 28 | K3: 756
A4: 华通 | B4: 12036506 | C4: KK7B17D995BA | D4: CD539C MCA刚度支架总成-右 | E4: 756 | F4: 28 | G4: 728 | H4: 28 | I4: 700 | J4: 28 | K4: 672
A5: 翰氏 | B5: 12036502 | C5: KK7B17D948AB | D5: CD539C MCA尾灯支架总成-右 | E5: 96 | F5: 84 | G5: 12 | H5: 84 | I5: -72 | J5: 84 | K5: -156
A6: 翰氏 | B6: 12036503 | C6: KK7B17D949AB | D6: CD539C MCA尾灯支架总成-左 | E6: -25 | F6: 84 | G6: -109 | H6: 84 | I6: -193 | J6: 84 | K6: -277
A7: 翰氏 | B7: 12036500 | C7: KK7B17E850AB | D7: CD539C MCA侧围支架总成-右 | E7: -285 | F7: 64 | G7: -349 | H7: 64 | I7: -413 | J7: 64 | K7: -477
A8: 翰氏 | B8: 12036501 | C8: KK7B17E851AB | D8: CD539C MCA侧围支架总成-左 | E8: -267 | F8: 64 | G8: -331 | H8: 64 | I8: -395 | J8: 64 | K8: -459
A9: 塑源 | B9: 11988184 | C9: KK7B17D995VB | D9: CD539C MCA刚度支架总成-左-高配 | E9: 595 | F9: 72 | G9: 523 | H9: 72 | I9: 451 | J9: 72 | K9: 379
A10: 塑源 | B10: 11988185 | C10: KK7B17D995XB | D10: CD539C MCA刚度支架总成-右-高配 | E10: 596 | F10: 72 | G10: 524 | H10: 72 | I10: 452 | J10: 72 | K10: 380
