Workbook

Sheet 日报
A1: 46143 | E1: 注：“可用结存”列中红色数据代表库存量过低，黄色数据代表超出最高库存量。
A2: 序号 | B2: 供应商代码 | C2: 供应商名称 | D2: 零件编号 | E2: 零件名称 | F2: SNP | G2: 上月结存 | H2: 累进 | I2: 累出 | J2: 零跑退回良品 | K2: 当前库存 | L2: 不合格品库存 | M2: 可用结存 | N2: 最高库存量 | O2: 单车用量 | P2: 入库 | AU2: 出库 | BZ2: 领跑良品退回
P3: 46143 | Q3: 46144 | R3: 46145 | S3: 46146 | T3: 46147 | U3: 46148 | V3: 46149 | W3: 46150 | X3: 46151 | Y3: 46152 | Z3: 46153 | AA3: 46154 | AB3: 46155 | AC3: 46156 | AD3: 46157 | AE3: 46158 | AF3: 46159 | AG3: 46160 | AH3: 46161 | AI3: 46162 | AJ3: 46163 | AK3: 46164 | AL3: 46165 | AM3: 46166 | AN3: 46167 | AO3: 46168 | AP3: 46169 | AQ3: 46170 | AR3: 46171 | AS3: 46172 | AT3: 46173 | AU3: 46143 | AV3: 46144 | AW3: 46145 | AX3: 46146 | AY3: 46147 | AZ3: 46148 | BA3: 46149 | BB3: 46150 | BC3: 46151 | BD3: 46152 | BE3: 46153 | BF3: 46154 | BG3: 46155 | BH3: 46156 | BI3: 46157 | BJ3: 46158 | BK3: 46159 | BL3: 46160 | BM3: 46161 | BN3: 46162 | BO3: 46163 | BP3: 46164 | BQ3: 46165 | BR3: 46166 | BS3: 46167 | BT3: 46168 | BU3: 46169 | BV3: 46170 | BW3: 46171 | BX3: 46172 | BY3: 46173 | BZ3: 46143 | CA3: 46144 | CB3: 46145 | CC3: 46146 | CD3: 46147 | CE3: 46148 | CF3: 46149 | CG3: 46150 | CH3: 46151 | CI3: 46152 | CJ3: 46153 | CK3: 46154 | CL3: 46155 | CM3: 46156 | CN3: 46157 | CO3: 46158 | CP3: 46159 | CQ3: 46160 | CR3: 46161 | CS3: 46162 | CT3: 46163 | CU3: 46164 | CV3: 46165 | CW3: 46166 | CX3: 46167 | CY3: 46168 | CZ3: 46169 | DA3: 46170 | DB3: 46171 | DC3: 46172 | DD3: 46173
A4: 1 | B4: 1AC | C4: 宁波天下汽配有限公司 | D4: 3.2.42.20.00028-000 | E4: 三相线接线盒 | F4: =IFERROR(VLOOKUP(D4,基础信息!D:F,3,FALSE),"0") -> 224 | G4: 0 | H4: =SUMIF(合格品入库记录!E:E,日报!D4,合格品入库记录!G:G) -> 1792 | I4: =SUMIF(合格品出库记录!E:E,日报!D4,合格品出库记录!G:G) -> 0 | J4: =SUMIF(领跑良品退回!E:E,D4,领跑良品退回!G:G) -> 0 | K4: =M4+L4 -> 2485 | L4: =SUMIF(不良品库存!D:D,D:D,不良品库存!F:F) -> 693 | M4: =G4+H4-I4+J4 -> 1792 | N4: 5376 | O4: 1 | P4: =IF(SUMIFS(合格品入库记录!$G:$G,合格品入库记录!$E:$E,日报!$D:$D,合格品入库记录!$A:$A,日报!P$3)<>0,SUMIFS(合格品入库记录!$G:$G,合格品入库记录!$E:$E,日报!$D:$D,合格品入库记录!$A:$A,日报!P$3),"") | Q4: =IF(SUMIFS(合格品入库记录!$G:$G,合格品入库记录!$E:$E,日报!$D:$D,合格品入库记录!$A:$A,日报!Q$3)<>0,SUMIFS(合格品入库记录!$G:$G,合格品入库记录!$E:$E,日报!$D:$D,合格品入库记录!$A:$A,日报!Q$3),"") | R4: =IF(SUMIFS(合格品入库记录!$G:$G,合格品入库记录!$E:$E,日报!$D:$D,合格品入库记录!$A:$A,日报!R$3)<>0,SUMIFS(合格品入库记录!$G:$G,合格品入库记录!$E:$E,日报!$D:$D,合格品入库记录!$A:$A,日报!R$3),"") | S4: =IF(SUMIFS(合格品入库记录!$G:$G,合格品入库记录!$E:$E,日报!$D:$D,合格品入库记录!$A:$A,日报!S$3)<>0,SUMIFS(合格品入库记录!$G:$G,合格品入库记录!$E:$E,日报!$D:$D,合格品入库记录!$A:$A,日报!S$3),"") | T4: =IF(SUMIFS(合格品入库记录!$G:$G,合格品入库记录!$E:$E,日报!$D:$D,合格品入库记录!$A:$A,日报!T$3)<>0,SUMIFS(合格品入库记录!$G:$G,合格品入库记录!$E:$E,日报!$D:$D,合格品入库记录!$A:$A,日报!T$3),"") -> 1792 | U4: =IF(SUMIFS(合格品入库记录!$G:$G,合格品入库记录!$E:$E,日报!$D:$D,合格品入库记录!$A:$A,日报!U$3)<>0,SUMIFS(合格品入库记录!$G:$G,合格品入库记录!$E:$E,日报!$D:$D,合格品入库记录!$A:$A,日报!U$3),"") | V4: =IF(SUMIFS(合格品入库记录!$G:$G,合格品入库记录!$E:$E,日报!$D:$D,合格品入库记录!$A:$A,日报!V$3)<>0,SUMIFS(合格品入库记录!$G:$G,合格品入库记录!$E:$E,日报!$D:$D,合格品入库记录!$A:$A,日报!V$3),"") | W4: =IF(SUMIFS(合格品入库记录!$G:$G,合格品入库记录!$E:$E,日报!$D:$D,合格品入库记录!$A:$A,日报!W$3)<>0,SUMIFS(合格品入库记录!$G:$G,合格品入库记录!$E:$E,日报!$D:$D,合格品入库记录!$A:$A,日报!W$3),"") | ... AT4: =IF(SUMIFS(合格品入库记录!$G:$G,合格品入库记录!$E:$E,日报!$D:$D,合格品入库记录!$A:$A,日报!AT$3)<>0,SUMIFS(合格品入库记录!$G:$G,合格品入库记录!$E:$E,日报!$D:$D,合格品入库记录!$A:$A,日报!AT$3),"") | AU4: =IF(SUMIFS(合格品出库记录!$G:$G,合格品出库记录!$E:$E,日报!$D:$D,合格品出库记录!$A:$A,日报!AU$3)<>0,SUMIFS(合格品出库记录!$G:$G,合格品出库记录!$E:$E,日报!$D:$D,合格品出库记录!$A:$A,日报!AU$3),"") | AV4: =IF(SUMIFS(合格品出库记录!$G:$G,合格品出库记录!$E:$E,日报!$D:$D,合格品出库记录!$A:$A,日报!AV$3)<>0,SUMIFS(合格品出库记录!$G:$G,合格品出库记录!$E:$E,日报!$D:$D,合格品出库记录!$A:$A,日报!AV$3),"") | AW4: =IF(SUMIFS(合格品出库记录!$G:$G,合格品出库记录!$E:$E,日报!$D:$D,合格品出库记录!$A:$A,日报!AW$3)<>0,SUMIFS(合格品出库记录!$G:$G,合格品出库记录!$E:$E,日报!$D:$D,合格品出库记录!$A:$A,日报!AW$3),"") | AX4: =IF(SUMIFS(合格品出库记录!$G:$G,合格品出库记录!$E:$E,日报!$D:$D,合格品出库记录!$A:$A,日报!AX$3)<>0,SUMIFS(合格品出库记录!$G:$G,合格品出库记录!$E:$E,日报!$D:$D,合格品出库记录!$A:$A,日报!AX$3),"") | AY4: =IF(SUMIFS(合格品出库记录!$G:$G,合格品出库记录!$E:$E,日报!$D:$D,合格品出库记录!$A:$A,日报!AY$3)<>0,SUMIFS(合格品出库记录!$G:$G,合格品出库记录!$E:$E,日报!$D:$D,合格品出库记录!$A:$A,日报!AY$3),"") | AZ4: =IF(SUMIFS(合格品出库记录!$G:$G,合格品出库记录!$E:$E,日报!$D:$D,合格品出库记录!$A:$A,日报!AZ$3)<>0,SUMIFS(合格品出库记录!$G:$G,合格品出库记录!$E:$E,日报!$D:$D,合格品出库记录!$A:$A,日报!AZ$3),"") | BA4: =IF(SUMIFS(合格品出库记录!$G:$G,合格品出库记录!$E:$E,日报!$D:$D,合格品出库记录!$A:$A,日报!BA$3)<>0,SUMIFS(合格品出库记录!$G:$G,合格品出库记录!$E:$E,日报!$D:$D,合格品出库记录!$A:$A,日报!BA$3),"") | BB4: =IF(SUMIFS(合格品出库记录!$G:$G,合格品出库记录!$E:$E,日报!$D:$D,合格品出库记录!$A:$A,日报!BB$3)<>0,SUMIFS(合格品出库记录!$G:$G,合格品出库记录!$E:$E,日报!$D:$D,合格品出库记录!$A:$A,日报!BB$3),"") | ... BY4: =IF(SUMIFS(合格品出库记录!$G:$G,合格品出库记录!$E:$E,日报!$D:$D,合格品出库记录!$A:$A,日报!BY$3)<>0,SUMIFS(合格品出库记录!$G:$G,合格品出库记录!$E:$E,日报!$D:$D,合格品出库记录!$A:$A,日报!BY$3),"") | BZ4: =IF(SUMIFS(领跑良品退回!$G:$G,领跑良品退回!$E:$E,日报!$D:$D,领跑良品退回!$A:$A,日报!BZ$3)<>0,SUMIFS(领跑良品退回!$G:$G,领跑良品退回!$E:$E,日报!$D:$D,领跑良品退回!$A:$A,日报!BZ$3),"") | CA4: =IF(SUMIFS(领跑良品退回!$G:$G,领跑良品退回!$E:$E,日报!$D:$D,领跑良品退回!$A:$A,日报!CA$3)<>0,SUMIFS(领跑良品退回!$G:$G,领跑良品退回!$E:$E,日报!$D:$D,领跑良品退回!$A:$A,日报!CA$3),"") | CB4: =IF(SUMIFS(领跑良品退回!$G:$G,领跑良品退回!$E:$E,日报!$D:$D,领跑良品退回!$A:$A,日报!CB$3)<>0,SUMIFS(领跑良品退回!$G:$G,领跑良品退回!$E:$E,日报!$D:$D,领跑良品退回!$A:$A,日报!CB$3),"") | CC4: =IF(SUMIFS(领跑良品退回!$G:$G,领跑良品退回!$E:$E,日报!$D:$D,领跑良品退回!$A:$A,日报!CC$3)<>0,SUMIFS(领跑良品退回!$G:$G,领跑良品退回!$E:$E,日报!$D:$D,领跑良品退回!$A:$A,日报!CC$3),"") | CD4: =IF(SUMIFS(领跑良品退回!$G:$G,领跑良品退回!$E:$E,日报!$D:$D,领跑良品退回!$A:$A,日报!CD$3)<>0,SUMIFS(领跑良品退回!$G:$G,领跑良品退回!$E:$E,日报!$D:$D,领跑良品退回!$A:$A,日报!CD$3),"") | CE4: =IF(SUMIFS(领跑良品退回!$G:$G,领跑良品退回!$E:$E,日报!$D:$D,领跑良品退回!$A:$A,日报!CE$3)<>0,SUMIFS(领跑良品退回!$G:$G,领跑良品退回!$E:$E,日报!$D:$D,领跑良品退回!$A:$A,日报!CE$3),"") | CF4: =IF(SUMIFS(领跑良品退回!$G:$G,领跑良品退回!$E:$E,日报!$D:$D,领跑良品退回!$A:$A,日报!CF$3)<>0,SUMIFS(领跑良品退回!$G:$G,领跑良品退回!$E:$E,日报!$D:$D,领跑良品退回!$A:$A,日报!CF$3),"") | CG4: =IF(SUMIFS(领跑良品退回!$G:$G,领跑良品退回!$E:$E,日报!$D:$D,领跑良品退回!$A:$A,日报!CG$3)<>0,SUMIFS(领跑良品退回!$G:$G,领跑良品退回!$E:$E,日报!$D:$D,领跑良品退回!$A:$A,日报!CG$3),"") | ... DD4: =IF(SUMIFS(领跑良品退回!$G:$G,领跑良品退回!$E:$E,日报!$D:$D,领跑良品退回!$A:$A,日报!DD$3)<>0,SUMIFS(领跑良品退回!$G:$G,领跑良品退回!$E:$E,日报!$D:$D,领跑良品退回!$A:$A,日报!DD$3),"")
A5: 2 | B5: 1AC | C5: 宁波天下汽配有限公司 | D5: 3.2.42.20.00006-000 | E5: 水管接头L | F5: =IFERROR(VLOOKUP(D5,基础信息!D:F,3,FALSE),"0") -> 750 | G5: 0 | H5: =SUMIF(合格品入库记录!E:E,日报!D5,合格品入库记录!G:G) -> 4500 | I5: =SUMIF(合格品出库记录!E:E,日报!D5,合格品出库记录!G:G) -> 0 | J5: =SUMIF(领跑良品退回!E:E,D5,领跑良品退回!G:G) -> 0 | K5: =M5+L5 -> 4588 | L5: =SUMIF(不良品库存!D:D,D:D,不良品库存!F:F) -> 88 | M5: =G5+H5-I5+J5 -> 4500 | N5: 13500 | O5: 3 | P5: =IF(SUMIFS(合格品入库记录!$G:$G,合格品入库记录!$E:$E,日报!$D:$D,合格品入库记录!$A:$A,日报!P$3)<>0,SUMIFS(合格品入库记录!$G:$G,合格品入库记录!$E:$E,日报!$D:$D,合格品入库记录!$A:$A,日报!P$3),"") | Q5: =IF(SUMIFS(合格品入库记录!$G:$G,合格品入库记录!$E:$E,日报!$D:$D,合格品入库记录!$A:$A,日报!Q$3)<>0,SUMIFS(合格品入库记录!$G:$G,合格品入库记录!$E:$E,日报!$D:$D,合格品入库记录!$A:$A,日报!Q$3),"") | R5: =IF(SUMIFS(合格品入库记录!$G:$G,合格品入库记录!$E:$E,日报!$D:$D,合格品入库记录!$A:$A,日报!R$3)<>0,SUMIFS(合格品入库记录!$G:$G,合格品入库记录!$E:$E,日报!$D:$D,合格品入库记录!$A:$A,日报!R$3),"") | S5: =IF(SUMIFS(合格品入库记录!$G:$G,合格品入库记录!$E:$E,日报!$D:$D,合格品入库记录!$A:$A,日报!S$3)<>0,SUMIFS(合格品入库记录!$G:$G,合格品入库记录!$E:$E,日报!$D:$D,合格品入库记录!$A:$A,日报!S$3),"") | T5: =IF(SUMIFS(合格品入库记录!$G:$G,合格品入库记录!$E:$E,日报!$D:$D,合格品入库记录!$A:$A,日报!T$3)<>0,SUMIFS(合格品入库记录!$G:$G,合格品入库记录!$E:$E,日报!$D:$D,合格品入库记录!$A:$A,日报!T$3),"") -> 4500 | U5: =IF(SUMIFS(合格品入库记录!$G:$G,合格品入库记录!$E:$E,日报!$D:$D,合格品入库记录!$A:$A,日报!U$3)<>0,SUMIFS(合格品入库记录!$G:$G,合格品入库记录!$E:$E,日报!$D:$D,合格品入库记录!$A:$A,日报!U$3),"") | V5: =IF(SUMIFS(合格品入库记录!$G:$G,合格品入库记录!$E:$E,日报!$D:$D,合格品入库记录!$A:$A,日报!V$3)<>0,SUMIFS(合格品入库记录!$G:$G,合格品入库记录!$E:$E,日报!$D:$D,合格品入库记录!$A:$A,日报!V$3),"") | W5: =IF(SUMIFS(合格品入库记录!$G:$G,合格品入库记录!$E:$E,日报!$D:$D,合格品入库记录!$A:$A,日报!W$3)<>0,SUMIFS(合格品入库记录!$G:$G,合格品入库记录!$E:$E,日报!$D:$D,合格品入库记录!$A:$A,日报!W$3),"") | ... AT5: =IF(SUMIFS(合格品入库记录!$G:$G,合格品入库记录!$E:$E,日报!$D:$D,合格品入库记录!$A:$A,日报!AT$3)<>0,SUMIFS(合格品入库记录!$G:$G,合格品入库记录!$E:$E,日报!$D:$D,合格品入库记录!$A:$A,日报!AT$3),"") | AU5: =IF(SUMIFS(合格品出库记录!$G:$G,合格品出库记录!$E:$E,日报!$D:$D,合格品出库记录!$A:$A,日报!AU$3)<>0,SUMIFS(合格品出库记录!$G:$G,合格品出库记录!$E:$E,日报!$D:$D,合格品出库记录!$A:$A,日报!AU$3),"") | AV5: =IF(SUMIFS(合格品出库记录!$G:$G,合格品出库记录!$E:$E,日报!$D:$D,合格品出库记录!$A:$A,日报!AV$3)<>0,SUMIFS(合格品出库记录!$G:$G,合格品出库记录!$E:$E,日报!$D:$D,合格品出库记录!$A:$A,日报!AV$3),"") | AW5: =IF(SUMIFS(合格品出库记录!$G:$G,合格品出库记录!$E:$E,日报!$D:$D,合格品出库记录!$A:$A,日报!AW$3)<>0,SUMIFS(合格品出库记录!$G:$G,合格品出库记录!$E:$E,日报!$D:$D,合格品出库记录!$A:$A,日报!AW$3),"") | AX5: =IF(SUMIFS(合格品出库记录!$G:$G,合格品出库记录!$E:$E,日报!$D:$D,合格品出库记录!$A:$A,日报!AX$3)<>0,SUMIFS(合格品出库记录!$G:$G,合格品出库记录!$E:$E,日报!$D:$D,合格品出库记录!$A:$A,日报!AX$3),"") | AY5: =IF(SUMIFS(合格品出库记录!$G:$G,合格品出库记录!$E:$E,日报!$D:$D,合格品出库记录!$A:$A,日报!AY$3)<>0,SUMIFS(合格品出库记录!$G:$G,合格品出库记录!$E:$E,日报!$D:$D,合格品出库记录!$A:$A,日报!AY$3),"") | AZ5: =IF(SUMIFS(合格品出库记录!$G:$G,合格品出库记录!$E:$E,日报!$D:$D,合格品出库记录!$A:$A,日报!AZ$3)<>0,SUMIFS(合格品出库记录!$G:$G,合格品出库记录!$E:$E,日报!$D:$D,合格品出库记录!$A:$A,日报!AZ$3),"") | BA5: =IF(SUMIFS(合格品出库记录!$G:$G,合格品出库记录!$E:$E,日报!$D:$D,合格品出库记录!$A:$A,日报!BA$3)<>0,SUMIFS(合格品出库记录!$G:$G,合格品出库记录!$E:$E,日报!$D:$D,合格品出库记录!$A:$A,日报!BA$3),"") | BB5: =IF(SUMIFS(合格品出库记录!$G:$G,合格品出库记录!$E:$E,日报!$D:$D,合格品出库记录!$A:$A,日报!BB$3)<>0,SUMIFS(合格品出库记录!$G:$G,合格品出库记录!$E:$E,日报!$D:$D,合格品出库记录!$A:$A,日报!BB$3),"") | ... BY5: =IF(SUMIFS(合格品出库记录!$G:$G,合格品出库记录!$E:$E,日报!$D:$D,合格品出库记录!$A:$A,日报!BY$3)<>0,SUMIFS(合格品出库记录!$G:$G,合格品出库记录!$E:$E,日报!$D:$D,合格品出库记录!$A:$A,日报!BY$3),"") | BZ5: =IF(SUMIFS(领跑良品退回!$G:$G,领跑良品退回!$E:$E,日报!$D:$D,领跑良品退回!$A:$A,日报!BZ$3)<>0,SUMIFS(领跑良品退回!$G:$G,领跑良品退回!$E:$E,日报!$D:$D,领跑良品退回!$A:$A,日报!BZ$3),"") | CA5: =IF(SUMIFS(领跑良品退回!$G:$G,领跑良品退回!$E:$E,日报!$D:$D,领跑良品退回!$A:$A,日报!CA$3)<>0,SUMIFS(领跑良品退回!$G:$G,领跑良品退回!$E:$E,日报!$D:$D,领跑良品退回!$A:$A,日报!CA$3),"") | CB5: =IF(SUMIFS(领跑良品退回!$G:$G,领跑良品退回!$E:$E,日报!$D:$D,领跑良品退回!$A:$A,日报!CB$3)<>0,SUMIFS(领跑良品退回!$G:$G,领跑良品退回!$E:$E,日报!$D:$D,领跑良品退回!$A:$A,日报!CB$3),"") | CC5: =IF(SUMIFS(领跑良品退回!$G:$G,领跑良品退回!$E:$E,日报!$D:$D,领跑良品退回!$A:$A,日报!CC$3)<>0,SUMIFS(领跑良品退回!$G:$G,领跑良品退回!$E:$E,日报!$D:$D,领跑良品退回!$A:$A,日报!CC$3),"") | CD5: =IF(SUMIFS(领跑良品退回!$G:$G,领跑良品退回!$E:$E,日报!$D:$D,领跑良品退回!$A:$A,日报!CD$3)<>0,SUMIFS(领跑良品退回!$G:$G,领跑良品退回!$E:$E,日报!$D:$D,领跑良品退回!$A:$A,日报!CD$3),"") | CE5: =IF(SUMIFS(领跑良品退回!$G:$G,领跑良品退回!$E:$E,日报!$D:$D,领跑良品退回!$A:$A,日报!CE$3)<>0,SUMIFS(领跑良品退回!$G:$G,领跑良品退回!$E:$E,日报!$D:$D,领跑良品退回!$A:$A,日报!CE$3),"") | CF5: =IF(SUMIFS(领跑良品退回!$G:$G,领跑良品退回!$E:$E,日报!$D:$D,领跑良品退回!$A:$A,日报!CF$3)<>0,SUMIFS(领跑良品退回!$G:$G,领跑良品退回!$E:$E,日报!$D:$D,领跑良品退回!$A:$A,日报!CF$3),"") | CG5: =IF(SUMIFS(领跑良品退回!$G:$G,领跑良品退回!$E:$E,日报!$D:$D,领跑良品退回!$A:$A,日报!CG$3)<>0,SUMIFS(领跑良品退回!$G:$G,领跑良品退回!$E:$E,日报!$D:$D,领跑良品退回!$A:$A,日报!CG$3),"") | ... DD5: =IF(SUMIFS(领跑良品退回!$G:$G,领跑良品退回!$E:$E,日报!$D:$D,领跑良品退回!$A:$A,日报!DD$3)<>0,SUMIFS(领跑良品退回!$G:$G,领跑良品退回!$E:$E,日报!$D:$D,领跑良品退回!$A:$A,日报!DD$3),"")
A6: 3 | B6: 1AC | C6: 宁波天下汽配有限公司 | D6: 3.2.42.20.00007-000 | E6: 水管接头R | F6: =IFERROR(VLOOKUP(D6,基础信息!D:F,3,FALSE),"0") -> 750 | G6: 0 | H6: =SUMIF(合格品入库记录!E:E,日报!D6,合格品入库记录!G:G) -> 1500 | I6: =SUMIF(合格品出库记录!E:E,日报!D6,合格品出库记录!G:G) -> 0 | J6: =SUMIF(领跑良品退回!E:E,D6,领跑良品退回!G:G) -> 0 | K6: =M6+L6 -> 1501 | L6: =SUMIF(不良品库存!D:D,D:D,不良品库存!F:F) -> 1 | M6: =G6+H6-I6+J6 -> 1500 | N6: 18000 | O6: 1 | P6: =IF(SUMIFS(合格品入库记录!$G:$G,合格品入库记录!$E:$E,日报!$D:$D,合格品入库记录!$A:$A,日报!P$3)<>0,SUMIFS(合格品入库记录!$G:$G,合格品入库记录!$E:$E,日报!$D:$D,合格品入库记录!$A:$A,日报!P$3),"") | Q6: =IF(SUMIFS(合格品入库记录!$G:$G,合格品入库记录!$E:$E,日报!$D:$D,合格品入库记录!$A:$A,日报!Q$3)<>0,SUMIFS(合格品入库记录!$G:$G,合格品入库记录!$E:$E,日报!$D:$D,合格品入库记录!$A:$A,日报!Q$3),"") | R6: =IF(SUMIFS(合格品入库记录!$G:$G,合格品入库记录!$E:$E,日报!$D:$D,合格品入库记录!$A:$A,日报!R$3)<>0,SUMIFS(合格品入库记录!$G:$G,合格品入库记录!$E:$E,日报!$D:$D,合格品入库记录!$A:$A,日报!R$3),"") | S6: =IF(SUMIFS(合格品入库记录!$G:$G,合格品入库记录!$E:$E,日报!$D:$D,合格品入库记录!$A:$A,日报!S$3)<>0,SUMIFS(合格品入库记录!$G:$G,合格品入库记录!$E:$E,日报!$D:$D,合格品入库记录!$A:$A,日报!S$3),"") | T6: =IF(SUMIFS(合格品入库记录!$G:$G,合格品入库记录!$E:$E,日报!$D:$D,合格品入库记录!$A:$A,日报!T$3)<>0,SUMIFS(合格品入库记录!$G:$G,合格品入库记录!$E:$E,日报!$D:$D,合格品入库记录!$A:$A,日报!T$3),"") -> 1500 | U6: =IF(SUMIFS(合格品入库记录!$G:$G,合格品入库记录!$E:$E,日报!$D:$D,合格品入库记录!$A:$A,日报!U$3)<>0,SUMIFS(合格品入库记录!$G:$G,合格品入库记录!$E:$E,日报!$D:$D,合格品入库记录!$A:$A,日报!U$3),"") | V6: =IF(SUMIFS(合格品入库记录!$G:$G,合格品入库记录!$E:$E,日报!$D:$D,合格品入库记录!$A:$A,日报!V$3)<>0,SUMIFS(合格品入库记录!$G:$G,合格品入库记录!$E:$E,日报!$D:$D,合格品入库记录!$A:$A,日报!V$3),"") | W6: =IF(SUMIFS(合格品入库记录!$G:$G,合格品入库记录!$E:$E,日报!$D:$D,合格品入库记录!$A:$A,日报!W$3)<>0,SUMIFS(合格品入库记录!$G:$G,合格品入库记录!$E:$E,日报!$D:$D,合格品入库记录!$A:$A,日报!W$3),"") | ... AT6: =IF(SUMIFS(合格品入库记录!$G:$G,合格品入库记录!$E:$E,日报!$D:$D,合格品入库记录!$A:$A,日报!AT$3)<>0,SUMIFS(合格品入库记录!$G:$G,合格品入库记录!$E:$E,日报!$D:$D,合格品入库记录!$A:$A,日报!AT$3),"") | AU6: =IF(SUMIFS(合格品出库记录!$G:$G,合格品出库记录!$E:$E,日报!$D:$D,合格品出库记录!$A:$A,日报!AU$3)<>0,SUMIFS(合格品出库记录!$G:$G,合格品出库记录!$E:$E,日报!$D:$D,合格品出库记录!$A:$A,日报!AU$3),"") | AV6: =IF(SUMIFS(合格品出库记录!$G:$G,合格品出库记录!$E:$E,日报!$D:$D,合格品出库记录!$A:$A,日报!AV$3)<>0,SUMIFS(合格品出库记录!$G:$G,合格品出库记录!$E:$E,日报!$D:$D,合格品出库记录!$A:$A,日报!AV$3),"") | AW6: =IF(SUMIFS(合格品出库记录!$G:$G,合格品出库记录!$E:$E,日报!$D:$D,合格品出库记录!$A:$A,日报!AW$3)<>0,SUMIFS(合格品出库记录!$G:$G,合格品出库记录!$E:$E,日报!$D:$D,合格品出库记录!$A:$A,日报!AW$3),"") | AX6: =IF(SUMIFS(合格品出库记录!$G:$G,合格品出库记录!$E:$E,日报!$D:$D,合格品出库记录!$A:$A,日报!AX$3)<>0,SUMIFS(合格品出库记录!$G:$G,合格品出库记录!$E:$E,日报!$D:$D,合格品出库记录!$A:$A,日报!AX$3),"") | AY6: =IF(SUMIFS(合格品出库记录!$G:$G,合格品出库记录!$E:$E,日报!$D:$D,合格品出库记录!$A:$A,日报!AY$3)<>0,SUMIFS(合格品出库记录!$G:$G,合格品出库记录!$E:$E,日报!$D:$D,合格品出库记录!$A:$A,日报!AY$3),"") | AZ6: =IF(SUMIFS(合格品出库记录!$G:$G,合格品出库记录!$E:$E,日报!$D:$D,合格品出库记录!$A:$A,日报!AZ$3)<>0,SUMIFS(合格品出库记录!$G:$G,合格品出库记录!$E:$E,日报!$D:$D,合格品出库记录!$A:$A,日报!AZ$3),"") | BA6: =IF(SUMIFS(合格品出库记录!$G:$G,合格品出库记录!$E:$E,日报!$D:$D,合格品出库记录!$A:$A,日报!BA$3)<>0,SUMIFS(合格品出库记录!$G:$G,合格品出库记录!$E:$E,日报!$D:$D,合格品出库记录!$A:$A,日报!BA$3),"") | BB6: =IF(SUMIFS(合格品出库记录!$G:$G,合格品出库记录!$E:$E,日报!$D:$D,合格品出库记录!$A:$A,日报!BB$3)<>0,SUMIFS(合格品出库记录!$G:$G,合格品出库记录!$E:$E,日报!$D:$D,合格品出库记录!$A:$A,日报!BB$3),"") | ... BY6: =IF(SUMIFS(合格品出库记录!$G:$G,合格品出库记录!$E:$E,日报!$D:$D,合格品出库记录!$A:$A,日报!BY$3)<>0,SUMIFS(合格品出库记录!$G:$G,合格品出库记录!$E:$E,日报!$D:$D,合格品出库记录!$A:$A,日报!BY$3),"") | BZ6: =IF(SUMIFS(领跑良品退回!$G:$G,领跑良品退回!$E:$E,日报!$D:$D,领跑良品退回!$A:$A,日报!BZ$3)<>0,SUMIFS(领跑良品退回!$G:$G,领跑良品退回!$E:$E,日报!$D:$D,领跑良品退回!$A:$A,日报!BZ$3),"") | CA6: =IF(SUMIFS(领跑良品退回!$G:$G,领跑良品退回!$E:$E,日报!$D:$D,领跑良品退回!$A:$A,日报!CA$3)<>0,SUMIFS(领跑良品退回!$G:$G,领跑良品退回!$E:$E,日报!$D:$D,领跑良品退回!$A:$A,日报!CA$3),"") | CB6: =IF(SUMIFS(领跑良品退回!$G:$G,领跑良品退回!$E:$E,日报!$D:$D,领跑良品退回!$A:$A,日报!CB$3)<>0,SUMIFS(领跑良品退回!$G:$G,领跑良品退回!$E:$E,日报!$D:$D,领跑良品退回!$A:$A,日报!CB$3),"") | CC6: =IF(SUMIFS(领跑良品退回!$G:$G,领跑良品退回!$E:$E,日报!$D:$D,领跑良品退回!$A:$A,日报!CC$3)<>0,SUMIFS(领跑良品退回!$G:$G,领跑良品退回!$E:$E,日报!$D:$D,领跑良品退回!$A:$A,日报!CC$3),"") | CD6: =IF(SUMIFS(领跑良品退回!$G:$G,领跑良品退回!$E:$E,日报!$D:$D,领跑良品退回!$A:$A,日报!CD$3)<>0,SUMIFS(领跑良品退回!$G:$G,领跑良品退回!$E:$E,日报!$D:$D,领跑良品退回!$A:$A,日报!CD$3),"") | CE6: =IF(SUMIFS(领跑良品退回!$G:$G,领跑良品退回!$E:$E,日报!$D:$D,领跑良品退回!$A:$A,日报!CE$3)<>0,SUMIFS(领跑良品退回!$G:$G,领跑良品退回!$E:$E,日报!$D:$D,领跑良品退回!$A:$A,日报!CE$3),"") | CF6: =IF(SUMIFS(领跑良品退回!$G:$G,领跑良品退回!$E:$E,日报!$D:$D,领跑良品退回!$A:$A,日报!CF$3)<>0,SUMIFS(领跑良品退回!$G:$G,领跑良品退回!$E:$E,日报!$D:$D,领跑良品退回!$A:$A,日报!CF$3),"") | CG6: =IF(SUMIFS(领跑良品退回!$G:$G,领跑良品退回!$E:$E,日报!$D:$D,领跑良品退回!$A:$A,日报!CG$3)<>0,SUMIFS(领跑良品退回!$G:$G,领跑良品退回!$E:$E,日报!$D:$D,领跑良品退回!$A:$A,日报!CG$3),"") | ... DD6: =IF(SUMIFS(领跑良品退回!$G:$G,领跑良品退回!$E:$E,日报!$D:$D,领跑良品退回!$A:$A,日报!DD$3)<>0,SUMIFS(领跑良品退回!$G:$G,领跑良品退回!$E:$E,日报!$D:$D,领跑良品退回!$A:$A,日报!DD$3),"")
A7: 4 | B7: 1AC | C7: 宁波天下汽配有限公司 | D7: 3.2.42.20.00039-000 | E7: PDU绝缘接线座 | F7: =IFERROR(VLOOKUP(D7,基础信息!D:F,3,FALSE),"0") -> 0 | G7: 500 | H7: =SUMIF(合格品入库记录!E:E,日报!D7,合格品入库记录!G:G) -> 680 | I7: =SUMIF(合格品出库记录!E:E,日报!D7,合格品出库记录!G:G) -> 0 | J7: =SUMIF(领跑良品退回!E:E,D7,领跑良品退回!G:G) -> 0 | K7: =M7+L7 -> 1308 | L7: =SUMIF(不良品库存!D:D,D:D,不良品库存!F:F) -> 128 | M7: =G7+H7-I7+J7 -> 1180 | N7: #N/A | O7: 1 | P7: =IF(SUMIFS(合格品入库记录!$G:$G,合格品入库记录!$E:$E,日报!$D:$D,合格品入库记录!$A:$A,日报!P$3)<>0,SUMIFS(合格品入库记录!$G:$G,合格品入库记录!$E:$E,日报!$D:$D,合格品入库记录!$A:$A,日报!P$3),"") | Q7: =IF(SUMIFS(合格品入库记录!$G:$G,合格品入库记录!$E:$E,日报!$D:$D,合格品入库记录!$A:$A,日报!Q$3)<>0,SUMIFS(合格品入库记录!$G:$G,合格品入库记录!$E:$E,日报!$D:$D,合格品入库记录!$A:$A,日报!Q$3),"") | R7: =IF(SUMIFS(合格品入库记录!$G:$G,合格品入库记录!$E:$E,日报!$D:$D,合格品入库记录!$A:$A,日报!R$3)<>0,SUMIFS(合格品入库记录!$G:$G,合格品入库记录!$E:$E,日报!$D:$D,合格品入库记录!$A:$A,日报!R$3),"") | S7: =IF(SUMIFS(合格品入库记录!$G:$G,合格品入库记录!$E:$E,日报!$D:$D,合格品入库记录!$A:$A,日报!S$3)<>0,SUMIFS(合格品入库记录!$G:$G,合格品入库记录!$E:$E,日报!$D:$D,合格品入库记录!$A:$A,日报!S$3),"") | T7: =IF(SUMIFS(合格品入库记录!$G:$G,合格品入库记录!$E:$E,日报!$D:$D,合格品入库记录!$A:$A,日报!T$3)<>0,SUMIFS(合格品入库记录!$G:$G,合格品入库记录!$E:$E,日报!$D:$D,合格品入库记录!$A:$A,日报!T$3),"") -> 680 | U7: =IF(SUMIFS(合格品入库记录!$G:$G,合格品入库记录!$E:$E,日报!$D:$D,合格品入库记录!$A:$A,日报!U$3)<>0,SUMIFS(合格品入库记录!$G:$G,合格品入库记录!$E:$E,日报!$D:$D,合格品入库记录!$A:$A,日报!U$3),"") | V7: =IF(SUMIFS(合格品入库记录!$G:$G,合格品入库记录!$E:$E,日报!$D:$D,合格品入库记录!$A:$A,日报!V$3)<>0,SUMIFS(合格品入库记录!$G:$G,合格品入库记录!$E:$E,日报!$D:$D,合格品入库记录!$A:$A,日报!V$3),"") | W7: =IF(SUMIFS(合格品入库记录!$G:$G,合格品入库记录!$E:$E,日报!$D:$D,合格品入库记录!$A:$A,日报!W$3)<>0,SUMIFS(合格品入库记录!$G:$G,合格品入库记录!$E:$E,日报!$D:$D,合格品入库记录!$A:$A,日报!W$3),"") | ... AT7: =IF(SUMIFS(合格品入库记录!$G:$G,合格品入库记录!$E:$E,日报!$D:$D,合格品入库记录!$A:$A,日报!AT$3)<>0,SUMIFS(合格品入库记录!$G:$G,合格品入库记录!$E:$E,日报!$D:$D,合格品入库记录!$A:$A,日报!AT$3),"") | AU7: =IF(SUMIFS(合格品出库记录!$G:$G,合格品出库记录!$E:$E,日报!$D:$D,合格品出库记录!$A:$A,日报!AU$3)<>0,SUMIFS(合格品出库记录!$G:$G,合格品出库记录!$E:$E,日报!$D:$D,合格品出库记录!$A:$A,日报!AU$3),"") | AV7: =IF(SUMIFS(合格品出库记录!$G:$G,合格品出库记录!$E:$E,日报!$D:$D,合格品出库记录!$A:$A,日报!AV$3)<>0,SUMIFS(合格品出库记录!$G:$G,合格品出库记录!$E:$E,日报!$D:$D,合格品出库记录!$A:$A,日报!AV$3),"") | AW7: =IF(SUMIFS(合格品出库记录!$G:$G,合格品出库记录!$E:$E,日报!$D:$D,合格品出库记录!$A:$A,日报!AW$3)<>0,SUMIFS(合格品出库记录!$G:$G,合格品出库记录!$E:$E,日报!$D:$D,合格品出库记录!$A:$A,日报!AW$3),"") | AX7: =IF(SUMIFS(合格品出库记录!$G:$G,合格品出库记录!$E:$E,日报!$D:$D,合格品出库记录!$A:$A,日报!AX$3)<>0,SUMIFS(合格品出库记录!$G:$G,合格品出库记录!$E:$E,日报!$D:$D,合格品出库记录!$A:$A,日报!AX$3),"") | AY7: =IF(SUMIFS(合格品出库记录!$G:$G,合格品出库记录!$E:$E,日报!$D:$D,合格品出库记录!$A:$A,日报!AY$3)<>0,SUMIFS(合格品出库记录!$G:$G,合格品出库记录!$E:$E,日报!$D:$D,合格品出库记录!$A:$A,日报!AY$3),"") | AZ7: =IF(SUMIFS(合格品出库记录!$G:$G,合格品出库记录!$E:$E,日报!$D:$D,合格品出库记录!$A:$A,日报!AZ$3)<>0,SUMIFS(合格品出库记录!$G:$G,合格品出库记录!$E:$E,日报!$D:$D,合格品出库记录!$A:$A,日报!AZ$3),"") | BA7: =IF(SUMIFS(合格品出库记录!$G:$G,合格品出库记录!$E:$E,日报!$D:$D,合格品出库记录!$A:$A,日报!BA$3)<>0,SUMIFS(合格品出库记录!$G:$G,合格品出库记录!$E:$E,日报!$D:$D,合格品出库记录!$A:$A,日报!BA$3),"") | BB7: =IF(SUMIFS(合格品出库记录!$G:$G,合格品出库记录!$E:$E,日报!$D:$D,合格品出库记录!$A:$A,日报!BB$3)<>0,SUMIFS(合格品出库记录!$G:$G,合格品出库记录!$E:$E,日报!$D:$D,合格品出库记录!$A:$A,日报!BB$3),"") | ... BY7: =IF(SUMIFS(合格品出库记录!$G:$G,合格品出库记录!$E:$E,日报!$D:$D,合格品出库记录!$A:$A,日报!BY$3)<>0,SUMIFS(合格品出库记录!$G:$G,合格品出库记录!$E:$E,日报!$D:$D,合格品出库记录!$A:$A,日报!BY$3),"") | BZ7: =IF(SUMIFS(领跑良品退回!$G:$G,领跑良品退回!$E:$E,日报!$D:$D,领跑良品退回!$A:$A,日报!BZ$3)<>0,SUMIFS(领跑良品退回!$G:$G,领跑良品退回!$E:$E,日报!$D:$D,领跑良品退回!$A:$A,日报!BZ$3),"") | CA7: =IF(SUMIFS(领跑良品退回!$G:$G,领跑良品退回!$E:$E,日报!$D:$D,领跑良品退回!$A:$A,日报!CA$3)<>0,SUMIFS(领跑良品退回!$G:$G,领跑良品退回!$E:$E,日报!$D:$D,领跑良品退回!$A:$A,日报!CA$3),"") | CB7: =IF(SUMIFS(领跑良品退回!$G:$G,领跑良品退回!$E:$E,日报!$D:$D,领跑良品退回!$A:$A,日报!CB$3)<>0,SUMIFS(领跑良品退回!$G:$G,领跑良品退回!$E:$E,日报!$D:$D,领跑良品退回!$A:$A,日报!CB$3),"") | CC7: =IF(SUMIFS(领跑良品退回!$G:$G,领跑良品退回!$E:$E,日报!$D:$D,领跑良品退回!$A:$A,日报!CC$3)<>0,SUMIFS(领跑良品退回!$G:$G,领跑良品退回!$E:$E,日报!$D:$D,领跑良品退回!$A:$A,日报!CC$3),"") | CD7: =IF(SUMIFS(领跑良品退回!$G:$G,领跑良品退回!$E:$E,日报!$D:$D,领跑良品退回!$A:$A,日报!CD$3)<>0,SUMIFS(领跑良品退回!$G:$G,领跑良品退回!$E:$E,日报!$D:$D,领跑良品退回!$A:$A,日报!CD$3),"") | CE7: =IF(SUMIFS(领跑良品退回!$G:$G,领跑良品退回!$E:$E,日报!$D:$D,领跑良品退回!$A:$A,日报!CE$3)<>0,SUMIFS(领跑良品退回!$G:$G,领跑良品退回!$E:$E,日报!$D:$D,领跑良品退回!$A:$A,日报!CE$3),"") | CF7: =IF(SUMIFS(领跑良品退回!$G:$G,领跑良品退回!$E:$E,日报!$D:$D,领跑良品退回!$A:$A,日报!CF$3)<>0,SUMIFS(领跑良品退回!$G:$G,领跑良品退回!$E:$E,日报!$D:$D,领跑良品退回!$A:$A,日报!CF$3),"") | CG7: =IF(SUMIFS(领跑良品退回!$G:$G,领跑良品退回!$E:$E,日报!$D:$D,领跑良品退回!$A:$A,日报!CG$3)<>0,SUMIFS(领跑良品退回!$G:$G,领跑良品退回!$E:$E,日报!$D:$D,领跑良品退回!$A:$A,日报!CG$3),"") | ... DD7: =IF(SUMIFS(领跑良品退回!$G:$G,领跑良品退回!$E:$E,日报!$D:$D,领跑良品退回!$A:$A,日报!DD$3)<>0,SUMIFS(领跑良品退回!$G:$G,领跑良品退回!$E:$E,日报!$D:$D,领跑良品退回!$A:$A,日报!DD$3),"")
A8: 5 | B8: 1AC | C8: 宁波天下汽配有限公司 | D8: 3.2.42.20.00040-000 | E8: PTC保险丝安装座 | F8: =IFERROR(VLOOKUP(D8,基础信息!D:F,3,FALSE),"0") -> 366 | G8: 0 | H8: =SUMIF(合格品入库记录!E:E,日报!D8,合格品入库记录!G:G) -> 1098 | I8: =SUMIF(合格品出库记录!E:E,日报!D8,合格品出库记录!G:G) -> 0 | J8: =SUMIF(领跑良品退回!E:E,D8,领跑良品退回!G:G) -> 0 | K8: =M8+L8 -> 1101 | L8: =SUMIF(不良品库存!D:D,D:D,不良品库存!F:F) -> 3 | M8: =G8+H8-I8+J8 -> 1098 | N8: 8784 | O8: 1 | P8: =IF(SUMIFS(合格品入库记录!$G:$G,合格品入库记录!$E:$E,日报!$D:$D,合格品入库记录!$A:$A,日报!P$3)<>0,SUMIFS(合格品入库记录!$G:$G,合格品入库记录!$E:$E,日报!$D:$D,合格品入库记录!$A:$A,日报!P$3),"") | Q8: =IF(SUMIFS(合格品入库记录!$G:$G,合格品入库记录!$E:$E,日报!$D:$D,合格品入库记录!$A:$A,日报!Q$3)<>0,SUMIFS(合格品入库记录!$G:$G,合格品入库记录!$E:$E,日报!$D:$D,合格品入库记录!$A:$A,日报!Q$3),"") | R8: =IF(SUMIFS(合格品入库记录!$G:$G,合格品入库记录!$E:$E,日报!$D:$D,合格品入库记录!$A:$A,日报!R$3)<>0,SUMIFS(合格品入库记录!$G:$G,合格品入库记录!$E:$E,日报!$D:$D,合格品入库记录!$A:$A,日报!R$3),"") | S8: =IF(SUMIFS(合格品入库记录!$G:$G,合格品入库记录!$E:$E,日报!$D:$D,合格品入库记录!$A:$A,日报!S$3)<>0,SUMIFS(合格品入库记录!$G:$G,合格品入库记录!$E:$E,日报!$D:$D,合格品入库记录!$A:$A,日报!S$3),"") | T8: =IF(SUMIFS(合格品入库记录!$G:$G,合格品入库记录!$E:$E,日报!$D:$D,合格品入库记录!$A:$A,日报!T$3)<>0,SUMIFS(合格品入库记录!$G:$G,合格品入库记录!$E:$E,日报!$D:$D,合格品入库记录!$A:$A,日报!T$3),"") -> 1098 | U8: =IF(SUMIFS(合格品入库记录!$G:$G,合格品入库记录!$E:$E,日报!$D:$D,合格品入库记录!$A:$A,日报!U$3)<>0,SUMIFS(合格品入库记录!$G:$G,合格品入库记录!$E:$E,日报!$D:$D,合格品入库记录!$A:$A,日报!U$3),"") | V8: =IF(SUMIFS(合格品入库记录!$G:$G,合格品入库记录!$E:$E,日报!$D:$D,合格品入库记录!$A:$A,日报!V$3)<>0,SUMIFS(合格品入库记录!$G:$G,合格品入库记录!$E:$E,日报!$D:$D,合格品入库记录!$A:$A,日报!V$3),"") | W8: =IF(SUMIFS(合格品入库记录!$G:$G,合格品入库记录!$E:$E,日报!$D:$D,合格品入库记录!$A:$A,日报!W$3)<>0,SUMIFS(合格品入库记录!$G:$G,合格品入库记录!$E:$E,日报!$D:$D,合格品入库记录!$A:$A,日报!W$3),"") | ... AT8: =IF(SUMIFS(合格品入库记录!$G:$G,合格品入库记录!$E:$E,日报!$D:$D,合格品入库记录!$A:$A,日报!AT$3)<>0,SUMIFS(合格品入库记录!$G:$G,合格品入库记录!$E:$E,日报!$D:$D,合格品入库记录!$A:$A,日报!AT$3),"") | AU8: =IF(SUMIFS(合格品出库记录!$G:$G,合格品出库记录!$E:$E,日报!$D:$D,合格品出库记录!$A:$A,日报!AU$3)<>0,SUMIFS(合格品出库记录!$G:$G,合格品出库记录!$E:$E,日报!$D:$D,合格品出库记录!$A:$A,日报!AU$3),"") | AV8: =IF(SUMIFS(合格品出库记录!$G:$G,合格品出库记录!$E:$E,日报!$D:$D,合格品出库记录!$A:$A,日报!AV$3)<>0,SUMIFS(合格品出库记录!$G:$G,合格品出库记录!$E:$E,日报!$D:$D,合格品出库记录!$A:$A,日报!AV$3),"") | AW8: =IF(SUMIFS(合格品出库记录!$G:$G,合格品出库记录!$E:$E,日报!$D:$D,合格品出库记录!$A:$A,日报!AW$3)<>0,SUMIFS(合格品出库记录!$G:$G,合格品出库记录!$E:$E,日报!$D:$D,合格品出库记录!$A:$A,日报!AW$3),"") | AX8: =IF(SUMIFS(合格品出库记录!$G:$G,合格品出库记录!$E:$E,日报!$D:$D,合格品出库记录!$A:$A,日报!AX$3)<>0,SUMIFS(合格品出库记录!$G:$G,合格品出库记录!$E:$E,日报!$D:$D,合格品出库记录!$A:$A,日报!AX$3),"") | AY8: =IF(SUMIFS(合格品出库记录!$G:$G,合格品出库记录!$E:$E,日报!$D:$D,合格品出库记录!$A:$A,日报!AY$3)<>0,SUMIFS(合格品出库记录!$G:$G,合格品出库记录!$E:$E,日报!$D:$D,合格品出库记录!$A:$A,日报!AY$3),"") | AZ8: =IF(SUMIFS(合格品出库记录!$G:$G,合格品出库记录!$E:$E,日报!$D:$D,合格品出库记录!$A:$A,日报!AZ$3)<>0,SUMIFS(合格品出库记录!$G:$G,合格品出库记录!$E:$E,日报!$D:$D,合格品出库记录!$A:$A,日报!AZ$3),"") | BA8: =IF(SUMIFS(合格品出库记录!$G:$G,合格品出库记录!$E:$E,日报!$D:$D,合格品出库记录!$A:$A,日报!BA$3)<>0,SUMIFS(合格品出库记录!$G:$G,合格品出库记录!$E:$E,日报!$D:$D,合格品出库记录!$A:$A,日报!BA$3),"") | BB8: =IF(SUMIFS(合格品出库记录!$G:$G,合格品出库记录!$E:$E,日报!$D:$D,合格品出库记录!$A:$A,日报!BB$3)<>0,SUMIFS(合格品出库记录!$G:$G,合格品出库记录!$E:$E,日报!$D:$D,合格品出库记录!$A:$A,日报!BB$3),"") | ... BY8: =IF(SUMIFS(合格品出库记录!$G:$G,合格品出库记录!$E:$E,日报!$D:$D,合格品出库记录!$A:$A,日报!BY$3)<>0,SUMIFS(合格品出库记录!$G:$G,合格品出库记录!$E:$E,日报!$D:$D,合格品出库记录!$A:$A,日报!BY$3),"") | BZ8: =IF(SUMIFS(领跑良品退回!$G:$G,领跑良品退回!$E:$E,日报!$D:$D,领跑良品退回!$A:$A,日报!BZ$3)<>0,SUMIFS(领跑良品退回!$G:$G,领跑良品退回!$E:$E,日报!$D:$D,领跑良品退回!$A:$A,日报!BZ$3),"") | CA8: =IF(SUMIFS(领跑良品退回!$G:$G,领跑良品退回!$E:$E,日报!$D:$D,领跑良品退回!$A:$A,日报!CA$3)<>0,SUMIFS(领跑良品退回!$G:$G,领跑良品退回!$E:$E,日报!$D:$D,领跑良品退回!$A:$A,日报!CA$3),"") | CB8: =IF(SUMIFS(领跑良品退回!$G:$G,领跑良品退回!$E:$E,日报!$D:$D,领跑良品退回!$A:$A,日报!CB$3)<>0,SUMIFS(领跑良品退回!$G:$G,领跑良品退回!$E:$E,日报!$D:$D,领跑良品退回!$A:$A,日报!CB$3),"") | CC8: =IF(SUMIFS(领跑良品退回!$G:$G,领跑良品退回!$E:$E,日报!$D:$D,领跑良品退回!$A:$A,日报!CC$3)<>0,SUMIFS(领跑良品退回!$G:$G,领跑良品退回!$E:$E,日报!$D:$D,领跑良品退回!$A:$A,日报!CC$3),"") | CD8: =IF(SUMIFS(领跑良品退回!$G:$G,领跑良品退回!$E:$E,日报!$D:$D,领跑良品退回!$A:$A,日报!CD$3)<>0,SUMIFS(领跑良品退回!$G:$G,领跑良品退回!$E:$E,日报!$D:$D,领跑良品退回!$A:$A,日报!CD$3),"") | CE8: =IF(SUMIFS(领跑良品退回!$G:$G,领跑良品退回!$E:$E,日报!$D:$D,领跑良品退回!$A:$A,日报!CE$3)<>0,SUMIFS(领跑良品退回!$G:$G,领跑良品退回!$E:$E,日报!$D:$D,领跑良品退回!$A:$A,日报!CE$3),"") | CF8: =IF(SUMIFS(领跑良品退回!$G:$G,领跑良品退回!$E:$E,日报!$D:$D,领跑良品退回!$A:$A,日报!CF$3)<>0,SUMIFS(领跑良品退回!$G:$G,领跑良品退回!$E:$E,日报!$D:$D,领跑良品退回!$A:$A,日报!CF$3),"") | CG8: =IF(SUMIFS(领跑良品退回!$G:$G,领跑良品退回!$E:$E,日报!$D:$D,领跑良品退回!$A:$A,日报!CG$3)<>0,SUMIFS(领跑良品退回!$G:$G,领跑良品退回!$E:$E,日报!$D:$D,领跑良品退回!$A:$A,日报!CG$3),"") | ... DD8: =IF(SUMIFS(领跑良品退回!$G:$G,领跑良品退回!$E:$E,日报!$D:$D,领跑良品退回!$A:$A,日报!DD$3)<>0,SUMIFS(领跑良品退回!$G:$G,领跑良品退回!$E:$E,日报!$D:$D,领跑良品退回!$A:$A,日报!DD$3),"")
A9: 6 | B9: 1AC | C9: 宁波天下汽配有限公司 | D9: 3.2.42.20.00042-000 | E9: LPT03_IPUPDU接线盒盖本色 | F9: =IFERROR(VLOOKUP(D9,基础信息!D:F,3,FALSE),"0") -> 0 | G9: 521 | H9: =SUMIF(合格品入库记录!E:E,日报!D9,合格品入库记录!G:G) -> 680 | I9: =SUMIF(合格品出库记录!E:E,日报!D9,合格品出库记录!G:G) -> 0 | J9: =SUMIF(领跑良品退回!E:E,D9,领跑良品退回!G:G) -> 0 | K9: =M9+L9 -> 1257 | L9: =SUMIF(不良品库存!D:D,D:D,不良品库存!F:F) -> 56 | M9: =G9+H9-I9+J9 -> 1201 | N9: #N/A | O9: 1 | P9: =IF(SUMIFS(合格品入库记录!$G:$G,合格品入库记录!$E:$E,日报!$D:$D,合格品入库记录!$A:$A,日报!P$3)<>0,SUMIFS(合格品入库记录!$G:$G,合格品入库记录!$E:$E,日报!$D:$D,合格品入库记录!$A:$A,日报!P$3),"") | Q9: =IF(SUMIFS(合格品入库记录!$G:$G,合格品入库记录!$E:$E,日报!$D:$D,合格品入库记录!$A:$A,日报!Q$3)<>0,SUMIFS(合格品入库记录!$G:$G,合格品入库记录!$E:$E,日报!$D:$D,合格品入库记录!$A:$A,日报!Q$3),"") | R9: =IF(SUMIFS(合格品入库记录!$G:$G,合格品入库记录!$E:$E,日报!$D:$D,合格品入库记录!$A:$A,日报!R$3)<>0,SUMIFS(合格品入库记录!$G:$G,合格品入库记录!$E:$E,日报!$D:$D,合格品入库记录!$A:$A,日报!R$3),"") | S9: =IF(SUMIFS(合格品入库记录!$G:$G,合格品入库记录!$E:$E,日报!$D:$D,合格品入库记录!$A:$A,日报!S$3)<>0,SUMIFS(合格品入库记录!$G:$G,合格品入库记录!$E:$E,日报!$D:$D,合格品入库记录!$A:$A,日报!S$3),"") | T9: =IF(SUMIFS(合格品入库记录!$G:$G,合格品入库记录!$E:$E,日报!$D:$D,合格品入库记录!$A:$A,日报!T$3)<>0,SUMIFS(合格品入库记录!$G:$G,合格品入库记录!$E:$E,日报!$D:$D,合格品入库记录!$A:$A,日报!T$3),"") -> 680 | U9: =IF(SUMIFS(合格品入库记录!$G:$G,合格品入库记录!$E:$E,日报!$D:$D,合格品入库记录!$A:$A,日报!U$3)<>0,SUMIFS(合格品入库记录!$G:$G,合格品入库记录!$E:$E,日报!$D:$D,合格品入库记录!$A:$A,日报!U$3),"") | V9: =IF(SUMIFS(合格品入库记录!$G:$G,合格品入库记录!$E:$E,日报!$D:$D,合格品入库记录!$A:$A,日报!V$3)<>0,SUMIFS(合格品入库记录!$G:$G,合格品入库记录!$E:$E,日报!$D:$D,合格品入库记录!$A:$A,日报!V$3),"") | W9: =IF(SUMIFS(合格品入库记录!$G:$G,合格品入库记录!$E:$E,日报!$D:$D,合格品入库记录!$A:$A,日报!W$3)<>0,SUMIFS(合格品入库记录!$G:$G,合格品入库记录!$E:$E,日报!$D:$D,合格品入库记录!$A:$A,日报!W$3),"") | ... AT9: =IF(SUMIFS(合格品入库记录!$G:$G,合格品入库记录!$E:$E,日报!$D:$D,合格品入库记录!$A:$A,日报!AT$3)<>0,SUMIFS(合格品入库记录!$G:$G,合格品入库记录!$E:$E,日报!$D:$D,合格品入库记录!$A:$A,日报!AT$3),"") | AU9: =IF(SUMIFS(合格品出库记录!$G:$G,合格品出库记录!$E:$E,日报!$D:$D,合格品出库记录!$A:$A,日报!AU$3)<>0,SUMIFS(合格品出库记录!$G:$G,合格品出库记录!$E:$E,日报!$D:$D,合格品出库记录!$A:$A,日报!AU$3),"") | AV9: =IF(SUMIFS(合格品出库记录!$G:$G,合格品出库记录!$E:$E,日报!$D:$D,合格品出库记录!$A:$A,日报!AV$3)<>0,SUMIFS(合格品出库记录!$G:$G,合格品出库记录!$E:$E,日报!$D:$D,合格品出库记录!$A:$A,日报!AV$3),"") | AW9: =IF(SUMIFS(合格品出库记录!$G:$G,合格品出库记录!$E:$E,日报!$D:$D,合格品出库记录!$A:$A,日报!AW$3)<>0,SUMIFS(合格品出库记录!$G:$G,合格品出库记录!$E:$E,日报!$D:$D,合格品出库记录!$A:$A,日报!AW$3),"") | AX9: =IF(SUMIFS(合格品出库记录!$G:$G,合格品出库记录!$E:$E,日报!$D:$D,合格品出库记录!$A:$A,日报!AX$3)<>0,SUMIFS(合格品出库记录!$G:$G,合格品出库记录!$E:$E,日报!$D:$D,合格品出库记录!$A:$A,日报!AX$3),"") | AY9: =IF(SUMIFS(合格品出库记录!$G:$G,合格品出库记录!$E:$E,日报!$D:$D,合格品出库记录!$A:$A,日报!AY$3)<>0,SUMIFS(合格品出库记录!$G:$G,合格品出库记录!$E:$E,日报!$D:$D,合格品出库记录!$A:$A,日报!AY$3),"") | AZ9: =IF(SUMIFS(合格品出库记录!$G:$G,合格品出库记录!$E:$E,日报!$D:$D,合格品出库记录!$A:$A,日报!AZ$3)<>0,SUMIFS(合格品出库记录!$G:$G,合格品出库记录!$E:$E,日报!$D:$D,合格品出库记录!$A:$A,日报!AZ$3),"") | BA9: =IF(SUMIFS(合格品出库记录!$G:$G,合格品出库记录!$E:$E,日报!$D:$D,合格品出库记录!$A:$A,日报!BA$3)<>0,SUMIFS(合格品出库记录!$G:$G,合格品出库记录!$E:$E,日报!$D:$D,合格品出库记录!$A:$A,日报!BA$3),"") | BB9: =IF(SUMIFS(合格品出库记录!$G:$G,合格品出库记录!$E:$E,日报!$D:$D,合格品出库记录!$A:$A,日报!BB$3)<>0,SUMIFS(合格品出库记录!$G:$G,合格品出库记录!$E:$E,日报!$D:$D,合格品出库记录!$A:$A,日报!BB$3),"") | ... BY9: =IF(SUMIFS(合格品出库记录!$G:$G,合格品出库记录!$E:$E,日报!$D:$D,合格品出库记录!$A:$A,日报!BY$3)<>0,SUMIFS(合格品出库记录!$G:$G,合格品出库记录!$E:$E,日报!$D:$D,合格品出库记录!$A:$A,日报!BY$3),"") | BZ9: =IF(SUMIFS(领跑良品退回!$G:$G,领跑良品退回!$E:$E,日报!$D:$D,领跑良品退回!$A:$A,日报!BZ$3)<>0,SUMIFS(领跑良品退回!$G:$G,领跑良品退回!$E:$E,日报!$D:$D,领跑良品退回!$A:$A,日报!BZ$3),"") | CA9: =IF(SUMIFS(领跑良品退回!$G:$G,领跑良品退回!$E:$E,日报!$D:$D,领跑良品退回!$A:$A,日报!CA$3)<>0,SUMIFS(领跑良品退回!$G:$G,领跑良品退回!$E:$E,日报!$D:$D,领跑良品退回!$A:$A,日报!CA$3),"") | CB9: =IF(SUMIFS(领跑良品退回!$G:$G,领跑良品退回!$E:$E,日报!$D:$D,领跑良品退回!$A:$A,日报!CB$3)<>0,SUMIFS(领跑良品退回!$G:$G,领跑良品退回!$E:$E,日报!$D:$D,领跑良品退回!$A:$A,日报!CB$3),"") | CC9: =IF(SUMIFS(领跑良品退回!$G:$G,领跑良品退回!$E:$E,日报!$D:$D,领跑良品退回!$A:$A,日报!CC$3)<>0,SUMIFS(领跑良品退回!$G:$G,领跑良品退回!$E:$E,日报!$D:$D,领跑良品退回!$A:$A,日报!CC$3),"") | CD9: =IF(SUMIFS(领跑良品退回!$G:$G,领跑良品退回!$E:$E,日报!$D:$D,领跑良品退回!$A:$A,日报!CD$3)<>0,SUMIFS(领跑良品退回!$G:$G,领跑良品退回!$E:$E,日报!$D:$D,领跑良品退回!$A:$A,日报!CD$3),"") | CE9: =IF(SUMIFS(领跑良品退回!$G:$G,领跑良品退回!$E:$E,日报!$D:$D,领跑良品退回!$A:$A,日报!CE$3)<>0,SUMIFS(领跑良品退回!$G:$G,领跑良品退回!$E:$E,日报!$D:$D,领跑良品退回!$A:$A,日报!CE$3),"") | CF9: =IF(SUMIFS(领跑良品退回!$G:$G,领跑良品退回!$E:$E,日报!$D:$D,领跑良品退回!$A:$A,日报!CF$3)<>0,SUMIFS(领跑良品退回!$G:$G,领跑良品退回!$E:$E,日报!$D:$D,领跑良品退回!$A:$A,日报!CF$3),"") | CG9: =IF(SUMIFS(领跑良品退回!$G:$G,领跑良品退回!$E:$E,日报!$D:$D,领跑良品退回!$A:$A,日报!CG$3)<>0,SUMIFS(领跑良品退回!$G:$G,领跑良品退回!$E:$E,日报!$D:$D,领跑良品退回!$A:$A,日报!CG$3),"") | ... DD9: =IF(SUMIFS(领跑良品退回!$G:$G,领跑良品退回!$E:$E,日报!$D:$D,领跑良品退回!$A:$A,日报!DD$3)<>0,SUMIFS(领跑良品退回!$G:$G,领跑良品退回!$E:$E,日报!$D:$D,领跑良品退回!$A:$A,日报!DD$3),"")
A10: 7 | B10: 1AC | C10: 宁波天下汽配有限公司 | D10: 3.2.42.20.00046-000 | E10: LPT03_IPU转接板安装板本色 | F10: =IFERROR(VLOOKUP(D10,基础信息!D:F,3,FALSE),"0") -> 300 | G10: 1006 | H10: =SUMIF(合格品入库记录!E:E,日报!D10,合格品入库记录!G:G) -> 0 | I10: =SUMIF(合格品出库记录!E:E,日报!D10,合格品出库记录!G:G) -> 0 | J10: =SUMIF(领跑良品退回!E:E,D10,领跑良品退回!G:G) -> 0 | K10: =M10+L10 -> 1015 | L10: =SUMIF(不良品库存!D:D,D:D,不良品库存!F:F) -> 9 | M10: =G10+H10-I10+J10 -> 1006 | N10: 7200 | O10: 1 | P10: =IF(SUMIFS(合格品入库记录!$G:$G,合格品入库记录!$E:$E,日报!$D:$D,合格品入库记录!$A:$A,日报!P$3)<>0,SUMIFS(合格品入库记录!$G:$G,合格品入库记录!$E:$E,日报!$D:$D,合格品入库记录!$A:$A,日报!P$3),"") | Q10: =IF(SUMIFS(合格品入库记录!$G:$G,合格品入库记录!$E:$E,日报!$D:$D,合格品入库记录!$A:$A,日报!Q$3)<>0,SUMIFS(合格品入库记录!$G:$G,合格品入库记录!$E:$E,日报!$D:$D,合格品入库记录!$A:$A,日报!Q$3),"") | R10: =IF(SUMIFS(合格品入库记录!$G:$G,合格品入库记录!$E:$E,日报!$D:$D,合格品入库记录!$A:$A,日报!R$3)<>0,SUMIFS(合格品入库记录!$G:$G,合格品入库记录!$E:$E,日报!$D:$D,合格品入库记录!$A:$A,日报!R$3),"") | S10: =IF(SUMIFS(合格品入库记录!$G:$G,合格品入库记录!$E:$E,日报!$D:$D,合格品入库记录!$A:$A,日报!S$3)<>0,SUMIFS(合格品入库记录!$G:$G,合格品入库记录!$E:$E,日报!$D:$D,合格品入库记录!$A:$A,日报!S$3),"") | T10: =IF(SUMIFS(合格品入库记录!$G:$G,合格品入库记录!$E:$E,日报!$D:$D,合格品入库记录!$A:$A,日报!T$3)<>0,SUMIFS(合格品入库记录!$G:$G,合格品入库记录!$E:$E,日报!$D:$D,合格品入库记录!$A:$A,日报!T$3),"") | U10: =IF(SUMIFS(合格品入库记录!$G:$G,合格品入库记录!$E:$E,日报!$D:$D,合格品入库记录!$A:$A,日报!U$3)<>0,SUMIFS(合格品入库记录!$G:$G,合格品入库记录!$E:$E,日报!$D:$D,合格品入库记录!$A:$A,日报!U$3),"") | V10: =IF(SUMIFS(合格品入库记录!$G:$G,合格品入库记录!$E:$E,日报!$D:$D,合格品入库记录!$A:$A,日报!V$3)<>0,SUMIFS(合格品入库记录!$G:$G,合格品入库记录!$E:$E,日报!$D:$D,合格品入库记录!$A:$A,日报!V$3),"") | W10: =IF(SUMIFS(合格品入库记录!$G:$G,合格品入库记录!$E:$E,日报!$D:$D,合格品入库记录!$A:$A,日报!W$3)<>0,SUMIFS(合格品入库记录!$G:$G,合格品入库记录!$E:$E,日报!$D:$D,合格品入库记录!$A:$A,日报!W$3),"") | ... AT10: =IF(SUMIFS(合格品入库记录!$G:$G,合格品入库记录!$E:$E,日报!$D:$D,合格品入库记录!$A:$A,日报!AT$3)<>0,SUMIFS(合格品入库记录!$G:$G,合格品入库记录!$E:$E,日报!$D:$D,合格品入库记录!$A:$A,日报!AT$3),"") | AU10: =IF(SUMIFS(合格品出库记录!$G:$G,合格品出库记录!$E:$E,日报!$D:$D,合格品出库记录!$A:$A,日报!AU$3)<>0,SUMIFS(合格品出库记录!$G:$G,合格品出库记录!$E:$E,日报!$D:$D,合格品出库记录!$A:$A,日报!AU$3),"") | AV10: =IF(SUMIFS(合格品出库记录!$G:$G,合格品出库记录!$E:$E,日报!$D:$D,合格品出库记录!$A:$A,日报!AV$3)<>0,SUMIFS(合格品出库记录!$G:$G,合格品出库记录!$E:$E,日报!$D:$D,合格品出库记录!$A:$A,日报!AV$3),"") | AW10: =IF(SUMIFS(合格品出库记录!$G:$G,合格品出库记录!$E:$E,日报!$D:$D,合格品出库记录!$A:$A,日报!AW$3)<>0,SUMIFS(合格品出库记录!$G:$G,合格品出库记录!$E:$E,日报!$D:$D,合格品出库记录!$A:$A,日报!AW$3),"") | AX10: =IF(SUMIFS(合格品出库记录!$G:$G,合格品出库记录!$E:$E,日报!$D:$D,合格品出库记录!$A:$A,日报!AX$3)<>0,SUMIFS(合格品出库记录!$G:$G,合格品出库记录!$E:$E,日报!$D:$D,合格品出库记录!$A:$A,日报!AX$3),"") | AY10: =IF(SUMIFS(合格品出库记录!$G:$G,合格品出库记录!$E:$E,日报!$D:$D,合格品出库记录!$A:$A,日报!AY$3)<>0,SUMIFS(合格品出库记录!$G:$G,合格品出库记录!$E:$E,日报!$D:$D,合格品出库记录!$A:$A,日报!AY$3),"") | AZ10: =IF(SUMIFS(合格品出库记录!$G:$G,合格品出库记录!$E:$E,日报!$D:$D,合格品出库记录!$A:$A,日报!AZ$3)<>0,SUMIFS(合格品出库记录!$G:$G,合格品出库记录!$E:$E,日报!$D:$D,合格品出库记录!$A:$A,日报!AZ$3),"") | BA10: =IF(SUMIFS(合格品出库记录!$G:$G,合格品出库记录!$E:$E,日报!$D:$D,合格品出库记录!$A:$A,日报!BA$3)<>0,SUMIFS(合格品出库记录!$G:$G,合格品出库记录!$E:$E,日报!$D:$D,合格品出库记录!$A:$A,日报!BA$3),"") | BB10: =IF(SUMIFS(合格品出库记录!$G:$G,合格品出库记录!$E:$E,日报!$D:$D,合格品出库记录!$A:$A,日报!BB$3)<>0,SUMIFS(合格品出库记录!$G:$G,合格品出库记录!$E:$E,日报!$D:$D,合格品出库记录!$A:$A,日报!BB$3),"") | ... BY10: =IF(SUMIFS(合格品出库记录!$G:$G,合格品出库记录!$E:$E,日报!$D:$D,合格品出库记录!$A:$A,日报!BY$3)<>0,SUMIFS(合格品出库记录!$G:$G,合格品出库记录!$E:$E,日报!$D:$D,合格品出库记录!$A:$A,日报!BY$3),"") | BZ10: =IF(SUMIFS(领跑良品退回!$G:$G,领跑良品退回!$E:$E,日报!$D:$D,领跑良品退回!$A:$A,日报!BZ$3)<>0,SUMIFS(领跑良品退回!$G:$G,领跑良品退回!$E:$E,日报!$D:$D,领跑良品退回!$A:$A,日报!BZ$3),"") | CA10: =IF(SUMIFS(领跑良品退回!$G:$G,领跑良品退回!$E:$E,日报!$D:$D,领跑良品退回!$A:$A,日报!CA$3)<>0,SUMIFS(领跑良品退回!$G:$G,领跑良品退回!$E:$E,日报!$D:$D,领跑良品退回!$A:$A,日报!CA$3),"") | CB10: =IF(SUMIFS(领跑良品退回!$G:$G,领跑良品退回!$E:$E,日报!$D:$D,领跑良品退回!$A:$A,日报!CB$3)<>0,SUMIFS(领跑良品退回!$G:$G,领跑良品退回!$E:$E,日报!$D:$D,领跑良品退回!$A:$A,日报!CB$3),"") | CC10: =IF(SUMIFS(领跑良品退回!$G:$G,领跑良品退回!$E:$E,日报!$D:$D,领跑良品退回!$A:$A,日报!CC$3)<>0,SUMIFS(领跑良品退回!$G:$G,领跑良品退回!$E:$E,日报!$D:$D,领跑良品退回!$A:$A,日报!CC$3),"") | CD10: =IF(SUMIFS(领跑良品退回!$G:$G,领跑良品退回!$E:$E,日报!$D:$D,领跑良品退回!$A:$A,日报!CD$3)<>0,SUMIFS(领跑良品退回!$G:$G,领跑良品退回!$E:$E,日报!$D:$D,领跑良品退回!$A:$A,日报!CD$3),"") | CE10: =IF(SUMIFS(领跑良品退回!$G:$G,领跑良品退回!$E:$E,日报!$D:$D,领跑良品退回!$A:$A,日报!CE$3)<>0,SUMIFS(领跑良品退回!$G:$G,领跑良品退回!$E:$E,日报!$D:$D,领跑良品退回!$A:$A,日报!CE$3),"") | CF10: =IF(SUMIFS(领跑良品退回!$G:$G,领跑良品退回!$E:$E,日报!$D:$D,领跑良品退回!$A:$A,日报!CF$3)<>0,SUMIFS(领跑良品退回!$G:$G,领跑良品退回!$E:$E,日报!$D:$D,领跑良品退回!$A:$A,日报!CF$3),"") | CG10: =IF(SUMIFS(领跑良品退回!$G:$G,领跑良品退回!$E:$E,日报!$D:$D,领跑良品退回!$A:$A,日报!CG$3)<>0,SUMIFS(领跑良品退回!$G:$G,领跑良品退回!$E:$E,日报!$D:$D,领跑良品退回!$A:$A,日报!CG$3),"") | ... DD10: =IF(SUMIFS(领跑良品退回!$G:$G,领跑良品退回!$E:$E,日报!$D:$D,领跑良品退回!$A:$A,日报!DD$3)<>0,SUMIFS(领跑良品退回!$G:$G,领跑良品退回!$E:$E,日报!$D:$D,领跑良品退回!$A:$A,日报!DD$3),"")
A11: 8 | B11: 1AC | C11: 宁波天下汽配有限公司 | D11: 3.2.42.20.00047-000 | E11: DC输出正极保护罩下-本色 | F11: =IFERROR(VLOOKUP(D11,基础信息!D:F,3,FALSE),"0") -> 0 | G11: 4471 | H11: =SUMIF(合格品入库记录!E:E,日报!D11,合格品入库记录!G:G) -> 0 | I11: =SUMIF(合格品出库记录!E:E,日报!D11,合格品出库记录!G:G) -> 0 | J11: =SUMIF(领跑良品退回!E:E,D11,领跑良品退回!G:G) -> 0 | K11: =M11+L11 -> 4497 | L11: =SUMIF(不良品库存!D:D,D:D,不良品库存!F:F) -> 26 | M11: =G11+H11-I11+J11 -> 4471 | N11: #N/A | O11: 1 | P11: =IF(SUMIFS(合格品入库记录!$G:$G,合格品入库记录!$E:$E,日报!$D:$D,合格品入库记录!$A:$A,日报!P$3)<>0,SUMIFS(合格品入库记录!$G:$G,合格品入库记录!$E:$E,日报!$D:$D,合格品入库记录!$A:$A,日报!P$3),"") | Q11: =IF(SUMIFS(合格品入库记录!$G:$G,合格品入库记录!$E:$E,日报!$D:$D,合格品入库记录!$A:$A,日报!Q$3)<>0,SUMIFS(合格品入库记录!$G:$G,合格品入库记录!$E:$E,日报!$D:$D,合格品入库记录!$A:$A,日报!Q$3),"") | R11: =IF(SUMIFS(合格品入库记录!$G:$G,合格品入库记录!$E:$E,日报!$D:$D,合格品入库记录!$A:$A,日报!R$3)<>0,SUMIFS(合格品入库记录!$G:$G,合格品入库记录!$E:$E,日报!$D:$D,合格品入库记录!$A:$A,日报!R$3),"") | S11: =IF(SUMIFS(合格品入库记录!$G:$G,合格品入库记录!$E:$E,日报!$D:$D,合格品入库记录!$A:$A,日报!S$3)<>0,SUMIFS(合格品入库记录!$G:$G,合格品入库记录!$E:$E,日报!$D:$D,合格品入库记录!$A:$A,日报!S$3),"") | T11: =IF(SUMIFS(合格品入库记录!$G:$G,合格品入库记录!$E:$E,日报!$D:$D,合格品入库记录!$A:$A,日报!T$3)<>0,SUMIFS(合格品入库记录!$G:$G,合格品入库记录!$E:$E,日报!$D:$D,合格品入库记录!$A:$A,日报!T$3),"") | U11: =IF(SUMIFS(合格品入库记录!$G:$G,合格品入库记录!$E:$E,日报!$D:$D,合格品入库记录!$A:$A,日报!U$3)<>0,SUMIFS(合格品入库记录!$G:$G,合格品入库记录!$E:$E,日报!$D:$D,合格品入库记录!$A:$A,日报!U$3),"") | V11: =IF(SUMIFS(合格品入库记录!$G:$G,合格品入库记录!$E:$E,日报!$D:$D,合格品入库记录!$A:$A,日报!V$3)<>0,SUMIFS(合格品入库记录!$G:$G,合格品入库记录!$E:$E,日报!$D:$D,合格品入库记录!$A:$A,日报!V$3),"") | W11: =IF(SUMIFS(合格品入库记录!$G:$G,合格品入库记录!$E:$E,日报!$D:$D,合格品入库记录!$A:$A,日报!W$3)<>0,SUMIFS(合格品入库记录!$G:$G,合格品入库记录!$E:$E,日报!$D:$D,合格品入库记录!$A:$A,日报!W$3),"") | ... AT11: =IF(SUMIFS(合格品入库记录!$G:$G,合格品入库记录!$E:$E,日报!$D:$D,合格品入库记录!$A:$A,日报!AT$3)<>0,SUMIFS(合格品入库记录!$G:$G,合格品入库记录!$E:$E,日报!$D:$D,合格品入库记录!$A:$A,日报!AT$3),"") | AU11: =IF(SUMIFS(合格品出库记录!$G:$G,合格品出库记录!$E:$E,日报!$D:$D,合格品出库记录!$A:$A,日报!AU$3)<>0,SUMIFS(合格品出库记录!$G:$G,合格品出库记录!$E:$E,日报!$D:$D,合格品出库记录!$A:$A,日报!AU$3),"") | AV11: =IF(SUMIFS(合格品出库记录!$G:$G,合格品出库记录!$E:$E,日报!$D:$D,合格品出库记录!$A:$A,日报!AV$3)<>0,SUMIFS(合格品出库记录!$G:$G,合格品出库记录!$E:$E,日报!$D:$D,合格品出库记录!$A:$A,日报!AV$3),"") | AW11: =IF(SUMIFS(合格品出库记录!$G:$G,合格品出库记录!$E:$E,日报!$D:$D,合格品出库记录!$A:$A,日报!AW$3)<>0,SUMIFS(合格品出库记录!$G:$G,合格品出库记录!$E:$E,日报!$D:$D,合格品出库记录!$A:$A,日报!AW$3),"") | AX11: =IF(SUMIFS(合格品出库记录!$G:$G,合格品出库记录!$E:$E,日报!$D:$D,合格品出库记录!$A:$A,日报!AX$3)<>0,SUMIFS(合格品出库记录!$G:$G,合格品出库记录!$E:$E,日报!$D:$D,合格品出库记录!$A:$A,日报!AX$3),"") | AY11: =IF(SUMIFS(合格品出库记录!$G:$G,合格品出库记录!$E:$E,日报!$D:$D,合格品出库记录!$A:$A,日报!AY$3)<>0,SUMIFS(合格品出库记录!$G:$G,合格品出库记录!$E:$E,日报!$D:$D,合格品出库记录!$A:$A,日报!AY$3),"") | AZ11: =IF(SUMIFS(合格品出库记录!$G:$G,合格品出库记录!$E:$E,日报!$D:$D,合格品出库记录!$A:$A,日报!AZ$3)<>0,SUMIFS(合格品出库记录!$G:$G,合格品出库记录!$E:$E,日报!$D:$D,合格品出库记录!$A:$A,日报!AZ$3),"") | BA11: =IF(SUMIFS(合格品出库记录!$G:$G,合格品出库记录!$E:$E,日报!$D:$D,合格品出库记录!$A:$A,日报!BA$3)<>0,SUMIFS(合格品出库记录!$G:$G,合格品出库记录!$E:$E,日报!$D:$D,合格品出库记录!$A:$A,日报!BA$3),"") | BB11: =IF(SUMIFS(合格品出库记录!$G:$G,合格品出库记录!$E:$E,日报!$D:$D,合格品出库记录!$A:$A,日报!BB$3)<>0,SUMIFS(合格品出库记录!$G:$G,合格品出库记录!$E:$E,日报!$D:$D,合格品出库记录!$A:$A,日报!BB$3),"") | ... BY11: =IF(SUMIFS(合格品出库记录!$G:$G,合格品出库记录!$E:$E,日报!$D:$D,合格品出库记录!$A:$A,日报!BY$3)<>0,SUMIFS(合格品出库记录!$G:$G,合格品出库记录!$E:$E,日报!$D:$D,合格品出库记录!$A:$A,日报!BY$3),"") | BZ11: =IF(SUMIFS(领跑良品退回!$G:$G,领跑良品退回!$E:$E,日报!$D:$D,领跑良品退回!$A:$A,日报!BZ$3)<>0,SUMIFS(领跑良品退回!$G:$G,领跑良品退回!$E:$E,日报!$D:$D,领跑良品退回!$A:$A,日报!BZ$3),"") | CA11: =IF(SUMIFS(领跑良品退回!$G:$G,领跑良品退回!$E:$E,日报!$D:$D,领跑良品退回!$A:$A,日报!CA$3)<>0,SUMIFS(领跑良品退回!$G:$G,领跑良品退回!$E:$E,日报!$D:$D,领跑良品退回!$A:$A,日报!CA$3),"") | CB11: =IF(SUMIFS(领跑良品退回!$G:$G,领跑良品退回!$E:$E,日报!$D:$D,领跑良品退回!$A:$A,日报!CB$3)<>0,SUMIFS(领跑良品退回!$G:$G,领跑良品退回!$E:$E,日报!$D:$D,领跑良品退回!$A:$A,日报!CB$3),"") | CC11: =IF(SUMIFS(领跑良品退回!$G:$G,领跑良品退回!$E:$E,日报!$D:$D,领跑良品退回!$A:$A,日报!CC$3)<>0,SUMIFS(领跑良品退回!$G:$G,领跑良品退回!$E:$E,日报!$D:$D,领跑良品退回!$A:$A,日报!CC$3),"") | CD11: =IF(SUMIFS(领跑良品退回!$G:$G,领跑良品退回!$E:$E,日报!$D:$D,领跑良品退回!$A:$A,日报!CD$3)<>0,SUMIFS(领跑良品退回!$G:$G,领跑良品退回!$E:$E,日报!$D:$D,领跑良品退回!$A:$A,日报!CD$3),"") | CE11: =IF(SUMIFS(领跑良品退回!$G:$G,领跑良品退回!$E:$E,日报!$D:$D,领跑良品退回!$A:$A,日报!CE$3)<>0,SUMIFS(领跑良品退回!$G:$G,领跑良品退回!$E:$E,日报!$D:$D,领跑良品退回!$A:$A,日报!CE$3),"") | CF11: =IF(SUMIFS(领跑良品退回!$G:$G,领跑良品退回!$E:$E,日报!$D:$D,领跑良品退回!$A:$A,日报!CF$3)<>0,SUMIFS(领跑良品退回!$G:$G,领跑良品退回!$E:$E,日报!$D:$D,领跑良品退回!$A:$A,日报!CF$3),"") | CG11: =IF(SUMIFS(领跑良品退回!$G:$G,领跑良品退回!$E:$E,日报!$D:$D,领跑良品退回!$A:$A,日报!CG$3)<>0,SUMIFS(领跑良品退回!$G:$G,领跑良品退回!$E:$E,日报!$D:$D,领跑良品退回!$A:$A,日报!CG$3),"") | ... DD11: =IF(SUMIFS(领跑良品退回!$G:$G,领跑良品退回!$E:$E,日报!$D:$D,领跑良品退回!$A:$A,日报!DD$3)<>0,SUMIFS(领跑良品退回!$G:$G,领跑良品退回!$E:$E,日报!$D:$D,领跑良品退回!$A:$A,日报!DD$3),"")
A12: 9 | B12: 1AC | C12: 宁波天下汽配有限公司 | D12: 3.2.42.20.00048-000 | E12: DC输出正极保护罩上-本色 | F12: =IFERROR(VLOOKUP(D12,基础信息!D:F,3,FALSE),"0") -> 0 | G12: 4471 | H12: =SUMIF(合格品入库记录!E:E,日报!D12,合格品入库记录!G:G) -> 0 | I12: =SUMIF(合格品出库记录!E:E,日报!D12,合格品出库记录!G:G) -> 0 | J12: =SUMIF(领跑良品退回!E:E,D12,领跑良品退回!G:G) -> 0 | K12: =M12+L12 -> 4490 | L12: =SUMIF(不良品库存!D:D,D:D,不良品库存!F:F) -> 19 | M12: =G12+H12-I12+J12 -> 4471 | N12: #N/A | O12: 1 | P12: =IF(SUMIFS(合格品入库记录!$G:$G,合格品入库记录!$E:$E,日报!$D:$D,合格品入库记录!$A:$A,日报!P$3)<>0,SUMIFS(合格品入库记录!$G:$G,合格品入库记录!$E:$E,日报!$D:$D,合格品入库记录!$A:$A,日报!P$3),"") | Q12: =IF(SUMIFS(合格品入库记录!$G:$G,合格品入库记录!$E:$E,日报!$D:$D,合格品入库记录!$A:$A,日报!Q$3)<>0,SUMIFS(合格品入库记录!$G:$G,合格品入库记录!$E:$E,日报!$D:$D,合格品入库记录!$A:$A,日报!Q$3),"") | R12: =IF(SUMIFS(合格品入库记录!$G:$G,合格品入库记录!$E:$E,日报!$D:$D,合格品入库记录!$A:$A,日报!R$3)<>0,SUMIFS(合格品入库记录!$G:$G,合格品入库记录!$E:$E,日报!$D:$D,合格品入库记录!$A:$A,日报!R$3),"") | S12: =IF(SUMIFS(合格品入库记录!$G:$G,合格品入库记录!$E:$E,日报!$D:$D,合格品入库记录!$A:$A,日报!S$3)<>0,SUMIFS(合格品入库记录!$G:$G,合格品入库记录!$E:$E,日报!$D:$D,合格品入库记录!$A:$A,日报!S$3),"") | T12: =IF(SUMIFS(合格品入库记录!$G:$G,合格品入库记录!$E:$E,日报!$D:$D,合格品入库记录!$A:$A,日报!T$3)<>0,SUMIFS(合格品入库记录!$G:$G,合格品入库记录!$E:$E,日报!$D:$D,合格品入库记录!$A:$A,日报!T$3),"") | U12: =IF(SUMIFS(合格品入库记录!$G:$G,合格品入库记录!$E:$E,日报!$D:$D,合格品入库记录!$A:$A,日报!U$3)<>0,SUMIFS(合格品入库记录!$G:$G,合格品入库记录!$E:$E,日报!$D:$D,合格品入库记录!$A:$A,日报!U$3),"") | V12: =IF(SUMIFS(合格品入库记录!$G:$G,合格品入库记录!$E:$E,日报!$D:$D,合格品入库记录!$A:$A,日报!V$3)<>0,SUMIFS(合格品入库记录!$G:$G,合格品入库记录!$E:$E,日报!$D:$D,合格品入库记录!$A:$A,日报!V$3),"") | W12: =IF(SUMIFS(合格品入库记录!$G:$G,合格品入库记录!$E:$E,日报!$D:$D,合格品入库记录!$A:$A,日报!W$3)<>0,SUMIFS(合格品入库记录!$G:$G,合格品入库记录!$E:$E,日报!$D:$D,合格品入库记录!$A:$A,日报!W$3),"") | ... AT12: =IF(SUMIFS(合格品入库记录!$G:$G,合格品入库记录!$E:$E,日报!$D:$D,合格品入库记录!$A:$A,日报!AT$3)<>0,SUMIFS(合格品入库记录!$G:$G,合格品入库记录!$E:$E,日报!$D:$D,合格品入库记录!$A:$A,日报!AT$3),"") | AU12: =IF(SUMIFS(合格品出库记录!$G:$G,合格品出库记录!$E:$E,日报!$D:$D,合格品出库记录!$A:$A,日报!AU$3)<>0,SUMIFS(合格品出库记录!$G:$G,合格品出库记录!$E:$E,日报!$D:$D,合格品出库记录!$A:$A,日报!AU$3),"") | AV12: =IF(SUMIFS(合格品出库记录!$G:$G,合格品出库记录!$E:$E,日报!$D:$D,合格品出库记录!$A:$A,日报!AV$3)<>0,SUMIFS(合格品出库记录!$G:$G,合格品出库记录!$E:$E,日报!$D:$D,合格品出库记录!$A:$A,日报!AV$3),"") | AW12: =IF(SUMIFS(合格品出库记录!$G:$G,合格品出库记录!$E:$E,日报!$D:$D,合格品出库记录!$A:$A,日报!AW$3)<>0,SUMIFS(合格品出库记录!$G:$G,合格品出库记录!$E:$E,日报!$D:$D,合格品出库记录!$A:$A,日报!AW$3),"") | AX12: =IF(SUMIFS(合格品出库记录!$G:$G,合格品出库记录!$E:$E,日报!$D:$D,合格品出库记录!$A:$A,日报!AX$3)<>0,SUMIFS(合格品出库记录!$G:$G,合格品出库记录!$E:$E,日报!$D:$D,合格品出库记录!$A:$A,日报!AX$3),"") | AY12: =IF(SUMIFS(合格品出库记录!$G:$G,合格品出库记录!$E:$E,日报!$D:$D,合格品出库记录!$A:$A,日报!AY$3)<>0,SUMIFS(合格品出库记录!$G:$G,合格品出库记录!$E:$E,日报!$D:$D,合格品出库记录!$A:$A,日报!AY$3),"") | AZ12: =IF(SUMIFS(合格品出库记录!$G:$G,合格品出库记录!$E:$E,日报!$D:$D,合格品出库记录!$A:$A,日报!AZ$3)<>0,SUMIFS(合格品出库记录!$G:$G,合格品出库记录!$E:$E,日报!$D:$D,合格品出库记录!$A:$A,日报!AZ$3),"") | BA12: =IF(SUMIFS(合格品出库记录!$G:$G,合格品出库记录!$E:$E,日报!$D:$D,合格品出库记录!$A:$A,日报!BA$3)<>0,SUMIFS(合格品出库记录!$G:$G,合格品出库记录!$E:$E,日报!$D:$D,合格品出库记录!$A:$A,日报!BA$3),"") | BB12: =IF(SUMIFS(合格品出库记录!$G:$G,合格品出库记录!$E:$E,日报!$D:$D,合格品出库记录!$A:$A,日报!BB$3)<>0,SUMIFS(合格品出库记录!$G:$G,合格品出库记录!$E:$E,日报!$D:$D,合格品出库记录!$A:$A,日报!BB$3),"") | ... BY12: =IF(SUMIFS(合格品出库记录!$G:$G,合格品出库记录!$E:$E,日报!$D:$D,合格品出库记录!$A:$A,日报!BY$3)<>0,SUMIFS(合格品出库记录!$G:$G,合格品出库记录!$E:$E,日报!$D:$D,合格品出库记录!$A:$A,日报!BY$3),"") | BZ12: =IF(SUMIFS(领跑良品退回!$G:$G,领跑良品退回!$E:$E,日报!$D:$D,领跑良品退回!$A:$A,日报!BZ$3)<>0,SUMIFS(领跑良品退回!$G:$G,领跑良品退回!$E:$E,日报!$D:$D,领跑良品退回!$A:$A,日报!BZ$3),"") | CA12: =IF(SUMIFS(领跑良品退回!$G:$G,领跑良品退回!$E:$E,日报!$D:$D,领跑良品退回!$A:$A,日报!CA$3)<>0,SUMIFS(领跑良品退回!$G:$G,领跑良品退回!$E:$E,日报!$D:$D,领跑良品退回!$A:$A,日报!CA$3),"") | CB12: =IF(SUMIFS(领跑良品退回!$G:$G,领跑良品退回!$E:$E,日报!$D:$D,领跑良品退回!$A:$A,日报!CB$3)<>0,SUMIFS(领跑良品退回!$G:$G,领跑良品退回!$E:$E,日报!$D:$D,领跑良品退回!$A:$A,日报!CB$3),"") | CC12: =IF(SUMIFS(领跑良品退回!$G:$G,领跑良品退回!$E:$E,日报!$D:$D,领跑良品退回!$A:$A,日报!CC$3)<>0,SUMIFS(领跑良品退回!$G:$G,领跑良品退回!$E:$E,日报!$D:$D,领跑良品退回!$A:$A,日报!CC$3),"") | CD12: =IF(SUMIFS(领跑良品退回!$G:$G,领跑良品退回!$E:$E,日报!$D:$D,领跑良品退回!$A:$A,日报!CD$3)<>0,SUMIFS(领跑良品退回!$G:$G,领跑良品退回!$E:$E,日报!$D:$D,领跑良品退回!$A:$A,日报!CD$3),"") | CE12: =IF(SUMIFS(领跑良品退回!$G:$G,领跑良品退回!$E:$E,日报!$D:$D,领跑良品退回!$A:$A,日报!CE$3)<>0,SUMIFS(领跑良品退回!$G:$G,领跑良品退回!$E:$E,日报!$D:$D,领跑良品退回!$A:$A,日报!CE$3),"") | CF12: =IF(SUMIFS(领跑良品退回!$G:$G,领跑良品退回!$E:$E,日报!$D:$D,领跑良品退回!$A:$A,日报!CF$3)<>0,SUMIFS(领跑良品退回!$G:$G,领跑良品退回!$E:$E,日报!$D:$D,领跑良品退回!$A:$A,日报!CF$3),"") | CG12: =IF(SUMIFS(领跑良品退回!$G:$G,领跑良品退回!$E:$E,日报!$D:$D,领跑良品退回!$A:$A,日报!CG$3)<>0,SUMIFS(领跑良品退回!$G:$G,领跑良品退回!$E:$E,日报!$D:$D,领跑良品退回!$A:$A,日报!CG$3),"") | ... DD12: =IF(SUMIFS(领跑良品退回!$G:$G,领跑良品退回!$E:$E,日报!$D:$D,领跑良品退回!$A:$A,日报!DD$3)<>0,SUMIFS(领跑良品退回!$G:$G,领跑良品退回!$E:$E,日报!$D:$D,领跑良品退回!$A:$A,日报!DD$3),"")
A13: 10 | B13: 1AC | C13: 宁波天下汽配有限公司 | D13: 3.2.42.30.00379-000 | E13: 插座绝缘防护罩 | F13: =IFERROR(VLOOKUP(D13,基础信息!D:F,3,FALSE),"0") -> 155 | G13: 3650 | H13: =SUMIF(合格品入库记录!E:E,日报!D13,合格品入库记录!G:G) -> 0 | I13: =SUMIF(合格品出库记录!E:E,日报!D13,合格品出库记录!G:G) -> 0 | J13: =SUMIF(领跑良品退回!E:E,D13,领跑良品退回!G:G) -> 0 | K13: =M13+L13 -> 3650 | L13: =SUMIF(不良品库存!D:D,D:D,不良品库存!F:F) -> 0 | M13: =G13+H13-I13+J13 -> 3650 | N13: 3720 | O13: 1 | P13: =IF(SUMIFS(合格品入库记录!$G:$G,合格品入库记录!$E:$E,日报!$D:$D,合格品入库记录!$A:$A,日报!P$3)<>0,SUMIFS(合格品入库记录!$G:$G,合格品入库记录!$E:$E,日报!$D:$D,合格品入库记录!$A:$A,日报!P$3),"") | Q13: =IF(SUMIFS(合格品入库记录!$G:$G,合格品入库记录!$E:$E,日报!$D:$D,合格品入库记录!$A:$A,日报!Q$3)<>0,SUMIFS(合格品入库记录!$G:$G,合格品入库记录!$E:$E,日报!$D:$D,合格品入库记录!$A:$A,日报!Q$3),"") | R13: =IF(SUMIFS(合格品入库记录!$G:$G,合格品入库记录!$E:$E,日报!$D:$D,合格品入库记录!$A:$A,日报!R$3)<>0,SUMIFS(合格品入库记录!$G:$G,合格品入库记录!$E:$E,日报!$D:$D,合格品入库记录!$A:$A,日报!R$3),"") | S13: =IF(SUMIFS(合格品入库记录!$G:$G,合格品入库记录!$E:$E,日报!$D:$D,合格品入库记录!$A:$A,日报!S$3)<>0,SUMIFS(合格品入库记录!$G:$G,合格品入库记录!$E:$E,日报!$D:$D,合格品入库记录!$A:$A,日报!S$3),"") | T13: =IF(SUMIFS(合格品入库记录!$G:$G,合格品入库记录!$E:$E,日报!$D:$D,合格品入库记录!$A:$A,日报!T$3)<>0,SUMIFS(合格品入库记录!$G:$G,合格品入库记录!$E:$E,日报!$D:$D,合格品入库记录!$A:$A,日报!T$3),"") | U13: =IF(SUMIFS(合格品入库记录!$G:$G,合格品入库记录!$E:$E,日报!$D:$D,合格品入库记录!$A:$A,日报!U$3)<>0,SUMIFS(合格品入库记录!$G:$G,合格品入库记录!$E:$E,日报!$D:$D,合格品入库记录!$A:$A,日报!U$3),"") | V13: =IF(SUMIFS(合格品入库记录!$G:$G,合格品入库记录!$E:$E,日报!$D:$D,合格品入库记录!$A:$A,日报!V$3)<>0,SUMIFS(合格品入库记录!$G:$G,合格品入库记录!$E:$E,日报!$D:$D,合格品入库记录!$A:$A,日报!V$3),"") | W13: =IF(SUMIFS(合格品入库记录!$G:$G,合格品入库记录!$E:$E,日报!$D:$D,合格品入库记录!$A:$A,日报!W$3)<>0,SUMIFS(合格品入库记录!$G:$G,合格品入库记录!$E:$E,日报!$D:$D,合格品入库记录!$A:$A,日报!W$3),"") | ... AT13: =IF(SUMIFS(合格品入库记录!$G:$G,合格品入库记录!$E:$E,日报!$D:$D,合格品入库记录!$A:$A,日报!AT$3)<>0,SUMIFS(合格品入库记录!$G:$G,合格品入库记录!$E:$E,日报!$D:$D,合格品入库记录!$A:$A,日报!AT$3),"") | AU13: =IF(SUMIFS(合格品出库记录!$G:$G,合格品出库记录!$E:$E,日报!$D:$D,合格品出库记录!$A:$A,日报!AU$3)<>0,SUMIFS(合格品出库记录!$G:$G,合格品出库记录!$E:$E,日报!$D:$D,合格品出库记录!$A:$A,日报!AU$3),"") | AV13: =IF(SUMIFS(合格品出库记录!$G:$G,合格品出库记录!$E:$E,日报!$D:$D,合格品出库记录!$A:$A,日报!AV$3)<>0,SUMIFS(合格品出库记录!$G:$G,合格品出库记录!$E:$E,日报!$D:$D,合格品出库记录!$A:$A,日报!AV$3),"") | AW13: =IF(SUMIFS(合格品出库记录!$G:$G,合格品出库记录!$E:$E,日报!$D:$D,合格品出库记录!$A:$A,日报!AW$3)<>0,SUMIFS(合格品出库记录!$G:$G,合格品出库记录!$E:$E,日报!$D:$D,合格品出库记录!$A:$A,日报!AW$3),"") | AX13: =IF(SUMIFS(合格品出库记录!$G:$G,合格品出库记录!$E:$E,日报!$D:$D,合格品出库记录!$A:$A,日报!AX$3)<>0,SUMIFS(合格品出库记录!$G:$G,合格品出库记录!$E:$E,日报!$D:$D,合格品出库记录!$A:$A,日报!AX$3),"") | AY13: =IF(SUMIFS(合格品出库记录!$G:$G,合格品出库记录!$E:$E,日报!$D:$D,合格品出库记录!$A:$A,日报!AY$3)<>0,SUMIFS(合格品出库记录!$G:$G,合格品出库记录!$E:$E,日报!$D:$D,合格品出库记录!$A:$A,日报!AY$3),"") | AZ13: =IF(SUMIFS(合格品出库记录!$G:$G,合格品出库记录!$E:$E,日报!$D:$D,合格品出库记录!$A:$A,日报!AZ$3)<>0,SUMIFS(合格品出库记录!$G:$G,合格品出库记录!$E:$E,日报!$D:$D,合格品出库记录!$A:$A,日报!AZ$3),"") | BA13: =IF(SUMIFS(合格品出库记录!$G:$G,合格品出库记录!$E:$E,日报!$D:$D,合格品出库记录!$A:$A,日报!BA$3)<>0,SUMIFS(合格品出库记录!$G:$G,合格品出库记录!$E:$E,日报!$D:$D,合格品出库记录!$A:$A,日报!BA$3),"") | BB13: =IF(SUMIFS(合格品出库记录!$G:$G,合格品出库记录!$E:$E,日报!$D:$D,合格品出库记录!$A:$A,日报!BB$3)<>0,SUMIFS(合格品出库记录!$G:$G,合格品出库记录!$E:$E,日报!$D:$D,合格品出库记录!$A:$A,日报!BB$3),"") | ... BY13: =IF(SUMIFS(合格品出库记录!$G:$G,合格品出库记录!$E:$E,日报!$D:$D,合格品出库记录!$A:$A,日报!BY$3)<>0,SUMIFS(合格品出库记录!$G:$G,合格品出库记录!$E:$E,日报!$D:$D,合格品出库记录!$A:$A,日报!BY$3),"") | BZ13: =IF(SUMIFS(领跑良品退回!$G:$G,领跑良品退回!$E:$E,日报!$D:$D,领跑良品退回!$A:$A,日报!BZ$3)<>0,SUMIFS(领跑良品退回!$G:$G,领跑良品退回!$E:$E,日报!$D:$D,领跑良品退回!$A:$A,日报!BZ$3),"") | CA13: =IF(SUMIFS(领跑良品退回!$G:$G,领跑良品退回!$E:$E,日报!$D:$D,领跑良品退回!$A:$A,日报!CA$3)<>0,SUMIFS(领跑良品退回!$G:$G,领跑良品退回!$E:$E,日报!$D:$D,领跑良品退回!$A:$A,日报!CA$3),"") | CB13: =IF(SUMIFS(领跑良品退回!$G:$G,领跑良品退回!$E:$E,日报!$D:$D,领跑良品退回!$A:$A,日报!CB$3)<>0,SUMIFS(领跑良品退回!$G:$G,领跑良品退回!$E:$E,日报!$D:$D,领跑良品退回!$A:$A,日报!CB$3),"") | CC13: =IF(SUMIFS(领跑良品退回!$G:$G,领跑良品退回!$E:$E,日报!$D:$D,领跑良品退回!$A:$A,日报!CC$3)<>0,SUMIFS(领跑良品退回!$G:$G,领跑良品退回!$E:$E,日报!$D:$D,领跑良品退回!$A:$A,日报!CC$3),"") | CD13: =IF(SUMIFS(领跑良品退回!$G:$G,领跑良品退回!$E:$E,日报!$D:$D,领跑良品退回!$A:$A,日报!CD$3)<>0,SUMIFS(领跑良品退回!$G:$G,领跑良品退回!$E:$E,日报!$D:$D,领跑良品退回!$A:$A,日报!CD$3),"") | CE13: =IF(SUMIFS(领跑良品退回!$G:$G,领跑良品退回!$E:$E,日报!$D:$D,领跑良品退回!$A:$A,日报!CE$3)<>0,SUMIFS(领跑良品退回!$G:$G,领跑良品退回!$E:$E,日报!$D:$D,领跑良品退回!$A:$A,日报!CE$3),"") | CF13: =IF(SUMIFS(领跑良品退回!$G:$G,领跑良品退回!$E:$E,日报!$D:$D,领跑良品退回!$A:$A,日报!CF$3)<>0,SUMIFS(领跑良品退回!$G:$G,领跑良品退回!$E:$E,日报!$D:$D,领跑良品退回!$A:$A,日报!CF$3),"") | CG13: =IF(SUMIFS(领跑良品退回!$G:$G,领跑良品退回!$E:$E,日报!$D:$D,领跑良品退回!$A:$A,日报!CG$3)<>0,SUMIFS(领跑良品退回!$G:$G,领跑良品退回!$E:$E,日报!$D:$D,领跑良品退回!$A:$A,日报!CG$3),"") | ... DD13: =IF(SUMIFS(领跑良品退回!$G:$G,领跑良品退回!$E:$E,日报!$D:$D,领跑良品退回!$A:$A,日报!DD$3)<>0,SUMIFS(领跑良品退回!$G:$G,领跑良品退回!$E:$E,日报!$D:$D,领跑良品退回!$A:$A,日报!DD$3),"")
A14: 11 | B14: 1AC | C14: 宁波天下汽配有限公司 | D14: 3.2.42.30.00475-000 | E14: 塑料支架-8 | F14: =IFERROR(VLOOKUP(D14,基础信息!D:F,3,FALSE),"0") -> 276 | G14: 1347 | H14: =SUMIF(合格品入库记录!E:E,日报!D14,合格品入库记录!G:G) -> 0 | I14: =SUMIF(合格品出库记录!E:E,日报!D14,合格品出库记录!G:G) -> 0 | J14: =SUMIF(领跑良品退回!E:E,D14,领跑良品退回!G:G) -> 0 | K14: =M14+L14 -> 1347 | L14: =SUMIF(不良品库存!D:D,D:D,不良品库存!F:F) -> 0 | M14: =G14+H14-I14+J14 -> 1347 | N14: 9936 | O14: 1 | P14: =IF(SUMIFS(合格品入库记录!$G:$G,合格品入库记录!$E:$E,日报!$D:$D,合格品入库记录!$A:$A,日报!P$3)<>0,SUMIFS(合格品入库记录!$G:$G,合格品入库记录!$E:$E,日报!$D:$D,合格品入库记录!$A:$A,日报!P$3),"") | Q14: =IF(SUMIFS(合格品入库记录!$G:$G,合格品入库记录!$E:$E,日报!$D:$D,合格品入库记录!$A:$A,日报!Q$3)<>0,SUMIFS(合格品入库记录!$G:$G,合格品入库记录!$E:$E,日报!$D:$D,合格品入库记录!$A:$A,日报!Q$3),"") | R14: =IF(SUMIFS(合格品入库记录!$G:$G,合格品入库记录!$E:$E,日报!$D:$D,合格品入库记录!$A:$A,日报!R$3)<>0,SUMIFS(合格品入库记录!$G:$G,合格品入库记录!$E:$E,日报!$D:$D,合格品入库记录!$A:$A,日报!R$3),"") | S14: =IF(SUMIFS(合格品入库记录!$G:$G,合格品入库记录!$E:$E,日报!$D:$D,合格品入库记录!$A:$A,日报!S$3)<>0,SUMIFS(合格品入库记录!$G:$G,合格品入库记录!$E:$E,日报!$D:$D,合格品入库记录!$A:$A,日报!S$3),"") | T14: =IF(SUMIFS(合格品入库记录!$G:$G,合格品入库记录!$E:$E,日报!$D:$D,合格品入库记录!$A:$A,日报!T$3)<>0,SUMIFS(合格品入库记录!$G:$G,合格品入库记录!$E:$E,日报!$D:$D,合格品入库记录!$A:$A,日报!T$3),"") | U14: =IF(SUMIFS(合格品入库记录!$G:$G,合格品入库记录!$E:$E,日报!$D:$D,合格品入库记录!$A:$A,日报!U$3)<>0,SUMIFS(合格品入库记录!$G:$G,合格品入库记录!$E:$E,日报!$D:$D,合格品入库记录!$A:$A,日报!U$3),"") | V14: =IF(SUMIFS(合格品入库记录!$G:$G,合格品入库记录!$E:$E,日报!$D:$D,合格品入库记录!$A:$A,日报!V$3)<>0,SUMIFS(合格品入库记录!$G:$G,合格品入库记录!$E:$E,日报!$D:$D,合格品入库记录!$A:$A,日报!V$3),"") | W14: =IF(SUMIFS(合格品入库记录!$G:$G,合格品入库记录!$E:$E,日报!$D:$D,合格品入库记录!$A:$A,日报!W$3)<>0,SUMIFS(合格品入库记录!$G:$G,合格品入库记录!$E:$E,日报!$D:$D,合格品入库记录!$A:$A,日报!W$3),"") | ... AT14: =IF(SUMIFS(合格品入库记录!$G:$G,合格品入库记录!$E:$E,日报!$D:$D,合格品入库记录!$A:$A,日报!AT$3)<>0,SUMIFS(合格品入库记录!$G:$G,合格品入库记录!$E:$E,日报!$D:$D,合格品入库记录!$A:$A,日报!AT$3),"") | AU14: =IF(SUMIFS(合格品出库记录!$G:$G,合格品出库记录!$E:$E,日报!$D:$D,合格品出库记录!$A:$A,日报!AU$3)<>0,SUMIFS(合格品出库记录!$G:$G,合格品出库记录!$E:$E,日报!$D:$D,合格品出库记录!$A:$A,日报!AU$3),"") | AV14: =IF(SUMIFS(合格品出库记录!$G:$G,合格品出库记录!$E:$E,日报!$D:$D,合格品出库记录!$A:$A,日报!AV$3)<>0,SUMIFS(合格品出库记录!$G:$G,合格品出库记录!$E:$E,日报!$D:$D,合格品出库记录!$A:$A,日报!AV$3),"") | AW14: =IF(SUMIFS(合格品出库记录!$G:$G,合格品出库记录!$E:$E,日报!$D:$D,合格品出库记录!$A:$A,日报!AW$3)<>0,SUMIFS(合格品出库记录!$G:$G,合格品出库记录!$E:$E,日报!$D:$D,合格品出库记录!$A:$A,日报!AW$3),"") | AX14: =IF(SUMIFS(合格品出库记录!$G:$G,合格品出库记录!$E:$E,日报!$D:$D,合格品出库记录!$A:$A,日报!AX$3)<>0,SUMIFS(合格品出库记录!$G:$G,合格品出库记录!$E:$E,日报!$D:$D,合格品出库记录!$A:$A,日报!AX$3),"") | AY14: =IF(SUMIFS(合格品出库记录!$G:$G,合格品出库记录!$E:$E,日报!$D:$D,合格品出库记录!$A:$A,日报!AY$3)<>0,SUMIFS(合格品出库记录!$G:$G,合格品出库记录!$E:$E,日报!$D:$D,合格品出库记录!$A:$A,日报!AY$3),"") | AZ14: =IF(SUMIFS(合格品出库记录!$G:$G,合格品出库记录!$E:$E,日报!$D:$D,合格品出库记录!$A:$A,日报!AZ$3)<>0,SUMIFS(合格品出库记录!$G:$G,合格品出库记录!$E:$E,日报!$D:$D,合格品出库记录!$A:$A,日报!AZ$3),"") | BA14: =IF(SUMIFS(合格品出库记录!$G:$G,合格品出库记录!$E:$E,日报!$D:$D,合格品出库记录!$A:$A,日报!BA$3)<>0,SUMIFS(合格品出库记录!$G:$G,合格品出库记录!$E:$E,日报!$D:$D,合格品出库记录!$A:$A,日报!BA$3),"") | BB14: =IF(SUMIFS(合格品出库记录!$G:$G,合格品出库记录!$E:$E,日报!$D:$D,合格品出库记录!$A:$A,日报!BB$3)<>0,SUMIFS(合格品出库记录!$G:$G,合格品出库记录!$E:$E,日报!$D:$D,合格品出库记录!$A:$A,日报!BB$3),"") | ... BY14: =IF(SUMIFS(合格品出库记录!$G:$G,合格品出库记录!$E:$E,日报!$D:$D,合格品出库记录!$A:$A,日报!BY$3)<>0,SUMIFS(合格品出库记录!$G:$G,合格品出库记录!$E:$E,日报!$D:$D,合格品出库记录!$A:$A,日报!BY$3),"") | BZ14: =IF(SUMIFS(领跑良品退回!$G:$G,领跑良品退回!$E:$E,日报!$D:$D,领跑良品退回!$A:$A,日报!BZ$3)<>0,SUMIFS(领跑良品退回!$G:$G,领跑良品退回!$E:$E,日报!$D:$D,领跑良品退回!$A:$A,日报!BZ$3),"") | CA14: =IF(SUMIFS(领跑良品退回!$G:$G,领跑良品退回!$E:$E,日报!$D:$D,领跑良品退回!$A:$A,日报!CA$3)<>0,SUMIFS(领跑良品退回!$G:$G,领跑良品退回!$E:$E,日报!$D:$D,领跑良品退回!$A:$A,日报!CA$3),"") | CB14: =IF(SUMIFS(领跑良品退回!$G:$G,领跑良品退回!$E:$E,日报!$D:$D,领跑良品退回!$A:$A,日报!CB$3)<>0,SUMIFS(领跑良品退回!$G:$G,领跑良品退回!$E:$E,日报!$D:$D,领跑良品退回!$A:$A,日报!CB$3),"") | CC14: =IF(SUMIFS(领跑良品退回!$G:$G,领跑良品退回!$E:$E,日报!$D:$D,领跑良品退回!$A:$A,日报!CC$3)<>0,SUMIFS(领跑良品退回!$G:$G,领跑良品退回!$E:$E,日报!$D:$D,领跑良品退回!$A:$A,日报!CC$3),"") | CD14: =IF(SUMIFS(领跑良品退回!$G:$G,领跑良品退回!$E:$E,日报!$D:$D,领跑良品退回!$A:$A,日报!CD$3)<>0,SUMIFS(领跑良品退回!$G:$G,领跑良品退回!$E:$E,日报!$D:$D,领跑良品退回!$A:$A,日报!CD$3),"") | CE14: =IF(SUMIFS(领跑良品退回!$G:$G,领跑良品退回!$E:$E,日报!$D:$D,领跑良品退回!$A:$A,日报!CE$3)<>0,SUMIFS(领跑良品退回!$G:$G,领跑良品退回!$E:$E,日报!$D:$D,领跑良品退回!$A:$A,日报!CE$3),"") | CF14: =IF(SUMIFS(领跑良品退回!$G:$G,领跑良品退回!$E:$E,日报!$D:$D,领跑良品退回!$A:$A,日报!CF$3)<>0,SUMIFS(领跑良品退回!$G:$G,领跑良品退回!$E:$E,日报!$D:$D,领跑良品退回!$A:$A,日报!CF$3),"") | CG14: =IF(SUMIFS(领跑良品退回!$G:$G,领跑良品退回!$E:$E,日报!$D:$D,领跑良品退回!$A:$A,日报!CG$3)<>0,SUMIFS(领跑良品退回!$G:$G,领跑良品退回!$E:$E,日报!$D:$D,领跑良品退回!$A:$A,日报!CG$3),"") | ... DD14: =IF(SUMIFS(领跑良品退回!$G:$G,领跑良品退回!$E:$E,日报!$D:$D,领跑良品退回!$A:$A,日报!DD$3)<>0,SUMIFS(领跑良品退回!$G:$G,领跑良品退回!$E:$E,日报!$D:$D,领跑良品退回!$A:$A,日报!DD$3),"")
A15: 12 | B15: 1AC | C15: 宁波天下汽配有限公司 | D15: 3.2.42.30.00535-000 | E15: 输出极底座 | F15: =IFERROR(VLOOKUP(D15,基础信息!D:F,3,FALSE),"0") -> 1400 | G15: 32232 | H15: =SUMIF(合格品入库记录!E:E,日报!D15,合格品入库记录!G:G) -> 1400 | I15: =SUMIF(合格品出库记录!E:E,日报!D15,合格品出库记录!G:G) -> 0 | J15: =SUMIF(领跑良品退回!E:E,D15,领跑良品退回!G:G) -> 0 | K15: =M15+L15 -> 33632 | L15: =SUMIF(不良品库存!D:D,D:D,不良品库存!F:F) -> 0 | M15: =G15+H15-I15+J15 -> 33632 | N15: 33600 | O15: 12 | P15: =IF(SUMIFS(合格品入库记录!$G:$G,合格品入库记录!$E:$E,日报!$D:$D,合格品入库记录!$A:$A,日报!P$3)<>0,SUMIFS(合格品入库记录!$G:$G,合格品入库记录!$E:$E,日报!$D:$D,合格品入库记录!$A:$A,日报!P$3),"") | Q15: =IF(SUMIFS(合格品入库记录!$G:$G,合格品入库记录!$E:$E,日报!$D:$D,合格品入库记录!$A:$A,日报!Q$3)<>0,SUMIFS(合格品入库记录!$G:$G,合格品入库记录!$E:$E,日报!$D:$D,合格品入库记录!$A:$A,日报!Q$3),"") | R15: =IF(SUMIFS(合格品入库记录!$G:$G,合格品入库记录!$E:$E,日报!$D:$D,合格品入库记录!$A:$A,日报!R$3)<>0,SUMIFS(合格品入库记录!$G:$G,合格品入库记录!$E:$E,日报!$D:$D,合格品入库记录!$A:$A,日报!R$3),"") | S15: =IF(SUMIFS(合格品入库记录!$G:$G,合格品入库记录!$E:$E,日报!$D:$D,合格品入库记录!$A:$A,日报!S$3)<>0,SUMIFS(合格品入库记录!$G:$G,合格品入库记录!$E:$E,日报!$D:$D,合格品入库记录!$A:$A,日报!S$3),"") | T15: =IF(SUMIFS(合格品入库记录!$G:$G,合格品入库记录!$E:$E,日报!$D:$D,合格品入库记录!$A:$A,日报!T$3)<>0,SUMIFS(合格品入库记录!$G:$G,合格品入库记录!$E:$E,日报!$D:$D,合格品入库记录!$A:$A,日报!T$3),"") -> 1400 | U15: =IF(SUMIFS(合格品入库记录!$G:$G,合格品入库记录!$E:$E,日报!$D:$D,合格品入库记录!$A:$A,日报!U$3)<>0,SUMIFS(合格品入库记录!$G:$G,合格品入库记录!$E:$E,日报!$D:$D,合格品入库记录!$A:$A,日报!U$3),"") | V15: =IF(SUMIFS(合格品入库记录!$G:$G,合格品入库记录!$E:$E,日报!$D:$D,合格品入库记录!$A:$A,日报!V$3)<>0,SUMIFS(合格品入库记录!$G:$G,合格品入库记录!$E:$E,日报!$D:$D,合格品入库记录!$A:$A,日报!V$3),"") | W15: =IF(SUMIFS(合格品入库记录!$G:$G,合格品入库记录!$E:$E,日报!$D:$D,合格品入库记录!$A:$A,日报!W$3)<>0,SUMIFS(合格品入库记录!$G:$G,合格品入库记录!$E:$E,日报!$D:$D,合格品入库记录!$A:$A,日报!W$3),"") | ... AT15: =IF(SUMIFS(合格品入库记录!$G:$G,合格品入库记录!$E:$E,日报!$D:$D,合格品入库记录!$A:$A,日报!AT$3)<>0,SUMIFS(合格品入库记录!$G:$G,合格品入库记录!$E:$E,日报!$D:$D,合格品入库记录!$A:$A,日报!AT$3),"") | AU15: =IF(SUMIFS(合格品出库记录!$G:$G,合格品出库记录!$E:$E,日报!$D:$D,合格品出库记录!$A:$A,日报!AU$3)<>0,SUMIFS(合格品出库记录!$G:$G,合格品出库记录!$E:$E,日报!$D:$D,合格品出库记录!$A:$A,日报!AU$3),"") | AV15: =IF(SUMIFS(合格品出库记录!$G:$G,合格品出库记录!$E:$E,日报!$D:$D,合格品出库记录!$A:$A,日报!AV$3)<>0,SUMIFS(合格品出库记录!$G:$G,合格品出库记录!$E:$E,日报!$D:$D,合格品出库记录!$A:$A,日报!AV$3),"") | AW15: =IF(SUMIFS(合格品出库记录!$G:$G,合格品出库记录!$E:$E,日报!$D:$D,合格品出库记录!$A:$A,日报!AW$3)<>0,SUMIFS(合格品出库记录!$G:$G,合格品出库记录!$E:$E,日报!$D:$D,合格品出库记录!$A:$A,日报!AW$3),"") | AX15: =IF(SUMIFS(合格品出库记录!$G:$G,合格品出库记录!$E:$E,日报!$D:$D,合格品出库记录!$A:$A,日报!AX$3)<>0,SUMIFS(合格品出库记录!$G:$G,合格品出库记录!$E:$E,日报!$D:$D,合格品出库记录!$A:$A,日报!AX$3),"") | AY15: =IF(SUMIFS(合格品出库记录!$G:$G,合格品出库记录!$E:$E,日报!$D:$D,合格品出库记录!$A:$A,日报!AY$3)<>0,SUMIFS(合格品出库记录!$G:$G,合格品出库记录!$E:$E,日报!$D:$D,合格品出库记录!$A:$A,日报!AY$3),"") | AZ15: =IF(SUMIFS(合格品出库记录!$G:$G,合格品出库记录!$E:$E,日报!$D:$D,合格品出库记录!$A:$A,日报!AZ$3)<>0,SUMIFS(合格品出库记录!$G:$G,合格品出库记录!$E:$E,日报!$D:$D,合格品出库记录!$A:$A,日报!AZ$3),"") | BA15: =IF(SUMIFS(合格品出库记录!$G:$G,合格品出库记录!$E:$E,日报!$D:$D,合格品出库记录!$A:$A,日报!BA$3)<>0,SUMIFS(合格品出库记录!$G:$G,合格品出库记录!$E:$E,日报!$D:$D,合格品出库记录!$A:$A,日报!BA$3),"") | BB15: =IF(SUMIFS(合格品出库记录!$G:$G,合格品出库记录!$E:$E,日报!$D:$D,合格品出库记录!$A:$A,日报!BB$3)<>0,SUMIFS(合格品出库记录!$G:$G,合格品出库记录!$E:$E,日报!$D:$D,合格品出库记录!$A:$A,日报!BB$3),"") | ... BY15: =IF(SUMIFS(合格品出库记录!$G:$G,合格品出库记录!$E:$E,日报!$D:$D,合格品出库记录!$A:$A,日报!BY$3)<>0,SUMIFS(合格品出库记录!$G:$G,合格品出库记录!$E:$E,日报!$D:$D,合格品出库记录!$A:$A,日报!BY$3),"") | BZ15: =IF(SUMIFS(领跑良品退回!$G:$G,领跑良品退回!$E:$E,日报!$D:$D,领跑良品退回!$A:$A,日报!BZ$3)<>0,SUMIFS(领跑良品退回!$G:$G,领跑良品退回!$E:$E,日报!$D:$D,领跑良品退回!$A:$A,日报!BZ$3),"") | CA15: =IF(SUMIFS(领跑良品退回!$G:$G,领跑良品退回!$E:$E,日报!$D:$D,领跑良品退回!$A:$A,日报!CA$3)<>0,SUMIFS(领跑良品退回!$G:$G,领跑良品退回!$E:$E,日报!$D:$D,领跑良品退回!$A:$A,日报!CA$3),"") | CB15: =IF(SUMIFS(领跑良品退回!$G:$G,领跑良品退回!$E:$E,日报!$D:$D,领跑良品退回!$A:$A,日报!CB$3)<>0,SUMIFS(领跑良品退回!$G:$G,领跑良品退回!$E:$E,日报!$D:$D,领跑良品退回!$A:$A,日报!CB$3),"") | CC15: =IF(SUMIFS(领跑良品退回!$G:$G,领跑良品退回!$E:$E,日报!$D:$D,领跑良品退回!$A:$A,日报!CC$3)<>0,SUMIFS(领跑良品退回!$G:$G,领跑良品退回!$E:$E,日报!$D:$D,领跑良品退回!$A:$A,日报!CC$3),"") | CD15: =IF(SUMIFS(领跑良品退回!$G:$G,领跑良品退回!$E:$E,日报!$D:$D,领跑良品退回!$A:$A,日报!CD$3)<>0,SUMIFS(领跑良品退回!$G:$G,领跑良品退回!$E:$E,日报!$D:$D,领跑良品退回!$A:$A,日报!CD$3),"") | CE15: =IF(SUMIFS(领跑良品退回!$G:$G,领跑良品退回!$E:$E,日报!$D:$D,领跑良品退回!$A:$A,日报!CE$3)<>0,SUMIFS(领跑良品退回!$G:$G,领跑良品退回!$E:$E,日报!$D:$D,领跑良品退回!$A:$A,日报!CE$3),"") | CF15: =IF(SUMIFS(领跑良品退回!$G:$G,领跑良品退回!$E:$E,日报!$D:$D,领跑良品退回!$A:$A,日报!CF$3)<>0,SUMIFS(领跑良品退回!$G:$G,领跑良品退回!$E:$E,日报!$D:$D,领跑良品退回!$A:$A,日报!CF$3),"") | CG15: =IF(SUMIFS(领跑良品退回!$G:$G,领跑良品退回!$E:$E,日报!$D:$D,领跑良品退回!$A:$A,日报!CG$3)<>0,SUMIFS(领跑良品退回!$G:$G,领跑良品退回!$E:$E,日报!$D:$D,领跑良品退回!$A:$A,日报!CG$3),"") | ... DD15: =IF(SUMIFS(领跑良品退回!$G:$G,领跑良品退回!$E:$E,日报!$D:$D,领跑良品退回!$A:$A,日报!DD$3)<>0,SUMIFS(领跑良品退回!$G:$G,领跑良品退回!$E:$E,日报!$D:$D,领跑良品退回!$A:$A,日报!DD$3),"")
A16: 13 | B16: 1AC | C16: 宁波天下汽配有限公司 | D16: 3.2.42.30.00511-000 | E16: 极柱防护盖 | F16: =IFERROR(VLOOKUP(D16,基础信息!D:F,3,FALSE),"0") -> 0 | G16: 0 | H16: =SUMIF(合格品入库记录!E:E,日报!D16,合格品入库记录!G:G) -> 0 | I16: =SUMIF(合格品出库记录!E:E,日报!D16,合格品出库记录!G:G) -> 0 | J16: =SUMIF(领跑良品退回!E:E,D16,领跑良品退回!G:G) -> 0 | K16: =M16+L16 -> 0 | L16: =SUMIF(不良品库存!D:D,D:D,不良品库存!F:F) -> 0 | M16: =G16+H16-I16+J16 -> 0 | N16: #N/A | O16: 8 | P16: =IF(SUMIFS(合格品入库记录!$G:$G,合格品入库记录!$E:$E,日报!$D:$D,合格品入库记录!$A:$A,日报!P$3)<>0,SUMIFS(合格品入库记录!$G:$G,合格品入库记录!$E:$E,日报!$D:$D,合格品入库记录!$A:$A,日报!P$3),"") | Q16: =IF(SUMIFS(合格品入库记录!$G:$G,合格品入库记录!$E:$E,日报!$D:$D,合格品入库记录!$A:$A,日报!Q$3)<>0,SUMIFS(合格品入库记录!$G:$G,合格品入库记录!$E:$E,日报!$D:$D,合格品入库记录!$A:$A,日报!Q$3),"") | R16: =IF(SUMIFS(合格品入库记录!$G:$G,合格品入库记录!$E:$E,日报!$D:$D,合格品入库记录!$A:$A,日报!R$3)<>0,SUMIFS(合格品入库记录!$G:$G,合格品入库记录!$E:$E,日报!$D:$D,合格品入库记录!$A:$A,日报!R$3),"") | S16: =IF(SUMIFS(合格品入库记录!$G:$G,合格品入库记录!$E:$E,日报!$D:$D,合格品入库记录!$A:$A,日报!S$3)<>0,SUMIFS(合格品入库记录!$G:$G,合格品入库记录!$E:$E,日报!$D:$D,合格品入库记录!$A:$A,日报!S$3),"") | T16: =IF(SUMIFS(合格品入库记录!$G:$G,合格品入库记录!$E:$E,日报!$D:$D,合格品入库记录!$A:$A,日报!T$3)<>0,SUMIFS(合格品入库记录!$G:$G,合格品入库记录!$E:$E,日报!$D:$D,合格品入库记录!$A:$A,日报!T$3),"") | U16: =IF(SUMIFS(合格品入库记录!$G:$G,合格品入库记录!$E:$E,日报!$D:$D,合格品入库记录!$A:$A,日报!U$3)<>0,SUMIFS(合格品入库记录!$G:$G,合格品入库记录!$E:$E,日报!$D:$D,合格品入库记录!$A:$A,日报!U$3),"") | V16: =IF(SUMIFS(合格品入库记录!$G:$G,合格品入库记录!$E:$E,日报!$D:$D,合格品入库记录!$A:$A,日报!V$3)<>0,SUMIFS(合格品入库记录!$G:$G,合格品入库记录!$E:$E,日报!$D:$D,合格品入库记录!$A:$A,日报!V$3),"") | W16: =IF(SUMIFS(合格品入库记录!$G:$G,合格品入库记录!$E:$E,日报!$D:$D,合格品入库记录!$A:$A,日报!W$3)<>0,SUMIFS(合格品入库记录!$G:$G,合格品入库记录!$E:$E,日报!$D:$D,合格品入库记录!$A:$A,日报!W$3),"") | ... AT16: =IF(SUMIFS(合格品入库记录!$G:$G,合格品入库记录!$E:$E,日报!$D:$D,合格品入库记录!$A:$A,日报!AT$3)<>0,SUMIFS(合格品入库记录!$G:$G,合格品入库记录!$E:$E,日报!$D:$D,合格品入库记录!$A:$A,日报!AT$3),"") | AU16: =IF(SUMIFS(合格品出库记录!$G:$G,合格品出库记录!$E:$E,日报!$D:$D,合格品出库记录!$A:$A,日报!AU$3)<>0,SUMIFS(合格品出库记录!$G:$G,合格品出库记录!$E:$E,日报!$D:$D,合格品出库记录!$A:$A,日报!AU$3),"") | AV16: =IF(SUMIFS(合格品出库记录!$G:$G,合格品出库记录!$E:$E,日报!$D:$D,合格品出库记录!$A:$A,日报!AV$3)<>0,SUMIFS(合格品出库记录!$G:$G,合格品出库记录!$E:$E,日报!$D:$D,合格品出库记录!$A:$A,日报!AV$3),"") | AW16: =IF(SUMIFS(合格品出库记录!$G:$G,合格品出库记录!$E:$E,日报!$D:$D,合格品出库记录!$A:$A,日报!AW$3)<>0,SUMIFS(合格品出库记录!$G:$G,合格品出库记录!$E:$E,日报!$D:$D,合格品出库记录!$A:$A,日报!AW$3),"") | AX16: =IF(SUMIFS(合格品出库记录!$G:$G,合格品出库记录!$E:$E,日报!$D:$D,合格品出库记录!$A:$A,日报!AX$3)<>0,SUMIFS(合格品出库记录!$G:$G,合格品出库记录!$E:$E,日报!$D:$D,合格品出库记录!$A:$A,日报!AX$3),"") | AY16: =IF(SUMIFS(合格品出库记录!$G:$G,合格品出库记录!$E:$E,日报!$D:$D,合格品出库记录!$A:$A,日报!AY$3)<>0,SUMIFS(合格品出库记录!$G:$G,合格品出库记录!$E:$E,日报!$D:$D,合格品出库记录!$A:$A,日报!AY$3),"") | AZ16: =IF(SUMIFS(合格品出库记录!$G:$G,合格品出库记录!$E:$E,日报!$D:$D,合格品出库记录!$A:$A,日报!AZ$3)<>0,SUMIFS(合格品出库记录!$G:$G,合格品出库记录!$E:$E,日报!$D:$D,合格品出库记录!$A:$A,日报!AZ$3),"") | BA16: =IF(SUMIFS(合格品出库记录!$G:$G,合格品出库记录!$E:$E,日报!$D:$D,合格品出库记录!$A:$A,日报!BA$3)<>0,SUMIFS(合格品出库记录!$G:$G,合格品出库记录!$E:$E,日报!$D:$D,合格品出库记录!$A:$A,日报!BA$3),"") | BB16: =IF(SUMIFS(合格品出库记录!$G:$G,合格品出库记录!$E:$E,日报!$D:$D,合格品出库记录!$A:$A,日报!BB$3)<>0,SUMIFS(合格品出库记录!$G:$G,合格品出库记录!$E:$E,日报!$D:$D,合格品出库记录!$A:$A,日报!BB$3),"") | ... BY16: =IF(SUMIFS(合格品出库记录!$G:$G,合格品出库记录!$E:$E,日报!$D:$D,合格品出库记录!$A:$A,日报!BY$3)<>0,SUMIFS(合格品出库记录!$G:$G,合格品出库记录!$E:$E,日报!$D:$D,合格品出库记录!$A:$A,日报!BY$3),"") | BZ16: =IF(SUMIFS(领跑良品退回!$G:$G,领跑良品退回!$E:$E,日报!$D:$D,领跑良品退回!$A:$A,日报!BZ$3)<>0,SUMIFS(领跑良品退回!$G:$G,领跑良品退回!$E:$E,日报!$D:$D,领跑良品退回!$A:$A,日报!BZ$3),"") | CA16: =IF(SUMIFS(领跑良品退回!$G:$G,领跑良品退回!$E:$E,日报!$D:$D,领跑良品退回!$A:$A,日报!CA$3)<>0,SUMIFS(领跑良品退回!$G:$G,领跑良品退回!$E:$E,日报!$D:$D,领跑良品退回!$A:$A,日报!CA$3),"") | CB16: =IF(SUMIFS(领跑良品退回!$G:$G,领跑良品退回!$E:$E,日报!$D:$D,领跑良品退回!$A:$A,日报!CB$3)<>0,SUMIFS(领跑良品退回!$G:$G,领跑良品退回!$E:$E,日报!$D:$D,领跑良品退回!$A:$A,日报!CB$3),"") | CC16: =IF(SUMIFS(领跑良品退回!$G:$G,领跑良品退回!$E:$E,日报!$D:$D,领跑良品退回!$A:$A,日报!CC$3)<>0,SUMIFS(领跑良品退回!$G:$G,领跑良品退回!$E:$E,日报!$D:$D,领跑良品退回!$A:$A,日报!CC$3),"") | CD16: =IF(SUMIFS(领跑良品退回!$G:$G,领跑良品退回!$E:$E,日报!$D:$D,领跑良品退回!$A:$A,日报!CD$3)<>0,SUMIFS(领跑良品退回!$G:$G,领跑良品退回!$E:$E,日报!$D:$D,领跑良品退回!$A:$A,日报!CD$3),"") | CE16: =IF(SUMIFS(领跑良品退回!$G:$G,领跑良品退回!$E:$E,日报!$D:$D,领跑良品退回!$A:$A,日报!CE$3)<>0,SUMIFS(领跑良品退回!$G:$G,领跑良品退回!$E:$E,日报!$D:$D,领跑良品退回!$A:$A,日报!CE$3),"") | CF16: =IF(SUMIFS(领跑良品退回!$G:$G,领跑良品退回!$E:$E,日报!$D:$D,领跑良品退回!$A:$A,日报!CF$3)<>0,SUMIFS(领跑良品退回!$G:$G,领跑良品退回!$E:$E,日报!$D:$D,领跑良品退回!$A:$A,日报!CF$3),"") | CG16: =IF(SUMIFS(领跑良品退回!$G:$G,领跑良品退回!$E:$E,日报!$D:$D,领跑良品退回!$A:$A,日报!CG$3)<>0,SUMIFS(领跑良品退回!$G:$G,领跑良品退回!$E:$E,日报!$D:$D,领跑良品退回!$A:$A,日报!CG$3),"") | ... DD16: =IF(SUMIFS(领跑良品退回!$G:$G,领跑良品退回!$E:$E,日报!$D:$D,领跑良品退回!$A:$A,日报!DD$3)<>0,SUMIFS(领跑良品退回!$G:$G,领跑良品退回!$E:$E,日报!$D:$D,领跑良品退回!$A:$A,日报!DD$3),"")
A17: 14 | B17: 1AZ | C17: 芜湖博康机电股份有限公司 | D17: 3.2.50.30.00595-000 | E17: B11_CTC_高压支路线束 | F17: =IFERROR(VLOOKUP(D17,基础信息!D:F,3,FALSE),"0") -> 20 | G17: 51 | H17: =SUMIF(合格品入库记录!E:E,日报!D17,合格品入库记录!G:G) -> 0 | I17: =SUMIF(合格品出库记录!E:E,日报!D17,合格品出库记录!G:G) -> 0 | J17: =SUMIF(领跑良品退回!E:E,D17,领跑良品退回!G:G) -> 0 | K17: =M17+L17 -> 51 | L17: =SUMIF(不良品库存!D:D,D:D,不良品库存!F:F) -> 0 | M17: =G17+H17-I17+J17 -> 51 | N17: #N/A | P17: =IF(SUMIFS(合格品入库记录!$G:$G,合格品入库记录!$E:$E,日报!$D:$D,合格品入库记录!$A:$A,日报!P$3)<>0,SUMIFS(合格品入库记录!$G:$G,合格品入库记录!$E:$E,日报!$D:$D,合格品入库记录!$A:$A,日报!P$3),"") | Q17: =IF(SUMIFS(合格品入库记录!$G:$G,合格品入库记录!$E:$E,日报!$D:$D,合格品入库记录!$A:$A,日报!Q$3)<>0,SUMIFS(合格品入库记录!$G:$G,合格品入库记录!$E:$E,日报!$D:$D,合格品入库记录!$A:$A,日报!Q$3),"") | R17: =IF(SUMIFS(合格品入库记录!$G:$G,合格品入库记录!$E:$E,日报!$D:$D,合格品入库记录!$A:$A,日报!R$3)<>0,SUMIFS(合格品入库记录!$G:$G,合格品入库记录!$E:$E,日报!$D:$D,合格品入库记录!$A:$A,日报!R$3),"") | S17: =IF(SUMIFS(合格品入库记录!$G:$G,合格品入库记录!$E:$E,日报!$D:$D,合格品入库记录!$A:$A,日报!S$3)<>0,SUMIFS(合格品入库记录!$G:$G,合格品入库记录!$E:$E,日报!$D:$D,合格品入库记录!$A:$A,日报!S$3),"") | T17: =IF(SUMIFS(合格品入库记录!$G:$G,合格品入库记录!$E:$E,日报!$D:$D,合格品入库记录!$A:$A,日报!T$3)<>0,SUMIFS(合格品入库记录!$G:$G,合格品入库记录!$E:$E,日报!$D:$D,合格品入库记录!$A:$A,日报!T$3),"") | U17: =IF(SUMIFS(合格品入库记录!$G:$G,合格品入库记录!$E:$E,日报!$D:$D,合格品入库记录!$A:$A,日报!U$3)<>0,SUMIFS(合格品入库记录!$G:$G,合格品入库记录!$E:$E,日报!$D:$D,合格品入库记录!$A:$A,日报!U$3),"") | V17: =IF(SUMIFS(合格品入库记录!$G:$G,合格品入库记录!$E:$E,日报!$D:$D,合格品入库记录!$A:$A,日报!V$3)<>0,SUMIFS(合格品入库记录!$G:$G,合格品入库记录!$E:$E,日报!$D:$D,合格品入库记录!$A:$A,日报!V$3),"") | W17: =IF(SUMIFS(合格品入库记录!$G:$G,合格品入库记录!$E:$E,日报!$D:$D,合格品入库记录!$A:$A,日报!W$3)<>0,SUMIFS(合格品入库记录!$G:$G,合格品入库记录!$E:$E,日报!$D:$D,合格品入库记录!$A:$A,日报!W$3),"") | ... AT17: =IF(SUMIFS(合格品入库记录!$G:$G,合格品入库记录!$E:$E,日报!$D:$D,合格品入库记录!$A:$A,日报!AT$3)<>0,SUMIFS(合格品入库记录!$G:$G,合格品入库记录!$E:$E,日报!$D:$D,合格品入库记录!$A:$A,日报!AT$3),"") | AU17: =IF(SUMIFS(合格品出库记录!$G:$G,合格品出库记录!$E:$E,日报!$D:$D,合格品出库记录!$A:$A,日报!AU$3)<>0,SUMIFS(合格品出库记录!$G:$G,合格品出库记录!$E:$E,日报!$D:$D,合格品出库记录!$A:$A,日报!AU$3),"") | AV17: =IF(SUMIFS(合格品出库记录!$G:$G,合格品出库记录!$E:$E,日报!$D:$D,合格品出库记录!$A:$A,日报!AV$3)<>0,SUMIFS(合格品出库记录!$G:$G,合格品出库记录!$E:$E,日报!$D:$D,合格品出库记录!$A:$A,日报!AV$3),"") | AW17: =IF(SUMIFS(合格品出库记录!$G:$G,合格品出库记录!$E:$E,日报!$D:$D,合格品出库记录!$A:$A,日报!AW$3)<>0,SUMIFS(合格品出库记录!$G:$G,合格品出库记录!$E:$E,日报!$D:$D,合格品出库记录!$A:$A,日报!AW$3),"") | AX17: =IF(SUMIFS(合格品出库记录!$G:$G,合格品出库记录!$E:$E,日报!$D:$D,合格品出库记录!$A:$A,日报!AX$3)<>0,SUMIFS(合格品出库记录!$G:$G,合格品出库记录!$E:$E,日报!$D:$D,合格品出库记录!$A:$A,日报!AX$3),"") | AY17: =IF(SUMIFS(合格品出库记录!$G:$G,合格品出库记录!$E:$E,日报!$D:$D,合格品出库记录!$A:$A,日报!AY$3)<>0,SUMIFS(合格品出库记录!$G:$G,合格品出库记录!$E:$E,日报!$D:$D,合格品出库记录!$A:$A,日报!AY$3),"") | AZ17: =IF(SUMIFS(合格品出库记录!$G:$G,合格品出库记录!$E:$E,日报!$D:$D,合格品出库记录!$A:$A,日报!AZ$3)<>0,SUMIFS(合格品出库记录!$G:$G,合格品出库记录!$E:$E,日报!$D:$D,合格品出库记录!$A:$A,日报!AZ$3),"") | BA17: =IF(SUMIFS(合格品出库记录!$G:$G,合格品出库记录!$E:$E,日报!$D:$D,合格品出库记录!$A:$A,日报!BA$3)<>0,SUMIFS(合格品出库记录!$G:$G,合格品出库记录!$E:$E,日报!$D:$D,合格品出库记录!$A:$A,日报!BA$3),"") | BB17: =IF(SUMIFS(合格品出库记录!$G:$G,合格品出库记录!$E:$E,日报!$D:$D,合格品出库记录!$A:$A,日报!BB$3)<>0,SUMIFS(合格品出库记录!$G:$G,合格品出库记录!$E:$E,日报!$D:$D,合格品出库记录!$A:$A,日报!BB$3),"") | ... BY17: =IF(SUMIFS(合格品出库记录!$G:$G,合格品出库记录!$E:$E,日报!$D:$D,合格品出库记录!$A:$A,日报!BY$3)<>0,SUMIFS(合格品出库记录!$G:$G,合格品出库记录!$E:$E,日报!$D:$D,合格品出库记录!$A:$A,日报!BY$3),"") | BZ17: =IF(SUMIFS(领跑良品退回!$G:$G,领跑良品退回!$E:$E,日报!$D:$D,领跑良品退回!$A:$A,日报!BZ$3)<>0,SUMIFS(领跑良品退回!$G:$G,领跑良品退回!$E:$E,日报!$D:$D,领跑良品退回!$A:$A,日报!BZ$3),"") | CA17: =IF(SUMIFS(领跑良品退回!$G:$G,领跑良品退回!$E:$E,日报!$D:$D,领跑良品退回!$A:$A,日报!CA$3)<>0,SUMIFS(领跑良品退回!$G:$G,领跑良品退回!$E:$E,日报!$D:$D,领跑良品退回!$A:$A,日报!CA$3),"") | CB17: =IF(SUMIFS(领跑良品退回!$G:$G,领跑良品退回!$E:$E,日报!$D:$D,领跑良品退回!$A:$A,日报!CB$3)<>0,SUMIFS(领跑良品退回!$G:$G,领跑良品退回!$E:$E,日报!$D:$D,领跑良品退回!$A:$A,日报!CB$3),"") | CC17: =IF(SUMIFS(领跑良品退回!$G:$G,领跑良品退回!$E:$E,日报!$D:$D,领跑良品退回!$A:$A,日报!CC$3)<>0,SUMIFS(领跑良品退回!$G:$G,领跑良品退回!$E:$E,日报!$D:$D,领跑良品退回!$A:$A,日报!CC$3),"") | CD17: =IF(SUMIFS(领跑良品退回!$G:$G,领跑良品退回!$E:$E,日报!$D:$D,领跑良品退回!$A:$A,日报!CD$3)<>0,SUMIFS(领跑良品退回!$G:$G,领跑良品退回!$E:$E,日报!$D:$D,领跑良品退回!$A:$A,日报!CD$3),"") | CE17: =IF(SUMIFS(领跑良品退回!$G:$G,领跑良品退回!$E:$E,日报!$D:$D,领跑良品退回!$A:$A,日报!CE$3)<>0,SUMIFS(领跑良品退回!$G:$G,领跑良品退回!$E:$E,日报!$D:$D,领跑良品退回!$A:$A,日报!CE$3),"") | CF17: =IF(SUMIFS(领跑良品退回!$G:$G,领跑良品退回!$E:$E,日报!$D:$D,领跑良品退回!$A:$A,日报!CF$3)<>0,SUMIFS(领跑良品退回!$G:$G,领跑良品退回!$E:$E,日报!$D:$D,领跑良品退回!$A:$A,日报!CF$3),"") | CG17: =IF(SUMIFS(领跑良品退回!$G:$G,领跑良品退回!$E:$E,日报!$D:$D,领跑良品退回!$A:$A,日报!CG$3)<>0,SUMIFS(领跑良品退回!$G:$G,领跑良品退回!$E:$E,日报!$D:$D,领跑良品退回!$A:$A,日报!CG$3),"") | ... DD17: =IF(SUMIFS(领跑良品退回!$G:$G,领跑良品退回!$E:$E,日报!$D:$D,领跑良品退回!$A:$A,日报!DD$3)<>0,SUMIFS(领跑良品退回!$G:$G,领跑良品退回!$E:$E,日报!$D:$D,领跑良品退回!$A:$A,日报!DD$3),"")
A18: 15 | B18: 1AZ | C18: 芜湖博康机电股份有限公司 | D18: 3.2.50.30.00596-000 | E18: 高压插座线束 | F18: =IFERROR(VLOOKUP(D18,基础信息!D:F,3,FALSE),"0") -> 70 | G18: 7470 | H18: =SUMIF(合格品入库记录!E:E,日报!D18,合格品入库记录!G:G) -> 0 | I18: =SUMIF(合格品出库记录!E:E,日报!D18,合格品出库记录!G:G) -> 1120 | J18: =SUMIF(领跑良品退回!E:E,D18,领跑良品退回!G:G) -> 0 | K18: =M18+L18 -> 6350 | L18: =SUMIF(不良品库存!D:D,D:D,不良品库存!F:F) -> 0 | M18: =G18+H18-I18+J18 -> 6350 | N18: 1680 | P18: =IF(SUMIFS(合格品入库记录!$G:$G,合格品入库记录!$E:$E,日报!$D:$D,合格品入库记录!$A:$A,日报!P$3)<>0,SUMIFS(合格品入库记录!$G:$G,合格品入库记录!$E:$E,日报!$D:$D,合格品入库记录!$A:$A,日报!P$3),"") | Q18: =IF(SUMIFS(合格品入库记录!$G:$G,合格品入库记录!$E:$E,日报!$D:$D,合格品入库记录!$A:$A,日报!Q$3)<>0,SUMIFS(合格品入库记录!$G:$G,合格品入库记录!$E:$E,日报!$D:$D,合格品入库记录!$A:$A,日报!Q$3),"") | R18: =IF(SUMIFS(合格品入库记录!$G:$G,合格品入库记录!$E:$E,日报!$D:$D,合格品入库记录!$A:$A,日报!R$3)<>0,SUMIFS(合格品入库记录!$G:$G,合格品入库记录!$E:$E,日报!$D:$D,合格品入库记录!$A:$A,日报!R$3),"") | S18: =IF(SUMIFS(合格品入库记录!$G:$G,合格品入库记录!$E:$E,日报!$D:$D,合格品入库记录!$A:$A,日报!S$3)<>0,SUMIFS(合格品入库记录!$G:$G,合格品入库记录!$E:$E,日报!$D:$D,合格品入库记录!$A:$A,日报!S$3),"") | T18: =IF(SUMIFS(合格品入库记录!$G:$G,合格品入库记录!$E:$E,日报!$D:$D,合格品入库记录!$A:$A,日报!T$3)<>0,SUMIFS(合格品入库记录!$G:$G,合格品入库记录!$E:$E,日报!$D:$D,合格品入库记录!$A:$A,日报!T$3),"") | U18: =IF(SUMIFS(合格品入库记录!$G:$G,合格品入库记录!$E:$E,日报!$D:$D,合格品入库记录!$A:$A,日报!U$3)<>0,SUMIFS(合格品入库记录!$G:$G,合格品入库记录!$E:$E,日报!$D:$D,合格品入库记录!$A:$A,日报!U$3),"") | V18: =IF(SUMIFS(合格品入库记录!$G:$G,合格品入库记录!$E:$E,日报!$D:$D,合格品入库记录!$A:$A,日报!V$3)<>0,SUMIFS(合格品入库记录!$G:$G,合格品入库记录!$E:$E,日报!$D:$D,合格品入库记录!$A:$A,日报!V$3),"") | W18: =IF(SUMIFS(合格品入库记录!$G:$G,合格品入库记录!$E:$E,日报!$D:$D,合格品入库记录!$A:$A,日报!W$3)<>0,SUMIFS(合格品入库记录!$G:$G,合格品入库记录!$E:$E,日报!$D:$D,合格品入库记录!$A:$A,日报!W$3),"") | ... AT18: =IF(SUMIFS(合格品入库记录!$G:$G,合格品入库记录!$E:$E,日报!$D:$D,合格品入库记录!$A:$A,日报!AT$3)<>0,SUMIFS(合格品入库记录!$G:$G,合格品入库记录!$E:$E,日报!$D:$D,合格品入库记录!$A:$A,日报!AT$3),"") | AU18: =IF(SUMIFS(合格品出库记录!$G:$G,合格品出库记录!$E:$E,日报!$D:$D,合格品出库记录!$A:$A,日报!AU$3)<>0,SUMIFS(合格品出库记录!$G:$G,合格品出库记录!$E:$E,日报!$D:$D,合格品出库记录!$A:$A,日报!AU$3),"") | AV18: =IF(SUMIFS(合格品出库记录!$G:$G,合格品出库记录!$E:$E,日报!$D:$D,合格品出库记录!$A:$A,日报!AV$3)<>0,SUMIFS(合格品出库记录!$G:$G,合格品出库记录!$E:$E,日报!$D:$D,合格品出库记录!$A:$A,日报!AV$3),"") -> 560 | AW18: =IF(SUMIFS(合格品出库记录!$G:$G,合格品出库记录!$E:$E,日报!$D:$D,合格品出库记录!$A:$A,日报!AW$3)<>0,SUMIFS(合格品出库记录!$G:$G,合格品出库记录!$E:$E,日报!$D:$D,合格品出库记录!$A:$A,日报!AW$3),"") | AX18: =IF(SUMIFS(合格品出库记录!$G:$G,合格品出库记录!$E:$E,日报!$D:$D,合格品出库记录!$A:$A,日报!AX$3)<>0,SUMIFS(合格品出库记录!$G:$G,合格品出库记录!$E:$E,日报!$D:$D,合格品出库记录!$A:$A,日报!AX$3),"") -> 560 | AY18: =IF(SUMIFS(合格品出库记录!$G:$G,合格品出库记录!$E:$E,日报!$D:$D,合格品出库记录!$A:$A,日报!AY$3)<>0,SUMIFS(合格品出库记录!$G:$G,合格品出库记录!$E:$E,日报!$D:$D,合格品出库记录!$A:$A,日报!AY$3),"") | AZ18: =IF(SUMIFS(合格品出库记录!$G:$G,合格品出库记录!$E:$E,日报!$D:$D,合格品出库记录!$A:$A,日报!AZ$3)<>0,SUMIFS(合格品出库记录!$G:$G,合格品出库记录!$E:$E,日报!$D:$D,合格品出库记录!$A:$A,日报!AZ$3),"") | BA18: =IF(SUMIFS(合格品出库记录!$G:$G,合格品出库记录!$E:$E,日报!$D:$D,合格品出库记录!$A:$A,日报!BA$3)<>0,SUMIFS(合格品出库记录!$G:$G,合格品出库记录!$E:$E,日报!$D:$D,合格品出库记录!$A:$A,日报!BA$3),"") | BB18: =IF(SUMIFS(合格品出库记录!$G:$G,合格品出库记录!$E:$E,日报!$D:$D,合格品出库记录!$A:$A,日报!BB$3)<>0,SUMIFS(合格品出库记录!$G:$G,合格品出库记录!$E:$E,日报!$D:$D,合格品出库记录!$A:$A,日报!BB$3),"") | ... BY18: =IF(SUMIFS(合格品出库记录!$G:$G,合格品出库记录!$E:$E,日报!$D:$D,合格品出库记录!$A:$A,日报!BY$3)<>0,SUMIFS(合格品出库记录!$G:$G,合格品出库记录!$E:$E,日报!$D:$D,合格品出库记录!$A:$A,日报!BY$3),"") | BZ18: =IF(SUMIFS(领跑良品退回!$G:$G,领跑良品退回!$E:$E,日报!$D:$D,领跑良品退回!$A:$A,日报!BZ$3)<>0,SUMIFS(领跑良品退回!$G:$G,领跑良品退回!$E:$E,日报!$D:$D,领跑良品退回!$A:$A,日报!BZ$3),"") | CA18: =IF(SUMIFS(领跑良品退回!$G:$G,领跑良品退回!$E:$E,日报!$D:$D,领跑良品退回!$A:$A,日报!CA$3)<>0,SUMIFS(领跑良品退回!$G:$G,领跑良品退回!$E:$E,日报!$D:$D,领跑良品退回!$A:$A,日报!CA$3),"") | CB18: =IF(SUMIFS(领跑良品退回!$G:$G,领跑良品退回!$E:$E,日报!$D:$D,领跑良品退回!$A:$A,日报!CB$3)<>0,SUMIFS(领跑良品退回!$G:$G,领跑良品退回!$E:$E,日报!$D:$D,领跑良品退回!$A:$A,日报!CB$3),"") | CC18: =IF(SUMIFS(领跑良品退回!$G:$G,领跑良品退回!$E:$E,日报!$D:$D,领跑良品退回!$A:$A,日报!CC$3)<>0,SUMIFS(领跑良品退回!$G:$G,领跑良品退回!$E:$E,日报!$D:$D,领跑良品退回!$A:$A,日报!CC$3),"") | CD18: =IF(SUMIFS(领跑良品退回!$G:$G,领跑良品退回!$E:$E,日报!$D:$D,领跑良品退回!$A:$A,日报!CD$3)<>0,SUMIFS(领跑良品退回!$G:$G,领跑良品退回!$E:$E,日报!$D:$D,领跑良品退回!$A:$A,日报!CD$3),"") | CE18: =IF(SUMIFS(领跑良品退回!$G:$G,领跑良品退回!$E:$E,日报!$D:$D,领跑良品退回!$A:$A,日报!CE$3)<>0,SUMIFS(领跑良品退回!$G:$G,领跑良品退回!$E:$E,日报!$D:$D,领跑良品退回!$A:$A,日报!CE$3),"") | CF18: =IF(SUMIFS(领跑良品退回!$G:$G,领跑良品退回!$E:$E,日报!$D:$D,领跑良品退回!$A:$A,日报!CF$3)<>0,SUMIFS(领跑良品退回!$G:$G,领跑良品退回!$E:$E,日报!$D:$D,领跑良品退回!$A:$A,日报!CF$3),"") | CG18: =IF(SUMIFS(领跑良品退回!$G:$G,领跑良品退回!$E:$E,日报!$D:$D,领跑良品退回!$A:$A,日报!CG$3)<>0,SUMIFS(领跑良品退回!$G:$G,领跑良品退回!$E:$E,日报!$D:$D,领跑良品退回!$A:$A,日报!CG$3),"") | ... DD18: =IF(SUMIFS(领跑良品退回!$G:$G,领跑良品退回!$E:$E,日报!$D:$D,领跑良品退回!$A:$A,日报!DD$3)<>0,SUMIFS(领跑良品退回!$G:$G,领跑良品退回!$E:$E,日报!$D:$D,领跑良品退回!$A:$A,日报!DD$3),"")
A19: 16 | B19: 1AZ | C19: 芜湖博康机电股份有限公司 | D19: 3.2.50.30.00597-000 | E19: 快充插座线束 | F19: =IFERROR(VLOOKUP(D19,基础信息!D:F,3,FALSE),"0") -> 48 | G19: 4566 | H19: =SUMIF(合格品入库记录!E:E,日报!D19,合格品入库记录!G:G) -> 0 | I19: =SUMIF(合格品出库记录!E:E,日报!D19,合格品出库记录!G:G) -> 768 | J19: =SUMIF(领跑良品退回!E:E,D19,领跑良品退回!G:G) -> 0 | K19: =M19+L19 -> 3798 | L19: =SUMIF(不良品库存!D:D,D:D,不良品库存!F:F) -> 0 | M19: =G19+H19-I19+J19 -> 3798 | N19: 2304 | P19: =IF(SUMIFS(合格品入库记录!$G:$G,合格品入库记录!$E:$E,日报!$D:$D,合格品入库记录!$A:$A,日报!P$3)<>0,SUMIFS(合格品入库记录!$G:$G,合格品入库记录!$E:$E,日报!$D:$D,合格品入库记录!$A:$A,日报!P$3),"") | Q19: =IF(SUMIFS(合格品入库记录!$G:$G,合格品入库记录!$E:$E,日报!$D:$D,合格品入库记录!$A:$A,日报!Q$3)<>0,SUMIFS(合格品入库记录!$G:$G,合格品入库记录!$E:$E,日报!$D:$D,合格品入库记录!$A:$A,日报!Q$3),"") | R19: =IF(SUMIFS(合格品入库记录!$G:$G,合格品入库记录!$E:$E,日报!$D:$D,合格品入库记录!$A:$A,日报!R$3)<>0,SUMIFS(合格品入库记录!$G:$G,合格品入库记录!$E:$E,日报!$D:$D,合格品入库记录!$A:$A,日报!R$3),"") | S19: =IF(SUMIFS(合格品入库记录!$G:$G,合格品入库记录!$E:$E,日报!$D:$D,合格品入库记录!$A:$A,日报!S$3)<>0,SUMIFS(合格品入库记录!$G:$G,合格品入库记录!$E:$E,日报!$D:$D,合格品入库记录!$A:$A,日报!S$3),"") | T19: =IF(SUMIFS(合格品入库记录!$G:$G,合格品入库记录!$E:$E,日报!$D:$D,合格品入库记录!$A:$A,日报!T$3)<>0,SUMIFS(合格品入库记录!$G:$G,合格品入库记录!$E:$E,日报!$D:$D,合格品入库记录!$A:$A,日报!T$3),"") | U19: =IF(SUMIFS(合格品入库记录!$G:$G,合格品入库记录!$E:$E,日报!$D:$D,合格品入库记录!$A:$A,日报!U$3)<>0,SUMIFS(合格品入库记录!$G:$G,合格品入库记录!$E:$E,日报!$D:$D,合格品入库记录!$A:$A,日报!U$3),"") | V19: =IF(SUMIFS(合格品入库记录!$G:$G,合格品入库记录!$E:$E,日报!$D:$D,合格品入库记录!$A:$A,日报!V$3)<>0,SUMIFS(合格品入库记录!$G:$G,合格品入库记录!$E:$E,日报!$D:$D,合格品入库记录!$A:$A,日报!V$3),"") | W19: =IF(SUMIFS(合格品入库记录!$G:$G,合格品入库记录!$E:$E,日报!$D:$D,合格品入库记录!$A:$A,日报!W$3)<>0,SUMIFS(合格品入库记录!$G:$G,合格品入库记录!$E:$E,日报!$D:$D,合格品入库记录!$A:$A,日报!W$3),"") | ... AT19: =IF(SUMIFS(合格品入库记录!$G:$G,合格品入库记录!$E:$E,日报!$D:$D,合格品入库记录!$A:$A,日报!AT$3)<>0,SUMIFS(合格品入库记录!$G:$G,合格品入库记录!$E:$E,日报!$D:$D,合格品入库记录!$A:$A,日报!AT$3),"") | AU19: =IF(SUMIFS(合格品出库记录!$G:$G,合格品出库记录!$E:$E,日报!$D:$D,合格品出库记录!$A:$A,日报!AU$3)<>0,SUMIFS(合格品出库记录!$G:$G,合格品出库记录!$E:$E,日报!$D:$D,合格品出库记录!$A:$A,日报!AU$3),"") -> 384 | AV19: =IF(SUMIFS(合格品出库记录!$G:$G,合格品出库记录!$E:$E,日报!$D:$D,合格品出库记录!$A:$A,日报!AV$3)<>0,SUMIFS(合格品出库记录!$G:$G,合格品出库记录!$E:$E,日报!$D:$D,合格品出库记录!$A:$A,日报!AV$3),"") | AW19: =IF(SUMIFS(合格品出库记录!$G:$G,合格品出库记录!$E:$E,日报!$D:$D,合格品出库记录!$A:$A,日报!AW$3)<>0,SUMIFS(合格品出库记录!$G:$G,合格品出库记录!$E:$E,日报!$D:$D,合格品出库记录!$A:$A,日报!AW$3),"") | AX19: =IF(SUMIFS(合格品出库记录!$G:$G,合格品出库记录!$E:$E,日报!$D:$D,合格品出库记录!$A:$A,日报!AX$3)<>0,SUMIFS(合格品出库记录!$G:$G,合格品出库记录!$E:$E,日报!$D:$D,合格品出库记录!$A:$A,日报!AX$3),"") -> 384 | AY19: =IF(SUMIFS(合格品出库记录!$G:$G,合格品出库记录!$E:$E,日报!$D:$D,合格品出库记录!$A:$A,日报!AY$3)<>0,SUMIFS(合格品出库记录!$G:$G,合格品出库记录!$E:$E,日报!$D:$D,合格品出库记录!$A:$A,日报!AY$3),"") | AZ19: =IF(SUMIFS(合格品出库记录!$G:$G,合格品出库记录!$E:$E,日报!$D:$D,合格品出库记录!$A:$A,日报!AZ$3)<>0,SUMIFS(合格品出库记录!$G:$G,合格品出库记录!$E:$E,日报!$D:$D,合格品出库记录!$A:$A,日报!AZ$3),"") | BA19: =IF(SUMIFS(合格品出库记录!$G:$G,合格品出库记录!$E:$E,日报!$D:$D,合格品出库记录!$A:$A,日报!BA$3)<>0,SUMIFS(合格品出库记录!$G:$G,合格品出库记录!$E:$E,日报!$D:$D,合格品出库记录!$A:$A,日报!BA$3),"") | BB19: =IF(SUMIFS(合格品出库记录!$G:$G,合格品出库记录!$E:$E,日报!$D:$D,合格品出库记录!$A:$A,日报!BB$3)<>0,SUMIFS(合格品出库记录!$G:$G,合格品出库记录!$E:$E,日报!$D:$D,合格品出库记录!$A:$A,日报!BB$3),"") | ... BY19: =IF(SUMIFS(合格品出库记录!$G:$G,合格品出库记录!$E:$E,日报!$D:$D,合格品出库记录!$A:$A,日报!BY$3)<>0,SUMIFS(合格品出库记录!$G:$G,合格品出库记录!$E:$E,日报!$D:$D,合格品出库记录!$A:$A,日报!BY$3),"") | BZ19: =IF(SUMIFS(领跑良品退回!$G:$G,领跑良品退回!$E:$E,日报!$D:$D,领跑良品退回!$A:$A,日报!BZ$3)<>0,SUMIFS(领跑良品退回!$G:$G,领跑良品退回!$E:$E,日报!$D:$D,领跑良品退回!$A:$A,日报!BZ$3),"") | CA19: =IF(SUMIFS(领跑良品退回!$G:$G,领跑良品退回!$E:$E,日报!$D:$D,领跑良品退回!$A:$A,日报!CA$3)<>0,SUMIFS(领跑良品退回!$G:$G,领跑良品退回!$E:$E,日报!$D:$D,领跑良品退回!$A:$A,日报!CA$3),"") | CB19: =IF(SUMIFS(领跑良品退回!$G:$G,领跑良品退回!$E:$E,日报!$D:$D,领跑良品退回!$A:$A,日报!CB$3)<>0,SUMIFS(领跑良品退回!$G:$G,领跑良品退回!$E:$E,日报!$D:$D,领跑良品退回!$A:$A,日报!CB$3),"") | CC19: =IF(SUMIFS(领跑良品退回!$G:$G,领跑良品退回!$E:$E,日报!$D:$D,领跑良品退回!$A:$A,日报!CC$3)<>0,SUMIFS(领跑良品退回!$G:$G,领跑良品退回!$E:$E,日报!$D:$D,领跑良品退回!$A:$A,日报!CC$3),"") | CD19: =IF(SUMIFS(领跑良品退回!$G:$G,领跑良品退回!$E:$E,日报!$D:$D,领跑良品退回!$A:$A,日报!CD$3)<>0,SUMIFS(领跑良品退回!$G:$G,领跑良品退回!$E:$E,日报!$D:$D,领跑良品退回!$A:$A,日报!CD$3),"") | CE19: =IF(SUMIFS(领跑良品退回!$G:$G,领跑良品退回!$E:$E,日报!$D:$D,领跑良品退回!$A:$A,日报!CE$3)<>0,SUMIFS(领跑良品退回!$G:$G,领跑良品退回!$E:$E,日报!$D:$D,领跑良品退回!$A:$A,日报!CE$3),"") | CF19: =IF(SUMIFS(领跑良品退回!$G:$G,领跑良品退回!$E:$E,日报!$D:$D,领跑良品退回!$A:$A,日报!CF$3)<>0,SUMIFS(领跑良品退回!$G:$G,领跑良品退回!$E:$E,日报!$D:$D,领跑良品退回!$A:$A,日报!CF$3),"") | CG19: =IF(SUMIFS(领跑良品退回!$G:$G,领跑良品退回!$E:$E,日报!$D:$D,领跑良品退回!$A:$A,日报!CG$3)<>0,SUMIFS(领跑良品退回!$G:$G,领跑良品退回!$E:$E,日报!$D:$D,领跑良品退回!$A:$A,日报!CG$3),"") | ... DD19: =IF(SUMIFS(领跑良品退回!$G:$G,领跑良品退回!$E:$E,日报!$D:$D,领跑良品退回!$A:$A,日报!DD$3)<>0,SUMIFS(领跑良品退回!$G:$G,领跑良品退回!$E:$E,日报!$D:$D,领跑良品退回!$A:$A,日报!DD$3),"")
A20: 17 | B20: 1AZ | C20: 芜湖博康机电股份有限公司 | D20: 3.2.50.30.00600-000 | E20: 水温互锁集成线束 | F20: =IFERROR(VLOOKUP(D20,基础信息!D:F,3,FALSE),"0") -> 20 | G20: 0 | H20: =SUMIF(合格品入库记录!E:E,日报!D20,合格品入库记录!G:G) -> 0 | I20: =SUMIF(合格品出库记录!E:E,日报!D20,合格品出库记录!G:G) -> 0 | J20: =SUMIF(领跑良品退回!E:E,D20,领跑良品退回!G:G) -> 0 | K20: =M20+L20 -> 0 | L20: =SUMIF(不良品库存!D:D,D:D,不良品库存!F:F) -> 0 | M20: =G20+H20-I20+J20 -> 0 | N20: #N/A | P20: =IF(SUMIFS(合格品入库记录!$G:$G,合格品入库记录!$E:$E,日报!$D:$D,合格品入库记录!$A:$A,日报!P$3)<>0,SUMIFS(合格品入库记录!$G:$G,合格品入库记录!$E:$E,日报!$D:$D,合格品入库记录!$A:$A,日报!P$3),"") | Q20: =IF(SUMIFS(合格品入库记录!$G:$G,合格品入库记录!$E:$E,日报!$D:$D,合格品入库记录!$A:$A,日报!Q$3)<>0,SUMIFS(合格品入库记录!$G:$G,合格品入库记录!$E:$E,日报!$D:$D,合格品入库记录!$A:$A,日报!Q$3),"") | R20: =IF(SUMIFS(合格品入库记录!$G:$G,合格品入库记录!$E:$E,日报!$D:$D,合格品入库记录!$A:$A,日报!R$3)<>0,SUMIFS(合格品入库记录!$G:$G,合格品入库记录!$E:$E,日报!$D:$D,合格品入库记录!$A:$A,日报!R$3),"") | S20: =IF(SUMIFS(合格品入库记录!$G:$G,合格品入库记录!$E:$E,日报!$D:$D,合格品入库记录!$A:$A,日报!S$3)<>0,SUMIFS(合格品入库记录!$G:$G,合格品入库记录!$E:$E,日报!$D:$D,合格品入库记录!$A:$A,日报!S$3),"") | T20: =IF(SUMIFS(合格品入库记录!$G:$G,合格品入库记录!$E:$E,日报!$D:$D,合格品入库记录!$A:$A,日报!T$3)<>0,SUMIFS(合格品入库记录!$G:$G,合格品入库记录!$E:$E,日报!$D:$D,合格品入库记录!$A:$A,日报!T$3),"") | U20: =IF(SUMIFS(合格品入库记录!$G:$G,合格品入库记录!$E:$E,日报!$D:$D,合格品入库记录!$A:$A,日报!U$3)<>0,SUMIFS(合格品入库记录!$G:$G,合格品入库记录!$E:$E,日报!$D:$D,合格品入库记录!$A:$A,日报!U$3),"") | V20: =IF(SUMIFS(合格品入库记录!$G:$G,合格品入库记录!$E:$E,日报!$D:$D,合格品入库记录!$A:$A,日报!V$3)<>0,SUMIFS(合格品入库记录!$G:$G,合格品入库记录!$E:$E,日报!$D:$D,合格品入库记录!$A:$A,日报!V$3),"") | W20: =IF(SUMIFS(合格品入库记录!$G:$G,合格品入库记录!$E:$E,日报!$D:$D,合格品入库记录!$A:$A,日报!W$3)<>0,SUMIFS(合格品入库记录!$G:$G,合格品入库记录!$E:$E,日报!$D:$D,合格品入库记录!$A:$A,日报!W$3),"") | ... AT20: =IF(SUMIFS(合格品入库记录!$G:$G,合格品入库记录!$E:$E,日报!$D:$D,合格品入库记录!$A:$A,日报!AT$3)<>0,SUMIFS(合格品入库记录!$G:$G,合格品入库记录!$E:$E,日报!$D:$D,合格品入库记录!$A:$A,日报!AT$3),"") | AU20: =IF(SUMIFS(合格品出库记录!$G:$G,合格品出库记录!$E:$E,日报!$D:$D,合格品出库记录!$A:$A,日报!AU$3)<>0,SUMIFS(合格品出库记录!$G:$G,合格品出库记录!$E:$E,日报!$D:$D,合格品出库记录!$A:$A,日报!AU$3),"") | AV20: =IF(SUMIFS(合格品出库记录!$G:$G,合格品出库记录!$E:$E,日报!$D:$D,合格品出库记录!$A:$A,日报!AV$3)<>0,SUMIFS(合格品出库记录!$G:$G,合格品出库记录!$E:$E,日报!$D:$D,合格品出库记录!$A:$A,日报!AV$3),"") | AW20: =IF(SUMIFS(合格品出库记录!$G:$G,合格品出库记录!$E:$E,日报!$D:$D,合格品出库记录!$A:$A,日报!AW$3)<>0,SUMIFS(合格品出库记录!$G:$G,合格品出库记录!$E:$E,日报!$D:$D,合格品出库记录!$A:$A,日报!AW$3),"") | AX20: =IF(SUMIFS(合格品出库记录!$G:$G,合格品出库记录!$E:$E,日报!$D:$D,合格品出库记录!$A:$A,日报!AX$3)<>0,SUMIFS(合格品出库记录!$G:$G,合格品出库记录!$E:$E,日报!$D:$D,合格品出库记录!$A:$A,日报!AX$3),"") | AY20: =IF(SUMIFS(合格品出库记录!$G:$G,合格品出库记录!$E:$E,日报!$D:$D,合格品出库记录!$A:$A,日报!AY$3)<>0,SUMIFS(合格品出库记录!$G:$G,合格品出库记录!$E:$E,日报!$D:$D,合格品出库记录!$A:$A,日报!AY$3),"") | AZ20: =IF(SUMIFS(合格品出库记录!$G:$G,合格品出库记录!$E:$E,日报!$D:$D,合格品出库记录!$A:$A,日报!AZ$3)<>0,SUMIFS(合格品出库记录!$G:$G,合格品出库记录!$E:$E,日报!$D:$D,合格品出库记录!$A:$A,日报!AZ$3),"") | BA20: =IF(SUMIFS(合格品出库记录!$G:$G,合格品出库记录!$E:$E,日报!$D:$D,合格品出库记录!$A:$A,日报!BA$3)<>0,SUMIFS(合格品出库记录!$G:$G,合格品出库记录!$E:$E,日报!$D:$D,合格品出库记录!$A:$A,日报!BA$3),"") | BB20: =IF(SUMIFS(合格品出库记录!$G:$G,合格品出库记录!$E:$E,日报!$D:$D,合格品出库记录!$A:$A,日报!BB$3)<>0,SUMIFS(合格品出库记录!$G:$G,合格品出库记录!$E:$E,日报!$D:$D,合格品出库记录!$A:$A,日报!BB$3),"") | ... BY20: =IF(SUMIFS(合格品出库记录!$G:$G,合格品出库记录!$E:$E,日报!$D:$D,合格品出库记录!$A:$A,日报!BY$3)<>0,SUMIFS(合格品出库记录!$G:$G,合格品出库记录!$E:$E,日报!$D:$D,合格品出库记录!$A:$A,日报!BY$3),"") | BZ20: =IF(SUMIFS(领跑良品退回!$G:$G,领跑良品退回!$E:$E,日报!$D:$D,领跑良品退回!$A:$A,日报!BZ$3)<>0,SUMIFS(领跑良品退回!$G:$G,领跑良品退回!$E:$E,日报!$D:$D,领跑良品退回!$A:$A,日报!BZ$3),"") | CA20: =IF(SUMIFS(领跑良品退回!$G:$G,领跑良品退回!$E:$E,日报!$D:$D,领跑良品退回!$A:$A,日报!CA$3)<>0,SUMIFS(领跑良品退回!$G:$G,领跑良品退回!$E:$E,日报!$D:$D,领跑良品退回!$A:$A,日报!CA$3),"") | CB20: =IF(SUMIFS(领跑良品退回!$G:$G,领跑良品退回!$E:$E,日报!$D:$D,领跑良品退回!$A:$A,日报!CB$3)<>0,SUMIFS(领跑良品退回!$G:$G,领跑良品退回!$E:$E,日报!$D:$D,领跑良品退回!$A:$A,日报!CB$3),"") | CC20: =IF(SUMIFS(领跑良品退回!$G:$G,领跑良品退回!$E:$E,日报!$D:$D,领跑良品退回!$A:$A,日报!CC$3)<>0,SUMIFS(领跑良品退回!$G:$G,领跑良品退回!$E:$E,日报!$D:$D,领跑良品退回!$A:$A,日报!CC$3),"") | CD20: =IF(SUMIFS(领跑良品退回!$G:$G,领跑良品退回!$E:$E,日报!$D:$D,领跑良品退回!$A:$A,日报!CD$3)<>0,SUMIFS(领跑良品退回!$G:$G,领跑良品退回!$E:$E,日报!$D:$D,领跑良品退回!$A:$A,日报!CD$3),"") | CE20: =IF(SUMIFS(领跑良品退回!$G:$G,领跑良品退回!$E:$E,日报!$D:$D,领跑良品退回!$A:$A,日报!CE$3)<>0,SUMIFS(领跑良品退回!$G:$G,领跑良品退回!$E:$E,日报!$D:$D,领跑良品退回!$A:$A,日报!CE$3),"") | CF20: =IF(SUMIFS(领跑良品退回!$G:$G,领跑良品退回!$E:$E,日报!$D:$D,领跑良品退回!$A:$A,日报!CF$3)<>0,SUMIFS(领跑良品退回!$G:$G,领跑良品退回!$E:$E,日报!$D:$D,领跑良品退回!$A:$A,日报!CF$3),"") | CG20: =IF(SUMIFS(领跑良品退回!$G:$G,领跑良品退回!$E:$E,日报!$D:$D,领跑良品退回!$A:$A,日报!CG$3)<>0,SUMIFS(领跑良品退回!$G:$G,领跑良品退回!$E:$E,日报!$D:$D,领跑良品退回!$A:$A,日报!CG$3),"") | ... DD20: =IF(SUMIFS(领跑良品退回!$G:$G,领跑良品退回!$E:$E,日报!$D:$D,领跑良品退回!$A:$A,日报!DD$3)<>0,SUMIFS(领跑良品退回!$G:$G,领跑良品退回!$E:$E,日报!$D:$D,领跑良品退回!$A:$A,日报!DD$3),"")
A21: 18 | B21: 1AZ | C21: 芜湖博康机电股份有限公司 | D21: 3.2.50.30.00601-000 | E21: 外部通讯线束 | F21: =IFERROR(VLOOKUP(D21,基础信息!D:F,3,FALSE),"0") -> 100 | G21: 0 | H21: =SUMIF(合格品入库记录!E:E,日报!D21,合格品入库记录!G:G) -> 0 | I21: =SUMIF(合格品出库记录!E:E,日报!D21,合格品出库记录!G:G) -> 0 | J21: =SUMIF(领跑良品退回!E:E,D21,领跑良品退回!G:G) -> 0 | K21: =M21+L21 -> 0 | L21: =SUMIF(不良品库存!D:D,D:D,不良品库存!F:F) -> 0 | M21: =G21+H21-I21+J21 -> 0 | N21: #N/A | P21: =IF(SUMIFS(合格品入库记录!$G:$G,合格品入库记录!$E:$E,日报!$D:$D,合格品入库记录!$A:$A,日报!P$3)<>0,SUMIFS(合格品入库记录!$G:$G,合格品入库记录!$E:$E,日报!$D:$D,合格品入库记录!$A:$A,日报!P$3),"") | Q21: =IF(SUMIFS(合格品入库记录!$G:$G,合格品入库记录!$E:$E,日报!$D:$D,合格品入库记录!$A:$A,日报!Q$3)<>0,SUMIFS(合格品入库记录!$G:$G,合格品入库记录!$E:$E,日报!$D:$D,合格品入库记录!$A:$A,日报!Q$3),"") | R21: =IF(SUMIFS(合格品入库记录!$G:$G,合格品入库记录!$E:$E,日报!$D:$D,合格品入库记录!$A:$A,日报!R$3)<>0,SUMIFS(合格品入库记录!$G:$G,合格品入库记录!$E:$E,日报!$D:$D,合格品入库记录!$A:$A,日报!R$3),"") | S21: =IF(SUMIFS(合格品入库记录!$G:$G,合格品入库记录!$E:$E,日报!$D:$D,合格品入库记录!$A:$A,日报!S$3)<>0,SUMIFS(合格品入库记录!$G:$G,合格品入库记录!$E:$E,日报!$D:$D,合格品入库记录!$A:$A,日报!S$3),"") | T21: =IF(SUMIFS(合格品入库记录!$G:$G,合格品入库记录!$E:$E,日报!$D:$D,合格品入库记录!$A:$A,日报!T$3)<>0,SUMIFS(合格品入库记录!$G:$G,合格品入库记录!$E:$E,日报!$D:$D,合格品入库记录!$A:$A,日报!T$3),"") | U21: =IF(SUMIFS(合格品入库记录!$G:$G,合格品入库记录!$E:$E,日报!$D:$D,合格品入库记录!$A:$A,日报!U$3)<>0,SUMIFS(合格品入库记录!$G:$G,合格品入库记录!$E:$E,日报!$D:$D,合格品入库记录!$A:$A,日报!U$3),"") | V21: =IF(SUMIFS(合格品入库记录!$G:$G,合格品入库记录!$E:$E,日报!$D:$D,合格品入库记录!$A:$A,日报!V$3)<>0,SUMIFS(合格品入库记录!$G:$G,合格品入库记录!$E:$E,日报!$D:$D,合格品入库记录!$A:$A,日报!V$3),"") | W21: =IF(SUMIFS(合格品入库记录!$G:$G,合格品入库记录!$E:$E,日报!$D:$D,合格品入库记录!$A:$A,日报!W$3)<>0,SUMIFS(合格品入库记录!$G:$G,合格品入库记录!$E:$E,日报!$D:$D,合格品入库记录!$A:$A,日报!W$3),"") | ... AT21: =IF(SUMIFS(合格品入库记录!$G:$G,合格品入库记录!$E:$E,日报!$D:$D,合格品入库记录!$A:$A,日报!AT$3)<>0,SUMIFS(合格品入库记录!$G:$G,合格品入库记录!$E:$E,日报!$D:$D,合格品入库记录!$A:$A,日报!AT$3),"") | AU21: =IF(SUMIFS(合格品出库记录!$G:$G,合格品出库记录!$E:$E,日报!$D:$D,合格品出库记录!$A:$A,日报!AU$3)<>0,SUMIFS(合格品出库记录!$G:$G,合格品出库记录!$E:$E,日报!$D:$D,合格品出库记录!$A:$A,日报!AU$3),"") | AV21: =IF(SUMIFS(合格品出库记录!$G:$G,合格品出库记录!$E:$E,日报!$D:$D,合格品出库记录!$A:$A,日报!AV$3)<>0,SUMIFS(合格品出库记录!$G:$G,合格品出库记录!$E:$E,日报!$D:$D,合格品出库记录!$A:$A,日报!AV$3),"") | AW21: =IF(SUMIFS(合格品出库记录!$G:$G,合格品出库记录!$E:$E,日报!$D:$D,合格品出库记录!$A:$A,日报!AW$3)<>0,SUMIFS(合格品出库记录!$G:$G,合格品出库记录!$E:$E,日报!$D:$D,合格品出库记录!$A:$A,日报!AW$3),"") | AX21: =IF(SUMIFS(合格品出库记录!$G:$G,合格品出库记录!$E:$E,日报!$D:$D,合格品出库记录!$A:$A,日报!AX$3)<>0,SUMIFS(合格品出库记录!$G:$G,合格品出库记录!$E:$E,日报!$D:$D,合格品出库记录!$A:$A,日报!AX$3),"") | AY21: =IF(SUMIFS(合格品出库记录!$G:$G,合格品出库记录!$E:$E,日报!$D:$D,合格品出库记录!$A:$A,日报!AY$3)<>0,SUMIFS(合格品出库记录!$G:$G,合格品出库记录!$E:$E,日报!$D:$D,合格品出库记录!$A:$A,日报!AY$3),"") | AZ21: =IF(SUMIFS(合格品出库记录!$G:$G,合格品出库记录!$E:$E,日报!$D:$D,合格品出库记录!$A:$A,日报!AZ$3)<>0,SUMIFS(合格品出库记录!$G:$G,合格品出库记录!$E:$E,日报!$D:$D,合格品出库记录!$A:$A,日报!AZ$3),"") | BA21: =IF(SUMIFS(合格品出库记录!$G:$G,合格品出库记录!$E:$E,日报!$D:$D,合格品出库记录!$A:$A,日报!BA$3)<>0,SUMIFS(合格品出库记录!$G:$G,合格品出库记录!$E:$E,日报!$D:$D,合格品出库记录!$A:$A,日报!BA$3),"") | BB21: =IF(SUMIFS(合格品出库记录!$G:$G,合格品出库记录!$E:$E,日报!$D:$D,合格品出库记录!$A:$A,日报!BB$3)<>0,SUMIFS(合格品出库记录!$G:$G,合格品出库记录!$E:$E,日报!$D:$D,合格品出库记录!$A:$A,日报!BB$3),"") | ... BY21: =IF(SUMIFS(合格品出库记录!$G:$G,合格品出库记录!$E:$E,日报!$D:$D,合格品出库记录!$A:$A,日报!BY$3)<>0,SUMIFS(合格品出库记录!$G:$G,合格品出库记录!$E:$E,日报!$D:$D,合格品出库记录!$A:$A,日报!BY$3),"") | BZ21: =IF(SUMIFS(领跑良品退回!$G:$G,领跑良品退回!$E:$E,日报!$D:$D,领跑良品退回!$A:$A,日报!BZ$3)<>0,SUMIFS(领跑良品退回!$G:$G,领跑良品退回!$E:$E,日报!$D:$D,领跑良品退回!$A:$A,日报!BZ$3),"") | CA21: =IF(SUMIFS(领跑良品退回!$G:$G,领跑良品退回!$E:$E,日报!$D:$D,领跑良品退回!$A:$A,日报!CA$3)<>0,SUMIFS(领跑良品退回!$G:$G,领跑良品退回!$E:$E,日报!$D:$D,领跑良品退回!$A:$A,日报!CA$3),"") | CB21: =IF(SUMIFS(领跑良品退回!$G:$G,领跑良品退回!$E:$E,日报!$D:$D,领跑良品退回!$A:$A,日报!CB$3)<>0,SUMIFS(领跑良品退回!$G:$G,领跑良品退回!$E:$E,日报!$D:$D,领跑良品退回!$A:$A,日报!CB$3),"") | CC21: =IF(SUMIFS(领跑良品退回!$G:$G,领跑良品退回!$E:$E,日报!$D:$D,领跑良品退回!$A:$A,日报!CC$3)<>0,SUMIFS(领跑良品退回!$G:$G,领跑良品退回!$E:$E,日报!$D:$D,领跑良品退回!$A:$A,日报!CC$3),"") | CD21: =IF(SUMIFS(领跑良品退回!$G:$G,领跑良品退回!$E:$E,日报!$D:$D,领跑良品退回!$A:$A,日报!CD$3)<>0,SUMIFS(领跑良品退回!$G:$G,领跑良品退回!$E:$E,日报!$D:$D,领跑良品退回!$A:$A,日报!CD$3),"") | CE21: =IF(SUMIFS(领跑良品退回!$G:$G,领跑良品退回!$E:$E,日报!$D:$D,领跑良品退回!$A:$A,日报!CE$3)<>0,SUMIFS(领跑良品退回!$G:$G,领跑良品退回!$E:$E,日报!$D:$D,领跑良品退回!$A:$A,日报!CE$3),"") | CF21: =IF(SUMIFS(领跑良品退回!$G:$G,领跑良品退回!$E:$E,日报!$D:$D,领跑良品退回!$A:$A,日报!CF$3)<>0,SUMIFS(领跑良品退回!$G:$G,领跑良品退回!$E:$E,日报!$D:$D,领跑良品退回!$A:$A,日报!CF$3),"") | CG21: =IF(SUMIFS(领跑良品退回!$G:$G,领跑良品退回!$E:$E,日报!$D:$D,领跑良品退回!$A:$A,日报!CG$3)<>0,SUMIFS(领跑良品退回!$G:$G,领跑良品退回!$E:$E,日报!$D:$D,领跑良品退回!$A:$A,日报!CG$3),"") | ... DD21: =IF(SUMIFS(领跑良品退回!$G:$G,领跑良品退回!$E:$E,日报!$D:$D,领跑良品退回!$A:$A,日报!DD$3)<>0,SUMIFS(领跑良品退回!$G:$G,领跑良品退回!$E:$E,日报!$D:$D,领跑良品退回!$A:$A,日报!DD$3),"")
A22: 19 | B22: 1AZ | C22: 芜湖博康机电股份有限公司 | D22: 3.2.50.30.00602-000 | E22: 菊花链线束 | F22: =IFERROR(VLOOKUP(D22,基础信息!D:F,3,FALSE),"0") -> 1500 | G22: 753 | H22: =SUMIF(合格品入库记录!E:E,日报!D22,合格品入库记录!G:G) -> 0 | I22: =SUMIF(合格品出库记录!E:E,日报!D22,合格品出库记录!G:G) -> 0 | J22: =SUMIF(领跑良品退回!E:E,D22,领跑良品退回!G:G) -> 0 | K22: =M22+L22 -> 753 | L22: =SUMIF(不良品库存!D:D,D:D,不良品库存!F:F) -> 0 | M22: =G22+H22-I22+J22 -> 753 | N22: #N/A | P22: =IF(SUMIFS(合格品入库记录!$G:$G,合格品入库记录!$E:$E,日报!$D:$D,合格品入库记录!$A:$A,日报!P$3)<>0,SUMIFS(合格品入库记录!$G:$G,合格品入库记录!$E:$E,日报!$D:$D,合格品入库记录!$A:$A,日报!P$3),"") | Q22: =IF(SUMIFS(合格品入库记录!$G:$G,合格品入库记录!$E:$E,日报!$D:$D,合格品入库记录!$A:$A,日报!Q$3)<>0,SUMIFS(合格品入库记录!$G:$G,合格品入库记录!$E:$E,日报!$D:$D,合格品入库记录!$A:$A,日报!Q$3),"") | R22: =IF(SUMIFS(合格品入库记录!$G:$G,合格品入库记录!$E:$E,日报!$D:$D,合格品入库记录!$A:$A,日报!R$3)<>0,SUMIFS(合格品入库记录!$G:$G,合格品入库记录!$E:$E,日报!$D:$D,合格品入库记录!$A:$A,日报!R$3),"") | S22: =IF(SUMIFS(合格品入库记录!$G:$G,合格品入库记录!$E:$E,日报!$D:$D,合格品入库记录!$A:$A,日报!S$3)<>0,SUMIFS(合格品入库记录!$G:$G,合格品入库记录!$E:$E,日报!$D:$D,合格品入库记录!$A:$A,日报!S$3),"") | T22: =IF(SUMIFS(合格品入库记录!$G:$G,合格品入库记录!$E:$E,日报!$D:$D,合格品入库记录!$A:$A,日报!T$3)<>0,SUMIFS(合格品入库记录!$G:$G,合格品入库记录!$E:$E,日报!$D:$D,合格品入库记录!$A:$A,日报!T$3),"") | U22: =IF(SUMIFS(合格品入库记录!$G:$G,合格品入库记录!$E:$E,日报!$D:$D,合格品入库记录!$A:$A,日报!U$3)<>0,SUMIFS(合格品入库记录!$G:$G,合格品入库记录!$E:$E,日报!$D:$D,合格品入库记录!$A:$A,日报!U$3),"") | V22: =IF(SUMIFS(合格品入库记录!$G:$G,合格品入库记录!$E:$E,日报!$D:$D,合格品入库记录!$A:$A,日报!V$3)<>0,SUMIFS(合格品入库记录!$G:$G,合格品入库记录!$E:$E,日报!$D:$D,合格品入库记录!$A:$A,日报!V$3),"") | W22: =IF(SUMIFS(合格品入库记录!$G:$G,合格品入库记录!$E:$E,日报!$D:$D,合格品入库记录!$A:$A,日报!W$3)<>0,SUMIFS(合格品入库记录!$G:$G,合格品入库记录!$E:$E,日报!$D:$D,合格品入库记录!$A:$A,日报!W$3),"") | ... AT22: =IF(SUMIFS(合格品入库记录!$G:$G,合格品入库记录!$E:$E,日报!$D:$D,合格品入库记录!$A:$A,日报!AT$3)<>0,SUMIFS(合格品入库记录!$G:$G,合格品入库记录!$E:$E,日报!$D:$D,合格品入库记录!$A:$A,日报!AT$3),"") | AU22: =IF(SUMIFS(合格品出库记录!$G:$G,合格品出库记录!$E:$E,日报!$D:$D,合格品出库记录!$A:$A,日报!AU$3)<>0,SUMIFS(合格品出库记录!$G:$G,合格品出库记录!$E:$E,日报!$D:$D,合格品出库记录!$A:$A,日报!AU$3),"") | AV22: =IF(SUMIFS(合格品出库记录!$G:$G,合格品出库记录!$E:$E,日报!$D:$D,合格品出库记录!$A:$A,日报!AV$3)<>0,SUMIFS(合格品出库记录!$G:$G,合格品出库记录!$E:$E,日报!$D:$D,合格品出库记录!$A:$A,日报!AV$3),"") | AW22: =IF(SUMIFS(合格品出库记录!$G:$G,合格品出库记录!$E:$E,日报!$D:$D,合格品出库记录!$A:$A,日报!AW$3)<>0,SUMIFS(合格品出库记录!$G:$G,合格品出库记录!$E:$E,日报!$D:$D,合格品出库记录!$A:$A,日报!AW$3),"") | AX22: =IF(SUMIFS(合格品出库记录!$G:$G,合格品出库记录!$E:$E,日报!$D:$D,合格品出库记录!$A:$A,日报!AX$3)<>0,SUMIFS(合格品出库记录!$G:$G,合格品出库记录!$E:$E,日报!$D:$D,合格品出库记录!$A:$A,日报!AX$3),"") | AY22: =IF(SUMIFS(合格品出库记录!$G:$G,合格品出库记录!$E:$E,日报!$D:$D,合格品出库记录!$A:$A,日报!AY$3)<>0,SUMIFS(合格品出库记录!$G:$G,合格品出库记录!$E:$E,日报!$D:$D,合格品出库记录!$A:$A,日报!AY$3),"") | AZ22: =IF(SUMIFS(合格品出库记录!$G:$G,合格品出库记录!$E:$E,日报!$D:$D,合格品出库记录!$A:$A,日报!AZ$3)<>0,SUMIFS(合格品出库记录!$G:$G,合格品出库记录!$E:$E,日报!$D:$D,合格品出库记录!$A:$A,日报!AZ$3),"") | BA22: =IF(SUMIFS(合格品出库记录!$G:$G,合格品出库记录!$E:$E,日报!$D:$D,合格品出库记录!$A:$A,日报!BA$3)<>0,SUMIFS(合格品出库记录!$G:$G,合格品出库记录!$E:$E,日报!$D:$D,合格品出库记录!$A:$A,日报!BA$3),"") | BB22: =IF(SUMIFS(合格品出库记录!$G:$G,合格品出库记录!$E:$E,日报!$D:$D,合格品出库记录!$A:$A,日报!BB$3)<>0,SUMIFS(合格品出库记录!$G:$G,合格品出库记录!$E:$E,日报!$D:$D,合格品出库记录!$A:$A,日报!BB$3),"") | ... BY22: =IF(SUMIFS(合格品出库记录!$G:$G,合格品出库记录!$E:$E,日报!$D:$D,合格品出库记录!$A:$A,日报!BY$3)<>0,SUMIFS(合格品出库记录!$G:$G,合格品出库记录!$E:$E,日报!$D:$D,合格品出库记录!$A:$A,日报!BY$3),"") | BZ22: =IF(SUMIFS(领跑良品退回!$G:$G,领跑良品退回!$E:$E,日报!$D:$D,领跑良品退回!$A:$A,日报!BZ$3)<>0,SUMIFS(领跑良品退回!$G:$G,领跑良品退回!$E:$E,日报!$D:$D,领跑良品退回!$A:$A,日报!BZ$3),"") | CA22: =IF(SUMIFS(领跑良品退回!$G:$G,领跑良品退回!$E:$E,日报!$D:$D,领跑良品退回!$A:$A,日报!CA$3)<>0,SUMIFS(领跑良品退回!$G:$G,领跑良品退回!$E:$E,日报!$D:$D,领跑良品退回!$A:$A,日报!CA$3),"") | CB22: =IF(SUMIFS(领跑良品退回!$G:$G,领跑良品退回!$E:$E,日报!$D:$D,领跑良品退回!$A:$A,日报!CB$3)<>0,SUMIFS(领跑良品退回!$G:$G,领跑良品退回!$E:$E,日报!$D:$D,领跑良品退回!$A:$A,日报!CB$3),"") | CC22: =IF(SUMIFS(领跑良品退回!$G:$G,领跑良品退回!$E:$E,日报!$D:$D,领跑良品退回!$A:$A,日报!CC$3)<>0,SUMIFS(领跑良品退回!$G:$G,领跑良品退回!$E:$E,日报!$D:$D,领跑良品退回!$A:$A,日报!CC$3),"") | CD22: =IF(SUMIFS(领跑良品退回!$G:$G,领跑良品退回!$E:$E,日报!$D:$D,领跑良品退回!$A:$A,日报!CD$3)<>0,SUMIFS(领跑良品退回!$G:$G,领跑良品退回!$E:$E,日报!$D:$D,领跑良品退回!$A:$A,日报!CD$3),"") | CE22: =IF(SUMIFS(领跑良品退回!$G:$G,领跑良品退回!$E:$E,日报!$D:$D,领跑良品退回!$A:$A,日报!CE$3)<>0,SUMIFS(领跑良品退回!$G:$G,领跑良品退回!$E:$E,日报!$D:$D,领跑良品退回!$A:$A,日报!CE$3),"") | CF22: =IF(SUMIFS(领跑良品退回!$G:$G,领跑良品退回!$E:$E,日报!$D:$D,领跑良品退回!$A:$A,日报!CF$3)<>0,SUMIFS(领跑良品退回!$G:$G,领跑良品退回!$E:$E,日报!$D:$D,领跑良品退回!$A:$A,日报!CF$3),"") | CG22: =IF(SUMIFS(领跑良品退回!$G:$G,领跑良品退回!$E:$E,日报!$D:$D,领跑良品退回!$A:$A,日报!CG$3)<>0,SUMIFS(领跑良品退回!$G:$G,领跑良品退回!$E:$E,日报!$D:$D,领跑良品退回!$A:$A,日报!CG$3),"") | ... DD22: =IF(SUMIFS(领跑良品退回!$G:$G,领跑良品退回!$E:$E,日报!$D:$D,领跑良品退回!$A:$A,日报!DD$3)<>0,SUMIFS(领跑良品退回!$G:$G,领跑良品退回!$E:$E,日报!$D:$D,领跑良品退回!$A:$A,日报!DD$3),"")
A23: 20 | B23: 1AZ | C23: 芜湖博康机电股份有限公司 | D23: 3.2.50.30.00603-000 | E23: 预充电阻连接线束 | F23: =IFERROR(VLOOKUP(D23,基础信息!D:F,3,FALSE),"0") -> 200 | G23: 151 | H23: =SUMIF(合格品入库记录!E:E,日报!D23,合格品入库记录!G:G) -> 0 | I23: =SUMIF(合格品出库记录!E:E,日报!D23,合格品出库记录!G:G) -> 0 | J23: =SUMIF(领跑良品退回!E:E,D23,领跑良品退回!G:G) -> 0 | K23: =M23+L23 -> 151 | L23: =SUMIF(不良品库存!D:D,D:D,不良品库存!F:F) -> 0 | M23: =G23+H23-I23+J23 -> 151 | N23: #N/A | P23: =IF(SUMIFS(合格品入库记录!$G:$G,合格品入库记录!$E:$E,日报!$D:$D,合格品入库记录!$A:$A,日报!P$3)<>0,SUMIFS(合格品入库记录!$G:$G,合格品入库记录!$E:$E,日报!$D:$D,合格品入库记录!$A:$A,日报!P$3),"") | Q23: =IF(SUMIFS(合格品入库记录!$G:$G,合格品入库记录!$E:$E,日报!$D:$D,合格品入库记录!$A:$A,日报!Q$3)<>0,SUMIFS(合格品入库记录!$G:$G,合格品入库记录!$E:$E,日报!$D:$D,合格品入库记录!$A:$A,日报!Q$3),"") | R23: =IF(SUMIFS(合格品入库记录!$G:$G,合格品入库记录!$E:$E,日报!$D:$D,合格品入库记录!$A:$A,日报!R$3)<>0,SUMIFS(合格品入库记录!$G:$G,合格品入库记录!$E:$E,日报!$D:$D,合格品入库记录!$A:$A,日报!R$3),"") | S23: =IF(SUMIFS(合格品入库记录!$G:$G,合格品入库记录!$E:$E,日报!$D:$D,合格品入库记录!$A:$A,日报!S$3)<>0,SUMIFS(合格品入库记录!$G:$G,合格品入库记录!$E:$E,日报!$D:$D,合格品入库记录!$A:$A,日报!S$3),"") | T23: =IF(SUMIFS(合格品入库记录!$G:$G,合格品入库记录!$E:$E,日报!$D:$D,合格品入库记录!$A:$A,日报!T$3)<>0,SUMIFS(合格品入库记录!$G:$G,合格品入库记录!$E:$E,日报!$D:$D,合格品入库记录!$A:$A,日报!T$3),"") | U23: =IF(SUMIFS(合格品入库记录!$G:$G,合格品入库记录!$E:$E,日报!$D:$D,合格品入库记录!$A:$A,日报!U$3)<>0,SUMIFS(合格品入库记录!$G:$G,合格品入库记录!$E:$E,日报!$D:$D,合格品入库记录!$A:$A,日报!U$3),"") | V23: =IF(SUMIFS(合格品入库记录!$G:$G,合格品入库记录!$E:$E,日报!$D:$D,合格品入库记录!$A:$A,日报!V$3)<>0,SUMIFS(合格品入库记录!$G:$G,合格品入库记录!$E:$E,日报!$D:$D,合格品入库记录!$A:$A,日报!V$3),"") | W23: =IF(SUMIFS(合格品入库记录!$G:$G,合格品入库记录!$E:$E,日报!$D:$D,合格品入库记录!$A:$A,日报!W$3)<>0,SUMIFS(合格品入库记录!$G:$G,合格品入库记录!$E:$E,日报!$D:$D,合格品入库记录!$A:$A,日报!W$3),"") | ... AT23: =IF(SUMIFS(合格品入库记录!$G:$G,合格品入库记录!$E:$E,日报!$D:$D,合格品入库记录!$A:$A,日报!AT$3)<>0,SUMIFS(合格品入库记录!$G:$G,合格品入库记录!$E:$E,日报!$D:$D,合格品入库记录!$A:$A,日报!AT$3),"") | AU23: =IF(SUMIFS(合格品出库记录!$G:$G,合格品出库记录!$E:$E,日报!$D:$D,合格品出库记录!$A:$A,日报!AU$3)<>0,SUMIFS(合格品出库记录!$G:$G,合格品出库记录!$E:$E,日报!$D:$D,合格品出库记录!$A:$A,日报!AU$3),"") | AV23: =IF(SUMIFS(合格品出库记录!$G:$G,合格品出库记录!$E:$E,日报!$D:$D,合格品出库记录!$A:$A,日报!AV$3)<>0,SUMIFS(合格品出库记录!$G:$G,合格品出库记录!$E:$E,日报!$D:$D,合格品出库记录!$A:$A,日报!AV$3),"") | AW23: =IF(SUMIFS(合格品出库记录!$G:$G,合格品出库记录!$E:$E,日报!$D:$D,合格品出库记录!$A:$A,日报!AW$3)<>0,SUMIFS(合格品出库记录!$G:$G,合格品出库记录!$E:$E,日报!$D:$D,合格品出库记录!$A:$A,日报!AW$3),"") | AX23: =IF(SUMIFS(合格品出库记录!$G:$G,合格品出库记录!$E:$E,日报!$D:$D,合格品出库记录!$A:$A,日报!AX$3)<>0,SUMIFS(合格品出库记录!$G:$G,合格品出库记录!$E:$E,日报!$D:$D,合格品出库记录!$A:$A,日报!AX$3),"") | AY23: =IF(SUMIFS(合格品出库记录!$G:$G,合格品出库记录!$E:$E,日报!$D:$D,合格品出库记录!$A:$A,日报!AY$3)<>0,SUMIFS(合格品出库记录!$G:$G,合格品出库记录!$E:$E,日报!$D:$D,合格品出库记录!$A:$A,日报!AY$3),"") | AZ23: =IF(SUMIFS(合格品出库记录!$G:$G,合格品出库记录!$E:$E,日报!$D:$D,合格品出库记录!$A:$A,日报!AZ$3)<>0,SUMIFS(合格品出库记录!$G:$G,合格品出库记录!$E:$E,日报!$D:$D,合格品出库记录!$A:$A,日报!AZ$3),"") | BA23: =IF(SUMIFS(合格品出库记录!$G:$G,合格品出库记录!$E:$E,日报!$D:$D,合格品出库记录!$A:$A,日报!BA$3)<>0,SUMIFS(合格品出库记录!$G:$G,合格品出库记录!$E:$E,日报!$D:$D,合格品出库记录!$A:$A,日报!BA$3),"") | BB23: =IF(SUMIFS(合格品出库记录!$G:$G,合格品出库记录!$E:$E,日报!$D:$D,合格品出库记录!$A:$A,日报!BB$3)<>0,SUMIFS(合格品出库记录!$G:$G,合格品出库记录!$E:$E,日报!$D:$D,合格品出库记录!$A:$A,日报!BB$3),"") | ... BY23: =IF(SUMIFS(合格品出库记录!$G:$G,合格品出库记录!$E:$E,日报!$D:$D,合格品出库记录!$A:$A,日报!BY$3)<>0,SUMIFS(合格品出库记录!$G:$G,合格品出库记录!$E:$E,日报!$D:$D,合格品出库记录!$A:$A,日报!BY$3),"") | BZ23: =IF(SUMIFS(领跑良品退回!$G:$G,领跑良品退回!$E:$E,日报!$D:$D,领跑良品退回!$A:$A,日报!BZ$3)<>0,SUMIFS(领跑良品退回!$G:$G,领跑良品退回!$E:$E,日报!$D:$D,领跑良品退回!$A:$A,日报!BZ$3),"") | CA23: =IF(SUMIFS(领跑良品退回!$G:$G,领跑良品退回!$E:$E,日报!$D:$D,领跑良品退回!$A:$A,日报!CA$3)<>0,SUMIFS(领跑良品退回!$G:$G,领跑良品退回!$E:$E,日报!$D:$D,领跑良品退回!$A:$A,日报!CA$3),"") | CB23: =IF(SUMIFS(领跑良品退回!$G:$G,领跑良品退回!$E:$E,日报!$D:$D,领跑良品退回!$A:$A,日报!CB$3)<>0,SUMIFS(领跑良品退回!$G:$G,领跑良品退回!$E:$E,日报!$D:$D,领跑良品退回!$A:$A,日报!CB$3),"") | CC23: =IF(SUMIFS(领跑良品退回!$G:$G,领跑良品退回!$E:$E,日报!$D:$D,领跑良品退回!$A:$A,日报!CC$3)<>0,SUMIFS(领跑良品退回!$G:$G,领跑良品退回!$E:$E,日报!$D:$D,领跑良品退回!$A:$A,日报!CC$3),"") | CD23: =IF(SUMIFS(领跑良品退回!$G:$G,领跑良品退回!$E:$E,日报!$D:$D,领跑良品退回!$A:$A,日报!CD$3)<>0,SUMIFS(领跑良品退回!$G:$G,领跑良品退回!$E:$E,日报!$D:$D,领跑良品退回!$A:$A,日报!CD$3),"") | CE23: =IF(SUMIFS(领跑良品退回!$G:$G,领跑良品退回!$E:$E,日报!$D:$D,领跑良品退回!$A:$A,日报!CE$3)<>0,SUMIFS(领跑良品退回!$G:$G,领跑良品退回!$E:$E,日报!$D:$D,领跑良品退回!$A:$A,日报!CE$3),"") | CF23: =IF(SUMIFS(领跑良品退回!$G:$G,领跑良品退回!$E:$E,日报!$D:$D,领跑良品退回!$A:$A,日报!CF$3)<>0,SUMIFS(领跑良品退回!$G:$G,领跑良品退回!$E:$E,日报!$D:$D,领跑良品退回!$A:$A,日报!CF$3),"") | CG23: =IF(SUMIFS(领跑良品退回!$G:$G,领跑良品退回!$E:$E,日报!$D:$D,领跑良品退回!$A:$A,日报!CG$3)<>0,SUMIFS(领跑良品退回!$G:$G,领跑良品退回!$E:$E,日报!$D:$D,领跑良品退回!$A:$A,日报!CG$3),"") | ... DD23: =IF(SUMIFS(领跑良品退回!$G:$G,领跑良品退回!$E:$E,日报!$D:$D,领跑良品退回!$A:$A,日报!DD$3)<>0,SUMIFS(领跑良品退回!$G:$G,领跑良品退回!$E:$E,日报!$D:$D,领跑良品退回!$A:$A,日报!DD$3),"")
A24: 21 | B24: 1AZ | C24: 芜湖博康机电股份有限公司 | D24: 3.2.50.30.00604-000 | E24: 预充继电器连接线束 | F24: =IFERROR(VLOOKUP(D24,基础信息!D:F,3,FALSE),"0") -> 2000 | G24: 2000 | H24: =SUMIF(合格品入库记录!E:E,日报!D24,合格品入库记录!G:G) -> 0 | I24: =SUMIF(合格品出库记录!E:E,日报!D24,合格品出库记录!G:G) -> 0 | J24: =SUMIF(领跑良品退回!E:E,D24,领跑良品退回!G:G) -> 0 | K24: =M24+L24 -> 2000 | L24: =SUMIF(不良品库存!D:D,D:D,不良品库存!F:F) -> 0 | M24: =G24+H24-I24+J24 -> 2000 | N24: 48000 | P24: =IF(SUMIFS(合格品入库记录!$G:$G,合格品入库记录!$E:$E,日报!$D:$D,合格品入库记录!$A:$A,日报!P$3)<>0,SUMIFS(合格品入库记录!$G:$G,合格品入库记录!$E:$E,日报!$D:$D,合格品入库记录!$A:$A,日报!P$3),"") | Q24: =IF(SUMIFS(合格品入库记录!$G:$G,合格品入库记录!$E:$E,日报!$D:$D,合格品入库记录!$A:$A,日报!Q$3)<>0,SUMIFS(合格品入库记录!$G:$G,合格品入库记录!$E:$E,日报!$D:$D,合格品入库记录!$A:$A,日报!Q$3),"") | R24: =IF(SUMIFS(合格品入库记录!$G:$G,合格品入库记录!$E:$E,日报!$D:$D,合格品入库记录!$A:$A,日报!R$3)<>0,SUMIFS(合格品入库记录!$G:$G,合格品入库记录!$E:$E,日报!$D:$D,合格品入库记录!$A:$A,日报!R$3),"") | S24: =IF(SUMIFS(合格品入库记录!$G:$G,合格品入库记录!$E:$E,日报!$D:$D,合格品入库记录!$A:$A,日报!S$3)<>0,SUMIFS(合格品入库记录!$G:$G,合格品入库记录!$E:$E,日报!$D:$D,合格品入库记录!$A:$A,日报!S$3),"") | T24: =IF(SUMIFS(合格品入库记录!$G:$G,合格品入库记录!$E:$E,日报!$D:$D,合格品入库记录!$A:$A,日报!T$3)<>0,SUMIFS(合格品入库记录!$G:$G,合格品入库记录!$E:$E,日报!$D:$D,合格品入库记录!$A:$A,日报!T$3),"") | U24: =IF(SUMIFS(合格品入库记录!$G:$G,合格品入库记录!$E:$E,日报!$D:$D,合格品入库记录!$A:$A,日报!U$3)<>0,SUMIFS(合格品入库记录!$G:$G,合格品入库记录!$E:$E,日报!$D:$D,合格品入库记录!$A:$A,日报!U$3),"") | V24: =IF(SUMIFS(合格品入库记录!$G:$G,合格品入库记录!$E:$E,日报!$D:$D,合格品入库记录!$A:$A,日报!V$3)<>0,SUMIFS(合格品入库记录!$G:$G,合格品入库记录!$E:$E,日报!$D:$D,合格品入库记录!$A:$A,日报!V$3),"") | W24: =IF(SUMIFS(合格品入库记录!$G:$G,合格品入库记录!$E:$E,日报!$D:$D,合格品入库记录!$A:$A,日报!W$3)<>0,SUMIFS(合格品入库记录!$G:$G,合格品入库记录!$E:$E,日报!$D:$D,合格品入库记录!$A:$A,日报!W$3),"") | ... AT24: =IF(SUMIFS(合格品入库记录!$G:$G,合格品入库记录!$E:$E,日报!$D:$D,合格品入库记录!$A:$A,日报!AT$3)<>0,SUMIFS(合格品入库记录!$G:$G,合格品入库记录!$E:$E,日报!$D:$D,合格品入库记录!$A:$A,日报!AT$3),"") | AU24: =IF(SUMIFS(合格品出库记录!$G:$G,合格品出库记录!$E:$E,日报!$D:$D,合格品出库记录!$A:$A,日报!AU$3)<>0,SUMIFS(合格品出库记录!$G:$G,合格品出库记录!$E:$E,日报!$D:$D,合格品出库记录!$A:$A,日报!AU$3),"") | AV24: =IF(SUMIFS(合格品出库记录!$G:$G,合格品出库记录!$E:$E,日报!$D:$D,合格品出库记录!$A:$A,日报!AV$3)<>0,SUMIFS(合格品出库记录!$G:$G,合格品出库记录!$E:$E,日报!$D:$D,合格品出库记录!$A:$A,日报!AV$3),"") | AW24: =IF(SUMIFS(合格品出库记录!$G:$G,合格品出库记录!$E:$E,日报!$D:$D,合格品出库记录!$A:$A,日报!AW$3)<>0,SUMIFS(合格品出库记录!$G:$G,合格品出库记录!$E:$E,日报!$D:$D,合格品出库记录!$A:$A,日报!AW$3),"") | AX24: =IF(SUMIFS(合格品出库记录!$G:$G,合格品出库记录!$E:$E,日报!$D:$D,合格品出库记录!$A:$A,日报!AX$3)<>0,SUMIFS(合格品出库记录!$G:$G,合格品出库记录!$E:$E,日报!$D:$D,合格品出库记录!$A:$A,日报!AX$3),"") | AY24: =IF(SUMIFS(合格品出库记录!$G:$G,合格品出库记录!$E:$E,日报!$D:$D,合格品出库记录!$A:$A,日报!AY$3)<>0,SUMIFS(合格品出库记录!$G:$G,合格品出库记录!$E:$E,日报!$D:$D,合格品出库记录!$A:$A,日报!AY$3),"") | AZ24: =IF(SUMIFS(合格品出库记录!$G:$G,合格品出库记录!$E:$E,日报!$D:$D,合格品出库记录!$A:$A,日报!AZ$3)<>0,SUMIFS(合格品出库记录!$G:$G,合格品出库记录!$E:$E,日报!$D:$D,合格品出库记录!$A:$A,日报!AZ$3),"") | BA24: =IF(SUMIFS(合格品出库记录!$G:$G,合格品出库记录!$E:$E,日报!$D:$D,合格品出库记录!$A:$A,日报!BA$3)<>0,SUMIFS(合格品出库记录!$G:$G,合格品出库记录!$E:$E,日报!$D:$D,合格品出库记录!$A:$A,日报!BA$3),"") | BB24: =IF(SUMIFS(合格品出库记录!$G:$G,合格品出库记录!$E:$E,日报!$D:$D,合格品出库记录!$A:$A,日报!BB$3)<>0,SUMIFS(合格品出库记录!$G:$G,合格品出库记录!$E:$E,日报!$D:$D,合格品出库记录!$A:$A,日报!BB$3),"") | ... BY24: =IF(SUMIFS(合格品出库记录!$G:$G,合格品出库记录!$E:$E,日报!$D:$D,合格品出库记录!$A:$A,日报!BY$3)<>0,SUMIFS(合格品出库记录!$G:$G,合格品出库记录!$E:$E,日报!$D:$D,合格品出库记录!$A:$A,日报!BY$3),"") | BZ24: =IF(SUMIFS(领跑良品退回!$G:$G,领跑良品退回!$E:$E,日报!$D:$D,领跑良品退回!$A:$A,日报!BZ$3)<>0,SUMIFS(领跑良品退回!$G:$G,领跑良品退回!$E:$E,日报!$D:$D,领跑良品退回!$A:$A,日报!BZ$3),"") | CA24: =IF(SUMIFS(领跑良品退回!$G:$G,领跑良品退回!$E:$E,日报!$D:$D,领跑良品退回!$A:$A,日报!CA$3)<>0,SUMIFS(领跑良品退回!$G:$G,领跑良品退回!$E:$E,日报!$D:$D,领跑良品退回!$A:$A,日报!CA$3),"") | CB24: =IF(SUMIFS(领跑良品退回!$G:$G,领跑良品退回!$E:$E,日报!$D:$D,领跑良品退回!$A:$A,日报!CB$3)<>0,SUMIFS(领跑良品退回!$G:$G,领跑良品退回!$E:$E,日报!$D:$D,领跑良品退回!$A:$A,日报!CB$3),"") | CC24: =IF(SUMIFS(领跑良品退回!$G:$G,领跑良品退回!$E:$E,日报!$D:$D,领跑良品退回!$A:$A,日报!CC$3)<>0,SUMIFS(领跑良品退回!$G:$G,领跑良品退回!$E:$E,日报!$D:$D,领跑良品退回!$A:$A,日报!CC$3),"") | CD24: =IF(SUMIFS(领跑良品退回!$G:$G,领跑良品退回!$E:$E,日报!$D:$D,领跑良品退回!$A:$A,日报!CD$3)<>0,SUMIFS(领跑良品退回!$G:$G,领跑良品退回!$E:$E,日报!$D:$D,领跑良品退回!$A:$A,日报!CD$3),"") | CE24: =IF(SUMIFS(领跑良品退回!$G:$G,领跑良品退回!$E:$E,日报!$D:$D,领跑良品退回!$A:$A,日报!CE$3)<>0,SUMIFS(领跑良品退回!$G:$G,领跑良品退回!$E:$E,日报!$D:$D,领跑良品退回!$A:$A,日报!CE$3),"") | CF24: =IF(SUMIFS(领跑良品退回!$G:$G,领跑良品退回!$E:$E,日报!$D:$D,领跑良品退回!$A:$A,日报!CF$3)<>0,SUMIFS(领跑良品退回!$G:$G,领跑良品退回!$E:$E,日报!$D:$D,领跑良品退回!$A:$A,日报!CF$3),"") | CG24: =IF(SUMIFS(领跑良品退回!$G:$G,领跑良品退回!$E:$E,日报!$D:$D,领跑良品退回!$A:$A,日报!CG$3)<>0,SUMIFS(领跑良品退回!$G:$G,领跑良品退回!$E:$E,日报!$D:$D,领跑良品退回!$A:$A,日报!CG$3),"") | ... DD24: =IF(SUMIFS(领跑良品退回!$G:$G,领跑良品退回!$E:$E,日报!$D:$D,领跑良品退回!$A:$A,日报!DD$3)<>0,SUMIFS(领跑良品退回!$G:$G,领跑良品退回!$E:$E,日报!$D:$D,领跑良品退回!$A:$A,日报!DD$3),"")
A25: 22 | B25: 1AZ | C25: 芜湖博康机电股份有限公司 | D25: 3.2.50.30.00441-000 | E25: MCU插座线束 | F25: =IFERROR(VLOOKUP(D25,基础信息!D:F,3,FALSE),"0") -> 70 | G25: 2165 | H25: =SUMIF(合格品入库记录!E:E,日报!D25,合格品入库记录!G:G) -> 0 | I25: =SUMIF(合格品出库记录!E:E,日报!D25,合格品出库记录!G:G) -> 490 | J25: =SUMIF(领跑良品退回!E:E,D25,领跑良品退回!G:G) -> 0 | K25: =M25+L25 -> 1675 | L25: =SUMIF(不良品库存!D:D,D:D,不良品库存!F:F) -> 0 | M25: =G25+H25-I25+J25 -> 1675 | N25: 1680 | P25: =IF(SUMIFS(合格品入库记录!$G:$G,合格品入库记录!$E:$E,日报!$D:$D,合格品入库记录!$A:$A,日报!P$3)<>0,SUMIFS(合格品入库记录!$G:$G,合格品入库记录!$E:$E,日报!$D:$D,合格品入库记录!$A:$A,日报!P$3),"") | Q25: =IF(SUMIFS(合格品入库记录!$G:$G,合格品入库记录!$E:$E,日报!$D:$D,合格品入库记录!$A:$A,日报!Q$3)<>0,SUMIFS(合格品入库记录!$G:$G,合格品入库记录!$E:$E,日报!$D:$D,合格品入库记录!$A:$A,日报!Q$3),"") | R25: =IF(SUMIFS(合格品入库记录!$G:$G,合格品入库记录!$E:$E,日报!$D:$D,合格品入库记录!$A:$A,日报!R$3)<>0,SUMIFS(合格品入库记录!$G:$G,合格品入库记录!$E:$E,日报!$D:$D,合格品入库记录!$A:$A,日报!R$3),"") | S25: =IF(SUMIFS(合格品入库记录!$G:$G,合格品入库记录!$E:$E,日报!$D:$D,合格品入库记录!$A:$A,日报!S$3)<>0,SUMIFS(合格品入库记录!$G:$G,合格品入库记录!$E:$E,日报!$D:$D,合格品入库记录!$A:$A,日报!S$3),"") | T25: =IF(SUMIFS(合格品入库记录!$G:$G,合格品入库记录!$E:$E,日报!$D:$D,合格品入库记录!$A:$A,日报!T$3)<>0,SUMIFS(合格品入库记录!$G:$G,合格品入库记录!$E:$E,日报!$D:$D,合格品入库记录!$A:$A,日报!T$3),"") | U25: =IF(SUMIFS(合格品入库记录!$G:$G,合格品入库记录!$E:$E,日报!$D:$D,合格品入库记录!$A:$A,日报!U$3)<>0,SUMIFS(合格品入库记录!$G:$G,合格品入库记录!$E:$E,日报!$D:$D,合格品入库记录!$A:$A,日报!U$3),"") | V25: =IF(SUMIFS(合格品入库记录!$G:$G,合格品入库记录!$E:$E,日报!$D:$D,合格品入库记录!$A:$A,日报!V$3)<>0,SUMIFS(合格品入库记录!$G:$G,合格品入库记录!$E:$E,日报!$D:$D,合格品入库记录!$A:$A,日报!V$3),"") | W25: =IF(SUMIFS(合格品入库记录!$G:$G,合格品入库记录!$E:$E,日报!$D:$D,合格品入库记录!$A:$A,日报!W$3)<>0,SUMIFS(合格品入库记录!$G:$G,合格品入库记录!$E:$E,日报!$D:$D,合格品入库记录!$A:$A,日报!W$3),"") | ... AT25: =IF(SUMIFS(合格品入库记录!$G:$G,合格品入库记录!$E:$E,日报!$D:$D,合格品入库记录!$A:$A,日报!AT$3)<>0,SUMIFS(合格品入库记录!$G:$G,合格品入库记录!$E:$E,日报!$D:$D,合格品入库记录!$A:$A,日报!AT$3),"") | AU25: =IF(SUMIFS(合格品出库记录!$G:$G,合格品出库记录!$E:$E,日报!$D:$D,合格品出库记录!$A:$A,日报!AU$3)<>0,SUMIFS(合格品出库记录!$G:$G,合格品出库记录!$E:$E,日报!$D:$D,合格品出库记录!$A:$A,日报!AU$3),"") | AV25: =IF(SUMIFS(合格品出库记录!$G:$G,合格品出库记录!$E:$E,日报!$D:$D,合格品出库记录!$A:$A,日报!AV$3)<>0,SUMIFS(合格品出库记录!$G:$G,合格品出库记录!$E:$E,日报!$D:$D,合格品出库记录!$A:$A,日报!AV$3),"") | AW25: =IF(SUMIFS(合格品出库记录!$G:$G,合格品出库记录!$E:$E,日报!$D:$D,合格品出库记录!$A:$A,日报!AW$3)<>0,SUMIFS(合格品出库记录!$G:$G,合格品出库记录!$E:$E,日报!$D:$D,合格品出库记录!$A:$A,日报!AW$3),"") | AX25: =IF(SUMIFS(合格品出库记录!$G:$G,合格品出库记录!$E:$E,日报!$D:$D,合格品出库记录!$A:$A,日报!AX$3)<>0,SUMIFS(合格品出库记录!$G:$G,合格品出库记录!$E:$E,日报!$D:$D,合格品出库记录!$A:$A,日报!AX$3),"") -> 490 | AY25: =IF(SUMIFS(合格品出库记录!$G:$G,合格品出库记录!$E:$E,日报!$D:$D,合格品出库记录!$A:$A,日报!AY$3)<>0,SUMIFS(合格品出库记录!$G:$G,合格品出库记录!$E:$E,日报!$D:$D,合格品出库记录!$A:$A,日报!AY$3),"") | AZ25: =IF(SUMIFS(合格品出库记录!$G:$G,合格品出库记录!$E:$E,日报!$D:$D,合格品出库记录!$A:$A,日报!AZ$3)<>0,SUMIFS(合格品出库记录!$G:$G,合格品出库记录!$E:$E,日报!$D:$D,合格品出库记录!$A:$A,日报!AZ$3),"") | BA25: =IF(SUMIFS(合格品出库记录!$G:$G,合格品出库记录!$E:$E,日报!$D:$D,合格品出库记录!$A:$A,日报!BA$3)<>0,SUMIFS(合格品出库记录!$G:$G,合格品出库记录!$E:$E,日报!$D:$D,合格品出库记录!$A:$A,日报!BA$3),"") | BB25: =IF(SUMIFS(合格品出库记录!$G:$G,合格品出库记录!$E:$E,日报!$D:$D,合格品出库记录!$A:$A,日报!BB$3)<>0,SUMIFS(合格品出库记录!$G:$G,合格品出库记录!$E:$E,日报!$D:$D,合格品出库记录!$A:$A,日报!BB$3),"") | ... BY25: =IF(SUMIFS(合格品出库记录!$G:$G,合格品出库记录!$E:$E,日报!$D:$D,合格品出库记录!$A:$A,日报!BY$3)<>0,SUMIFS(合格品出库记录!$G:$G,合格品出库记录!$E:$E,日报!$D:$D,合格品出库记录!$A:$A,日报!BY$3),"") | BZ25: =IF(SUMIFS(领跑良品退回!$G:$G,领跑良品退回!$E:$E,日报!$D:$D,领跑良品退回!$A:$A,日报!BZ$3)<>0,SUMIFS(领跑良品退回!$G:$G,领跑良品退回!$E:$E,日报!$D:$D,领跑良品退回!$A:$A,日报!BZ$3),"") | CA25: =IF(SUMIFS(领跑良品退回!$G:$G,领跑良品退回!$E:$E,日报!$D:$D,领跑良品退回!$A:$A,日报!CA$3)<>0,SUMIFS(领跑良品退回!$G:$G,领跑良品退回!$E:$E,日报!$D:$D,领跑良品退回!$A:$A,日报!CA$3),"") | CB25: =IF(SUMIFS(领跑良品退回!$G:$G,领跑良品退回!$E:$E,日报!$D:$D,领跑良品退回!$A:$A,日报!CB$3)<>0,SUMIFS(领跑良品退回!$G:$G,领跑良品退回!$E:$E,日报!$D:$D,领跑良品退回!$A:$A,日报!CB$3),"") | CC25: =IF(SUMIFS(领跑良品退回!$G:$G,领跑良品退回!$E:$E,日报!$D:$D,领跑良品退回!$A:$A,日报!CC$3)<>0,SUMIFS(领跑良品退回!$G:$G,领跑良品退回!$E:$E,日报!$D:$D,领跑良品退回!$A:$A,日报!CC$3),"") | CD25: =IF(SUMIFS(领跑良品退回!$G:$G,领跑良品退回!$E:$E,日报!$D:$D,领跑良品退回!$A:$A,日报!CD$3)<>0,SUMIFS(领跑良品退回!$G:$G,领跑良品退回!$E:$E,日报!$D:$D,领跑良品退回!$A:$A,日报!CD$3),"") | CE25: =IF(SUMIFS(领跑良品退回!$G:$G,领跑良品退回!$E:$E,日报!$D:$D,领跑良品退回!$A:$A,日报!CE$3)<>0,SUMIFS(领跑良品退回!$G:$G,领跑良品退回!$E:$E,日报!$D:$D,领跑良品退回!$A:$A,日报!CE$3),"") | CF25: =IF(SUMIFS(领跑良品退回!$G:$G,领跑良品退回!$E:$E,日报!$D:$D,领跑良品退回!$A:$A,日报!CF$3)<>0,SUMIFS(领跑良品退回!$G:$G,领跑良品退回!$E:$E,日报!$D:$D,领跑良品退回!$A:$A,日报!CF$3),"") | CG25: =IF(SUMIFS(领跑良品退回!$G:$G,领跑良品退回!$E:$E,日报!$D:$D,领跑良品退回!$A:$A,日报!CG$3)<>0,SUMIFS(领跑良品退回!$G:$G,领跑良品退回!$E:$E,日报!$D:$D,领跑良品退回!$A:$A,日报!CG$3),"") | ... DD25: =IF(SUMIFS(领跑良品退回!$G:$G,领跑良品退回!$E:$E,日报!$D:$D,领跑良品退回!$A:$A,日报!DD$3)<>0,SUMIFS(领跑良品退回!$G:$G,领跑良品退回!$E:$E,日报!$D:$D,领跑良品退回!$A:$A,日报!DD$3),"")
A26: 23 | B26: 1AZ | C26: 芜湖博康机电股份有限公司 | D26: 3.2.50.30.00442-000 | E26: 快充插座线束 | F26: 12 | G26: 920 | H26: =SUMIF(合格品入库记录!E:E,日报!D26,合格品入库记录!G:G) -> 0 | I26: =SUMIF(合格品出库记录!E:E,日报!D26,合格品出库记录!G:G) -> 0 | J26: =SUMIF(领跑良品退回!E:E,D26,领跑良品退回!G:G) -> 0 | K26: =M26+L26 -> 920 | L26: =SUMIF(不良品库存!D:D,D:D,不良品库存!F:F) -> 0 | M26: =G26+H26-I26+J26 -> 920 | N26: 1680 | O26: 1 | P26: =IF(SUMIFS(合格品入库记录!$G:$G,合格品入库记录!$E:$E,日报!$D:$D,合格品入库记录!$A:$A,日报!P$3)<>0,SUMIFS(合格品入库记录!$G:$G,合格品入库记录!$E:$E,日报!$D:$D,合格品入库记录!$A:$A,日报!P$3),"") | Q26: =IF(SUMIFS(合格品入库记录!$G:$G,合格品入库记录!$E:$E,日报!$D:$D,合格品入库记录!$A:$A,日报!Q$3)<>0,SUMIFS(合格品入库记录!$G:$G,合格品入库记录!$E:$E,日报!$D:$D,合格品入库记录!$A:$A,日报!Q$3),"") | R26: =IF(SUMIFS(合格品入库记录!$G:$G,合格品入库记录!$E:$E,日报!$D:$D,合格品入库记录!$A:$A,日报!R$3)<>0,SUMIFS(合格品入库记录!$G:$G,合格品入库记录!$E:$E,日报!$D:$D,合格品入库记录!$A:$A,日报!R$3),"") | S26: =IF(SUMIFS(合格品入库记录!$G:$G,合格品入库记录!$E:$E,日报!$D:$D,合格品入库记录!$A:$A,日报!S$3)<>0,SUMIFS(合格品入库记录!$G:$G,合格品入库记录!$E:$E,日报!$D:$D,合格品入库记录!$A:$A,日报!S$3),"") | T26: =IF(SUMIFS(合格品入库记录!$G:$G,合格品入库记录!$E:$E,日报!$D:$D,合格品入库记录!$A:$A,日报!T$3)<>0,SUMIFS(合格品入库记录!$G:$G,合格品入库记录!$E:$E,日报!$D:$D,合格品入库记录!$A:$A,日报!T$3),"") | U26: =IF(SUMIFS(合格品入库记录!$G:$G,合格品入库记录!$E:$E,日报!$D:$D,合格品入库记录!$A:$A,日报!U$3)<>0,SUMIFS(合格品入库记录!$G:$G,合格品入库记录!$E:$E,日报!$D:$D,合格品入库记录!$A:$A,日报!U$3),"") | V26: =IF(SUMIFS(合格品入库记录!$G:$G,合格品入库记录!$E:$E,日报!$D:$D,合格品入库记录!$A:$A,日报!V$3)<>0,SUMIFS(合格品入库记录!$G:$G,合格品入库记录!$E:$E,日报!$D:$D,合格品入库记录!$A:$A,日报!V$3),"") | W26: =IF(SUMIFS(合格品入库记录!$G:$G,合格品入库记录!$E:$E,日报!$D:$D,合格品入库记录!$A:$A,日报!W$3)<>0,SUMIFS(合格品入库记录!$G:$G,合格品入库记录!$E:$E,日报!$D:$D,合格品入库记录!$A:$A,日报!W$3),"") | ... AT26: =IF(SUMIFS(合格品入库记录!$G:$G,合格品入库记录!$E:$E,日报!$D:$D,合格品入库记录!$A:$A,日报!AT$3)<>0,SUMIFS(合格品入库记录!$G:$G,合格品入库记录!$E:$E,日报!$D:$D,合格品入库记录!$A:$A,日报!AT$3),"") | AU26: =IF(SUMIFS(合格品出库记录!$G:$G,合格品出库记录!$E:$E,日报!$D:$D,合格品出库记录!$A:$A,日报!AU$3)<>0,SUMIFS(合格品出库记录!$G:$G,合格品出库记录!$E:$E,日报!$D:$D,合格品出库记录!$A:$A,日报!AU$3),"") | AV26: =IF(SUMIFS(合格品出库记录!$G:$G,合格品出库记录!$E:$E,日报!$D:$D,合格品出库记录!$A:$A,日报!AV$3)<>0,SUMIFS(合格品出库记录!$G:$G,合格品出库记录!$E:$E,日报!$D:$D,合格品出库记录!$A:$A,日报!AV$3),"") | AW26: =IF(SUMIFS(合格品出库记录!$G:$G,合格品出库记录!$E:$E,日报!$D:$D,合格品出库记录!$A:$A,日报!AW$3)<>0,SUMIFS(合格品出库记录!$G:$G,合格品出库记录!$E:$E,日报!$D:$D,合格品出库记录!$A:$A,日报!AW$3),"") | AX26: =IF(SUMIFS(合格品出库记录!$G:$G,合格品出库记录!$E:$E,日报!$D:$D,合格品出库记录!$A:$A,日报!AX$3)<>0,SUMIFS(合格品出库记录!$G:$G,合格品出库记录!$E:$E,日报!$D:$D,合格品出库记录!$A:$A,日报!AX$3),"") | AY26: =IF(SUMIFS(合格品出库记录!$G:$G,合格品出库记录!$E:$E,日报!$D:$D,合格品出库记录!$A:$A,日报!AY$3)<>0,SUMIFS(合格品出库记录!$G:$G,合格品出库记录!$E:$E,日报!$D:$D,合格品出库记录!$A:$A,日报!AY$3),"") | AZ26: =IF(SUMIFS(合格品出库记录!$G:$G,合格品出库记录!$E:$E,日报!$D:$D,合格品出库记录!$A:$A,日报!AZ$3)<>0,SUMIFS(合格品出库记录!$G:$G,合格品出库记录!$E:$E,日报!$D:$D,合格品出库记录!$A:$A,日报!AZ$3),"") | BA26: =IF(SUMIFS(合格品出库记录!$G:$G,合格品出库记录!$E:$E,日报!$D:$D,合格品出库记录!$A:$A,日报!BA$3)<>0,SUMIFS(合格品出库记录!$G:$G,合格品出库记录!$E:$E,日报!$D:$D,合格品出库记录!$A:$A,日报!BA$3),"") | BB26: =IF(SUMIFS(合格品出库记录!$G:$G,合格品出库记录!$E:$E,日报!$D:$D,合格品出库记录!$A:$A,日报!BB$3)<>0,SUMIFS(合格品出库记录!$G:$G,合格品出库记录!$E:$E,日报!$D:$D,合格品出库记录!$A:$A,日报!BB$3),"") | ... BY26: =IF(SUMIFS(合格品出库记录!$G:$G,合格品出库记录!$E:$E,日报!$D:$D,合格品出库记录!$A:$A,日报!BY$3)<>0,SUMIFS(合格品出库记录!$G:$G,合格品出库记录!$E:$E,日报!$D:$D,合格品出库记录!$A:$A,日报!BY$3),"") | BZ26: =IF(SUMIFS(领跑良品退回!$G:$G,领跑良品退回!$E:$E,日报!$D:$D,领跑良品退回!$A:$A,日报!BZ$3)<>0,SUMIFS(领跑良品退回!$G:$G,领跑良品退回!$E:$E,日报!$D:$D,领跑良品退回!$A:$A,日报!BZ$3),"") | CA26: =IF(SUMIFS(领跑良品退回!$G:$G,领跑良品退回!$E:$E,日报!$D:$D,领跑良品退回!$A:$A,日报!CA$3)<>0,SUMIFS(领跑良品退回!$G:$G,领跑良品退回!$E:$E,日报!$D:$D,领跑良品退回!$A:$A,日报!CA$3),"") | CB26: =IF(SUMIFS(领跑良品退回!$G:$G,领跑良品退回!$E:$E,日报!$D:$D,领跑良品退回!$A:$A,日报!CB$3)<>0,SUMIFS(领跑良品退回!$G:$G,领跑良品退回!$E:$E,日报!$D:$D,领跑良品退回!$A:$A,日报!CB$3),"") | CC26: =IF(SUMIFS(领跑良品退回!$G:$G,领跑良品退回!$E:$E,日报!$D:$D,领跑良品退回!$A:$A,日报!CC$3)<>0,SUMIFS(领跑良品退回!$G:$G,领跑良品退回!$E:$E,日报!$D:$D,领跑良品退回!$A:$A,日报!CC$3),"") | CD26: =IF(SUMIFS(领跑良品退回!$G:$G,领跑良品退回!$E:$E,日报!$D:$D,领跑良品退回!$A:$A,日报!CD$3)<>0,SUMIFS(领跑良品退回!$G:$G,领跑良品退回!$E:$E,日报!$D:$D,领跑良品退回!$A:$A,日报!CD$3),"") | CE26: =IF(SUMIFS(领跑良品退回!$G:$G,领跑良品退回!$E:$E,日报!$D:$D,领跑良品退回!$A:$A,日报!CE$3)<>0,SUMIFS(领跑良品退回!$G:$G,领跑良品退回!$E:$E,日报!$D:$D,领跑良品退回!$A:$A,日报!CE$3),"") | CF26: =IF(SUMIFS(领跑良品退回!$G:$G,领跑良品退回!$E:$E,日报!$D:$D,领跑良品退回!$A:$A,日报!CF$3)<>0,SUMIFS(领跑良品退回!$G:$G,领跑良品退回!$E:$E,日报!$D:$D,领跑良品退回!$A:$A,日报!CF$3),"") | CG26: =IF(SUMIFS(领跑良品退回!$G:$G,领跑良品退回!$E:$E,日报!$D:$D,领跑良品退回!$A:$A,日报!CG$3)<>0,SUMIFS(领跑良品退回!$G:$G,领跑良品退回!$E:$E,日报!$D:$D,领跑良品退回!$A:$A,日报!CG$3),"") | ... DD26: =IF(SUMIFS(领跑良品退回!$G:$G,领跑良品退回!$E:$E,日报!$D:$D,领跑良品退回!$A:$A,日报!DD$3)<>0,SUMIFS(领跑良品退回!$G:$G,领跑良品退回!$E:$E,日报!$D:$D,领跑良品退回!$A:$A,日报!DD$3),"")
A27: 24 | B27: 1AZ | C27: 芜湖博康机电股份有限公司 | D27: 3.2.50.30.00446-000 | E27: 水温互锁集成线束 | F27: 90 | G27: 1140 | H27: =SUMIF(合格品入库记录!E:E,日报!D27,合格品入库记录!G:G) -> 0 | I27: =SUMIF(合格品出库记录!E:E,日报!D27,合格品出库记录!G:G) -> 0 | J27: =SUMIF(领跑良品退回!E:E,D27,领跑良品退回!G:G) -> 0 | K27: =M27+L27 -> 1140 | L27: =SUMIF(不良品库存!D:D,D:D,不良品库存!F:F) -> 0 | M27: =G27+H27-I27+J27 -> 1140 | N27: 960 | O27: 1 | P27: =IF(SUMIFS(合格品入库记录!$G:$G,合格品入库记录!$E:$E,日报!$D:$D,合格品入库记录!$A:$A,日报!P$3)<>0,SUMIFS(合格品入库记录!$G:$G,合格品入库记录!$E:$E,日报!$D:$D,合格品入库记录!$A:$A,日报!P$3),"") | Q27: =IF(SUMIFS(合格品入库记录!$G:$G,合格品入库记录!$E:$E,日报!$D:$D,合格品入库记录!$A:$A,日报!Q$3)<>0,SUMIFS(合格品入库记录!$G:$G,合格品入库记录!$E:$E,日报!$D:$D,合格品入库记录!$A:$A,日报!Q$3),"") | R27: =IF(SUMIFS(合格品入库记录!$G:$G,合格品入库记录!$E:$E,日报!$D:$D,合格品入库记录!$A:$A,日报!R$3)<>0,SUMIFS(合格品入库记录!$G:$G,合格品入库记录!$E:$E,日报!$D:$D,合格品入库记录!$A:$A,日报!R$3),"") | S27: =IF(SUMIFS(合格品入库记录!$G:$G,合格品入库记录!$E:$E,日报!$D:$D,合格品入库记录!$A:$A,日报!S$3)<>0,SUMIFS(合格品入库记录!$G:$G,合格品入库记录!$E:$E,日报!$D:$D,合格品入库记录!$A:$A,日报!S$3),"") | T27: =IF(SUMIFS(合格品入库记录!$G:$G,合格品入库记录!$E:$E,日报!$D:$D,合格品入库记录!$A:$A,日报!T$3)<>0,SUMIFS(合格品入库记录!$G:$G,合格品入库记录!$E:$E,日报!$D:$D,合格品入库记录!$A:$A,日报!T$3),"") | U27: =IF(SUMIFS(合格品入库记录!$G:$G,合格品入库记录!$E:$E,日报!$D:$D,合格品入库记录!$A:$A,日报!U$3)<>0,SUMIFS(合格品入库记录!$G:$G,合格品入库记录!$E:$E,日报!$D:$D,合格品入库记录!$A:$A,日报!U$3),"") | V27: =IF(SUMIFS(合格品入库记录!$G:$G,合格品入库记录!$E:$E,日报!$D:$D,合格品入库记录!$A:$A,日报!V$3)<>0,SUMIFS(合格品入库记录!$G:$G,合格品入库记录!$E:$E,日报!$D:$D,合格品入库记录!$A:$A,日报!V$3),"") | W27: =IF(SUMIFS(合格品入库记录!$G:$G,合格品入库记录!$E:$E,日报!$D:$D,合格品入库记录!$A:$A,日报!W$3)<>0,SUMIFS(合格品入库记录!$G:$G,合格品入库记录!$E:$E,日报!$D:$D,合格品入库记录!$A:$A,日报!W$3),"") | ... AT27: =IF(SUMIFS(合格品入库记录!$G:$G,合格品入库记录!$E:$E,日报!$D:$D,合格品入库记录!$A:$A,日报!AT$3)<>0,SUMIFS(合格品入库记录!$G:$G,合格品入库记录!$E:$E,日报!$D:$D,合格品入库记录!$A:$A,日报!AT$3),"") | AU27: =IF(SUMIFS(合格品出库记录!$G:$G,合格品出库记录!$E:$E,日报!$D:$D,合格品出库记录!$A:$A,日报!AU$3)<>0,SUMIFS(合格品出库记录!$G:$G,合格品出库记录!$E:$E,日报!$D:$D,合格品出库记录!$A:$A,日报!AU$3),"") | AV27: =IF(SUMIFS(合格品出库记录!$G:$G,合格品出库记录!$E:$E,日报!$D:$D,合格品出库记录!$A:$A,日报!AV$3)<>0,SUMIFS(合格品出库记录!$G:$G,合格品出库记录!$E:$E,日报!$D:$D,合格品出库记录!$A:$A,日报!AV$3),"") | AW27: =IF(SUMIFS(合格品出库记录!$G:$G,合格品出库记录!$E:$E,日报!$D:$D,合格品出库记录!$A:$A,日报!AW$3)<>0,SUMIFS(合格品出库记录!$G:$G,合格品出库记录!$E:$E,日报!$D:$D,合格品出库记录!$A:$A,日报!AW$3),"") | AX27: =IF(SUMIFS(合格品出库记录!$G:$G,合格品出库记录!$E:$E,日报!$D:$D,合格品出库记录!$A:$A,日报!AX$3)<>0,SUMIFS(合格品出库记录!$G:$G,合格品出库记录!$E:$E,日报!$D:$D,合格品出库记录!$A:$A,日报!AX$3),"") | AY27: =IF(SUMIFS(合格品出库记录!$G:$G,合格品出库记录!$E:$E,日报!$D:$D,合格品出库记录!$A:$A,日报!AY$3)<>0,SUMIFS(合格品出库记录!$G:$G,合格品出库记录!$E:$E,日报!$D:$D,合格品出库记录!$A:$A,日报!AY$3),"") | AZ27: =IF(SUMIFS(合格品出库记录!$G:$G,合格品出库记录!$E:$E,日报!$D:$D,合格品出库记录!$A:$A,日报!AZ$3)<>0,SUMIFS(合格品出库记录!$G:$G,合格品出库记录!$E:$E,日报!$D:$D,合格品出库记录!$A:$A,日报!AZ$3),"") | BA27: =IF(SUMIFS(合格品出库记录!$G:$G,合格品出库记录!$E:$E,日报!$D:$D,合格品出库记录!$A:$A,日报!BA$3)<>0,SUMIFS(合格品出库记录!$G:$G,合格品出库记录!$E:$E,日报!$D:$D,合格品出库记录!$A:$A,日报!BA$3),"") | BB27: =IF(SUMIFS(合格品出库记录!$G:$G,合格品出库记录!$E:$E,日报!$D:$D,合格品出库记录!$A:$A,日报!BB$3)<>0,SUMIFS(合格品出库记录!$G:$G,合格品出库记录!$E:$E,日报!$D:$D,合格品出库记录!$A:$A,日报!BB$3),"") | ... BY27: =IF(SUMIFS(合格品出库记录!$G:$G,合格品出库记录!$E:$E,日报!$D:$D,合格品出库记录!$A:$A,日报!BY$3)<>0,SUMIFS(合格品出库记录!$G:$G,合格品出库记录!$E:$E,日报!$D:$D,合格品出库记录!$A:$A,日报!BY$3),"") | BZ27: =IF(SUMIFS(领跑良品退回!$G:$G,领跑良品退回!$E:$E,日报!$D:$D,领跑良品退回!$A:$A,日报!BZ$3)<>0,SUMIFS(领跑良品退回!$G:$G,领跑良品退回!$E:$E,日报!$D:$D,领跑良品退回!$A:$A,日报!BZ$3),"") | CA27: =IF(SUMIFS(领跑良品退回!$G:$G,领跑良品退回!$E:$E,日报!$D:$D,领跑良品退回!$A:$A,日报!CA$3)<>0,SUMIFS(领跑良品退回!$G:$G,领跑良品退回!$E:$E,日报!$D:$D,领跑良品退回!$A:$A,日报!CA$3),"") | CB27: =IF(SUMIFS(领跑良品退回!$G:$G,领跑良品退回!$E:$E,日报!$D:$D,领跑良品退回!$A:$A,日报!CB$3)<>0,SUMIFS(领跑良品退回!$G:$G,领跑良品退回!$E:$E,日报!$D:$D,领跑良品退回!$A:$A,日报!CB$3),"") | CC27: =IF(SUMIFS(领跑良品退回!$G:$G,领跑良品退回!$E:$E,日报!$D:$D,领跑良品退回!$A:$A,日报!CC$3)<>0,SUMIFS(领跑良品退回!$G:$G,领跑良品退回!$E:$E,日报!$D:$D,领跑良品退回!$A:$A,日报!CC$3),"") | CD27: =IF(SUMIFS(领跑良品退回!$G:$G,领跑良品退回!$E:$E,日报!$D:$D,领跑良品退回!$A:$A,日报!CD$3)<>0,SUMIFS(领跑良品退回!$G:$G,领跑良品退回!$E:$E,日报!$D:$D,领跑良品退回!$A:$A,日报!CD$3),"") | CE27: =IF(SUMIFS(领跑良品退回!$G:$G,领跑良品退回!$E:$E,日报!$D:$D,领跑良品退回!$A:$A,日报!CE$3)<>0,SUMIFS(领跑良品退回!$G:$G,领跑良品退回!$E:$E,日报!$D:$D,领跑良品退回!$A:$A,日报!CE$3),"") | CF27: =IF(SUMIFS(领跑良品退回!$G:$G,领跑良品退回!$E:$E,日报!$D:$D,领跑良品退回!$A:$A,日报!CF$3)<>0,SUMIFS(领跑良品退回!$G:$G,领跑良品退回!$E:$E,日报!$D:$D,领跑良品退回!$A:$A,日报!CF$3),"") | CG27: =IF(SUMIFS(领跑良品退回!$G:$G,领跑良品退回!$E:$E,日报!$D:$D,领跑良品退回!$A:$A,日报!CG$3)<>0,SUMIFS(领跑良品退回!$G:$G,领跑良品退回!$E:$E,日报!$D:$D,领跑良品退回!$A:$A,日报!CG$3),"") | ... DD27: =IF(SUMIFS(领跑良品退回!$G:$G,领跑良品退回!$E:$E,日报!$D:$D,领跑良品退回!$A:$A,日报!DD$3)<>0,SUMIFS(领跑良品退回!$G:$G,领跑良品退回!$E:$E,日报!$D:$D,领跑良品退回!$A:$A,日报!DD$3),"")
A28: 25 | B28: 1AZ | C28: 芜湖博康机电股份有限公司 | D28: 3.2.50.30.00448-000 | E28: 高压支路连接线束 | F28: 50 | G28: 1865 | H28: =SUMIF(合格品入库记录!E:E,日报!D28,合格品入库记录!G:G) -> 0 | I28: =SUMIF(合格品出库记录!E:E,日报!D28,合格品出库记录!G:G) -> 0 | J28: =SUMIF(领跑良品退回!E:E,D28,领跑良品退回!G:G) -> 0 | K28: =M28+L28 -> 1865 | L28: =SUMIF(不良品库存!D:D,D:D,不良品库存!F:F) -> 0 | M28: =G28+H28-I28+J28 -> 1865 | N28: 2880 | O28: 1 | P28: =IF(SUMIFS(合格品入库记录!$G:$G,合格品入库记录!$E:$E,日报!$D:$D,合格品入库记录!$A:$A,日报!P$3)<>0,SUMIFS(合格品入库记录!$G:$G,合格品入库记录!$E:$E,日报!$D:$D,合格品入库记录!$A:$A,日报!P$3),"") | Q28: =IF(SUMIFS(合格品入库记录!$G:$G,合格品入库记录!$E:$E,日报!$D:$D,合格品入库记录!$A:$A,日报!Q$3)<>0,SUMIFS(合格品入库记录!$G:$G,合格品入库记录!$E:$E,日报!$D:$D,合格品入库记录!$A:$A,日报!Q$3),"") | R28: =IF(SUMIFS(合格品入库记录!$G:$G,合格品入库记录!$E:$E,日报!$D:$D,合格品入库记录!$A:$A,日报!R$3)<>0,SUMIFS(合格品入库记录!$G:$G,合格品入库记录!$E:$E,日报!$D:$D,合格品入库记录!$A:$A,日报!R$3),"") | S28: =IF(SUMIFS(合格品入库记录!$G:$G,合格品入库记录!$E:$E,日报!$D:$D,合格品入库记录!$A:$A,日报!S$3)<>0,SUMIFS(合格品入库记录!$G:$G,合格品入库记录!$E:$E,日报!$D:$D,合格品入库记录!$A:$A,日报!S$3),"") | T28: =IF(SUMIFS(合格品入库记录!$G:$G,合格品入库记录!$E:$E,日报!$D:$D,合格品入库记录!$A:$A,日报!T$3)<>0,SUMIFS(合格品入库记录!$G:$G,合格品入库记录!$E:$E,日报!$D:$D,合格品入库记录!$A:$A,日报!T$3),"") | U28: =IF(SUMIFS(合格品入库记录!$G:$G,合格品入库记录!$E:$E,日报!$D:$D,合格品入库记录!$A:$A,日报!U$3)<>0,SUMIFS(合格品入库记录!$G:$G,合格品入库记录!$E:$E,日报!$D:$D,合格品入库记录!$A:$A,日报!U$3),"") | V28: =IF(SUMIFS(合格品入库记录!$G:$G,合格品入库记录!$E:$E,日报!$D:$D,合格品入库记录!$A:$A,日报!V$3)<>0,SUMIFS(合格品入库记录!$G:$G,合格品入库记录!$E:$E,日报!$D:$D,合格品入库记录!$A:$A,日报!V$3),"") | W28: =IF(SUMIFS(合格品入库记录!$G:$G,合格品入库记录!$E:$E,日报!$D:$D,合格品入库记录!$A:$A,日报!W$3)<>0,SUMIFS(合格品入库记录!$G:$G,合格品入库记录!$E:$E,日报!$D:$D,合格品入库记录!$A:$A,日报!W$3),"") | ... AT28: =IF(SUMIFS(合格品入库记录!$G:$G,合格品入库记录!$E:$E,日报!$D:$D,合格品入库记录!$A:$A,日报!AT$3)<>0,SUMIFS(合格品入库记录!$G:$G,合格品入库记录!$E:$E,日报!$D:$D,合格品入库记录!$A:$A,日报!AT$3),"") | AU28: =IF(SUMIFS(合格品出库记录!$G:$G,合格品出库记录!$E:$E,日报!$D:$D,合格品出库记录!$A:$A,日报!AU$3)<>0,SUMIFS(合格品出库记录!$G:$G,合格品出库记录!$E:$E,日报!$D:$D,合格品出库记录!$A:$A,日报!AU$3),"") | AV28: =IF(SUMIFS(合格品出库记录!$G:$G,合格品出库记录!$E:$E,日报!$D:$D,合格品出库记录!$A:$A,日报!AV$3)<>0,SUMIFS(合格品出库记录!$G:$G,合格品出库记录!$E:$E,日报!$D:$D,合格品出库记录!$A:$A,日报!AV$3),"") | AW28: =IF(SUMIFS(合格品出库记录!$G:$G,合格品出库记录!$E:$E,日报!$D:$D,合格品出库记录!$A:$A,日报!AW$3)<>0,SUMIFS(合格品出库记录!$G:$G,合格品出库记录!$E:$E,日报!$D:$D,合格品出库记录!$A:$A,日报!AW$3),"") | AX28: =IF(SUMIFS(合格品出库记录!$G:$G,合格品出库记录!$E:$E,日报!$D:$D,合格品出库记录!$A:$A,日报!AX$3)<>0,SUMIFS(合格品出库记录!$G:$G,合格品出库记录!$E:$E,日报!$D:$D,合格品出库记录!$A:$A,日报!AX$3),"") | AY28: =IF(SUMIFS(合格品出库记录!$G:$G,合格品出库记录!$E:$E,日报!$D:$D,合格品出库记录!$A:$A,日报!AY$3)<>0,SUMIFS(合格品出库记录!$G:$G,合格品出库记录!$E:$E,日报!$D:$D,合格品出库记录!$A:$A,日报!AY$3),"") | AZ28: =IF(SUMIFS(合格品出库记录!$G:$G,合格品出库记录!$E:$E,日报!$D:$D,合格品出库记录!$A:$A,日报!AZ$3)<>0,SUMIFS(合格品出库记录!$G:$G,合格品出库记录!$E:$E,日报!$D:$D,合格品出库记录!$A:$A,日报!AZ$3),"") | BA28: =IF(SUMIFS(合格品出库记录!$G:$G,合格品出库记录!$E:$E,日报!$D:$D,合格品出库记录!$A:$A,日报!BA$3)<>0,SUMIFS(合格品出库记录!$G:$G,合格品出库记录!$E:$E,日报!$D:$D,合格品出库记录!$A:$A,日报!BA$3),"") | BB28: =IF(SUMIFS(合格品出库记录!$G:$G,合格品出库记录!$E:$E,日报!$D:$D,合格品出库记录!$A:$A,日报!BB$3)<>0,SUMIFS(合格品出库记录!$G:$G,合格品出库记录!$E:$E,日报!$D:$D,合格品出库记录!$A:$A,日报!BB$3),"") | ... BY28: =IF(SUMIFS(合格品出库记录!$G:$G,合格品出库记录!$E:$E,日报!$D:$D,合格品出库记录!$A:$A,日报!BY$3)<>0,SUMIFS(合格品出库记录!$G:$G,合格品出库记录!$E:$E,日报!$D:$D,合格品出库记录!$A:$A,日报!BY$3),"") | BZ28: =IF(SUMIFS(领跑良品退回!$G:$G,领跑良品退回!$E:$E,日报!$D:$D,领跑良品退回!$A:$A,日报!BZ$3)<>0,SUMIFS(领跑良品退回!$G:$G,领跑良品退回!$E:$E,日报!$D:$D,领跑良品退回!$A:$A,日报!BZ$3),"") | CA28: =IF(SUMIFS(领跑良品退回!$G:$G,领跑良品退回!$E:$E,日报!$D:$D,领跑良品退回!$A:$A,日报!CA$3)<>0,SUMIFS(领跑良品退回!$G:$G,领跑良品退回!$E:$E,日报!$D:$D,领跑良品退回!$A:$A,日报!CA$3),"") | CB28: =IF(SUMIFS(领跑良品退回!$G:$G,领跑良品退回!$E:$E,日报!$D:$D,领跑良品退回!$A:$A,日报!CB$3)<>0,SUMIFS(领跑良品退回!$G:$G,领跑良品退回!$E:$E,日报!$D:$D,领跑良品退回!$A:$A,日报!CB$3),"") | CC28: =IF(SUMIFS(领跑良品退回!$G:$G,领跑良品退回!$E:$E,日报!$D:$D,领跑良品退回!$A:$A,日报!CC$3)<>0,SUMIFS(领跑良品退回!$G:$G,领跑良品退回!$E:$E,日报!$D:$D,领跑良品退回!$A:$A,日报!CC$3),"") | CD28: =IF(SUMIFS(领跑良品退回!$G:$G,领跑良品退回!$E:$E,日报!$D:$D,领跑良品退回!$A:$A,日报!CD$3)<>0,SUMIFS(领跑良品退回!$G:$G,领跑良品退回!$E:$E,日报!$D:$D,领跑良品退回!$A:$A,日报!CD$3),"") | CE28: =IF(SUMIFS(领跑良品退回!$G:$G,领跑良品退回!$E:$E,日报!$D:$D,领跑良品退回!$A:$A,日报!CE$3)<>0,SUMIFS(领跑良品退回!$G:$G,领跑良品退回!$E:$E,日报!$D:$D,领跑良品退回!$A:$A,日报!CE$3),"") | CF28: =IF(SUMIFS(领跑良品退回!$G:$G,领跑良品退回!$E:$E,日报!$D:$D,领跑良品退回!$A:$A,日报!CF$3)<>0,SUMIFS(领跑良品退回!$G:$G,领跑良品退回!$E:$E,日报!$D:$D,领跑良品退回!$A:$A,日报!CF$3),"") | CG28: =IF(SUMIFS(领跑良品退回!$G:$G,领跑良品退回!$E:$E,日报!$D:$D,领跑良品退回!$A:$A,日报!CG$3)<>0,SUMIFS(领跑良品退回!$G:$G,领跑良品退回!$E:$E,日报!$D:$D,领跑良品退回!$A:$A,日报!CG$3),"") | ... DD28: =IF(SUMIFS(领跑良品退回!$G:$G,领跑良品退回!$E:$E,日报!$D:$D,领跑良品退回!$A:$A,日报!DD$3)<>0,SUMIFS(领跑良品退回!$G:$G,领跑良品退回!$E:$E,日报!$D:$D,领跑良品退回!$A:$A,日报!DD$3),"")
A29: 26 | B29: 1AZ | C29: 芜湖博康机电股份有限公司 | D29: 3.2.50.30.00449-000 | E29: 预充电阻连接线束 | F29: 550 | G29: 1580 | H29: =SUMIF(合格品入库记录!E:E,日报!D29,合格品入库记录!G:G) -> 1000 | I29: =SUMIF(合格品出库记录!E:E,日报!D29,合格品出库记录!G:G) -> 600 | J29: =SUMIF(领跑良品退回!E:E,D29,领跑良品退回!G:G) -> 0 | K29: =M29+L29 -> 1980 | L29: =SUMIF(不良品库存!D:D,D:D,不良品库存!F:F) -> 0 | M29: =G29+H29-I29+J29 -> 1980 | N29: 2400 | O29: 1 | P29: =IF(SUMIFS(合格品入库记录!$G:$G,合格品入库记录!$E:$E,日报!$D:$D,合格品入库记录!$A:$A,日报!P$3)<>0,SUMIFS(合格品入库记录!$G:$G,合格品入库记录!$E:$E,日报!$D:$D,合格品入库记录!$A:$A,日报!P$3),"") -> 1000 | Q29: =IF(SUMIFS(合格品入库记录!$G:$G,合格品入库记录!$E:$E,日报!$D:$D,合格品入库记录!$A:$A,日报!Q$3)<>0,SUMIFS(合格品入库记录!$G:$G,合格品入库记录!$E:$E,日报!$D:$D,合格品入库记录!$A:$A,日报!Q$3),"") | R29: =IF(SUMIFS(合格品入库记录!$G:$G,合格品入库记录!$E:$E,日报!$D:$D,合格品入库记录!$A:$A,日报!R$3)<>0,SUMIFS(合格品入库记录!$G:$G,合格品入库记录!$E:$E,日报!$D:$D,合格品入库记录!$A:$A,日报!R$3),"") | S29: =IF(SUMIFS(合格品入库记录!$G:$G,合格品入库记录!$E:$E,日报!$D:$D,合格品入库记录!$A:$A,日报!S$3)<>0,SUMIFS(合格品入库记录!$G:$G,合格品入库记录!$E:$E,日报!$D:$D,合格品入库记录!$A:$A,日报!S$3),"") | T29: =IF(SUMIFS(合格品入库记录!$G:$G,合格品入库记录!$E:$E,日报!$D:$D,合格品入库记录!$A:$A,日报!T$3)<>0,SUMIFS(合格品入库记录!$G:$G,合格品入库记录!$E:$E,日报!$D:$D,合格品入库记录!$A:$A,日报!T$3),"") | U29: =IF(SUMIFS(合格品入库记录!$G:$G,合格品入库记录!$E:$E,日报!$D:$D,合格品入库记录!$A:$A,日报!U$3)<>0,SUMIFS(合格品入库记录!$G:$G,合格品入库记录!$E:$E,日报!$D:$D,合格品入库记录!$A:$A,日报!U$3),"") | V29: =IF(SUMIFS(合格品入库记录!$G:$G,合格品入库记录!$E:$E,日报!$D:$D,合格品入库记录!$A:$A,日报!V$3)<>0,SUMIFS(合格品入库记录!$G:$G,合格品入库记录!$E:$E,日报!$D:$D,合格品入库记录!$A:$A,日报!V$3),"") | W29: =IF(SUMIFS(合格品入库记录!$G:$G,合格品入库记录!$E:$E,日报!$D:$D,合格品入库记录!$A:$A,日报!W$3)<>0,SUMIFS(合格品入库记录!$G:$G,合格品入库记录!$E:$E,日报!$D:$D,合格品入库记录!$A:$A,日报!W$3),"") | ... AT29: =IF(SUMIFS(合格品入库记录!$G:$G,合格品入库记录!$E:$E,日报!$D:$D,合格品入库记录!$A:$A,日报!AT$3)<>0,SUMIFS(合格品入库记录!$G:$G,合格品入库记录!$E:$E,日报!$D:$D,合格品入库记录!$A:$A,日报!AT$3),"") | AU29: =IF(SUMIFS(合格品出库记录!$G:$G,合格品出库记录!$E:$E,日报!$D:$D,合格品出库记录!$A:$A,日报!AU$3)<>0,SUMIFS(合格品出库记录!$G:$G,合格品出库记录!$E:$E,日报!$D:$D,合格品出库记录!$A:$A,日报!AU$3),"") | AV29: =IF(SUMIFS(合格品出库记录!$G:$G,合格品出库记录!$E:$E,日报!$D:$D,合格品出库记录!$A:$A,日报!AV$3)<>0,SUMIFS(合格品出库记录!$G:$G,合格品出库记录!$E:$E,日报!$D:$D,合格品出库记录!$A:$A,日报!AV$3),"") | AW29: =IF(SUMIFS(合格品出库记录!$G:$G,合格品出库记录!$E:$E,日报!$D:$D,合格品出库记录!$A:$A,日报!AW$3)<>0,SUMIFS(合格品出库记录!$G:$G,合格品出库记录!$E:$E,日报!$D:$D,合格品出库记录!$A:$A,日报!AW$3),"") -> 300 | AX29: =IF(SUMIFS(合格品出库记录!$G:$G,合格品出库记录!$E:$E,日报!$D:$D,合格品出库记录!$A:$A,日报!AX$3)<>0,SUMIFS(合格品出库记录!$G:$G,合格品出库记录!$E:$E,日报!$D:$D,合格品出库记录!$A:$A,日报!AX$3),"") -> 300 | AY29: =IF(SUMIFS(合格品出库记录!$G:$G,合格品出库记录!$E:$E,日报!$D:$D,合格品出库记录!$A:$A,日报!AY$3)<>0,SUMIFS(合格品出库记录!$G:$G,合格品出库记录!$E:$E,日报!$D:$D,合格品出库记录!$A:$A,日报!AY$3),"") | AZ29: =IF(SUMIFS(合格品出库记录!$G:$G,合格品出库记录!$E:$E,日报!$D:$D,合格品出库记录!$A:$A,日报!AZ$3)<>0,SUMIFS(合格品出库记录!$G:$G,合格品出库记录!$E:$E,日报!$D:$D,合格品出库记录!$A:$A,日报!AZ$3),"") | BA29: =IF(SUMIFS(合格品出库记录!$G:$G,合格品出库记录!$E:$E,日报!$D:$D,合格品出库记录!$A:$A,日报!BA$3)<>0,SUMIFS(合格品出库记录!$G:$G,合格品出库记录!$E:$E,日报!$D:$D,合格品出库记录!$A:$A,日报!BA$3),"") | BB29: =IF(SUMIFS(合格品出库记录!$G:$G,合格品出库记录!$E:$E,日报!$D:$D,合格品出库记录!$A:$A,日报!BB$3)<>0,SUMIFS(合格品出库记录!$G:$G,合格品出库记录!$E:$E,日报!$D:$D,合格品出库记录!$A:$A,日报!BB$3),"") | ... BY29: =IF(SUMIFS(合格品出库记录!$G:$G,合格品出库记录!$E:$E,日报!$D:$D,合格品出库记录!$A:$A,日报!BY$3)<>0,SUMIFS(合格品出库记录!$G:$G,合格品出库记录!$E:$E,日报!$D:$D,合格品出库记录!$A:$A,日报!BY$3),"") | BZ29: =IF(SUMIFS(领跑良品退回!$G:$G,领跑良品退回!$E:$E,日报!$D:$D,领跑良品退回!$A:$A,日报!BZ$3)<>0,SUMIFS(领跑良品退回!$G:$G,领跑良品退回!$E:$E,日报!$D:$D,领跑良品退回!$A:$A,日报!BZ$3),"") | CA29: =IF(SUMIFS(领跑良品退回!$G:$G,领跑良品退回!$E:$E,日报!$D:$D,领跑良品退回!$A:$A,日报!CA$3)<>0,SUMIFS(领跑良品退回!$G:$G,领跑良品退回!$E:$E,日报!$D:$D,领跑良品退回!$A:$A,日报!CA$3),"") | CB29: =IF(SUMIFS(领跑良品退回!$G:$G,领跑良品退回!$E:$E,日报!$D:$D,领跑良品退回!$A:$A,日报!CB$3)<>0,SUMIFS(领跑良品退回!$G:$G,领跑良品退回!$E:$E,日报!$D:$D,领跑良品退回!$A:$A,日报!CB$3),"") | CC29: =IF(SUMIFS(领跑良品退回!$G:$G,领跑良品退回!$E:$E,日报!$D:$D,领跑良品退回!$A:$A,日报!CC$3)<>0,SUMIFS(领跑良品退回!$G:$G,领跑良品退回!$E:$E,日报!$D:$D,领跑良品退回!$A:$A,日报!CC$3),"") | CD29: =IF(SUMIFS(领跑良品退回!$G:$G,领跑良品退回!$E:$E,日报!$D:$D,领跑良品退回!$A:$A,日报!CD$3)<>0,SUMIFS(领跑良品退回!$G:$G,领跑良品退回!$E:$E,日报!$D:$D,领跑良品退回!$A:$A,日报!CD$3),"") | CE29: =IF(SUMIFS(领跑良品退回!$G:$G,领跑良品退回!$E:$E,日报!$D:$D,领跑良品退回!$A:$A,日报!CE$3)<>0,SUMIFS(领跑良品退回!$G:$G,领跑良品退回!$E:$E,日报!$D:$D,领跑良品退回!$A:$A,日报!CE$3),"") | CF29: =IF(SUMIFS(领跑良品退回!$G:$G,领跑良品退回!$E:$E,日报!$D:$D,领跑良品退回!$A:$A,日报!CF$3)<>0,SUMIFS(领跑良品退回!$G:$G,领跑良品退回!$E:$E,日报!$D:$D,领跑良品退回!$A:$A,日报!CF$3),"") | CG29: =IF(SUMIFS(领跑良品退回!$G:$G,领跑良品退回!$E:$E,日报!$D:$D,领跑良品退回!$A:$A,日报!CG$3)<>0,SUMIFS(领跑良品退回!$G:$G,领跑良品退回!$E:$E,日报!$D:$D,领跑良品退回!$A:$A,日报!CG$3),"") | ... DD29: =IF(SUMIFS(领跑良品退回!$G:$G,领跑良品退回!$E:$E,日报!$D:$D,领跑良品退回!$A:$A,日报!DD$3)<>0,SUMIFS(领跑良品退回!$G:$G,领跑良品退回!$E:$E,日报!$D:$D,领跑良品退回!$A:$A,日报!DD$3),"")
A30: 27 | B30: 1AZ | C30: 芜湖博康机电股份有限公司 | D30: 3.2.50.30.00450-000 | E30: 预充继电器连接线束 | F30: 140 | G30: 3000 | H30: =SUMIF(合格品入库记录!E:E,日报!D30,合格品入库记录!G:G) -> 0 | I30: =SUMIF(合格品出库记录!E:E,日报!D30,合格品出库记录!G:G) -> 1500 | J30: =SUMIF(领跑良品退回!E:E,D30,领跑良品退回!G:G) -> 0 | K30: =M30+L30 -> 1500 | L30: =SUMIF(不良品库存!D:D,D:D,不良品库存!F:F) -> 0 | M30: =G30+H30-I30+J30 -> 1500 | N30: 48000 | O30: 1 | P30: =IF(SUMIFS(合格品入库记录!$G:$G,合格品入库记录!$E:$E,日报!$D:$D,合格品入库记录!$A:$A,日报!P$3)<>0,SUMIFS(合格品入库记录!$G:$G,合格品入库记录!$E:$E,日报!$D:$D,合格品入库记录!$A:$A,日报!P$3),"") | Q30: =IF(SUMIFS(合格品入库记录!$G:$G,合格品入库记录!$E:$E,日报!$D:$D,合格品入库记录!$A:$A,日报!Q$3)<>0,SUMIFS(合格品入库记录!$G:$G,合格品入库记录!$E:$E,日报!$D:$D,合格品入库记录!$A:$A,日报!Q$3),"") | R30: =IF(SUMIFS(合格品入库记录!$G:$G,合格品入库记录!$E:$E,日报!$D:$D,合格品入库记录!$A:$A,日报!R$3)<>0,SUMIFS(合格品入库记录!$G:$G,合格品入库记录!$E:$E,日报!$D:$D,合格品入库记录!$A:$A,日报!R$3),"") | S30: =IF(SUMIFS(合格品入库记录!$G:$G,合格品入库记录!$E:$E,日报!$D:$D,合格品入库记录!$A:$A,日报!S$3)<>0,SUMIFS(合格品入库记录!$G:$G,合格品入库记录!$E:$E,日报!$D:$D,合格品入库记录!$A:$A,日报!S$3),"") | T30: =IF(SUMIFS(合格品入库记录!$G:$G,合格品入库记录!$E:$E,日报!$D:$D,合格品入库记录!$A:$A,日报!T$3)<>0,SUMIFS(合格品入库记录!$G:$G,合格品入库记录!$E:$E,日报!$D:$D,合格品入库记录!$A:$A,日报!T$3),"") | U30: =IF(SUMIFS(合格品入库记录!$G:$G,合格品入库记录!$E:$E,日报!$D:$D,合格品入库记录!$A:$A,日报!U$3)<>0,SUMIFS(合格品入库记录!$G:$G,合格品入库记录!$E:$E,日报!$D:$D,合格品入库记录!$A:$A,日报!U$3),"") | V30: =IF(SUMIFS(合格品入库记录!$G:$G,合格品入库记录!$E:$E,日报!$D:$D,合格品入库记录!$A:$A,日报!V$3)<>0,SUMIFS(合格品入库记录!$G:$G,合格品入库记录!$E:$E,日报!$D:$D,合格品入库记录!$A:$A,日报!V$3),"") | W30: =IF(SUMIFS(合格品入库记录!$G:$G,合格品入库记录!$E:$E,日报!$D:$D,合格品入库记录!$A:$A,日报!W$3)<>0,SUMIFS(合格品入库记录!$G:$G,合格品入库记录!$E:$E,日报!$D:$D,合格品入库记录!$A:$A,日报!W$3),"") | ... AT30: =IF(SUMIFS(合格品入库记录!$G:$G,合格品入库记录!$E:$E,日报!$D:$D,合格品入库记录!$A:$A,日报!AT$3)<>0,SUMIFS(合格品入库记录!$G:$G,合格品入库记录!$E:$E,日报!$D:$D,合格品入库记录!$A:$A,日报!AT$3),"") | AU30: =IF(SUMIFS(合格品出库记录!$G:$G,合格品出库记录!$E:$E,日报!$D:$D,合格品出库记录!$A:$A,日报!AU$3)<>0,SUMIFS(合格品出库记录!$G:$G,合格品出库记录!$E:$E,日报!$D:$D,合格品出库记录!$A:$A,日报!AU$3),"") | AV30: =IF(SUMIFS(合格品出库记录!$G:$G,合格品出库记录!$E:$E,日报!$D:$D,合格品出库记录!$A:$A,日报!AV$3)<>0,SUMIFS(合格品出库记录!$G:$G,合格品出库记录!$E:$E,日报!$D:$D,合格品出库记录!$A:$A,日报!AV$3),"") | AW30: =IF(SUMIFS(合格品出库记录!$G:$G,合格品出库记录!$E:$E,日报!$D:$D,合格品出库记录!$A:$A,日报!AW$3)<>0,SUMIFS(合格品出库记录!$G:$G,合格品出库记录!$E:$E,日报!$D:$D,合格品出库记录!$A:$A,日报!AW$3),"") | AX30: =IF(SUMIFS(合格品出库记录!$G:$G,合格品出库记录!$E:$E,日报!$D:$D,合格品出库记录!$A:$A,日报!AX$3)<>0,SUMIFS(合格品出库记录!$G:$G,合格品出库记录!$E:$E,日报!$D:$D,合格品出库记录!$A:$A,日报!AX$3),"") -> 1500 | AY30: =IF(SUMIFS(合格品出库记录!$G:$G,合格品出库记录!$E:$E,日报!$D:$D,合格品出库记录!$A:$A,日报!AY$3)<>0,SUMIFS(合格品出库记录!$G:$G,合格品出库记录!$E:$E,日报!$D:$D,合格品出库记录!$A:$A,日报!AY$3),"") | AZ30: =IF(SUMIFS(合格品出库记录!$G:$G,合格品出库记录!$E:$E,日报!$D:$D,合格品出库记录!$A:$A,日报!AZ$3)<>0,SUMIFS(合格品出库记录!$G:$G,合格品出库记录!$E:$E,日报!$D:$D,合格品出库记录!$A:$A,日报!AZ$3),"") | BA30: =IF(SUMIFS(合格品出库记录!$G:$G,合格品出库记录!$E:$E,日报!$D:$D,合格品出库记录!$A:$A,日报!BA$3)<>0,SUMIFS(合格品出库记录!$G:$G,合格品出库记录!$E:$E,日报!$D:$D,合格品出库记录!$A:$A,日报!BA$3),"") | BB30: =IF(SUMIFS(合格品出库记录!$G:$G,合格品出库记录!$E:$E,日报!$D:$D,合格品出库记录!$A:$A,日报!BB$3)<>0,SUMIFS(合格品出库记录!$G:$G,合格品出库记录!$E:$E,日报!$D:$D,合格品出库记录!$A:$A,日报!BB$3),"") | ... BY30: =IF(SUMIFS(合格品出库记录!$G:$G,合格品出库记录!$E:$E,日报!$D:$D,合格品出库记录!$A:$A,日报!BY$3)<>0,SUMIFS(合格品出库记录!$G:$G,合格品出库记录!$E:$E,日报!$D:$D,合格品出库记录!$A:$A,日报!BY$3),"") | BZ30: =IF(SUMIFS(领跑良品退回!$G:$G,领跑良品退回!$E:$E,日报!$D:$D,领跑良品退回!$A:$A,日报!BZ$3)<>0,SUMIFS(领跑良品退回!$G:$G,领跑良品退回!$E:$E,日报!$D:$D,领跑良品退回!$A:$A,日报!BZ$3),"") | CA30: =IF(SUMIFS(领跑良品退回!$G:$G,领跑良品退回!$E:$E,日报!$D:$D,领跑良品退回!$A:$A,日报!CA$3)<>0,SUMIFS(领跑良品退回!$G:$G,领跑良品退回!$E:$E,日报!$D:$D,领跑良品退回!$A:$A,日报!CA$3),"") | CB30: =IF(SUMIFS(领跑良品退回!$G:$G,领跑良品退回!$E:$E,日报!$D:$D,领跑良品退回!$A:$A,日报!CB$3)<>0,SUMIFS(领跑良品退回!$G:$G,领跑良品退回!$E:$E,日报!$D:$D,领跑良品退回!$A:$A,日报!CB$3),"") | CC30: =IF(SUMIFS(领跑良品退回!$G:$G,领跑良品退回!$E:$E,日报!$D:$D,领跑良品退回!$A:$A,日报!CC$3)<>0,SUMIFS(领跑良品退回!$G:$G,领跑良品退回!$E:$E,日报!$D:$D,领跑良品退回!$A:$A,日报!CC$3),"") | CD30: =IF(SUMIFS(领跑良品退回!$G:$G,领跑良品退回!$E:$E,日报!$D:$D,领跑良品退回!$A:$A,日报!CD$3)<>0,SUMIFS(领跑良品退回!$G:$G,领跑良品退回!$E:$E,日报!$D:$D,领跑良品退回!$A:$A,日报!CD$3),"") | CE30: =IF(SUMIFS(领跑良品退回!$G:$G,领跑良品退回!$E:$E,日报!$D:$D,领跑良品退回!$A:$A,日报!CE$3)<>0,SUMIFS(领跑良品退回!$G:$G,领跑良品退回!$E:$E,日报!$D:$D,领跑良品退回!$A:$A,日报!CE$3),"") | CF30: =IF(SUMIFS(领跑良品退回!$G:$G,领跑良品退回!$E:$E,日报!$D:$D,领跑良品退回!$A:$A,日报!CF$3)<>0,SUMIFS(领跑良品退回!$G:$G,领跑良品退回!$E:$E,日报!$D:$D,领跑良品退回!$A:$A,日报!CF$3),"") | CG30: =IF(SUMIFS(领跑良品退回!$G:$G,领跑良品退回!$E:$E,日报!$D:$D,领跑良品退回!$A:$A,日报!CG$3)<>0,SUMIFS(领跑良品退回!$G:$G,领跑良品退回!$E:$E,日报!$D:$D,领跑良品退回!$A:$A,日报!CG$3),"") | ... DD30: =IF(SUMIFS(领跑良品退回!$G:$G,领跑良品退回!$E:$E,日报!$D:$D,领跑良品退回!$A:$A,日报!DD$3)<>0,SUMIFS(领跑良品退回!$G:$G,领跑良品退回!$E:$E,日报!$D:$D,领跑良品退回!$A:$A,日报!DD$3),"")
A31: 28 | B31: 1AZ | C31: 芜湖博康机电股份有限公司 | D31: 3.2.50.30.01096-000 | E31: PBP-BMU-BDU线束-24款 | F31: 100 | G31: 263 | H31: =SUMIF(合格品入库记录!E:E,日报!D31,合格品入库记录!G:G) -> 0 | I31: =SUMIF(合格品出库记录!E:E,日报!D31,合格品出库记录!G:G) -> 0 | J31: =SUMIF(领跑良品退回!E:E,D31,领跑良品退回!G:G) -> 0 | K31: =M31+L31 -> 263 | L31: =SUMIF(不良品库存!D:D,D:D,不良品库存!F:F) -> 0 | M31: =G31+H31-I31+J31 -> 263 | N31: 1200 | O31: 1 | P31: =IF(SUMIFS(合格品入库记录!$G:$G,合格品入库记录!$E:$E,日报!$D:$D,合格品入库记录!$A:$A,日报!P$3)<>0,SUMIFS(合格品入库记录!$G:$G,合格品入库记录!$E:$E,日报!$D:$D,合格品入库记录!$A:$A,日报!P$3),"") | Q31: =IF(SUMIFS(合格品入库记录!$G:$G,合格品入库记录!$E:$E,日报!$D:$D,合格品入库记录!$A:$A,日报!Q$3)<>0,SUMIFS(合格品入库记录!$G:$G,合格品入库记录!$E:$E,日报!$D:$D,合格品入库记录!$A:$A,日报!Q$3),"") | R31: =IF(SUMIFS(合格品入库记录!$G:$G,合格品入库记录!$E:$E,日报!$D:$D,合格品入库记录!$A:$A,日报!R$3)<>0,SUMIFS(合格品入库记录!$G:$G,合格品入库记录!$E:$E,日报!$D:$D,合格品入库记录!$A:$A,日报!R$3),"") | S31: =IF(SUMIFS(合格品入库记录!$G:$G,合格品入库记录!$E:$E,日报!$D:$D,合格品入库记录!$A:$A,日报!S$3)<>0,SUMIFS(合格品入库记录!$G:$G,合格品入库记录!$E:$E,日报!$D:$D,合格品入库记录!$A:$A,日报!S$3),"") | T31: =IF(SUMIFS(合格品入库记录!$G:$G,合格品入库记录!$E:$E,日报!$D:$D,合格品入库记录!$A:$A,日报!T$3)<>0,SUMIFS(合格品入库记录!$G:$G,合格品入库记录!$E:$E,日报!$D:$D,合格品入库记录!$A:$A,日报!T$3),"") | U31: =IF(SUMIFS(合格品入库记录!$G:$G,合格品入库记录!$E:$E,日报!$D:$D,合格品入库记录!$A:$A,日报!U$3)<>0,SUMIFS(合格品入库记录!$G:$G,合格品入库记录!$E:$E,日报!$D:$D,合格品入库记录!$A:$A,日报!U$3),"") | V31: =IF(SUMIFS(合格品入库记录!$G:$G,合格品入库记录!$E:$E,日报!$D:$D,合格品入库记录!$A:$A,日报!V$3)<>0,SUMIFS(合格品入库记录!$G:$G,合格品入库记录!$E:$E,日报!$D:$D,合格品入库记录!$A:$A,日报!V$3),"") | W31: =IF(SUMIFS(合格品入库记录!$G:$G,合格品入库记录!$E:$E,日报!$D:$D,合格品入库记录!$A:$A,日报!W$3)<>0,SUMIFS(合格品入库记录!$G:$G,合格品入库记录!$E:$E,日报!$D:$D,合格品入库记录!$A:$A,日报!W$3),"") | ... AT31: =IF(SUMIFS(合格品入库记录!$G:$G,合格品入库记录!$E:$E,日报!$D:$D,合格品入库记录!$A:$A,日报!AT$3)<>0,SUMIFS(合格品入库记录!$G:$G,合格品入库记录!$E:$E,日报!$D:$D,合格品入库记录!$A:$A,日报!AT$3),"") | AU31: =IF(SUMIFS(合格品出库记录!$G:$G,合格品出库记录!$E:$E,日报!$D:$D,合格品出库记录!$A:$A,日报!AU$3)<>0,SUMIFS(合格品出库记录!$G:$G,合格品出库记录!$E:$E,日报!$D:$D,合格品出库记录!$A:$A,日报!AU$3),"") | AV31: =IF(SUMIFS(合格品出库记录!$G:$G,合格品出库记录!$E:$E,日报!$D:$D,合格品出库记录!$A:$A,日报!AV$3)<>0,SUMIFS(合格品出库记录!$G:$G,合格品出库记录!$E:$E,日报!$D:$D,合格品出库记录!$A:$A,日报!AV$3),"") | AW31: =IF(SUMIFS(合格品出库记录!$G:$G,合格品出库记录!$E:$E,日报!$D:$D,合格品出库记录!$A:$A,日报!AW$3)<>0,SUMIFS(合格品出库记录!$G:$G,合格品出库记录!$E:$E,日报!$D:$D,合格品出库记录!$A:$A,日报!AW$3),"") | AX31: =IF(SUMIFS(合格品出库记录!$G:$G,合格品出库记录!$E:$E,日报!$D:$D,合格品出库记录!$A:$A,日报!AX$3)<>0,SUMIFS(合格品出库记录!$G:$G,合格品出库记录!$E:$E,日报!$D:$D,合格品出库记录!$A:$A,日报!AX$3),"") | AY31: =IF(SUMIFS(合格品出库记录!$G:$G,合格品出库记录!$E:$E,日报!$D:$D,合格品出库记录!$A:$A,日报!AY$3)<>0,SUMIFS(合格品出库记录!$G:$G,合格品出库记录!$E:$E,日报!$D:$D,合格品出库记录!$A:$A,日报!AY$3),"") | AZ31: =IF(SUMIFS(合格品出库记录!$G:$G,合格品出库记录!$E:$E,日报!$D:$D,合格品出库记录!$A:$A,日报!AZ$3)<>0,SUMIFS(合格品出库记录!$G:$G,合格品出库记录!$E:$E,日报!$D:$D,合格品出库记录!$A:$A,日报!AZ$3),"") | BA31: =IF(SUMIFS(合格品出库记录!$G:$G,合格品出库记录!$E:$E,日报!$D:$D,合格品出库记录!$A:$A,日报!BA$3)<>0,SUMIFS(合格品出库记录!$G:$G,合格品出库记录!$E:$E,日报!$D:$D,合格品出库记录!$A:$A,日报!BA$3),"") | BB31: =IF(SUMIFS(合格品出库记录!$G:$G,合格品出库记录!$E:$E,日报!$D:$D,合格品出库记录!$A:$A,日报!BB$3)<>0,SUMIFS(合格品出库记录!$G:$G,合格品出库记录!$E:$E,日报!$D:$D,合格品出库记录!$A:$A,日报!BB$3),"") | ... BY31: =IF(SUMIFS(合格品出库记录!$G:$G,合格品出库记录!$E:$E,日报!$D:$D,合格品出库记录!$A:$A,日报!BY$3)<>0,SUMIFS(合格品出库记录!$G:$G,合格品出库记录!$E:$E,日报!$D:$D,合格品出库记录!$A:$A,日报!BY$3),"") | BZ31: =IF(SUMIFS(领跑良品退回!$G:$G,领跑良品退回!$E:$E,日报!$D:$D,领跑良品退回!$A:$A,日报!BZ$3)<>0,SUMIFS(领跑良品退回!$G:$G,领跑良品退回!$E:$E,日报!$D:$D,领跑良品退回!$A:$A,日报!BZ$3),"") | CA31: =IF(SUMIFS(领跑良品退回!$G:$G,领跑良品退回!$E:$E,日报!$D:$D,领跑良品退回!$A:$A,日报!CA$3)<>0,SUMIFS(领跑良品退回!$G:$G,领跑良品退回!$E:$E,日报!$D:$D,领跑良品退回!$A:$A,日报!CA$3),"") | CB31: =IF(SUMIFS(领跑良品退回!$G:$G,领跑良品退回!$E:$E,日报!$D:$D,领跑良品退回!$A:$A,日报!CB$3)<>0,SUMIFS(领跑良品退回!$G:$G,领跑良品退回!$E:$E,日报!$D:$D,领跑良品退回!$A:$A,日报!CB$3),"") | CC31: =IF(SUMIFS(领跑良品退回!$G:$G,领跑良品退回!$E:$E,日报!$D:$D,领跑良品退回!$A:$A,日报!CC$3)<>0,SUMIFS(领跑良品退回!$G:$G,领跑良品退回!$E:$E,日报!$D:$D,领跑良品退回!$A:$A,日报!CC$3),"") | CD31: =IF(SUMIFS(领跑良品退回!$G:$G,领跑良品退回!$E:$E,日报!$D:$D,领跑良品退回!$A:$A,日报!CD$3)<>0,SUMIFS(领跑良品退回!$G:$G,领跑良品退回!$E:$E,日报!$D:$D,领跑良品退回!$A:$A,日报!CD$3),"") | CE31: =IF(SUMIFS(领跑良品退回!$G:$G,领跑良品退回!$E:$E,日报!$D:$D,领跑良品退回!$A:$A,日报!CE$3)<>0,SUMIFS(领跑良品退回!$G:$G,领跑良品退回!$E:$E,日报!$D:$D,领跑良品退回!$A:$A,日报!CE$3),"") | CF31: =IF(SUMIFS(领跑良品退回!$G:$G,领跑良品退回!$E:$E,日报!$D:$D,领跑良品退回!$A:$A,日报!CF$3)<>0,SUMIFS(领跑良品退回!$G:$G,领跑良品退回!$E:$E,日报!$D:$D,领跑良品退回!$A:$A,日报!CF$3),"") | CG31: =IF(SUMIFS(领跑良品退回!$G:$G,领跑良品退回!$E:$E,日报!$D:$D,领跑良品退回!$A:$A,日报!CG$3)<>0,SUMIFS(领跑良品退回!$G:$G,领跑良品退回!$E:$E,日报!$D:$D,领跑良品退回!$A:$A,日报!CG$3),"") | ... DD31: =IF(SUMIFS(领跑良品退回!$G:$G,领跑良品退回!$E:$E,日报!$D:$D,领跑良品退回!$A:$A,日报!DD$3)<>0,SUMIFS(领跑良品退回!$G:$G,领跑良品退回!$E:$E,日报!$D:$D,领跑良品退回!$A:$A,日报!DD$3),"")
A32: 29 | B32: 1AZ | C32: 芜湖博康机电股份有限公司 | D32: 3.2.50.30.01097-000 | E32: C11互锁集成线束 | F32: 25 | G32: 107 | H32: =SUMIF(合格品入库记录!E:E,日报!D32,合格品入库记录!G:G) -> 0 | I32: =SUMIF(合格品出库记录!E:E,日报!D32,合格品出库记录!G:G) -> 0 | J32: =SUMIF(领跑良品退回!E:E,D32,领跑良品退回!G:G) -> 0 | K32: =M32+L32 -> 107 | L32: =SUMIF(不良品库存!D:D,D:D,不良品库存!F:F) -> 0 | M32: =G32+H32-I32+J32 -> 107 | N32: 360 | O32: 1 | P32: =IF(SUMIFS(合格品入库记录!$G:$G,合格品入库记录!$E:$E,日报!$D:$D,合格品入库记录!$A:$A,日报!P$3)<>0,SUMIFS(合格品入库记录!$G:$G,合格品入库记录!$E:$E,日报!$D:$D,合格品入库记录!$A:$A,日报!P$3),"") | Q32: =IF(SUMIFS(合格品入库记录!$G:$G,合格品入库记录!$E:$E,日报!$D:$D,合格品入库记录!$A:$A,日报!Q$3)<>0,SUMIFS(合格品入库记录!$G:$G,合格品入库记录!$E:$E,日报!$D:$D,合格品入库记录!$A:$A,日报!Q$3),"") | R32: =IF(SUMIFS(合格品入库记录!$G:$G,合格品入库记录!$E:$E,日报!$D:$D,合格品入库记录!$A:$A,日报!R$3)<>0,SUMIFS(合格品入库记录!$G:$G,合格品入库记录!$E:$E,日报!$D:$D,合格品入库记录!$A:$A,日报!R$3),"") | S32: =IF(SUMIFS(合格品入库记录!$G:$G,合格品入库记录!$E:$E,日报!$D:$D,合格品入库记录!$A:$A,日报!S$3)<>0,SUMIFS(合格品入库记录!$G:$G,合格品入库记录!$E:$E,日报!$D:$D,合格品入库记录!$A:$A,日报!S$3),"") | T32: =IF(SUMIFS(合格品入库记录!$G:$G,合格品入库记录!$E:$E,日报!$D:$D,合格品入库记录!$A:$A,日报!T$3)<>0,SUMIFS(合格品入库记录!$G:$G,合格品入库记录!$E:$E,日报!$D:$D,合格品入库记录!$A:$A,日报!T$3),"") | U32: =IF(SUMIFS(合格品入库记录!$G:$G,合格品入库记录!$E:$E,日报!$D:$D,合格品入库记录!$A:$A,日报!U$3)<>0,SUMIFS(合格品入库记录!$G:$G,合格品入库记录!$E:$E,日报!$D:$D,合格品入库记录!$A:$A,日报!U$3),"") | V32: =IF(SUMIFS(合格品入库记录!$G:$G,合格品入库记录!$E:$E,日报!$D:$D,合格品入库记录!$A:$A,日报!V$3)<>0,SUMIFS(合格品入库记录!$G:$G,合格品入库记录!$E:$E,日报!$D:$D,合格品入库记录!$A:$A,日报!V$3),"") | W32: =IF(SUMIFS(合格品入库记录!$G:$G,合格品入库记录!$E:$E,日报!$D:$D,合格品入库记录!$A:$A,日报!W$3)<>0,SUMIFS(合格品入库记录!$G:$G,合格品入库记录!$E:$E,日报!$D:$D,合格品入库记录!$A:$A,日报!W$3),"") | ... AT32: =IF(SUMIFS(合格品入库记录!$G:$G,合格品入库记录!$E:$E,日报!$D:$D,合格品入库记录!$A:$A,日报!AT$3)<>0,SUMIFS(合格品入库记录!$G:$G,合格品入库记录!$E:$E,日报!$D:$D,合格品入库记录!$A:$A,日报!AT$3),"") | AU32: =IF(SUMIFS(合格品出库记录!$G:$G,合格品出库记录!$E:$E,日报!$D:$D,合格品出库记录!$A:$A,日报!AU$3)<>0,SUMIFS(合格品出库记录!$G:$G,合格品出库记录!$E:$E,日报!$D:$D,合格品出库记录!$A:$A,日报!AU$3),"") | AV32: =IF(SUMIFS(合格品出库记录!$G:$G,合格品出库记录!$E:$E,日报!$D:$D,合格品出库记录!$A:$A,日报!AV$3)<>0,SUMIFS(合格品出库记录!$G:$G,合格品出库记录!$E:$E,日报!$D:$D,合格品出库记录!$A:$A,日报!AV$3),"") | AW32: =IF(SUMIFS(合格品出库记录!$G:$G,合格品出库记录!$E:$E,日报!$D:$D,合格品出库记录!$A:$A,日报!AW$3)<>0,SUMIFS(合格品出库记录!$G:$G,合格品出库记录!$E:$E,日报!$D:$D,合格品出库记录!$A:$A,日报!AW$3),"") | AX32: =IF(SUMIFS(合格品出库记录!$G:$G,合格品出库记录!$E:$E,日报!$D:$D,合格品出库记录!$A:$A,日报!AX$3)<>0,SUMIFS(合格品出库记录!$G:$G,合格品出库记录!$E:$E,日报!$D:$D,合格品出库记录!$A:$A,日报!AX$3),"") | AY32: =IF(SUMIFS(合格品出库记录!$G:$G,合格品出库记录!$E:$E,日报!$D:$D,合格品出库记录!$A:$A,日报!AY$3)<>0,SUMIFS(合格品出库记录!$G:$G,合格品出库记录!$E:$E,日报!$D:$D,合格品出库记录!$A:$A,日报!AY$3),"") | AZ32: =IF(SUMIFS(合格品出库记录!$G:$G,合格品出库记录!$E:$E,日报!$D:$D,合格品出库记录!$A:$A,日报!AZ$3)<>0,SUMIFS(合格品出库记录!$G:$G,合格品出库记录!$E:$E,日报!$D:$D,合格品出库记录!$A:$A,日报!AZ$3),"") | BA32: =IF(SUMIFS(合格品出库记录!$G:$G,合格品出库记录!$E:$E,日报!$D:$D,合格品出库记录!$A:$A,日报!BA$3)<>0,SUMIFS(合格品出库记录!$G:$G,合格品出库记录!$E:$E,日报!$D:$D,合格品出库记录!$A:$A,日报!BA$3),"") | BB32: =IF(SUMIFS(合格品出库记录!$G:$G,合格品出库记录!$E:$E,日报!$D:$D,合格品出库记录!$A:$A,日报!BB$3)<>0,SUMIFS(合格品出库记录!$G:$G,合格品出库记录!$E:$E,日报!$D:$D,合格品出库记录!$A:$A,日报!BB$3),"") | ... BY32: =IF(SUMIFS(合格品出库记录!$G:$G,合格品出库记录!$E:$E,日报!$D:$D,合格品出库记录!$A:$A,日报!BY$3)<>0,SUMIFS(合格品出库记录!$G:$G,合格品出库记录!$E:$E,日报!$D:$D,合格品出库记录!$A:$A,日报!BY$3),"") | BZ32: =IF(SUMIFS(领跑良品退回!$G:$G,领跑良品退回!$E:$E,日报!$D:$D,领跑良品退回!$A:$A,日报!BZ$3)<>0,SUMIFS(领跑良品退回!$G:$G,领跑良品退回!$E:$E,日报!$D:$D,领跑良品退回!$A:$A,日报!BZ$3),"") | CA32: =IF(SUMIFS(领跑良品退回!$G:$G,领跑良品退回!$E:$E,日报!$D:$D,领跑良品退回!$A:$A,日报!CA$3)<>0,SUMIFS(领跑良品退回!$G:$G,领跑良品退回!$E:$E,日报!$D:$D,领跑良品退回!$A:$A,日报!CA$3),"") | CB32: =IF(SUMIFS(领跑良品退回!$G:$G,领跑良品退回!$E:$E,日报!$D:$D,领跑良品退回!$A:$A,日报!CB$3)<>0,SUMIFS(领跑良品退回!$G:$G,领跑良品退回!$E:$E,日报!$D:$D,领跑良品退回!$A:$A,日报!CB$3),"") | CC32: =IF(SUMIFS(领跑良品退回!$G:$G,领跑良品退回!$E:$E,日报!$D:$D,领跑良品退回!$A:$A,日报!CC$3)<>0,SUMIFS(领跑良品退回!$G:$G,领跑良品退回!$E:$E,日报!$D:$D,领跑良品退回!$A:$A,日报!CC$3),"") | CD32: =IF(SUMIFS(领跑良品退回!$G:$G,领跑良品退回!$E:$E,日报!$D:$D,领跑良品退回!$A:$A,日报!CD$3)<>0,SUMIFS(领跑良品退回!$G:$G,领跑良品退回!$E:$E,日报!$D:$D,领跑良品退回!$A:$A,日报!CD$3),"") | CE32: =IF(SUMIFS(领跑良品退回!$G:$G,领跑良品退回!$E:$E,日报!$D:$D,领跑良品退回!$A:$A,日报!CE$3)<>0,SUMIFS(领跑良品退回!$G:$G,领跑良品退回!$E:$E,日报!$D:$D,领跑良品退回!$A:$A,日报!CE$3),"") | CF32: =IF(SUMIFS(领跑良品退回!$G:$G,领跑良品退回!$E:$E,日报!$D:$D,领跑良品退回!$A:$A,日报!CF$3)<>0,SUMIFS(领跑良品退回!$G:$G,领跑良品退回!$E:$E,日报!$D:$D,领跑良品退回!$A:$A,日报!CF$3),"") | CG32: =IF(SUMIFS(领跑良品退回!$G:$G,领跑良品退回!$E:$E,日报!$D:$D,领跑良品退回!$A:$A,日报!CG$3)<>0,SUMIFS(领跑良品退回!$G:$G,领跑良品退回!$E:$E,日报!$D:$D,领跑良品退回!$A:$A,日报!CG$3),"") | ... DD32: =IF(SUMIFS(领跑良品退回!$G:$G,领跑良品退回!$E:$E,日报!$D:$D,领跑良品退回!$A:$A,日报!DD$3)<>0,SUMIFS(领跑良品退回!$G:$G,领跑良品退回!$E:$E,日报!$D:$D,领跑良品退回!$A:$A,日报!DD$3),"")
A33: 30 | B33: 1AZ | C33: 芜湖博康机电股份有限公司 | D33: 3.2.50.30.00949-000 | E33: MCU插座线束 | F33: 40 | G33: 270 | H33: =SUMIF(合格品入库记录!E:E,日报!D33,合格品入库记录!G:G) -> 0 | I33: =SUMIF(合格品出库记录!E:E,日报!D33,合格品出库记录!G:G) -> 0 | J33: =SUMIF(领跑良品退回!E:E,D33,领跑良品退回!G:G) -> 0 | K33: =M33+L33 -> 270 | L33: =SUMIF(不良品库存!D:D,D:D,不良品库存!F:F) -> 0 | M33: =G33+H33-I33+J33 -> 270 | N33: 1680 | O33: 1 | P33: =IF(SUMIFS(合格品入库记录!$G:$G,合格品入库记录!$E:$E,日报!$D:$D,合格品入库记录!$A:$A,日报!P$3)<>0,SUMIFS(合格品入库记录!$G:$G,合格品入库记录!$E:$E,日报!$D:$D,合格品入库记录!$A:$A,日报!P$3),"") | Q33: =IF(SUMIFS(合格品入库记录!$G:$G,合格品入库记录!$E:$E,日报!$D:$D,合格品入库记录!$A:$A,日报!Q$3)<>0,SUMIFS(合格品入库记录!$G:$G,合格品入库记录!$E:$E,日报!$D:$D,合格品入库记录!$A:$A,日报!Q$3),"") | R33: =IF(SUMIFS(合格品入库记录!$G:$G,合格品入库记录!$E:$E,日报!$D:$D,合格品入库记录!$A:$A,日报!R$3)<>0,SUMIFS(合格品入库记录!$G:$G,合格品入库记录!$E:$E,日报!$D:$D,合格品入库记录!$A:$A,日报!R$3),"") | S33: =IF(SUMIFS(合格品入库记录!$G:$G,合格品入库记录!$E:$E,日报!$D:$D,合格品入库记录!$A:$A,日报!S$3)<>0,SUMIFS(合格品入库记录!$G:$G,合格品入库记录!$E:$E,日报!$D:$D,合格品入库记录!$A:$A,日报!S$3),"") | T33: =IF(SUMIFS(合格品入库记录!$G:$G,合格品入库记录!$E:$E,日报!$D:$D,合格品入库记录!$A:$A,日报!T$3)<>0,SUMIFS(合格品入库记录!$G:$G,合格品入库记录!$E:$E,日报!$D:$D,合格品入库记录!$A:$A,日报!T$3),"") | U33: =IF(SUMIFS(合格品入库记录!$G:$G,合格品入库记录!$E:$E,日报!$D:$D,合格品入库记录!$A:$A,日报!U$3)<>0,SUMIFS(合格品入库记录!$G:$G,合格品入库记录!$E:$E,日报!$D:$D,合格品入库记录!$A:$A,日报!U$3),"") | V33: =IF(SUMIFS(合格品入库记录!$G:$G,合格品入库记录!$E:$E,日报!$D:$D,合格品入库记录!$A:$A,日报!V$3)<>0,SUMIFS(合格品入库记录!$G:$G,合格品入库记录!$E:$E,日报!$D:$D,合格品入库记录!$A:$A,日报!V$3),"") | W33: =IF(SUMIFS(合格品入库记录!$G:$G,合格品入库记录!$E:$E,日报!$D:$D,合格品入库记录!$A:$A,日报!W$3)<>0,SUMIFS(合格品入库记录!$G:$G,合格品入库记录!$E:$E,日报!$D:$D,合格品入库记录!$A:$A,日报!W$3),"") | ... AT33: =IF(SUMIFS(合格品入库记录!$G:$G,合格品入库记录!$E:$E,日报!$D:$D,合格品入库记录!$A:$A,日报!AT$3)<>0,SUMIFS(合格品入库记录!$G:$G,合格品入库记录!$E:$E,日报!$D:$D,合格品入库记录!$A:$A,日报!AT$3),"") | AU33: =IF(SUMIFS(合格品出库记录!$G:$G,合格品出库记录!$E:$E,日报!$D:$D,合格品出库记录!$A:$A,日报!AU$3)<>0,SUMIFS(合格品出库记录!$G:$G,合格品出库记录!$E:$E,日报!$D:$D,合格品出库记录!$A:$A,日报!AU$3),"") | AV33: =IF(SUMIFS(合格品出库记录!$G:$G,合格品出库记录!$E:$E,日报!$D:$D,合格品出库记录!$A:$A,日报!AV$3)<>0,SUMIFS(合格品出库记录!$G:$G,合格品出库记录!$E:$E,日报!$D:$D,合格品出库记录!$A:$A,日报!AV$3),"") | AW33: =IF(SUMIFS(合格品出库记录!$G:$G,合格品出库记录!$E:$E,日报!$D:$D,合格品出库记录!$A:$A,日报!AW$3)<>0,SUMIFS(合格品出库记录!$G:$G,合格品出库记录!$E:$E,日报!$D:$D,合格品出库记录!$A:$A,日报!AW$3),"") | AX33: =IF(SUMIFS(合格品出库记录!$G:$G,合格品出库记录!$E:$E,日报!$D:$D,合格品出库记录!$A:$A,日报!AX$3)<>0,SUMIFS(合格品出库记录!$G:$G,合格品出库记录!$E:$E,日报!$D:$D,合格品出库记录!$A:$A,日报!AX$3),"") | AY33: =IF(SUMIFS(合格品出库记录!$G:$G,合格品出库记录!$E:$E,日报!$D:$D,合格品出库记录!$A:$A,日报!AY$3)<>0,SUMIFS(合格品出库记录!$G:$G,合格品出库记录!$E:$E,日报!$D:$D,合格品出库记录!$A:$A,日报!AY$3),"") | AZ33: =IF(SUMIFS(合格品出库记录!$G:$G,合格品出库记录!$E:$E,日报!$D:$D,合格品出库记录!$A:$A,日报!AZ$3)<>0,SUMIFS(合格品出库记录!$G:$G,合格品出库记录!$E:$E,日报!$D:$D,合格品出库记录!$A:$A,日报!AZ$3),"") | BA33: =IF(SUMIFS(合格品出库记录!$G:$G,合格品出库记录!$E:$E,日报!$D:$D,合格品出库记录!$A:$A,日报!BA$3)<>0,SUMIFS(合格品出库记录!$G:$G,合格品出库记录!$E:$E,日报!$D:$D,合格品出库记录!$A:$A,日报!BA$3),"") | BB33: =IF(SUMIFS(合格品出库记录!$G:$G,合格品出库记录!$E:$E,日报!$D:$D,合格品出库记录!$A:$A,日报!BB$3)<>0,SUMIFS(合格品出库记录!$G:$G,合格品出库记录!$E:$E,日报!$D:$D,合格品出库记录!$A:$A,日报!BB$3),"") | ... BY33: =IF(SUMIFS(合格品出库记录!$G:$G,合格品出库记录!$E:$E,日报!$D:$D,合格品出库记录!$A:$A,日报!BY$3)<>0,SUMIFS(合格品出库记录!$G:$G,合格品出库记录!$E:$E,日报!$D:$D,合格品出库记录!$A:$A,日报!BY$3),"") | BZ33: =IF(SUMIFS(领跑良品退回!$G:$G,领跑良品退回!$E:$E,日报!$D:$D,领跑良品退回!$A:$A,日报!BZ$3)<>0,SUMIFS(领跑良品退回!$G:$G,领跑良品退回!$E:$E,日报!$D:$D,领跑良品退回!$A:$A,日报!BZ$3),"") | CA33: =IF(SUMIFS(领跑良品退回!$G:$G,领跑良品退回!$E:$E,日报!$D:$D,领跑良品退回!$A:$A,日报!CA$3)<>0,SUMIFS(领跑良品退回!$G:$G,领跑良品退回!$E:$E,日报!$D:$D,领跑良品退回!$A:$A,日报!CA$3),"") | CB33: =IF(SUMIFS(领跑良品退回!$G:$G,领跑良品退回!$E:$E,日报!$D:$D,领跑良品退回!$A:$A,日报!CB$3)<>0,SUMIFS(领跑良品退回!$G:$G,领跑良品退回!$E:$E,日报!$D:$D,领跑良品退回!$A:$A,日报!CB$3),"") | CC33: =IF(SUMIFS(领跑良品退回!$G:$G,领跑良品退回!$E:$E,日报!$D:$D,领跑良品退回!$A:$A,日报!CC$3)<>0,SUMIFS(领跑良品退回!$G:$G,领跑良品退回!$E:$E,日报!$D:$D,领跑良品退回!$A:$A,日报!CC$3),"") | CD33: =IF(SUMIFS(领跑良品退回!$G:$G,领跑良品退回!$E:$E,日报!$D:$D,领跑良品退回!$A:$A,日报!CD$3)<>0,SUMIFS(领跑良品退回!$G:$G,领跑良品退回!$E:$E,日报!$D:$D,领跑良品退回!$A:$A,日报!CD$3),"") | CE33: =IF(SUMIFS(领跑良品退回!$G:$G,领跑良品退回!$E:$E,日报!$D:$D,领跑良品退回!$A:$A,日报!CE$3)<>0,SUMIFS(领跑良品退回!$G:$G,领跑良品退回!$E:$E,日报!$D:$D,领跑良品退回!$A:$A,日报!CE$3),"") | CF33: =IF(SUMIFS(领跑良品退回!$G:$G,领跑良品退回!$E:$E,日报!$D:$D,领跑良品退回!$A:$A,日报!CF$3)<>0,SUMIFS(领跑良品退回!$G:$G,领跑良品退回!$E:$E,日报!$D:$D,领跑良品退回!$A:$A,日报!CF$3),"") | CG33: =IF(SUMIFS(领跑良品退回!$G:$G,领跑良品退回!$E:$E,日报!$D:$D,领跑良品退回!$A:$A,日报!CG$3)<>0,SUMIFS(领跑良品退回!$G:$G,领跑良品退回!$E:$E,日报!$D:$D,领跑良品退回!$A:$A,日报!CG$3),"") | ... DD33: =IF(SUMIFS(领跑良品退回!$G:$G,领跑良品退回!$E:$E,日报!$D:$D,领跑良品退回!$A:$A,日报!DD$3)<>0,SUMIFS(领跑良品退回!$G:$G,领跑良品退回!$E:$E,日报!$D:$D,领跑良品退回!$A:$A,日报!DD$3),"")
A34: 31 | B34: 1AZ | C34: 芜湖博康机电股份有限公司 | D34: 3.2.50.30.00950-000 | E34: 快充插座线束 | F34: 200 | G34: 88 | H34: =SUMIF(合格品入库记录!E:E,日报!D34,合格品入库记录!G:G) -> 0 | I34: =SUMIF(合格品出库记录!E:E,日报!D34,合格品出库记录!G:G) -> 0 | J34: =SUMIF(领跑良品退回!E:E,D34,领跑良品退回!G:G) -> 0 | K34: =M34+L34 -> 88 | L34: =SUMIF(不良品库存!D:D,D:D,不良品库存!F:F) -> 0 | M34: =G34+H34-I34+J34 -> 88 | N34: 1152 | O34: 1 | P34: =IF(SUMIFS(合格品入库记录!$G:$G,合格品入库记录!$E:$E,日报!$D:$D,合格品入库记录!$A:$A,日报!P$3)<>0,SUMIFS(合格品入库记录!$G:$G,合格品入库记录!$E:$E,日报!$D:$D,合格品入库记录!$A:$A,日报!P$3),"") | Q34: =IF(SUMIFS(合格品入库记录!$G:$G,合格品入库记录!$E:$E,日报!$D:$D,合格品入库记录!$A:$A,日报!Q$3)<>0,SUMIFS(合格品入库记录!$G:$G,合格品入库记录!$E:$E,日报!$D:$D,合格品入库记录!$A:$A,日报!Q$3),"") | R34: =IF(SUMIFS(合格品入库记录!$G:$G,合格品入库记录!$E:$E,日报!$D:$D,合格品入库记录!$A:$A,日报!R$3)<>0,SUMIFS(合格品入库记录!$G:$G,合格品入库记录!$E:$E,日报!$D:$D,合格品入库记录!$A:$A,日报!R$3),"") | S34: =IF(SUMIFS(合格品入库记录!$G:$G,合格品入库记录!$E:$E,日报!$D:$D,合格品入库记录!$A:$A,日报!S$3)<>0,SUMIFS(合格品入库记录!$G:$G,合格品入库记录!$E:$E,日报!$D:$D,合格品入库记录!$A:$A,日报!S$3),"") | T34: =IF(SUMIFS(合格品入库记录!$G:$G,合格品入库记录!$E:$E,日报!$D:$D,合格品入库记录!$A:$A,日报!T$3)<>0,SUMIFS(合格品入库记录!$G:$G,合格品入库记录!$E:$E,日报!$D:$D,合格品入库记录!$A:$A,日报!T$3),"") | U34: =IF(SUMIFS(合格品入库记录!$G:$G,合格品入库记录!$E:$E,日报!$D:$D,合格品入库记录!$A:$A,日报!U$3)<>0,SUMIFS(合格品入库记录!$G:$G,合格品入库记录!$E:$E,日报!$D:$D,合格品入库记录!$A:$A,日报!U$3),"") | V34: =IF(SUMIFS(合格品入库记录!$G:$G,合格品入库记录!$E:$E,日报!$D:$D,合格品入库记录!$A:$A,日报!V$3)<>0,SUMIFS(合格品入库记录!$G:$G,合格品入库记录!$E:$E,日报!$D:$D,合格品入库记录!$A:$A,日报!V$3),"") | W34: =IF(SUMIFS(合格品入库记录!$G:$G,合格品入库记录!$E:$E,日报!$D:$D,合格品入库记录!$A:$A,日报!W$3)<>0,SUMIFS(合格品入库记录!$G:$G,合格品入库记录!$E:$E,日报!$D:$D,合格品入库记录!$A:$A,日报!W$3),"") | ... AT34: =IF(SUMIFS(合格品入库记录!$G:$G,合格品入库记录!$E:$E,日报!$D:$D,合格品入库记录!$A:$A,日报!AT$3)<>0,SUMIFS(合格品入库记录!$G:$G,合格品入库记录!$E:$E,日报!$D:$D,合格品入库记录!$A:$A,日报!AT$3),"") | AU34: =IF(SUMIFS(合格品出库记录!$G:$G,合格品出库记录!$E:$E,日报!$D:$D,合格品出库记录!$A:$A,日报!AU$3)<>0,SUMIFS(合格品出库记录!$G:$G,合格品出库记录!$E:$E,日报!$D:$D,合格品出库记录!$A:$A,日报!AU$3),"") | AV34: =IF(SUMIFS(合格品出库记录!$G:$G,合格品出库记录!$E:$E,日报!$D:$D,合格品出库记录!$A:$A,日报!AV$3)<>0,SUMIFS(合格品出库记录!$G:$G,合格品出库记录!$E:$E,日报!$D:$D,合格品出库记录!$A:$A,日报!AV$3),"") | AW34: =IF(SUMIFS(合格品出库记录!$G:$G,合格品出库记录!$E:$E,日报!$D:$D,合格品出库记录!$A:$A,日报!AW$3)<>0,SUMIFS(合格品出库记录!$G:$G,合格品出库记录!$E:$E,日报!$D:$D,合格品出库记录!$A:$A,日报!AW$3),"") | AX34: =IF(SUMIFS(合格品出库记录!$G:$G,合格品出库记录!$E:$E,日报!$D:$D,合格品出库记录!$A:$A,日报!AX$3)<>0,SUMIFS(合格品出库记录!$G:$G,合格品出库记录!$E:$E,日报!$D:$D,合格品出库记录!$A:$A,日报!AX$3),"") | AY34: =IF(SUMIFS(合格品出库记录!$G:$G,合格品出库记录!$E:$E,日报!$D:$D,合格品出库记录!$A:$A,日报!AY$3)<>0,SUMIFS(合格品出库记录!$G:$G,合格品出库记录!$E:$E,日报!$D:$D,合格品出库记录!$A:$A,日报!AY$3),"") | AZ34: =IF(SUMIFS(合格品出库记录!$G:$G,合格品出库记录!$E:$E,日报!$D:$D,合格品出库记录!$A:$A,日报!AZ$3)<>0,SUMIFS(合格品出库记录!$G:$G,合格品出库记录!$E:$E,日报!$D:$D,合格品出库记录!$A:$A,日报!AZ$3),"") | BA34: =IF(SUMIFS(合格品出库记录!$G:$G,合格品出库记录!$E:$E,日报!$D:$D,合格品出库记录!$A:$A,日报!BA$3)<>0,SUMIFS(合格品出库记录!$G:$G,合格品出库记录!$E:$E,日报!$D:$D,合格品出库记录!$A:$A,日报!BA$3),"") | BB34: =IF(SUMIFS(合格品出库记录!$G:$G,合格品出库记录!$E:$E,日报!$D:$D,合格品出库记录!$A:$A,日报!BB$3)<>0,SUMIFS(合格品出库记录!$G:$G,合格品出库记录!$E:$E,日报!$D:$D,合格品出库记录!$A:$A,日报!BB$3),"") | ... BY34: =IF(SUMIFS(合格品出库记录!$G:$G,合格品出库记录!$E:$E,日报!$D:$D,合格品出库记录!$A:$A,日报!BY$3)<>0,SUMIFS(合格品出库记录!$G:$G,合格品出库记录!$E:$E,日报!$D:$D,合格品出库记录!$A:$A,日报!BY$3),"") | BZ34: =IF(SUMIFS(领跑良品退回!$G:$G,领跑良品退回!$E:$E,日报!$D:$D,领跑良品退回!$A:$A,日报!BZ$3)<>0,SUMIFS(领跑良品退回!$G:$G,领跑良品退回!$E:$E,日报!$D:$D,领跑良品退回!$A:$A,日报!BZ$3),"") | CA34: =IF(SUMIFS(领跑良品退回!$G:$G,领跑良品退回!$E:$E,日报!$D:$D,领跑良品退回!$A:$A,日报!CA$3)<>0,SUMIFS(领跑良品退回!$G:$G,领跑良品退回!$E:$E,日报!$D:$D,领跑良品退回!$A:$A,日报!CA$3),"") | CB34: =IF(SUMIFS(领跑良品退回!$G:$G,领跑良品退回!$E:$E,日报!$D:$D,领跑良品退回!$A:$A,日报!CB$3)<>0,SUMIFS(领跑良品退回!$G:$G,领跑良品退回!$E:$E,日报!$D:$D,领跑良品退回!$A:$A,日报!CB$3),"") | CC34: =IF(SUMIFS(领跑良品退回!$G:$G,领跑良品退回!$E:$E,日报!$D:$D,领跑良品退回!$A:$A,日报!CC$3)<>0,SUMIFS(领跑良品退回!$G:$G,领跑良品退回!$E:$E,日报!$D:$D,领跑良品退回!$A:$A,日报!CC$3),"") | CD34: =IF(SUMIFS(领跑良品退回!$G:$G,领跑良品退回!$E:$E,日报!$D:$D,领跑良品退回!$A:$A,日报!CD$3)<>0,SUMIFS(领跑良品退回!$G:$G,领跑良品退回!$E:$E,日报!$D:$D,领跑良品退回!$A:$A,日报!CD$3),"") | CE34: =IF(SUMIFS(领跑良品退回!$G:$G,领跑良品退回!$E:$E,日报!$D:$D,领跑良品退回!$A:$A,日报!CE$3)<>0,SUMIFS(领跑良品退回!$G:$G,领跑良品退回!$E:$E,日报!$D:$D,领跑良品退回!$A:$A,日报!CE$3),"") | CF34: =IF(SUMIFS(领跑良品退回!$G:$G,领跑良品退回!$E:$E,日报!$D:$D,领跑良品退回!$A:$A,日报!CF$3)<>0,SUMIFS(领跑良品退回!$G:$G,领跑良品退回!$E:$E,日报!$D:$D,领跑良品退回!$A:$A,日报!CF$3),"") | CG34: =IF(SUMIFS(领跑良品退回!$G:$G,领跑良品退回!$E:$E,日报!$D:$D,领跑良品退回!$A:$A,日报!CG$3)<>0,SUMIFS(领跑良品退回!$G:$G,领跑良品退回!$E:$E,日报!$D:$D,领跑良品退回!$A:$A,日报!CG$3),"") | ... DD34: =IF(SUMIFS(领跑良品退回!$G:$G,领跑良品退回!$E:$E,日报!$D:$D,领跑良品退回!$A:$A,日报!DD$3)<>0,SUMIFS(领跑良品退回!$G:$G,领跑良品退回!$E:$E,日报!$D:$D,领跑良品退回!$A:$A,日报!DD$3),"")
A35: 32 | B35: 1AZ | C35: 芜湖博康机电股份有限公司 | D35: 3.2.50.30.00834-000 | E35: _高压支路线束 | F35: 2000 | G35: 2780 | H35: =SUMIF(合格品入库记录!E:E,日报!D35,合格品入库记录!G:G) -> 500 | I35: =SUMIF(合格品出库记录!E:E,日报!D35,合格品出库记录!G:G) -> 440 | J35: =SUMIF(领跑良品退回!E:E,D35,领跑良品退回!G:G) -> 0 | K35: =M35+L35 -> 2840 | L35: =SUMIF(不良品库存!D:D,D:D,不良品库存!F:F) -> 0 | M35: =G35+H35-I35+J35 -> 2840 | N35: 1920 | O35: 1 | P35: =IF(SUMIFS(合格品入库记录!$G:$G,合格品入库记录!$E:$E,日报!$D:$D,合格品入库记录!$A:$A,日报!P$3)<>0,SUMIFS(合格品入库记录!$G:$G,合格品入库记录!$E:$E,日报!$D:$D,合格品入库记录!$A:$A,日报!P$3),"") -> 500 | Q35: =IF(SUMIFS(合格品入库记录!$G:$G,合格品入库记录!$E:$E,日报!$D:$D,合格品入库记录!$A:$A,日报!Q$3)<>0,SUMIFS(合格品入库记录!$G:$G,合格品入库记录!$E:$E,日报!$D:$D,合格品入库记录!$A:$A,日报!Q$3),"") | R35: =IF(SUMIFS(合格品入库记录!$G:$G,合格品入库记录!$E:$E,日报!$D:$D,合格品入库记录!$A:$A,日报!R$3)<>0,SUMIFS(合格品入库记录!$G:$G,合格品入库记录!$E:$E,日报!$D:$D,合格品入库记录!$A:$A,日报!R$3),"") | S35: =IF(SUMIFS(合格品入库记录!$G:$G,合格品入库记录!$E:$E,日报!$D:$D,合格品入库记录!$A:$A,日报!S$3)<>0,SUMIFS(合格品入库记录!$G:$G,合格品入库记录!$E:$E,日报!$D:$D,合格品入库记录!$A:$A,日报!S$3),"") | T35: =IF(SUMIFS(合格品入库记录!$G:$G,合格品入库记录!$E:$E,日报!$D:$D,合格品入库记录!$A:$A,日报!T$3)<>0,SUMIFS(合格品入库记录!$G:$G,合格品入库记录!$E:$E,日报!$D:$D,合格品入库记录!$A:$A,日报!T$3),"") | U35: =IF(SUMIFS(合格品入库记录!$G:$G,合格品入库记录!$E:$E,日报!$D:$D,合格品入库记录!$A:$A,日报!U$3)<>0,SUMIFS(合格品入库记录!$G:$G,合格品入库记录!$E:$E,日报!$D:$D,合格品入库记录!$A:$A,日报!U$3),"") | V35: =IF(SUMIFS(合格品入库记录!$G:$G,合格品入库记录!$E:$E,日报!$D:$D,合格品入库记录!$A:$A,日报!V$3)<>0,SUMIFS(合格品入库记录!$G:$G,合格品入库记录!$E:$E,日报!$D:$D,合格品入库记录!$A:$A,日报!V$3),"") | W35: =IF(SUMIFS(合格品入库记录!$G:$G,合格品入库记录!$E:$E,日报!$D:$D,合格品入库记录!$A:$A,日报!W$3)<>0,SUMIFS(合格品入库记录!$G:$G,合格品入库记录!$E:$E,日报!$D:$D,合格品入库记录!$A:$A,日报!W$3),"") | ... AT35: =IF(SUMIFS(合格品入库记录!$G:$G,合格品入库记录!$E:$E,日报!$D:$D,合格品入库记录!$A:$A,日报!AT$3)<>0,SUMIFS(合格品入库记录!$G:$G,合格品入库记录!$E:$E,日报!$D:$D,合格品入库记录!$A:$A,日报!AT$3),"") | AU35: =IF(SUMIFS(合格品出库记录!$G:$G,合格品出库记录!$E:$E,日报!$D:$D,合格品出库记录!$A:$A,日报!AU$3)<>0,SUMIFS(合格品出库记录!$G:$G,合格品出库记录!$E:$E,日报!$D:$D,合格品出库记录!$A:$A,日报!AU$3),"") -> 220 | AV35: =IF(SUMIFS(合格品出库记录!$G:$G,合格品出库记录!$E:$E,日报!$D:$D,合格品出库记录!$A:$A,日报!AV$3)<>0,SUMIFS(合格品出库记录!$G:$G,合格品出库记录!$E:$E,日报!$D:$D,合格品出库记录!$A:$A,日报!AV$3),"") | AW35: =IF(SUMIFS(合格品出库记录!$G:$G,合格品出库记录!$E:$E,日报!$D:$D,合格品出库记录!$A:$A,日报!AW$3)<>0,SUMIFS(合格品出库记录!$G:$G,合格品出库记录!$E:$E,日报!$D:$D,合格品出库记录!$A:$A,日报!AW$3),"") | AX35: =IF(SUMIFS(合格品出库记录!$G:$G,合格品出库记录!$E:$E,日报!$D:$D,合格品出库记录!$A:$A,日报!AX$3)<>0,SUMIFS(合格品出库记录!$G:$G,合格品出库记录!$E:$E,日报!$D:$D,合格品出库记录!$A:$A,日报!AX$3),"") -> 220 | AY35: =IF(SUMIFS(合格品出库记录!$G:$G,合格品出库记录!$E:$E,日报!$D:$D,合格品出库记录!$A:$A,日报!AY$3)<>0,SUMIFS(合格品出库记录!$G:$G,合格品出库记录!$E:$E,日报!$D:$D,合格品出库记录!$A:$A,日报!AY$3),"") | AZ35: =IF(SUMIFS(合格品出库记录!$G:$G,合格品出库记录!$E:$E,日报!$D:$D,合格品出库记录!$A:$A,日报!AZ$3)<>0,SUMIFS(合格品出库记录!$G:$G,合格品出库记录!$E:$E,日报!$D:$D,合格品出库记录!$A:$A,日报!AZ$3),"") | BA35: =IF(SUMIFS(合格品出库记录!$G:$G,合格品出库记录!$E:$E,日报!$D:$D,合格品出库记录!$A:$A,日报!BA$3)<>0,SUMIFS(合格品出库记录!$G:$G,合格品出库记录!$E:$E,日报!$D:$D,合格品出库记录!$A:$A,日报!BA$3),"") | BB35: =IF(SUMIFS(合格品出库记录!$G:$G,合格品出库记录!$E:$E,日报!$D:$D,合格品出库记录!$A:$A,日报!BB$3)<>0,SUMIFS(合格品出库记录!$G:$G,合格品出库记录!$E:$E,日报!$D:$D,合格品出库记录!$A:$A,日报!BB$3),"") | ... BY35: =IF(SUMIFS(合格品出库记录!$G:$G,合格品出库记录!$E:$E,日报!$D:$D,合格品出库记录!$A:$A,日报!BY$3)<>0,SUMIFS(合格品出库记录!$G:$G,合格品出库记录!$E:$E,日报!$D:$D,合格品出库记录!$A:$A,日报!BY$3),"") | BZ35: =IF(SUMIFS(领跑良品退回!$G:$G,领跑良品退回!$E:$E,日报!$D:$D,领跑良品退回!$A:$A,日报!BZ$3)<>0,SUMIFS(领跑良品退回!$G:$G,领跑良品退回!$E:$E,日报!$D:$D,领跑良品退回!$A:$A,日报!BZ$3),"") | CA35: =IF(SUMIFS(领跑良品退回!$G:$G,领跑良品退回!$E:$E,日报!$D:$D,领跑良品退回!$A:$A,日报!CA$3)<>0,SUMIFS(领跑良品退回!$G:$G,领跑良品退回!$E:$E,日报!$D:$D,领跑良品退回!$A:$A,日报!CA$3),"") | CB35: =IF(SUMIFS(领跑良品退回!$G:$G,领跑良品退回!$E:$E,日报!$D:$D,领跑良品退回!$A:$A,日报!CB$3)<>0,SUMIFS(领跑良品退回!$G:$G,领跑良品退回!$E:$E,日报!$D:$D,领跑良品退回!$A:$A,日报!CB$3),"") | CC35: =IF(SUMIFS(领跑良品退回!$G:$G,领跑良品退回!$E:$E,日报!$D:$D,领跑良品退回!$A:$A,日报!CC$3)<>0,SUMIFS(领跑良品退回!$G:$G,领跑良品退回!$E:$E,日报!$D:$D,领跑良品退回!$A:$A,日报!CC$3),"") | CD35: =IF(SUMIFS(领跑良品退回!$G:$G,领跑良品退回!$E:$E,日报!$D:$D,领跑良品退回!$A:$A,日报!CD$3)<>0,SUMIFS(领跑良品退回!$G:$G,领跑良品退回!$E:$E,日报!$D:$D,领跑良品退回!$A:$A,日报!CD$3),"") | CE35: =IF(SUMIFS(领跑良品退回!$G:$G,领跑良品退回!$E:$E,日报!$D:$D,领跑良品退回!$A:$A,日报!CE$3)<>0,SUMIFS(领跑良品退回!$G:$G,领跑良品退回!$E:$E,日报!$D:$D,领跑良品退回!$A:$A,日报!CE$3),"") | CF35: =IF(SUMIFS(领跑良品退回!$G:$G,领跑良品退回!$E:$E,日报!$D:$D,领跑良品退回!$A:$A,日报!CF$3)<>0,SUMIFS(领跑良品退回!$G:$G,领跑良品退回!$E:$E,日报!$D:$D,领跑良品退回!$A:$A,日报!CF$3),"") | CG35: =IF(SUMIFS(领跑良品退回!$G:$G,领跑良品退回!$E:$E,日报!$D:$D,领跑良品退回!$A:$A,日报!CG$3)<>0,SUMIFS(领跑良品退回!$G:$G,领跑良品退回!$E:$E,日报!$D:$D,领跑良品退回!$A:$A,日报!CG$3),"") | ... DD35: =IF(SUMIFS(领跑良品退回!$G:$G,领跑良品退回!$E:$E,日报!$D:$D,领跑良品退回!$A:$A,日报!DD$3)<>0,SUMIFS(领跑良品退回!$G:$G,领跑良品退回!$E:$E,日报!$D:$D,领跑良品退回!$A:$A,日报!DD$3),"")
A36: 33 | B36: 1AZ | C36: 芜湖博康机电股份有限公司 | D36: 3.2.50.30.00835-000 | E36: 水温互锁集成线束 | F36: 200 | G36: 9 | H36: =SUMIF(合格品入库记录!E:E,日报!D36,合格品入库记录!G:G) -> 0 | I36: =SUMIF(合格品出库记录!E:E,日报!D36,合格品出库记录!G:G) -> 0 | J36: =SUMIF(领跑良品退回!E:E,D36,领跑良品退回!G:G) -> 0 | K36: =M36+L36 -> 9 | L36: =SUMIF(不良品库存!D:D,D:D,不良品库存!F:F) -> 0 | M36: =G36+H36-I36+J36 -> 9 | N36: 720 | O36: 1 | P36: =IF(SUMIFS(合格品入库记录!$G:$G,合格品入库记录!$E:$E,日报!$D:$D,合格品入库记录!$A:$A,日报!P$3)<>0,SUMIFS(合格品入库记录!$G:$G,合格品入库记录!$E:$E,日报!$D:$D,合格品入库记录!$A:$A,日报!P$3),"") | Q36: =IF(SUMIFS(合格品入库记录!$G:$G,合格品入库记录!$E:$E,日报!$D:$D,合格品入库记录!$A:$A,日报!Q$3)<>0,SUMIFS(合格品入库记录!$G:$G,合格品入库记录!$E:$E,日报!$D:$D,合格品入库记录!$A:$A,日报!Q$3),"") | R36: =IF(SUMIFS(合格品入库记录!$G:$G,合格品入库记录!$E:$E,日报!$D:$D,合格品入库记录!$A:$A,日报!R$3)<>0,SUMIFS(合格品入库记录!$G:$G,合格品入库记录!$E:$E,日报!$D:$D,合格品入库记录!$A:$A,日报!R$3),"") | S36: =IF(SUMIFS(合格品入库记录!$G:$G,合格品入库记录!$E:$E,日报!$D:$D,合格品入库记录!$A:$A,日报!S$3)<>0,SUMIFS(合格品入库记录!$G:$G,合格品入库记录!$E:$E,日报!$D:$D,合格品入库记录!$A:$A,日报!S$3),"") | T36: =IF(SUMIFS(合格品入库记录!$G:$G,合格品入库记录!$E:$E,日报!$D:$D,合格品入库记录!$A:$A,日报!T$3)<>0,SUMIFS(合格品入库记录!$G:$G,合格品入库记录!$E:$E,日报!$D:$D,合格品入库记录!$A:$A,日报!T$3),"") | U36: =IF(SUMIFS(合格品入库记录!$G:$G,合格品入库记录!$E:$E,日报!$D:$D,合格品入库记录!$A:$A,日报!U$3)<>0,SUMIFS(合格品入库记录!$G:$G,合格品入库记录!$E:$E,日报!$D:$D,合格品入库记录!$A:$A,日报!U$3),"") | V36: =IF(SUMIFS(合格品入库记录!$G:$G,合格品入库记录!$E:$E,日报!$D:$D,合格品入库记录!$A:$A,日报!V$3)<>0,SUMIFS(合格品入库记录!$G:$G,合格品入库记录!$E:$E,日报!$D:$D,合格品入库记录!$A:$A,日报!V$3),"") | W36: =IF(SUMIFS(合格品入库记录!$G:$G,合格品入库记录!$E:$E,日报!$D:$D,合格品入库记录!$A:$A,日报!W$3)<>0,SUMIFS(合格品入库记录!$G:$G,合格品入库记录!$E:$E,日报!$D:$D,合格品入库记录!$A:$A,日报!W$3),"") | ... AT36: =IF(SUMIFS(合格品入库记录!$G:$G,合格品入库记录!$E:$E,日报!$D:$D,合格品入库记录!$A:$A,日报!AT$3)<>0,SUMIFS(合格品入库记录!$G:$G,合格品入库记录!$E:$E,日报!$D:$D,合格品入库记录!$A:$A,日报!AT$3),"") | AU36: =IF(SUMIFS(合格品出库记录!$G:$G,合格品出库记录!$E:$E,日报!$D:$D,合格品出库记录!$A:$A,日报!AU$3)<>0,SUMIFS(合格品出库记录!$G:$G,合格品出库记录!$E:$E,日报!$D:$D,合格品出库记录!$A:$A,日报!AU$3),"") | AV36: =IF(SUMIFS(合格品出库记录!$G:$G,合格品出库记录!$E:$E,日报!$D:$D,合格品出库记录!$A:$A,日报!AV$3)<>0,SUMIFS(合格品出库记录!$G:$G,合格品出库记录!$E:$E,日报!$D:$D,合格品出库记录!$A:$A,日报!AV$3),"") | AW36: =IF(SUMIFS(合格品出库记录!$G:$G,合格品出库记录!$E:$E,日报!$D:$D,合格品出库记录!$A:$A,日报!AW$3)<>0,SUMIFS(合格品出库记录!$G:$G,合格品出库记录!$E:$E,日报!$D:$D,合格品出库记录!$A:$A,日报!AW$3),"") | AX36: =IF(SUMIFS(合格品出库记录!$G:$G,合格品出库记录!$E:$E,日报!$D:$D,合格品出库记录!$A:$A,日报!AX$3)<>0,SUMIFS(合格品出库记录!$G:$G,合格品出库记录!$E:$E,日报!$D:$D,合格品出库记录!$A:$A,日报!AX$3),"") | AY36: =IF(SUMIFS(合格品出库记录!$G:$G,合格品出库记录!$E:$E,日报!$D:$D,合格品出库记录!$A:$A,日报!AY$3)<>0,SUMIFS(合格品出库记录!$G:$G,合格品出库记录!$E:$E,日报!$D:$D,合格品出库记录!$A:$A,日报!AY$3),"") | AZ36: =IF(SUMIFS(合格品出库记录!$G:$G,合格品出库记录!$E:$E,日报!$D:$D,合格品出库记录!$A:$A,日报!AZ$3)<>0,SUMIFS(合格品出库记录!$G:$G,合格品出库记录!$E:$E,日报!$D:$D,合格品出库记录!$A:$A,日报!AZ$3),"") | BA36: =IF(SUMIFS(合格品出库记录!$G:$G,合格品出库记录!$E:$E,日报!$D:$D,合格品出库记录!$A:$A,日报!BA$3)<>0,SUMIFS(合格品出库记录!$G:$G,合格品出库记录!$E:$E,日报!$D:$D,合格品出库记录!$A:$A,日报!BA$3),"") | BB36: =IF(SUMIFS(合格品出库记录!$G:$G,合格品出库记录!$E:$E,日报!$D:$D,合格品出库记录!$A:$A,日报!BB$3)<>0,SUMIFS(合格品出库记录!$G:$G,合格品出库记录!$E:$E,日报!$D:$D,合格品出库记录!$A:$A,日报!BB$3),"") | ... BY36: =IF(SUMIFS(合格品出库记录!$G:$G,合格品出库记录!$E:$E,日报!$D:$D,合格品出库记录!$A:$A,日报!BY$3)<>0,SUMIFS(合格品出库记录!$G:$G,合格品出库记录!$E:$E,日报!$D:$D,合格品出库记录!$A:$A,日报!BY$3),"") | BZ36: =IF(SUMIFS(领跑良品退回!$G:$G,领跑良品退回!$E:$E,日报!$D:$D,领跑良品退回!$A:$A,日报!BZ$3)<>0,SUMIFS(领跑良品退回!$G:$G,领跑良品退回!$E:$E,日报!$D:$D,领跑良品退回!$A:$A,日报!BZ$3),"") | CA36: =IF(SUMIFS(领跑良品退回!$G:$G,领跑良品退回!$E:$E,日报!$D:$D,领跑良品退回!$A:$A,日报!CA$3)<>0,SUMIFS(领跑良品退回!$G:$G,领跑良品退回!$E:$E,日报!$D:$D,领跑良品退回!$A:$A,日报!CA$3),"") | CB36: =IF(SUMIFS(领跑良品退回!$G:$G,领跑良品退回!$E:$E,日报!$D:$D,领跑良品退回!$A:$A,日报!CB$3)<>0,SUMIFS(领跑良品退回!$G:$G,领跑良品退回!$E:$E,日报!$D:$D,领跑良品退回!$A:$A,日报!CB$3),"") | CC36: =IF(SUMIFS(领跑良品退回!$G:$G,领跑良品退回!$E:$E,日报!$D:$D,领跑良品退回!$A:$A,日报!CC$3)<>0,SUMIFS(领跑良品退回!$G:$G,领跑良品退回!$E:$E,日报!$D:$D,领跑良品退回!$A:$A,日报!CC$3),"") | CD36: =IF(SUMIFS(领跑良品退回!$G:$G,领跑良品退回!$E:$E,日报!$D:$D,领跑良品退回!$A:$A,日报!CD$3)<>0,SUMIFS(领跑良品退回!$G:$G,领跑良品退回!$E:$E,日报!$D:$D,领跑良品退回!$A:$A,日报!CD$3),"") | CE36: =IF(SUMIFS(领跑良品退回!$G:$G,领跑良品退回!$E:$E,日报!$D:$D,领跑良品退回!$A:$A,日报!CE$3)<>0,SUMIFS(领跑良品退回!$G:$G,领跑良品退回!$E:$E,日报!$D:$D,领跑良品退回!$A:$A,日报!CE$3),"") | CF36: =IF(SUMIFS(领跑良品退回!$G:$G,领跑良品退回!$E:$E,日报!$D:$D,领跑良品退回!$A:$A,日报!CF$3)<>0,SUMIFS(领跑良品退回!$G:$G,领跑良品退回!$E:$E,日报!$D:$D,领跑良品退回!$A:$A,日报!CF$3),"") | CG36: =IF(SUMIFS(领跑良品退回!$G:$G,领跑良品退回!$E:$E,日报!$D:$D,领跑良品退回!$A:$A,日报!CG$3)<>0,SUMIFS(领跑良品退回!$G:$G,领跑良品退回!$E:$E,日报!$D:$D,领跑良品退回!$A:$A,日报!CG$3),"") | ... DD36: =IF(SUMIFS(领跑良品退回!$G:$G,领跑良品退回!$E:$E,日报!$D:$D,领跑良品退回!$A:$A,日报!DD$3)<>0,SUMIFS(领跑良品退回!$G:$G,领跑良品退回!$E:$E,日报!$D:$D,领跑良品退回!$A:$A,日报!DD$3),"")
A37: 34 | B37: 1AZ | C37: 芜湖博康机电股份有限公司 | D37: 3.2.50.30.00836-000 | E37: 菊花链线束 | F37: 41 | G37: 6000 | H37: =SUMIF(合格品入库记录!E:E,日报!D37,合格品入库记录!G:G) -> 0 | I37: =SUMIF(合格品出库记录!E:E,日报!D37,合格品出库记录!G:G) -> 2000 | J37: =SUMIF(领跑良品退回!E:E,D37,领跑良品退回!G:G) -> 0 | K37: =M37+L37 -> 4000 | L37: =SUMIF(不良品库存!D:D,D:D,不良品库存!F:F) -> 0 | M37: =G37+H37-I37+J37 -> 4000 | N37: 48000 | O37: 1 | P37: =IF(SUMIFS(合格品入库记录!$G:$G,合格品入库记录!$E:$E,日报!$D:$D,合格品入库记录!$A:$A,日报!P$3)<>0,SUMIFS(合格品入库记录!$G:$G,合格品入库记录!$E:$E,日报!$D:$D,合格品入库记录!$A:$A,日报!P$3),"") | Q37: =IF(SUMIFS(合格品入库记录!$G:$G,合格品入库记录!$E:$E,日报!$D:$D,合格品入库记录!$A:$A,日报!Q$3)<>0,SUMIFS(合格品入库记录!$G:$G,合格品入库记录!$E:$E,日报!$D:$D,合格品入库记录!$A:$A,日报!Q$3),"") | R37: =IF(SUMIFS(合格品入库记录!$G:$G,合格品入库记录!$E:$E,日报!$D:$D,合格品入库记录!$A:$A,日报!R$3)<>0,SUMIFS(合格品入库记录!$G:$G,合格品入库记录!$E:$E,日报!$D:$D,合格品入库记录!$A:$A,日报!R$3),"") | S37: =IF(SUMIFS(合格品入库记录!$G:$G,合格品入库记录!$E:$E,日报!$D:$D,合格品入库记录!$A:$A,日报!S$3)<>0,SUMIFS(合格品入库记录!$G:$G,合格品入库记录!$E:$E,日报!$D:$D,合格品入库记录!$A:$A,日报!S$3),"") | T37: =IF(SUMIFS(合格品入库记录!$G:$G,合格品入库记录!$E:$E,日报!$D:$D,合格品入库记录!$A:$A,日报!T$3)<>0,SUMIFS(合格品入库记录!$G:$G,合格品入库记录!$E:$E,日报!$D:$D,合格品入库记录!$A:$A,日报!T$3),"") | U37: =IF(SUMIFS(合格品入库记录!$G:$G,合格品入库记录!$E:$E,日报!$D:$D,合格品入库记录!$A:$A,日报!U$3)<>0,SUMIFS(合格品入库记录!$G:$G,合格品入库记录!$E:$E,日报!$D:$D,合格品入库记录!$A:$A,日报!U$3),"") | V37: =IF(SUMIFS(合格品入库记录!$G:$G,合格品入库记录!$E:$E,日报!$D:$D,合格品入库记录!$A:$A,日报!V$3)<>0,SUMIFS(合格品入库记录!$G:$G,合格品入库记录!$E:$E,日报!$D:$D,合格品入库记录!$A:$A,日报!V$3),"") | W37: =IF(SUMIFS(合格品入库记录!$G:$G,合格品入库记录!$E:$E,日报!$D:$D,合格品入库记录!$A:$A,日报!W$3)<>0,SUMIFS(合格品入库记录!$G:$G,合格品入库记录!$E:$E,日报!$D:$D,合格品入库记录!$A:$A,日报!W$3),"") | ... AT37: =IF(SUMIFS(合格品入库记录!$G:$G,合格品入库记录!$E:$E,日报!$D:$D,合格品入库记录!$A:$A,日报!AT$3)<>0,SUMIFS(合格品入库记录!$G:$G,合格品入库记录!$E:$E,日报!$D:$D,合格品入库记录!$A:$A,日报!AT$3),"") | AU37: =IF(SUMIFS(合格品出库记录!$G:$G,合格品出库记录!$E:$E,日报!$D:$D,合格品出库记录!$A:$A,日报!AU$3)<>0,SUMIFS(合格品出库记录!$G:$G,合格品出库记录!$E:$E,日报!$D:$D,合格品出库记录!$A:$A,日报!AU$3),"") | AV37: =IF(SUMIFS(合格品出库记录!$G:$G,合格品出库记录!$E:$E,日报!$D:$D,合格品出库记录!$A:$A,日报!AV$3)<>0,SUMIFS(合格品出库记录!$G:$G,合格品出库记录!$E:$E,日报!$D:$D,合格品出库记录!$A:$A,日报!AV$3),"") | AW37: =IF(SUMIFS(合格品出库记录!$G:$G,合格品出库记录!$E:$E,日报!$D:$D,合格品出库记录!$A:$A,日报!AW$3)<>0,SUMIFS(合格品出库记录!$G:$G,合格品出库记录!$E:$E,日报!$D:$D,合格品出库记录!$A:$A,日报!AW$3),"") | AX37: =IF(SUMIFS(合格品出库记录!$G:$G,合格品出库记录!$E:$E,日报!$D:$D,合格品出库记录!$A:$A,日报!AX$3)<>0,SUMIFS(合格品出库记录!$G:$G,合格品出库记录!$E:$E,日报!$D:$D,合格品出库记录!$A:$A,日报!AX$3),"") -> 2000 | AY37: =IF(SUMIFS(合格品出库记录!$G:$G,合格品出库记录!$E:$E,日报!$D:$D,合格品出库记录!$A:$A,日报!AY$3)<>0,SUMIFS(合格品出库记录!$G:$G,合格品出库记录!$E:$E,日报!$D:$D,合格品出库记录!$A:$A,日报!AY$3),"") | AZ37: =IF(SUMIFS(合格品出库记录!$G:$G,合格品出库记录!$E:$E,日报!$D:$D,合格品出库记录!$A:$A,日报!AZ$3)<>0,SUMIFS(合格品出库记录!$G:$G,合格品出库记录!$E:$E,日报!$D:$D,合格品出库记录!$A:$A,日报!AZ$3),"") | BA37: =IF(SUMIFS(合格品出库记录!$G:$G,合格品出库记录!$E:$E,日报!$D:$D,合格品出库记录!$A:$A,日报!BA$3)<>0,SUMIFS(合格品出库记录!$G:$G,合格品出库记录!$E:$E,日报!$D:$D,合格品出库记录!$A:$A,日报!BA$3),"") | BB37: =IF(SUMIFS(合格品出库记录!$G:$G,合格品出库记录!$E:$E,日报!$D:$D,合格品出库记录!$A:$A,日报!BB$3)<>0,SUMIFS(合格品出库记录!$G:$G,合格品出库记录!$E:$E,日报!$D:$D,合格品出库记录!$A:$A,日报!BB$3),"") | ... BY37: =IF(SUMIFS(合格品出库记录!$G:$G,合格品出库记录!$E:$E,日报!$D:$D,合格品出库记录!$A:$A,日报!BY$3)<>0,SUMIFS(合格品出库记录!$G:$G,合格品出库记录!$E:$E,日报!$D:$D,合格品出库记录!$A:$A,日报!BY$3),"") | BZ37: =IF(SUMIFS(领跑良品退回!$G:$G,领跑良品退回!$E:$E,日报!$D:$D,领跑良品退回!$A:$A,日报!BZ$3)<>0,SUMIFS(领跑良品退回!$G:$G,领跑良品退回!$E:$E,日报!$D:$D,领跑良品退回!$A:$A,日报!BZ$3),"") | CA37: =IF(SUMIFS(领跑良品退回!$G:$G,领跑良品退回!$E:$E,日报!$D:$D,领跑良品退回!$A:$A,日报!CA$3)<>0,SUMIFS(领跑良品退回!$G:$G,领跑良品退回!$E:$E,日报!$D:$D,领跑良品退回!$A:$A,日报!CA$3),"") | CB37: =IF(SUMIFS(领跑良品退回!$G:$G,领跑良品退回!$E:$E,日报!$D:$D,领跑良品退回!$A:$A,日报!CB$3)<>0,SUMIFS(领跑良品退回!$G:$G,领跑良品退回!$E:$E,日报!$D:$D,领跑良品退回!$A:$A,日报!CB$3),"") | CC37: =IF(SUMIFS(领跑良品退回!$G:$G,领跑良品退回!$E:$E,日报!$D:$D,领跑良品退回!$A:$A,日报!CC$3)<>0,SUMIFS(领跑良品退回!$G:$G,领跑良品退回!$E:$E,日报!$D:$D,领跑良品退回!$A:$A,日报!CC$3),"") | CD37: =IF(SUMIFS(领跑良品退回!$G:$G,领跑良品退回!$E:$E,日报!$D:$D,领跑良品退回!$A:$A,日报!CD$3)<>0,SUMIFS(领跑良品退回!$G:$G,领跑良品退回!$E:$E,日报!$D:$D,领跑良品退回!$A:$A,日报!CD$3),"") | CE37: =IF(SUMIFS(领跑良品退回!$G:$G,领跑良品退回!$E:$E,日报!$D:$D,领跑良品退回!$A:$A,日报!CE$3)<>0,SUMIFS(领跑良品退回!$G:$G,领跑良品退回!$E:$E,日报!$D:$D,领跑良品退回!$A:$A,日报!CE$3),"") | CF37: =IF(SUMIFS(领跑良品退回!$G:$G,领跑良品退回!$E:$E,日报!$D:$D,领跑良品退回!$A:$A,日报!CF$3)<>0,SUMIFS(领跑良品退回!$G:$G,领跑良品退回!$E:$E,日报!$D:$D,领跑良品退回!$A:$A,日报!CF$3),"") | CG37: =IF(SUMIFS(领跑良品退回!$G:$G,领跑良品退回!$E:$E,日报!$D:$D,领跑良品退回!$A:$A,日报!CG$3)<>0,SUMIFS(领跑良品退回!$G:$G,领跑良品退回!$E:$E,日报!$D:$D,领跑良品退回!$A:$A,日报!CG$3),"") | ... DD37: =IF(SUMIFS(领跑良品退回!$G:$G,领跑良品退回!$E:$E,日报!$D:$D,领跑良品退回!$A:$A,日报!DD$3)<>0,SUMIFS(领跑良品退回!$G:$G,领跑良品退回!$E:$E,日报!$D:$D,领跑良品退回!$A:$A,日报!DD$3),"")
... A40: 37 | B40: 1AZ | C40: 芜湖博康机电股份有限公司 | D40: 3.2.50.30.00491-000 | E40: 高压支路连接线束 | F40: 500 | G40: 1000 | H40: =SUMIF(合格品入库记录!E:E,日报!D40,合格品入库记录!G:G) -> 0 | I40: =SUMIF(合格品出库记录!E:E,日报!D40,合格品出库记录!G:G) -> 0 | J40: =SUMIF(领跑良品退回!E:E,D40,领跑良品退回!G:G) -> 0 | K40: =M40+L40 -> 1000 | L40: =SUMIF(不良品库存!D:D,D:D,不良品库存!F:F) -> 0 | M40: =G40+H40-I40+J40 -> 1000 | N40: 12000 | O40: 1 | P40: =IF(SUMIFS(合格品入库记录!$G:$G,合格品入库记录!$E:$E,日报!$D:$D,合格品入库记录!$A:$A,日报!P$3)<>0,SUMIFS(合格品入库记录!$G:$G,合格品入库记录!$E:$E,日报!$D:$D,合格品入库记录!$A:$A,日报!P$3),"") | Q40: =IF(SUMIFS(合格品入库记录!$G:$G,合格品入库记录!$E:$E,日报!$D:$D,合格品入库记录!$A:$A,日报!Q$3)<>0,SUMIFS(合格品入库记录!$G:$G,合格品入库记录!$E:$E,日报!$D:$D,合格品入库记录!$A:$A,日报!Q$3),"") | R40: =IF(SUMIFS(合格品入库记录!$G:$G,合格品入库记录!$E:$E,日报!$D:$D,合格品入库记录!$A:$A,日报!R$3)<>0,SUMIFS(合格品入库记录!$G:$G,合格品入库记录!$E:$E,日报!$D:$D,合格品入库记录!$A:$A,日报!R$3),"") | S40: =IF(SUMIFS(合格品入库记录!$G:$G,合格品入库记录!$E:$E,日报!$D:$D,合格品入库记录!$A:$A,日报!S$3)<>0,SUMIFS(合格品入库记录!$G:$G,合格品入库记录!$E:$E,日报!$D:$D,合格品入库记录!$A:$A,日报!S$3),"") | T40: =IF(SUMIFS(合格品入库记录!$G:$G,合格品入库记录!$E:$E,日报!$D:$D,合格品入库记录!$A:$A,日报!T$3)<>0,SUMIFS(合格品入库记录!$G:$G,合格品入库记录!$E:$E,日报!$D:$D,合格品入库记录!$A:$A,日报!T$3),"") | U40: =IF(SUMIFS(合格品入库记录!$G:$G,合格品入库记录!$E:$E,日报!$D:$D,合格品入库记录!$A:$A,日报!U$3)<>0,SUMIFS(合格品入库记录!$G:$G,合格品入库记录!$E:$E,日报!$D:$D,合格品入库记录!$A:$A,日报!U$3),"") | V40: =IF(SUMIFS(合格品入库记录!$G:$G,合格品入库记录!$E:$E,日报!$D:$D,合格品入库记录!$A:$A,日报!V$3)<>0,SUMIFS(合格品入库记录!$G:$G,合格品入库记录!$E:$E,日报!$D:$D,合格品入库记录!$A:$A,日报!V$3),"") | W40: =IF(SUMIFS(合格品入库记录!$G:$G,合格品入库记录!$E:$E,日报!$D:$D,合格品入库记录!$A:$A,日报!W$3)<>0,SUMIFS(合格品入库记录!$G:$G,合格品入库记录!$E:$E,日报!$D:$D,合格品入库记录!$A:$A,日报!W$3),"") | ... AT40: =IF(SUMIFS(合格品入库记录!$G:$G,合格品入库记录!$E:$E,日报!$D:$D,合格品入库记录!$A:$A,日报!AT$3)<>0,SUMIFS(合格品入库记录!$G:$G,合格品入库记录!$E:$E,日报!$D:$D,合格品入库记录!$A:$A,日报!AT$3),"") | AU40: =IF(SUMIFS(合格品出库记录!$G:$G,合格品出库记录!$E:$E,日报!$D:$D,合格品出库记录!$A:$A,日报!AU$3)<>0,SUMIFS(合格品出库记录!$G:$G,合格品出库记录!$E:$E,日报!$D:$D,合格品出库记录!$A:$A,日报!AU$3),"") | AV40: =IF(SUMIFS(合格品出库记录!$G:$G,合格品出库记录!$E:$E,日报!$D:$D,合格品出库记录!$A:$A,日报!AV$3)<>0,SUMIFS(合格品出库记录!$G:$G,合格品出库记录!$E:$E,日报!$D:$D,合格品出库记录!$A:$A,日报!AV$3),"") | AW40: =IF(SUMIFS(合格品出库记录!$G:$G,合格品出库记录!$E:$E,日报!$D:$D,合格品出库记录!$A:$A,日报!AW$3)<>0,SUMIFS(合格品出库记录!$G:$G,合格品出库记录!$E:$E,日报!$D:$D,合格品出库记录!$A:$A,日报!AW$3),"") | AX40: =IF(SUMIFS(合格品出库记录!$G:$G,合格品出库记录!$E:$E,日报!$D:$D,合格品出库记录!$A:$A,日报!AX$3)<>0,SUMIFS(合格品出库记录!$G:$G,合格品出库记录!$E:$E,日报!$D:$D,合格品出库记录!$A:$A,日报!AX$3),"") | AY40: =IF(SUMIFS(合格品出库记录!$G:$G,合格品出库记录!$E:$E,日报!$D:$D,合格品出库记录!$A:$A,日报!AY$3)<>0,SUMIFS(合格品出库记录!$G:$G,合格品出库记录!$E:$E,日报!$D:$D,合格品出库记录!$A:$A,日报!AY$3),"") | AZ40: =IF(SUMIFS(合格品出库记录!$G:$G,合格品出库记录!$E:$E,日报!$D:$D,合格品出库记录!$A:$A,日报!AZ$3)<>0,SUMIFS(合格品出库记录!$G:$G,合格品出库记录!$E:$E,日报!$D:$D,合格品出库记录!$A:$A,日报!AZ$3),"") | BA40: =IF(SUMIFS(合格品出库记录!$G:$G,合格品出库记录!$E:$E,日报!$D:$D,合格品出库记录!$A:$A,日报!BA$3)<>0,SUMIFS(合格品出库记录!$G:$G,合格品出库记录!$E:$E,日报!$D:$D,合格品出库记录!$A:$A,日报!BA$3),"") | BB40: =IF(SUMIFS(合格品出库记录!$G:$G,合格品出库记录!$E:$E,日报!$D:$D,合格品出库记录!$A:$A,日报!BB$3)<>0,SUMIFS(合格品出库记录!$G:$G,合格品出库记录!$E:$E,日报!$D:$D,合格品出库记录!$A:$A,日报!BB$3),"") | ... BY40: =IF(SUMIFS(合格品出库记录!$G:$G,合格品出库记录!$E:$E,日报!$D:$D,合格品出库记录!$A:$A,日报!BY$3)<>0,SUMIFS(合格品出库记录!$G:$G,合格品出库记录!$E:$E,日报!$D:$D,合格品出库记录!$A:$A,日报!BY$3),"") | BZ40: =IF(SUMIFS(领跑良品退回!$G:$G,领跑良品退回!$E:$E,日报!$D:$D,领跑良品退回!$A:$A,日报!BZ$3)<>0,SUMIFS(领跑良品退回!$G:$G,领跑良品退回!$E:$E,日报!$D:$D,领跑良品退回!$A:$A,日报!BZ$3),"") | CA40: =IF(SUMIFS(领跑良品退回!$G:$G,领跑良品退回!$E:$E,日报!$D:$D,领跑良品退回!$A:$A,日报!CA$3)<>0,SUMIFS(领跑良品退回!$G:$G,领跑良品退回!$E:$E,日报!$D:$D,领跑良品退回!$A:$A,日报!CA$3),"") | CB40: =IF(SUMIFS(领跑良品退回!$G:$G,领跑良品退回!$E:$E,日报!$D:$D,领跑良品退回!$A:$A,日报!CB$3)<>0,SUMIFS(领跑良品退回!$G:$G,领跑良品退回!$E:$E,日报!$D:$D,领跑良品退回!$A:$A,日报!CB$3),"") | CC40: =IF(SUMIFS(领跑良品退回!$G:$G,领跑良品退回!$E:$E,日报!$D:$D,领跑良品退回!$A:$A,日报!CC$3)<>0,SUMIFS(领跑良品退回!$G:$G,领跑良品退回!$E:$E,日报!$D:$D,领跑良品退回!$A:$A,日报!CC$3),"") | CD40: =IF(SUMIFS(领跑良品退回!$G:$G,领跑良品退回!$E:$E,日报!$D:$D,领跑良品退回!$A:$A,日报!CD$3)<>0,SUMIFS(领跑良品退回!$G:$G,领跑良品退回!$E:$E,日报!$D:$D,领跑良品退回!$A:$A,日报!CD$3),"") | CE40: =IF(SUMIFS(领跑良品退回!$G:$G,领跑良品退回!$E:$E,日报!$D:$D,领跑良品退回!$A:$A,日报!CE$3)<>0,SUMIFS(领跑良品退回!$G:$G,领跑良品退回!$E:$E,日报!$D:$D,领跑良品退回!$A:$A,日报!CE$3),"") | CF40: =IF(SUMIFS(领跑良品退回!$G:$G,领跑良品退回!$E:$E,日报!$D:$D,领跑良品退回!$A:$A,日报!CF$3)<>0,SUMIFS(领跑良品退回!$G:$G,领跑良品退回!$E:$E,日报!$D:$D,领跑良品退回!$A:$A,日报!CF$3),"") | CG40: =IF(SUMIFS(领跑良品退回!$G:$G,领跑良品退回!$E:$E,日报!$D:$D,领跑良品退回!$A:$A,日报!CG$3)<>0,SUMIFS(领跑良品退回!$G:$G,领跑良品退回!$E:$E,日报!$D:$D,领跑良品退回!$A:$A,日报!CG$3),"") | ... DD40: =IF(SUMIFS(领跑良品退回!$G:$G,领跑良品退回!$E:$E,日报!$D:$D,领跑良品退回!$A:$A,日报!DD$3)<>0,SUMIFS(领跑良品退回!$G:$G,领跑良品退回!$E:$E,日报!$D:$D,领跑良品退回!$A:$A,日报!DD$3),"")
A41: 38 | B41: 1AZ | C41: 芜湖博康机电股份有限公司 | D41: 3.2.50.30.00592-000 | E41: 外部通讯线束-B | F41: =IFERROR(VLOOKUP(D41,基础信息!D:F,3,FALSE),"0") -> 15 | G41: 6 | H41: =SUMIF(合格品入库记录!E:E,日报!D41,合格品入库记录!G:G) -> 0 | I41: =SUMIF(合格品出库记录!E:E,日报!D41,合格品出库记录!G:G) -> 0 | J41: =SUMIF(领跑良品退回!E:E,D41,领跑良品退回!G:G) -> 0 | K41: =M41+L41 -> 6 | L41: =SUMIF(不良品库存!D:D,D:D,不良品库存!F:F) -> 0 | M41: =G41+H41-I41+J41 -> 6 | N41: 360 | P41: =IF(SUMIFS(合格品入库记录!$G:$G,合格品入库记录!$E:$E,日报!$D:$D,合格品入库记录!$A:$A,日报!P$3)<>0,SUMIFS(合格品入库记录!$G:$G,合格品入库记录!$E:$E,日报!$D:$D,合格品入库记录!$A:$A,日报!P$3),"") | Q41: =IF(SUMIFS(合格品入库记录!$G:$G,合格品入库记录!$E:$E,日报!$D:$D,合格品入库记录!$A:$A,日报!Q$3)<>0,SUMIFS(合格品入库记录!$G:$G,合格品入库记录!$E:$E,日报!$D:$D,合格品入库记录!$A:$A,日报!Q$3),"") | R41: =IF(SUMIFS(合格品入库记录!$G:$G,合格品入库记录!$E:$E,日报!$D:$D,合格品入库记录!$A:$A,日报!R$3)<>0,SUMIFS(合格品入库记录!$G:$G,合格品入库记录!$E:$E,日报!$D:$D,合格品入库记录!$A:$A,日报!R$3),"") | S41: =IF(SUMIFS(合格品入库记录!$G:$G,合格品入库记录!$E:$E,日报!$D:$D,合格品入库记录!$A:$A,日报!S$3)<>0,SUMIFS(合格品入库记录!$G:$G,合格品入库记录!$E:$E,日报!$D:$D,合格品入库记录!$A:$A,日报!S$3),"") | T41: =IF(SUMIFS(合格品入库记录!$G:$G,合格品入库记录!$E:$E,日报!$D:$D,合格品入库记录!$A:$A,日报!T$3)<>0,SUMIFS(合格品入库记录!$G:$G,合格品入库记录!$E:$E,日报!$D:$D,合格品入库记录!$A:$A,日报!T$3),"") | U41: =IF(SUMIFS(合格品入库记录!$G:$G,合格品入库记录!$E:$E,日报!$D:$D,合格品入库记录!$A:$A,日报!U$3)<>0,SUMIFS(合格品入库记录!$G:$G,合格品入库记录!$E:$E,日报!$D:$D,合格品入库记录!$A:$A,日报!U$3),"") | V41: =IF(SUMIFS(合格品入库记录!$G:$G,合格品入库记录!$E:$E,日报!$D:$D,合格品入库记录!$A:$A,日报!V$3)<>0,SUMIFS(合格品入库记录!$G:$G,合格品入库记录!$E:$E,日报!$D:$D,合格品入库记录!$A:$A,日报!V$3),"") | W41: =IF(SUMIFS(合格品入库记录!$G:$G,合格品入库记录!$E:$E,日报!$D:$D,合格品入库记录!$A:$A,日报!W$3)<>0,SUMIFS(合格品入库记录!$G:$G,合格品入库记录!$E:$E,日报!$D:$D,合格品入库记录!$A:$A,日报!W$3),"") | ... AT41: =IF(SUMIFS(合格品入库记录!$G:$G,合格品入库记录!$E:$E,日报!$D:$D,合格品入库记录!$A:$A,日报!AT$3)<>0,SUMIFS(合格品入库记录!$G:$G,合格品入库记录!$E:$E,日报!$D:$D,合格品入库记录!$A:$A,日报!AT$3),"") | AU41: =IF(SUMIFS(合格品出库记录!$G:$G,合格品出库记录!$E:$E,日报!$D:$D,合格品出库记录!$A:$A,日报!AU$3)<>0,SUMIFS(合格品出库记录!$G:$G,合格品出库记录!$E:$E,日报!$D:$D,合格品出库记录!$A:$A,日报!AU$3),"") | AV41: =IF(SUMIFS(合格品出库记录!$G:$G,合格品出库记录!$E:$E,日报!$D:$D,合格品出库记录!$A:$A,日报!AV$3)<>0,SUMIFS(合格品出库记录!$G:$G,合格品出库记录!$E:$E,日报!$D:$D,合格品出库记录!$A:$A,日报!AV$3),"") | AW41: =IF(SUMIFS(合格品出库记录!$G:$G,合格品出库记录!$E:$E,日报!$D:$D,合格品出库记录!$A:$A,日报!AW$3)<>0,SUMIFS(合格品出库记录!$G:$G,合格品出库记录!$E:$E,日报!$D:$D,合格品出库记录!$A:$A,日报!AW$3),"") | AX41: =IF(SUMIFS(合格品出库记录!$G:$G,合格品出库记录!$E:$E,日报!$D:$D,合格品出库记录!$A:$A,日报!AX$3)<>0,SUMIFS(合格品出库记录!$G:$G,合格品出库记录!$E:$E,日报!$D:$D,合格品出库记录!$A:$A,日报!AX$3),"") | AY41: =IF(SUMIFS(合格品出库记录!$G:$G,合格品出库记录!$E:$E,日报!$D:$D,合格品出库记录!$A:$A,日报!AY$3)<>0,SUMIFS(合格品出库记录!$G:$G,合格品出库记录!$E:$E,日报!$D:$D,合格品出库记录!$A:$A,日报!AY$3),"") | AZ41: =IF(SUMIFS(合格品出库记录!$G:$G,合格品出库记录!$E:$E,日报!$D:$D,合格品出库记录!$A:$A,日报!AZ$3)<>0,SUMIFS(合格品出库记录!$G:$G,合格品出库记录!$E:$E,日报!$D:$D,合格品出库记录!$A:$A,日报!AZ$3),"") | BA41: =IF(SUMIFS(合格品出库记录!$G:$G,合格品出库记录!$E:$E,日报!$D:$D,合格品出库记录!$A:$A,日报!BA$3)<>0,SUMIFS(合格品出库记录!$G:$G,合格品出库记录!$E:$E,日报!$D:$D,合格品出库记录!$A:$A,日报!BA$3),"") | BB41: =IF(SUMIFS(合格品出库记录!$G:$G,合格品出库记录!$E:$E,日报!$D:$D,合格品出库记录!$A:$A,日报!BB$3)<>0,SUMIFS(合格品出库记录!$G:$G,合格品出库记录!$E:$E,日报!$D:$D,合格品出库记录!$A:$A,日报!BB$3),"") | ... BY41: =IF(SUMIFS(合格品出库记录!$G:$G,合格品出库记录!$E:$E,日报!$D:$D,合格品出库记录!$A:$A,日报!BY$3)<>0,SUMIFS(合格品出库记录!$G:$G,合格品出库记录!$E:$E,日报!$D:$D,合格品出库记录!$A:$A,日报!BY$3),"") | BZ41: =IF(SUMIFS(领跑良品退回!$G:$G,领跑良品退回!$E:$E,日报!$D:$D,领跑良品退回!$A:$A,日报!BZ$3)<>0,SUMIFS(领跑良品退回!$G:$G,领跑良品退回!$E:$E,日报!$D:$D,领跑良品退回!$A:$A,日报!BZ$3),"") | CA41: =IF(SUMIFS(领跑良品退回!$G:$G,领跑良品退回!$E:$E,日报!$D:$D,领跑良品退回!$A:$A,日报!CA$3)<>0,SUMIFS(领跑良品退回!$G:$G,领跑良品退回!$E:$E,日报!$D:$D,领跑良品退回!$A:$A,日报!CA$3),"") | CB41: =IF(SUMIFS(领跑良品退回!$G:$G,领跑良品退回!$E:$E,日报!$D:$D,领跑良品退回!$A:$A,日报!CB$3)<>0,SUMIFS(领跑良品退回!$G:$G,领跑良品退回!$E:$E,日报!$D:$D,领跑良品退回!$A:$A,日报!CB$3),"") | CC41: =IF(SUMIFS(领跑良品退回!$G:$G,领跑良品退回!$E:$E,日报!$D:$D,领跑良品退回!$A:$A,日报!CC$3)<>0,SUMIFS(领跑良品退回!$G:$G,领跑良品退回!$E:$E,日报!$D:$D,领跑良品退回!$A:$A,日报!CC$3),"") | CD41: =IF(SUMIFS(领跑良品退回!$G:$G,领跑良品退回!$E:$E,日报!$D:$D,领跑良品退回!$A:$A,日报!CD$3)<>0,SUMIFS(领跑良品退回!$G:$G,领跑良品退回!$E:$E,日报!$D:$D,领跑良品退回!$A:$A,日报!CD$3),"") | CE41: =IF(SUMIFS(领跑良品退回!$G:$G,领跑良品退回!$E:$E,日报!$D:$D,领跑良品退回!$A:$A,日报!CE$3)<>0,SUMIFS(领跑良品退回!$G:$G,领跑良品退回!$E:$E,日报!$D:$D,领跑良品退回!$A:$A,日报!CE$3),"") | CF41: =IF(SUMIFS(领跑良品退回!$G:$G,领跑良品退回!$E:$E,日报!$D:$D,领跑良品退回!$A:$A,日报!CF$3)<>0,SUMIFS(领跑良品退回!$G:$G,领跑良品退回!$E:$E,日报!$D:$D,领跑良品退回!$A:$A,日报!CF$3),"") | CG41: =IF(SUMIFS(领跑良品退回!$G:$G,领跑良品退回!$E:$E,日报!$D:$D,领跑良品退回!$A:$A,日报!CG$3)<>0,SUMIFS(领跑良品退回!$G:$G,领跑良品退回!$E:$E,日报!$D:$D,领跑良品退回!$A:$A,日报!CG$3),"") | ... DD41: =IF(SUMIFS(领跑良品退回!$G:$G,领跑良品退回!$E:$E,日报!$D:$D,领跑良品退回!$A:$A,日报!DD$3)<>0,SUMIFS(领跑良品退回!$G:$G,领跑良品退回!$E:$E,日报!$D:$D,领跑良品退回!$A:$A,日报!DD$3),"")
A42: 39 | B42: 1AZ | C42: 芜湖博康机电股份有限公司 | D42: 3.2.50.30.01040-000 | E42: C11RE-外部通讯线束 | F42: =IFERROR(VLOOKUP(D42,基础信息!D:F,3,FALSE),"0") -> 15 | G42: 197 | H42: =SUMIF(合格品入库记录!E:E,日报!D42,合格品入库记录!G:G) -> 0 | I42: =SUMIF(合格品出库记录!E:E,日报!D42,合格品出库记录!G:G) -> 0 | J42: =SUMIF(领跑良品退回!E:E,D42,领跑良品退回!G:G) -> 0 | K42: =M42+L42 -> 197 | L42: =SUMIF(不良品库存!D:D,D:D,不良品库存!F:F) -> 0 | M42: =G42+H42-I42+J42 -> 197 | N42: 360 | P42: =IF(SUMIFS(合格品入库记录!$G:$G,合格品入库记录!$E:$E,日报!$D:$D,合格品入库记录!$A:$A,日报!P$3)<>0,SUMIFS(合格品入库记录!$G:$G,合格品入库记录!$E:$E,日报!$D:$D,合格品入库记录!$A:$A,日报!P$3),"") | Q42: =IF(SUMIFS(合格品入库记录!$G:$G,合格品入库记录!$E:$E,日报!$D:$D,合格品入库记录!$A:$A,日报!Q$3)<>0,SUMIFS(合格品入库记录!$G:$G,合格品入库记录!$E:$E,日报!$D:$D,合格品入库记录!$A:$A,日报!Q$3),"") | R42: =IF(SUMIFS(合格品入库记录!$G:$G,合格品入库记录!$E:$E,日报!$D:$D,合格品入库记录!$A:$A,日报!R$3)<>0,SUMIFS(合格品入库记录!$G:$G,合格品入库记录!$E:$E,日报!$D:$D,合格品入库记录!$A:$A,日报!R$3),"") | S42: =IF(SUMIFS(合格品入库记录!$G:$G,合格品入库记录!$E:$E,日报!$D:$D,合格品入库记录!$A:$A,日报!S$3)<>0,SUMIFS(合格品入库记录!$G:$G,合格品入库记录!$E:$E,日报!$D:$D,合格品入库记录!$A:$A,日报!S$3),"") | T42: =IF(SUMIFS(合格品入库记录!$G:$G,合格品入库记录!$E:$E,日报!$D:$D,合格品入库记录!$A:$A,日报!T$3)<>0,SUMIFS(合格品入库记录!$G:$G,合格品入库记录!$E:$E,日报!$D:$D,合格品入库记录!$A:$A,日报!T$3),"") | U42: =IF(SUMIFS(合格品入库记录!$G:$G,合格品入库记录!$E:$E,日报!$D:$D,合格品入库记录!$A:$A,日报!U$3)<>0,SUMIFS(合格品入库记录!$G:$G,合格品入库记录!$E:$E,日报!$D:$D,合格品入库记录!$A:$A,日报!U$3),"") | V42: =IF(SUMIFS(合格品入库记录!$G:$G,合格品入库记录!$E:$E,日报!$D:$D,合格品入库记录!$A:$A,日报!V$3)<>0,SUMIFS(合格品入库记录!$G:$G,合格品入库记录!$E:$E,日报!$D:$D,合格品入库记录!$A:$A,日报!V$3),"") | W42: =IF(SUMIFS(合格品入库记录!$G:$G,合格品入库记录!$E:$E,日报!$D:$D,合格品入库记录!$A:$A,日报!W$3)<>0,SUMIFS(合格品入库记录!$G:$G,合格品入库记录!$E:$E,日报!$D:$D,合格品入库记录!$A:$A,日报!W$3),"") | ... AT42: =IF(SUMIFS(合格品入库记录!$G:$G,合格品入库记录!$E:$E,日报!$D:$D,合格品入库记录!$A:$A,日报!AT$3)<>0,SUMIFS(合格品入库记录!$G:$G,合格品入库记录!$E:$E,日报!$D:$D,合格品入库记录!$A:$A,日报!AT$3),"") | AU42: =IF(SUMIFS(合格品出库记录!$G:$G,合格品出库记录!$E:$E,日报!$D:$D,合格品出库记录!$A:$A,日报!AU$3)<>0,SUMIFS(合格品出库记录!$G:$G,合格品出库记录!$E:$E,日报!$D:$D,合格品出库记录!$A:$A,日报!AU$3),"") | AV42: =IF(SUMIFS(合格品出库记录!$G:$G,合格品出库记录!$E:$E,日报!$D:$D,合格品出库记录!$A:$A,日报!AV$3)<>0,SUMIFS(合格品出库记录!$G:$G,合格品出库记录!$E:$E,日报!$D:$D,合格品出库记录!$A:$A,日报!AV$3),"") | AW42: =IF(SUMIFS(合格品出库记录!$G:$G,合格品出库记录!$E:$E,日报!$D:$D,合格品出库记录!$A:$A,日报!AW$3)<>0,SUMIFS(合格品出库记录!$G:$G,合格品出库记录!$E:$E,日报!$D:$D,合格品出库记录!$A:$A,日报!AW$3),"") | AX42: =IF(SUMIFS(合格品出库记录!$G:$G,合格品出库记录!$E:$E,日报!$D:$D,合格品出库记录!$A:$A,日报!AX$3)<>0,SUMIFS(合格品出库记录!$G:$G,合格品出库记录!$E:$E,日报!$D:$D,合格品出库记录!$A:$A,日报!AX$3),"") | AY42: =IF(SUMIFS(合格品出库记录!$G:$G,合格品出库记录!$E:$E,日报!$D:$D,合格品出库记录!$A:$A,日报!AY$3)<>0,SUMIFS(合格品出库记录!$G:$G,合格品出库记录!$E:$E,日报!$D:$D,合格品出库记录!$A:$A,日报!AY$3),"") | AZ42: =IF(SUMIFS(合格品出库记录!$G:$G,合格品出库记录!$E:$E,日报!$D:$D,合格品出库记录!$A:$A,日报!AZ$3)<>0,SUMIFS(合格品出库记录!$G:$G,合格品出库记录!$E:$E,日报!$D:$D,合格品出库记录!$A:$A,日报!AZ$3),"") | BA42: =IF(SUMIFS(合格品出库记录!$G:$G,合格品出库记录!$E:$E,日报!$D:$D,合格品出库记录!$A:$A,日报!BA$3)<>0,SUMIFS(合格品出库记录!$G:$G,合格品出库记录!$E:$E,日报!$D:$D,合格品出库记录!$A:$A,日报!BA$3),"") | BB42: =IF(SUMIFS(合格品出库记录!$G:$G,合格品出库记录!$E:$E,日报!$D:$D,合格品出库记录!$A:$A,日报!BB$3)<>0,SUMIFS(合格品出库记录!$G:$G,合格品出库记录!$E:$E,日报!$D:$D,合格品出库记录!$A:$A,日报!BB$3),"") | ... BY42: =IF(SUMIFS(合格品出库记录!$G:$G,合格品出库记录!$E:$E,日报!$D:$D,合格品出库记录!$A:$A,日报!BY$3)<>0,SUMIFS(合格品出库记录!$G:$G,合格品出库记录!$E:$E,日报!$D:$D,合格品出库记录!$A:$A,日报!BY$3),"") | BZ42: =IF(SUMIFS(领跑良品退回!$G:$G,领跑良品退回!$E:$E,日报!$D:$D,领跑良品退回!$A:$A,日报!BZ$3)<>0,SUMIFS(领跑良品退回!$G:$G,领跑良品退回!$E:$E,日报!$D:$D,领跑良品退回!$A:$A,日报!BZ$3),"") | CA42: =IF(SUMIFS(领跑良品退回!$G:$G,领跑良品退回!$E:$E,日报!$D:$D,领跑良品退回!$A:$A,日报!CA$3)<>0,SUMIFS(领跑良品退回!$G:$G,领跑良品退回!$E:$E,日报!$D:$D,领跑良品退回!$A:$A,日报!CA$3),"") | CB42: =IF(SUMIFS(领跑良品退回!$G:$G,领跑良品退回!$E:$E,日报!$D:$D,领跑良品退回!$A:$A,日报!CB$3)<>0,SUMIFS(领跑良品退回!$G:$G,领跑良品退回!$E:$E,日报!$D:$D,领跑良品退回!$A:$A,日报!CB$3),"") | CC42: =IF(SUMIFS(领跑良品退回!$G:$G,领跑良品退回!$E:$E,日报!$D:$D,领跑良品退回!$A:$A,日报!CC$3)<>0,SUMIFS(领跑良品退回!$G:$G,领跑良品退回!$E:$E,日报!$D:$D,领跑良品退回!$A:$A,日报!CC$3),"") | CD42: =IF(SUMIFS(领跑良品退回!$G:$G,领跑良品退回!$E:$E,日报!$D:$D,领跑良品退回!$A:$A,日报!CD$3)<>0,SUMIFS(领跑良品退回!$G:$G,领跑良品退回!$E:$E,日报!$D:$D,领跑良品退回!$A:$A,日报!CD$3),"") | CE42: =IF(SUMIFS(领跑良品退回!$G:$G,领跑良品退回!$E:$E,日报!$D:$D,领跑良品退回!$A:$A,日报!CE$3)<>0,SUMIFS(领跑良品退回!$G:$G,领跑良品退回!$E:$E,日报!$D:$D,领跑良品退回!$A:$A,日报!CE$3),"") | CF42: =IF(SUMIFS(领跑良品退回!$G:$G,领跑良品退回!$E:$E,日报!$D:$D,领跑良品退回!$A:$A,日报!CF$3)<>0,SUMIFS(领跑良品退回!$G:$G,领跑良品退回!$E:$E,日报!$D:$D,领跑良品退回!$A:$A,日报!CF$3),"") | CG42: =IF(SUMIFS(领跑良品退回!$G:$G,领跑良品退回!$E:$E,日报!$D:$D,领跑良品退回!$A:$A,日报!CG$3)<>0,SUMIFS(领跑良品退回!$G:$G,领跑良品退回!$E:$E,日报!$D:$D,领跑良品退回!$A:$A,日报!CG$3),"") | ... DD42: =IF(SUMIFS(领跑良品退回!$G:$G,领跑良品退回!$E:$E,日报!$D:$D,领跑良品退回!$A:$A,日报!DD$3)<>0,SUMIFS(领跑良品退回!$G:$G,领跑良品退回!$E:$E,日报!$D:$D,领跑良品退回!$A:$A,日报!DD$3),"")
A43: 40 | B43: 1AZ | C43: 芜湖博康机电股份有限公司 | D43: 3.2.50.30.01041-000 | E43: C11RE-PBP-BMU-BDU线束-24Y | F43: =IFERROR(VLOOKUP(D43,基础信息!D:F,3,FALSE),"0") -> 50 | G43: 39 | H43: =SUMIF(合格品入库记录!E:E,日报!D43,合格品入库记录!G:G) -> 0 | I43: =SUMIF(合格品出库记录!E:E,日报!D43,合格品出库记录!G:G) -> 0 | J43: =SUMIF(领跑良品退回!E:E,D43,领跑良品退回!G:G) -> 0 | K43: =M43+L43 -> 39 | L43: =SUMIF(不良品库存!D:D,D:D,不良品库存!F:F) -> 0 | M43: =G43+H43-I43+J43 -> 39 | N43: 1200 | P43: =IF(SUMIFS(合格品入库记录!$G:$G,合格品入库记录!$E:$E,日报!$D:$D,合格品入库记录!$A:$A,日报!P$3)<>0,SUMIFS(合格品入库记录!$G:$G,合格品入库记录!$E:$E,日报!$D:$D,合格品入库记录!$A:$A,日报!P$3),"") | Q43: =IF(SUMIFS(合格品入库记录!$G:$G,合格品入库记录!$E:$E,日报!$D:$D,合格品入库记录!$A:$A,日报!Q$3)<>0,SUMIFS(合格品入库记录!$G:$G,合格品入库记录!$E:$E,日报!$D:$D,合格品入库记录!$A:$A,日报!Q$3),"") | R43: =IF(SUMIFS(合格品入库记录!$G:$G,合格品入库记录!$E:$E,日报!$D:$D,合格品入库记录!$A:$A,日报!R$3)<>0,SUMIFS(合格品入库记录!$G:$G,合格品入库记录!$E:$E,日报!$D:$D,合格品入库记录!$A:$A,日报!R$3),"") | S43: =IF(SUMIFS(合格品入库记录!$G:$G,合格品入库记录!$E:$E,日报!$D:$D,合格品入库记录!$A:$A,日报!S$3)<>0,SUMIFS(合格品入库记录!$G:$G,合格品入库记录!$E:$E,日报!$D:$D,合格品入库记录!$A:$A,日报!S$3),"") | T43: =IF(SUMIFS(合格品入库记录!$G:$G,合格品入库记录!$E:$E,日报!$D:$D,合格品入库记录!$A:$A,日报!T$3)<>0,SUMIFS(合格品入库记录!$G:$G,合格品入库记录!$E:$E,日报!$D:$D,合格品入库记录!$A:$A,日报!T$3),"") | U43: =IF(SUMIFS(合格品入库记录!$G:$G,合格品入库记录!$E:$E,日报!$D:$D,合格品入库记录!$A:$A,日报!U$3)<>0,SUMIFS(合格品入库记录!$G:$G,合格品入库记录!$E:$E,日报!$D:$D,合格品入库记录!$A:$A,日报!U$3),"") | V43: =IF(SUMIFS(合格品入库记录!$G:$G,合格品入库记录!$E:$E,日报!$D:$D,合格品入库记录!$A:$A,日报!V$3)<>0,SUMIFS(合格品入库记录!$G:$G,合格品入库记录!$E:$E,日报!$D:$D,合格品入库记录!$A:$A,日报!V$3),"") | W43: =IF(SUMIFS(合格品入库记录!$G:$G,合格品入库记录!$E:$E,日报!$D:$D,合格品入库记录!$A:$A,日报!W$3)<>0,SUMIFS(合格品入库记录!$G:$G,合格品入库记录!$E:$E,日报!$D:$D,合格品入库记录!$A:$A,日报!W$3),"") | ... AT43: =IF(SUMIFS(合格品入库记录!$G:$G,合格品入库记录!$E:$E,日报!$D:$D,合格品入库记录!$A:$A,日报!AT$3)<>0,SUMIFS(合格品入库记录!$G:$G,合格品入库记录!$E:$E,日报!$D:$D,合格品入库记录!$A:$A,日报!AT$3),"") | AU43: =IF(SUMIFS(合格品出库记录!$G:$G,合格品出库记录!$E:$E,日报!$D:$D,合格品出库记录!$A:$A,日报!AU$3)<>0,SUMIFS(合格品出库记录!$G:$G,合格品出库记录!$E:$E,日报!$D:$D,合格品出库记录!$A:$A,日报!AU$3),"") | AV43: =IF(SUMIFS(合格品出库记录!$G:$G,合格品出库记录!$E:$E,日报!$D:$D,合格品出库记录!$A:$A,日报!AV$3)<>0,SUMIFS(合格品出库记录!$G:$G,合格品出库记录!$E:$E,日报!$D:$D,合格品出库记录!$A:$A,日报!AV$3),"") | AW43: =IF(SUMIFS(合格品出库记录!$G:$G,合格品出库记录!$E:$E,日报!$D:$D,合格品出库记录!$A:$A,日报!AW$3)<>0,SUMIFS(合格品出库记录!$G:$G,合格品出库记录!$E:$E,日报!$D:$D,合格品出库记录!$A:$A,日报!AW$3),"") | AX43: =IF(SUMIFS(合格品出库记录!$G:$G,合格品出库记录!$E:$E,日报!$D:$D,合格品出库记录!$A:$A,日报!AX$3)<>0,SUMIFS(合格品出库记录!$G:$G,合格品出库记录!$E:$E,日报!$D:$D,合格品出库记录!$A:$A,日报!AX$3),"") | AY43: =IF(SUMIFS(合格品出库记录!$G:$G,合格品出库记录!$E:$E,日报!$D:$D,合格品出库记录!$A:$A,日报!AY$3)<>0,SUMIFS(合格品出库记录!$G:$G,合格品出库记录!$E:$E,日报!$D:$D,合格品出库记录!$A:$A,日报!AY$3),"") | AZ43: =IF(SUMIFS(合格品出库记录!$G:$G,合格品出库记录!$E:$E,日报!$D:$D,合格品出库记录!$A:$A,日报!AZ$3)<>0,SUMIFS(合格品出库记录!$G:$G,合格品出库记录!$E:$E,日报!$D:$D,合格品出库记录!$A:$A,日报!AZ$3),"") | BA43: =IF(SUMIFS(合格品出库记录!$G:$G,合格品出库记录!$E:$E,日报!$D:$D,合格品出库记录!$A:$A,日报!BA$3)<>0,SUMIFS(合格品出库记录!$G:$G,合格品出库记录!$E:$E,日报!$D:$D,合格品出库记录!$A:$A,日报!BA$3),"") | BB43: =IF(SUMIFS(合格品出库记录!$G:$G,合格品出库记录!$E:$E,日报!$D:$D,合格品出库记录!$A:$A,日报!BB$3)<>0,SUMIFS(合格品出库记录!$G:$G,合格品出库记录!$E:$E,日报!$D:$D,合格品出库记录!$A:$A,日报!BB$3),"") | ... BY43: =IF(SUMIFS(合格品出库记录!$G:$G,合格品出库记录!$E:$E,日报!$D:$D,合格品出库记录!$A:$A,日报!BY$3)<>0,SUMIFS(合格品出库记录!$G:$G,合格品出库记录!$E:$E,日报!$D:$D,合格品出库记录!$A:$A,日报!BY$3),"") | BZ43: =IF(SUMIFS(领跑良品退回!$G:$G,领跑良品退回!$E:$E,日报!$D:$D,领跑良品退回!$A:$A,日报!BZ$3)<>0,SUMIFS(领跑良品退回!$G:$G,领跑良品退回!$E:$E,日报!$D:$D,领跑良品退回!$A:$A,日报!BZ$3),"") | CA43: =IF(SUMIFS(领跑良品退回!$G:$G,领跑良品退回!$E:$E,日报!$D:$D,领跑良品退回!$A:$A,日报!CA$3)<>0,SUMIFS(领跑良品退回!$G:$G,领跑良品退回!$E:$E,日报!$D:$D,领跑良品退回!$A:$A,日报!CA$3),"") | CB43: =IF(SUMIFS(领跑良品退回!$G:$G,领跑良品退回!$E:$E,日报!$D:$D,领跑良品退回!$A:$A,日报!CB$3)<>0,SUMIFS(领跑良品退回!$G:$G,领跑良品退回!$E:$E,日报!$D:$D,领跑良品退回!$A:$A,日报!CB$3),"") | CC43: =IF(SUMIFS(领跑良品退回!$G:$G,领跑良品退回!$E:$E,日报!$D:$D,领跑良品退回!$A:$A,日报!CC$3)<>0,SUMIFS(领跑良品退回!$G:$G,领跑良品退回!$E:$E,日报!$D:$D,领跑良品退回!$A:$A,日报!CC$3),"") | CD43: =IF(SUMIFS(领跑良品退回!$G:$G,领跑良品退回!$E:$E,日报!$D:$D,领跑良品退回!$A:$A,日报!CD$3)<>0,SUMIFS(领跑良品退回!$G:$G,领跑良品退回!$E:$E,日报!$D:$D,领跑良品退回!$A:$A,日报!CD$3),"") | CE43: =IF(SUMIFS(领跑良品退回!$G:$G,领跑良品退回!$E:$E,日报!$D:$D,领跑良品退回!$A:$A,日报!CE$3)<>0,SUMIFS(领跑良品退回!$G:$G,领跑良品退回!$E:$E,日报!$D:$D,领跑良品退回!$A:$A,日报!CE$3),"") | CF43: =IF(SUMIFS(领跑良品退回!$G:$G,领跑良品退回!$E:$E,日报!$D:$D,领跑良品退回!$A:$A,日报!CF$3)<>0,SUMIFS(领跑良品退回!$G:$G,领跑良品退回!$E:$E,日报!$D:$D,领跑良品退回!$A:$A,日报!CF$3),"") | CG43: =IF(SUMIFS(领跑良品退回!$G:$G,领跑良品退回!$E:$E,日报!$D:$D,领跑良品退回!$A:$A,日报!CG$3)<>0,SUMIFS(领跑良品退回!$G:$G,领跑良品退回!$E:$E,日报!$D:$D,领跑良品退回!$A:$A,日报!CG$3),"") | ... DD43: =IF(SUMIFS(领跑良品退回!$G:$G,领跑良品退回!$E:$E,日报!$D:$D,领跑良品退回!$A:$A,日报!DD$3)<>0,SUMIFS(领跑良品退回!$G:$G,领跑良品退回!$E:$E,日报!$D:$D,领跑良品退回!$A:$A,日报!DD$3),"")
A44: 41 | B44: 1AZ | C44: 芜湖博康机电股份有限公司 | D44: 3.2.50.30.01037-000 | E44: 外部通讯线束 | F44: =IFERROR(VLOOKUP(D44,基础信息!D:F,3,FALSE),"0") -> 10 | G44: 14 | H44: =SUMIF(合格品入库记录!E:E,日报!D44,合格品入库记录!G:G) -> 0 | I44: =SUMIF(合格品出库记录!E:E,日报!D44,合格品出库记录!G:G) -> 0 | J44: =SUMIF(领跑良品退回!E:E,D44,领跑良品退回!G:G) -> 0 | K44: =M44+L44 -> 14 | L44: =SUMIF(不良品库存!D:D,D:D,不良品库存!F:F) -> 0 | M44: =G44+H44-I44+J44 -> 14 | N44: 240 | P44: =IF(SUMIFS(合格品入库记录!$G:$G,合格品入库记录!$E:$E,日报!$D:$D,合格品入库记录!$A:$A,日报!P$3)<>0,SUMIFS(合格品入库记录!$G:$G,合格品入库记录!$E:$E,日报!$D:$D,合格品入库记录!$A:$A,日报!P$3),"") | Q44: =IF(SUMIFS(合格品入库记录!$G:$G,合格品入库记录!$E:$E,日报!$D:$D,合格品入库记录!$A:$A,日报!Q$3)<>0,SUMIFS(合格品入库记录!$G:$G,合格品入库记录!$E:$E,日报!$D:$D,合格品入库记录!$A:$A,日报!Q$3),"") | R44: =IF(SUMIFS(合格品入库记录!$G:$G,合格品入库记录!$E:$E,日报!$D:$D,合格品入库记录!$A:$A,日报!R$3)<>0,SUMIFS(合格品入库记录!$G:$G,合格品入库记录!$E:$E,日报!$D:$D,合格品入库记录!$A:$A,日报!R$3),"") | S44: =IF(SUMIFS(合格品入库记录!$G:$G,合格品入库记录!$E:$E,日报!$D:$D,合格品入库记录!$A:$A,日报!S$3)<>0,SUMIFS(合格品入库记录!$G:$G,合格品入库记录!$E:$E,日报!$D:$D,合格品入库记录!$A:$A,日报!S$3),"") | T44: =IF(SUMIFS(合格品入库记录!$G:$G,合格品入库记录!$E:$E,日报!$D:$D,合格品入库记录!$A:$A,日报!T$3)<>0,SUMIFS(合格品入库记录!$G:$G,合格品入库记录!$E:$E,日报!$D:$D,合格品入库记录!$A:$A,日报!T$3),"") | U44: =IF(SUMIFS(合格品入库记录!$G:$G,合格品入库记录!$E:$E,日报!$D:$D,合格品入库记录!$A:$A,日报!U$3)<>0,SUMIFS(合格品入库记录!$G:$G,合格品入库记录!$E:$E,日报!$D:$D,合格品入库记录!$A:$A,日报!U$3),"") | V44: =IF(SUMIFS(合格品入库记录!$G:$G,合格品入库记录!$E:$E,日报!$D:$D,合格品入库记录!$A:$A,日报!V$3)<>0,SUMIFS(合格品入库记录!$G:$G,合格品入库记录!$E:$E,日报!$D:$D,合格品入库记录!$A:$A,日报!V$3),"") | W44: =IF(SUMIFS(合格品入库记录!$G:$G,合格品入库记录!$E:$E,日报!$D:$D,合格品入库记录!$A:$A,日报!W$3)<>0,SUMIFS(合格品入库记录!$G:$G,合格品入库记录!$E:$E,日报!$D:$D,合格品入库记录!$A:$A,日报!W$3),"") | ... AT44: =IF(SUMIFS(合格品入库记录!$G:$G,合格品入库记录!$E:$E,日报!$D:$D,合格品入库记录!$A:$A,日报!AT$3)<>0,SUMIFS(合格品入库记录!$G:$G,合格品入库记录!$E:$E,日报!$D:$D,合格品入库记录!$A:$A,日报!AT$3),"") | AU44: =IF(SUMIFS(合格品出库记录!$G:$G,合格品出库记录!$E:$E,日报!$D:$D,合格品出库记录!$A:$A,日报!AU$3)<>0,SUMIFS(合格品出库记录!$G:$G,合格品出库记录!$E:$E,日报!$D:$D,合格品出库记录!$A:$A,日报!AU$3),"") | AV44: =IF(SUMIFS(合格品出库记录!$G:$G,合格品出库记录!$E:$E,日报!$D:$D,合格品出库记录!$A:$A,日报!AV$3)<>0,SUMIFS(合格品出库记录!$G:$G,合格品出库记录!$E:$E,日报!$D:$D,合格品出库记录!$A:$A,日报!AV$3),"") | AW44: =IF(SUMIFS(合格品出库记录!$G:$G,合格品出库记录!$E:$E,日报!$D:$D,合格品出库记录!$A:$A,日报!AW$3)<>0,SUMIFS(合格品出库记录!$G:$G,合格品出库记录!$E:$E,日报!$D:$D,合格品出库记录!$A:$A,日报!AW$3),"") | AX44: =IF(SUMIFS(合格品出库记录!$G:$G,合格品出库记录!$E:$E,日报!$D:$D,合格品出库记录!$A:$A,日报!AX$3)<>0,SUMIFS(合格品出库记录!$G:$G,合格品出库记录!$E:$E,日报!$D:$D,合格品出库记录!$A:$A,日报!AX$3),"") | AY44: =IF(SUMIFS(合格品出库记录!$G:$G,合格品出库记录!$E:$E,日报!$D:$D,合格品出库记录!$A:$A,日报!AY$3)<>0,SUMIFS(合格品出库记录!$G:$G,合格品出库记录!$E:$E,日报!$D:$D,合格品出库记录!$A:$A,日报!AY$3),"") | AZ44: =IF(SUMIFS(合格品出库记录!$G:$G,合格品出库记录!$E:$E,日报!$D:$D,合格品出库记录!$A:$A,日报!AZ$3)<>0,SUMIFS(合格品出库记录!$G:$G,合格品出库记录!$E:$E,日报!$D:$D,合格品出库记录!$A:$A,日报!AZ$3),"") | BA44: =IF(SUMIFS(合格品出库记录!$G:$G,合格品出库记录!$E:$E,日报!$D:$D,合格品出库记录!$A:$A,日报!BA$3)<>0,SUMIFS(合格品出库记录!$G:$G,合格品出库记录!$E:$E,日报!$D:$D,合格品出库记录!$A:$A,日报!BA$3),"") | BB44: =IF(SUMIFS(合格品出库记录!$G:$G,合格品出库记录!$E:$E,日报!$D:$D,合格品出库记录!$A:$A,日报!BB$3)<>0,SUMIFS(合格品出库记录!$G:$G,合格品出库记录!$E:$E,日报!$D:$D,合格品出库记录!$A:$A,日报!BB$3),"") | ... BY44: =IF(SUMIFS(合格品出库记录!$G:$G,合格品出库记录!$E:$E,日报!$D:$D,合格品出库记录!$A:$A,日报!BY$3)<>0,SUMIFS(合格品出库记录!$G:$G,合格品出库记录!$E:$E,日报!$D:$D,合格品出库记录!$A:$A,日报!BY$3),"") | BZ44: =IF(SUMIFS(领跑良品退回!$G:$G,领跑良品退回!$E:$E,日报!$D:$D,领跑良品退回!$A:$A,日报!BZ$3)<>0,SUMIFS(领跑良品退回!$G:$G,领跑良品退回!$E:$E,日报!$D:$D,领跑良品退回!$A:$A,日报!BZ$3),"") | CA44: =IF(SUMIFS(领跑良品退回!$G:$G,领跑良品退回!$E:$E,日报!$D:$D,领跑良品退回!$A:$A,日报!CA$3)<>0,SUMIFS(领跑良品退回!$G:$G,领跑良品退回!$E:$E,日报!$D:$D,领跑良品退回!$A:$A,日报!CA$3),"") | CB44: =IF(SUMIFS(领跑良品退回!$G:$G,领跑良品退回!$E:$E,日报!$D:$D,领跑良品退回!$A:$A,日报!CB$3)<>0,SUMIFS(领跑良品退回!$G:$G,领跑良品退回!$E:$E,日报!$D:$D,领跑良品退回!$A:$A,日报!CB$3),"") | CC44: =IF(SUMIFS(领跑良品退回!$G:$G,领跑良品退回!$E:$E,日报!$D:$D,领跑良品退回!$A:$A,日报!CC$3)<>0,SUMIFS(领跑良品退回!$G:$G,领跑良品退回!$E:$E,日报!$D:$D,领跑良品退回!$A:$A,日报!CC$3),"") | CD44: =IF(SUMIFS(领跑良品退回!$G:$G,领跑良品退回!$E:$E,日报!$D:$D,领跑良品退回!$A:$A,日报!CD$3)<>0,SUMIFS(领跑良品退回!$G:$G,领跑良品退回!$E:$E,日报!$D:$D,领跑良品退回!$A:$A,日报!CD$3),"") | CE44: =IF(SUMIFS(领跑良品退回!$G:$G,领跑良品退回!$E:$E,日报!$D:$D,领跑良品退回!$A:$A,日报!CE$3)<>0,SUMIFS(领跑良品退回!$G:$G,领跑良品退回!$E:$E,日报!$D:$D,领跑良品退回!$A:$A,日报!CE$3),"") | CF44: =IF(SUMIFS(领跑良品退回!$G:$G,领跑良品退回!$E:$E,日报!$D:$D,领跑良品退回!$A:$A,日报!CF$3)<>0,SUMIFS(领跑良品退回!$G:$G,领跑良品退回!$E:$E,日报!$D:$D,领跑良品退回!$A:$A,日报!CF$3),"") | CG44: =IF(SUMIFS(领跑良品退回!$G:$G,领跑良品退回!$E:$E,日报!$D:$D,领跑良品退回!$A:$A,日报!CG$3)<>0,SUMIFS(领跑良品退回!$G:$G,领跑良品退回!$E:$E,日报!$D:$D,领跑良品退回!$A:$A,日报!CG$3),"") | ... DD44: =IF(SUMIFS(领跑良品退回!$G:$G,领跑良品退回!$E:$E,日报!$D:$D,领跑良品退回!$A:$A,日报!DD$3)<>0,SUMIFS(领跑良品退回!$G:$G,领跑良品退回!$E:$E,日报!$D:$D,领跑良品退回!$A:$A,日报!DD$3),"")
A45: 42 | B45: 1AZ | C45: 芜湖博康机电股份有限公司 | D45: 3.2.50.30.00838-000 | E45: 高压支路线束 | F45: =IFERROR(VLOOKUP(D45,基础信息!D:F,3,FALSE),"0") -> 20 | G45: 0 | H45: =SUMIF(合格品入库记录!E:E,日报!D45,合格品入库记录!G:G) -> 0 | I45: =SUMIF(合格品出库记录!E:E,日报!D45,合格品出库记录!G:G) -> 0 | J45: =SUMIF(领跑良品退回!E:E,D45,领跑良品退回!G:G) -> 0 | K45: =M45+L45 -> 0 | L45: =SUMIF(不良品库存!D:D,D:D,不良品库存!F:F) -> 0 | M45: =G45+H45-I45+J45 -> 0 | N45: #N/A | P45: =IF(SUMIFS(合格品入库记录!$G:$G,合格品入库记录!$E:$E,日报!$D:$D,合格品入库记录!$A:$A,日报!P$3)<>0,SUMIFS(合格品入库记录!$G:$G,合格品入库记录!$E:$E,日报!$D:$D,合格品入库记录!$A:$A,日报!P$3),"") | Q45: =IF(SUMIFS(合格品入库记录!$G:$G,合格品入库记录!$E:$E,日报!$D:$D,合格品入库记录!$A:$A,日报!Q$3)<>0,SUMIFS(合格品入库记录!$G:$G,合格品入库记录!$E:$E,日报!$D:$D,合格品入库记录!$A:$A,日报!Q$3),"") | R45: =IF(SUMIFS(合格品入库记录!$G:$G,合格品入库记录!$E:$E,日报!$D:$D,合格品入库记录!$A:$A,日报!R$3)<>0,SUMIFS(合格品入库记录!$G:$G,合格品入库记录!$E:$E,日报!$D:$D,合格品入库记录!$A:$A,日报!R$3),"") | S45: =IF(SUMIFS(合格品入库记录!$G:$G,合格品入库记录!$E:$E,日报!$D:$D,合格品入库记录!$A:$A,日报!S$3)<>0,SUMIFS(合格品入库记录!$G:$G,合格品入库记录!$E:$E,日报!$D:$D,合格品入库记录!$A:$A,日报!S$3),"") | T45: =IF(SUMIFS(合格品入库记录!$G:$G,合格品入库记录!$E:$E,日报!$D:$D,合格品入库记录!$A:$A,日报!T$3)<>0,SUMIFS(合格品入库记录!$G:$G,合格品入库记录!$E:$E,日报!$D:$D,合格品入库记录!$A:$A,日报!T$3),"") | U45: =IF(SUMIFS(合格品入库记录!$G:$G,合格品入库记录!$E:$E,日报!$D:$D,合格品入库记录!$A:$A,日报!U$3)<>0,SUMIFS(合格品入库记录!$G:$G,合格品入库记录!$E:$E,日报!$D:$D,合格品入库记录!$A:$A,日报!U$3),"") | V45: =IF(SUMIFS(合格品入库记录!$G:$G,合格品入库记录!$E:$E,日报!$D:$D,合格品入库记录!$A:$A,日报!V$3)<>0,SUMIFS(合格品入库记录!$G:$G,合格品入库记录!$E:$E,日报!$D:$D,合格品入库记录!$A:$A,日报!V$3),"") | W45: =IF(SUMIFS(合格品入库记录!$G:$G,合格品入库记录!$E:$E,日报!$D:$D,合格品入库记录!$A:$A,日报!W$3)<>0,SUMIFS(合格品入库记录!$G:$G,合格品入库记录!$E:$E,日报!$D:$D,合格品入库记录!$A:$A,日报!W$3),"") | ... AT45: =IF(SUMIFS(合格品入库记录!$G:$G,合格品入库记录!$E:$E,日报!$D:$D,合格品入库记录!$A:$A,日报!AT$3)<>0,SUMIFS(合格品入库记录!$G:$G,合格品入库记录!$E:$E,日报!$D:$D,合格品入库记录!$A:$A,日报!AT$3),"") | AU45: =IF(SUMIFS(合格品出库记录!$G:$G,合格品出库记录!$E:$E,日报!$D:$D,合格品出库记录!$A:$A,日报!AU$3)<>0,SUMIFS(合格品出库记录!$G:$G,合格品出库记录!$E:$E,日报!$D:$D,合格品出库记录!$A:$A,日报!AU$3),"") | AV45: =IF(SUMIFS(合格品出库记录!$G:$G,合格品出库记录!$E:$E,日报!$D:$D,合格品出库记录!$A:$A,日报!AV$3)<>0,SUMIFS(合格品出库记录!$G:$G,合格品出库记录!$E:$E,日报!$D:$D,合格品出库记录!$A:$A,日报!AV$3),"") | AW45: =IF(SUMIFS(合格品出库记录!$G:$G,合格品出库记录!$E:$E,日报!$D:$D,合格品出库记录!$A:$A,日报!AW$3)<>0,SUMIFS(合格品出库记录!$G:$G,合格品出库记录!$E:$E,日报!$D:$D,合格品出库记录!$A:$A,日报!AW$3),"") | AX45: =IF(SUMIFS(合格品出库记录!$G:$G,合格品出库记录!$E:$E,日报!$D:$D,合格品出库记录!$A:$A,日报!AX$3)<>0,SUMIFS(合格品出库记录!$G:$G,合格品出库记录!$E:$E,日报!$D:$D,合格品出库记录!$A:$A,日报!AX$3),"") | AY45: =IF(SUMIFS(合格品出库记录!$G:$G,合格品出库记录!$E:$E,日报!$D:$D,合格品出库记录!$A:$A,日报!AY$3)<>0,SUMIFS(合格品出库记录!$G:$G,合格品出库记录!$E:$E,日报!$D:$D,合格品出库记录!$A:$A,日报!AY$3),"") | AZ45: =IF(SUMIFS(合格品出库记录!$G:$G,合格品出库记录!$E:$E,日报!$D:$D,合格品出库记录!$A:$A,日报!AZ$3)<>0,SUMIFS(合格品出库记录!$G:$G,合格品出库记录!$E:$E,日报!$D:$D,合格品出库记录!$A:$A,日报!AZ$3),"") | BA45: =IF(SUMIFS(合格品出库记录!$G:$G,合格品出库记录!$E:$E,日报!$D:$D,合格品出库记录!$A:$A,日报!BA$3)<>0,SUMIFS(合格品出库记录!$G:$G,合格品出库记录!$E:$E,日报!$D:$D,合格品出库记录!$A:$A,日报!BA$3),"") | BB45: =IF(SUMIFS(合格品出库记录!$G:$G,合格品出库记录!$E:$E,日报!$D:$D,合格品出库记录!$A:$A,日报!BB$3)<>0,SUMIFS(合格品出库记录!$G:$G,合格品出库记录!$E:$E,日报!$D:$D,合格品出库记录!$A:$A,日报!BB$3),"") | ... BY45: =IF(SUMIFS(合格品出库记录!$G:$G,合格品出库记录!$E:$E,日报!$D:$D,合格品出库记录!$A:$A,日报!BY$3)<>0,SUMIFS(合格品出库记录!$G:$G,合格品出库记录!$E:$E,日报!$D:$D,合格品出库记录!$A:$A,日报!BY$3),"") | BZ45: =IF(SUMIFS(领跑良品退回!$G:$G,领跑良品退回!$E:$E,日报!$D:$D,领跑良品退回!$A:$A,日报!BZ$3)<>0,SUMIFS(领跑良品退回!$G:$G,领跑良品退回!$E:$E,日报!$D:$D,领跑良品退回!$A:$A,日报!BZ$3),"") | CA45: =IF(SUMIFS(领跑良品退回!$G:$G,领跑良品退回!$E:$E,日报!$D:$D,领跑良品退回!$A:$A,日报!CA$3)<>0,SUMIFS(领跑良品退回!$G:$G,领跑良品退回!$E:$E,日报!$D:$D,领跑良品退回!$A:$A,日报!CA$3),"") | CB45: =IF(SUMIFS(领跑良品退回!$G:$G,领跑良品退回!$E:$E,日报!$D:$D,领跑良品退回!$A:$A,日报!CB$3)<>0,SUMIFS(领跑良品退回!$G:$G,领跑良品退回!$E:$E,日报!$D:$D,领跑良品退回!$A:$A,日报!CB$3),"") | CC45: =IF(SUMIFS(领跑良品退回!$G:$G,领跑良品退回!$E:$E,日报!$D:$D,领跑良品退回!$A:$A,日报!CC$3)<>0,SUMIFS(领跑良品退回!$G:$G,领跑良品退回!$E:$E,日报!$D:$D,领跑良品退回!$A:$A,日报!CC$3),"") | CD45: =IF(SUMIFS(领跑良品退回!$G:$G,领跑良品退回!$E:$E,日报!$D:$D,领跑良品退回!$A:$A,日报!CD$3)<>0,SUMIFS(领跑良品退回!$G:$G,领跑良品退回!$E:$E,日报!$D:$D,领跑良品退回!$A:$A,日报!CD$3),"") | CE45: =IF(SUMIFS(领跑良品退回!$G:$G,领跑良品退回!$E:$E,日报!$D:$D,领跑良品退回!$A:$A,日报!CE$3)<>0,SUMIFS(领跑良品退回!$G:$G,领跑良品退回!$E:$E,日报!$D:$D,领跑良品退回!$A:$A,日报!CE$3),"") | CF45: =IF(SUMIFS(领跑良品退回!$G:$G,领跑良品退回!$E:$E,日报!$D:$D,领跑良品退回!$A:$A,日报!CF$3)<>0,SUMIFS(领跑良品退回!$G:$G,领跑良品退回!$E:$E,日报!$D:$D,领跑良品退回!$A:$A,日报!CF$3),"") | CG45: =IF(SUMIFS(领跑良品退回!$G:$G,领跑良品退回!$E:$E,日报!$D:$D,领跑良品退回!$A:$A,日报!CG$3)<>0,SUMIFS(领跑良品退回!$G:$G,领跑良品退回!$E:$E,日报!$D:$D,领跑良品退回!$A:$A,日报!CG$3),"") | ... DD45: =IF(SUMIFS(领跑良品退回!$G:$G,领跑良品退回!$E:$E,日报!$D:$D,领跑良品退回!$A:$A,日报!DD$3)<>0,SUMIFS(领跑良品退回!$G:$G,领跑良品退回!$E:$E,日报!$D:$D,领跑良品退回!$A:$A,日报!DD$3),"")
A46: 43 | B46: 1AZ | C46: 芜湖博康机电股份有限公司 | D46: 3.2.50.30.00839-000 | E46: 水温互锁集成线束 | F46: =IFERROR(VLOOKUP(D46,基础信息!D:F,3,FALSE),"0") -> 20 | G46: 0 | H46: =SUMIF(合格品入库记录!E:E,日报!D46,合格品入库记录!G:G) -> 0 | I46: =SUMIF(合格品出库记录!E:E,日报!D46,合格品出库记录!G:G) -> 0 | J46: =SUMIF(领跑良品退回!E:E,D46,领跑良品退回!G:G) -> 0 | K46: =M46+L46 -> 0 | L46: =SUMIF(不良品库存!D:D,D:D,不良品库存!F:F) -> 0 | M46: =G46+H46-I46+J46 -> 0 | N46: #N/A | P46: =IF(SUMIFS(合格品入库记录!$G:$G,合格品入库记录!$E:$E,日报!$D:$D,合格品入库记录!$A:$A,日报!P$3)<>0,SUMIFS(合格品入库记录!$G:$G,合格品入库记录!$E:$E,日报!$D:$D,合格品入库记录!$A:$A,日报!P$3),"") | Q46: =IF(SUMIFS(合格品入库记录!$G:$G,合格品入库记录!$E:$E,日报!$D:$D,合格品入库记录!$A:$A,日报!Q$3)<>0,SUMIFS(合格品入库记录!$G:$G,合格品入库记录!$E:$E,日报!$D:$D,合格品入库记录!$A:$A,日报!Q$3),"") | R46: =IF(SUMIFS(合格品入库记录!$G:$G,合格品入库记录!$E:$E,日报!$D:$D,合格品入库记录!$A:$A,日报!R$3)<>0,SUMIFS(合格品入库记录!$G:$G,合格品入库记录!$E:$E,日报!$D:$D,合格品入库记录!$A:$A,日报!R$3),"") | S46: =IF(SUMIFS(合格品入库记录!$G:$G,合格品入库记录!$E:$E,日报!$D:$D,合格品入库记录!$A:$A,日报!S$3)<>0,SUMIFS(合格品入库记录!$G:$G,合格品入库记录!$E:$E,日报!$D:$D,合格品入库记录!$A:$A,日报!S$3),"") | T46: =IF(SUMIFS(合格品入库记录!$G:$G,合格品入库记录!$E:$E,日报!$D:$D,合格品入库记录!$A:$A,日报!T$3)<>0,SUMIFS(合格品入库记录!$G:$G,合格品入库记录!$E:$E,日报!$D:$D,合格品入库记录!$A:$A,日报!T$3),"") | U46: =IF(SUMIFS(合格品入库记录!$G:$G,合格品入库记录!$E:$E,日报!$D:$D,合格品入库记录!$A:$A,日报!U$3)<>0,SUMIFS(合格品入库记录!$G:$G,合格品入库记录!$E:$E,日报!$D:$D,合格品入库记录!$A:$A,日报!U$3),"") | V46: =IF(SUMIFS(合格品入库记录!$G:$G,合格品入库记录!$E:$E,日报!$D:$D,合格品入库记录!$A:$A,日报!V$3)<>0,SUMIFS(合格品入库记录!$G:$G,合格品入库记录!$E:$E,日报!$D:$D,合格品入库记录!$A:$A,日报!V$3),"") | W46: =IF(SUMIFS(合格品入库记录!$G:$G,合格品入库记录!$E:$E,日报!$D:$D,合格品入库记录!$A:$A,日报!W$3)<>0,SUMIFS(合格品入库记录!$G:$G,合格品入库记录!$E:$E,日报!$D:$D,合格品入库记录!$A:$A,日报!W$3),"") | ... AT46: =IF(SUMIFS(合格品入库记录!$G:$G,合格品入库记录!$E:$E,日报!$D:$D,合格品入库记录!$A:$A,日报!AT$3)<>0,SUMIFS(合格品入库记录!$G:$G,合格品入库记录!$E:$E,日报!$D:$D,合格品入库记录!$A:$A,日报!AT$3),"") | AU46: =IF(SUMIFS(合格品出库记录!$G:$G,合格品出库记录!$E:$E,日报!$D:$D,合格品出库记录!$A:$A,日报!AU$3)<>0,SUMIFS(合格品出库记录!$G:$G,合格品出库记录!$E:$E,日报!$D:$D,合格品出库记录!$A:$A,日报!AU$3),"") | AV46: =IF(SUMIFS(合格品出库记录!$G:$G,合格品出库记录!$E:$E,日报!$D:$D,合格品出库记录!$A:$A,日报!AV$3)<>0,SUMIFS(合格品出库记录!$G:$G,合格品出库记录!$E:$E,日报!$D:$D,合格品出库记录!$A:$A,日报!AV$3),"") | AW46: =IF(SUMIFS(合格品出库记录!$G:$G,合格品出库记录!$E:$E,日报!$D:$D,合格品出库记录!$A:$A,日报!AW$3)<>0,SUMIFS(合格品出库记录!$G:$G,合格品出库记录!$E:$E,日报!$D:$D,合格品出库记录!$A:$A,日报!AW$3),"") | AX46: =IF(SUMIFS(合格品出库记录!$G:$G,合格品出库记录!$E:$E,日报!$D:$D,合格品出库记录!$A:$A,日报!AX$3)<>0,SUMIFS(合格品出库记录!$G:$G,合格品出库记录!$E:$E,日报!$D:$D,合格品出库记录!$A:$A,日报!AX$3),"") | AY46: =IF(SUMIFS(合格品出库记录!$G:$G,合格品出库记录!$E:$E,日报!$D:$D,合格品出库记录!$A:$A,日报!AY$3)<>0,SUMIFS(合格品出库记录!$G:$G,合格品出库记录!$E:$E,日报!$D:$D,合格品出库记录!$A:$A,日报!AY$3),"") | AZ46: =IF(SUMIFS(合格品出库记录!$G:$G,合格品出库记录!$E:$E,日报!$D:$D,合格品出库记录!$A:$A,日报!AZ$3)<>0,SUMIFS(合格品出库记录!$G:$G,合格品出库记录!$E:$E,日报!$D:$D,合格品出库记录!$A:$A,日报!AZ$3),"") | BA46: =IF(SUMIFS(合格品出库记录!$G:$G,合格品出库记录!$E:$E,日报!$D:$D,合格品出库记录!$A:$A,日报!BA$3)<>0,SUMIFS(合格品出库记录!$G:$G,合格品出库记录!$E:$E,日报!$D:$D,合格品出库记录!$A:$A,日报!BA$3),"") | BB46: =IF(SUMIFS(合格品出库记录!$G:$G,合格品出库记录!$E:$E,日报!$D:$D,合格品出库记录!$A:$A,日报!BB$3)<>0,SUMIFS(合格品出库记录!$G:$G,合格品出库记录!$E:$E,日报!$D:$D,合格品出库记录!$A:$A,日报!BB$3),"") | ... BY46: =IF(SUMIFS(合格品出库记录!$G:$G,合格品出库记录!$E:$E,日报!$D:$D,合格品出库记录!$A:$A,日报!BY$3)<>0,SUMIFS(合格品出库记录!$G:$G,合格品出库记录!$E:$E,日报!$D:$D,合格品出库记录!$A:$A,日报!BY$3),"") | BZ46: =IF(SUMIFS(领跑良品退回!$G:$G,领跑良品退回!$E:$E,日报!$D:$D,领跑良品退回!$A:$A,日报!BZ$3)<>0,SUMIFS(领跑良品退回!$G:$G,领跑良品退回!$E:$E,日报!$D:$D,领跑良品退回!$A:$A,日报!BZ$3),"") | CA46: =IF(SUMIFS(领跑良品退回!$G:$G,领跑良品退回!$E:$E,日报!$D:$D,领跑良品退回!$A:$A,日报!CA$3)<>0,SUMIFS(领跑良品退回!$G:$G,领跑良品退回!$E:$E,日报!$D:$D,领跑良品退回!$A:$A,日报!CA$3),"") | CB46: =IF(SUMIFS(领跑良品退回!$G:$G,领跑良品退回!$E:$E,日报!$D:$D,领跑良品退回!$A:$A,日报!CB$3)<>0,SUMIFS(领跑良品退回!$G:$G,领跑良品退回!$E:$E,日报!$D:$D,领跑良品退回!$A:$A,日报!CB$3),"") | CC46: =IF(SUMIFS(领跑良品退回!$G:$G,领跑良品退回!$E:$E,日报!$D:$D,领跑良品退回!$A:$A,日报!CC$3)<>0,SUMIFS(领跑良品退回!$G:$G,领跑良品退回!$E:$E,日报!$D:$D,领跑良品退回!$A:$A,日报!CC$3),"") | CD46: =IF(SUMIFS(领跑良品退回!$G:$G,领跑良品退回!$E:$E,日报!$D:$D,领跑良品退回!$A:$A,日报!CD$3)<>0,SUMIFS(领跑良品退回!$G:$G,领跑良品退回!$E:$E,日报!$D:$D,领跑良品退回!$A:$A,日报!CD$3),"") | CE46: =IF(SUMIFS(领跑良品退回!$G:$G,领跑良品退回!$E:$E,日报!$D:$D,领跑良品退回!$A:$A,日报!CE$3)<>0,SUMIFS(领跑良品退回!$G:$G,领跑良品退回!$E:$E,日报!$D:$D,领跑良品退回!$A:$A,日报!CE$3),"") | CF46: =IF(SUMIFS(领跑良品退回!$G:$G,领跑良品退回!$E:$E,日报!$D:$D,领跑良品退回!$A:$A,日报!CF$3)<>0,SUMIFS(领跑良品退回!$G:$G,领跑良品退回!$E:$E,日报!$D:$D,领跑良品退回!$A:$A,日报!CF$3),"") | CG46: =IF(SUMIFS(领跑良品退回!$G:$G,领跑良品退回!$E:$E,日报!$D:$D,领跑良品退回!$A:$A,日报!CG$3)<>0,SUMIFS(领跑良品退回!$G:$G,领跑良品退回!$E:$E,日报!$D:$D,领跑良品退回!$A:$A,日报!CG$3),"") | ... DD46: =IF(SUMIFS(领跑良品退回!$G:$G,领跑良品退回!$E:$E,日报!$D:$D,领跑良品退回!$A:$A,日报!DD$3)<>0,SUMIFS(领跑良品退回!$G:$G,领跑良品退回!$E:$E,日报!$D:$D,领跑良品退回!$A:$A,日报!DD$3),"")
A47: 44 | B47: 1AZ | C47: 芜湖博康机电股份有限公司 | D47: 3.2.49.08.00989-000 | E47: YLCN-CCS总成-模组2 | F47: =IFERROR(VLOOKUP(D47,基础信息!D:F,3,FALSE),"0") -> 0 | G47: 0 | H47: =SUMIF(合格品入库记录!E:E,日报!D47,合格品入库记录!G:G) -> 0 | I47: =SUMIF(合格品出库记录!E:E,日报!D47,合格品出库记录!G:G) -> 0 | J47: =SUMIF(领跑良品退回!E:E,D47,领跑良品退回!G:G) -> 0 | K47: =M47+L47 -> 0 | L47: =SUMIF(不良品库存!D:D,D:D,不良品库存!F:F) -> 0 | M47: =G47+H47-I47+J47 -> 0 | N47: #N/A | P47: =IF(SUMIFS(合格品入库记录!$G:$G,合格品入库记录!$E:$E,日报!$D:$D,合格品入库记录!$A:$A,日报!P$3)<>0,SUMIFS(合格品入库记录!$G:$G,合格品入库记录!$E:$E,日报!$D:$D,合格品入库记录!$A:$A,日报!P$3),"") | Q47: =IF(SUMIFS(合格品入库记录!$G:$G,合格品入库记录!$E:$E,日报!$D:$D,合格品入库记录!$A:$A,日报!Q$3)<>0,SUMIFS(合格品入库记录!$G:$G,合格品入库记录!$E:$E,日报!$D:$D,合格品入库记录!$A:$A,日报!Q$3),"") | R47: =IF(SUMIFS(合格品入库记录!$G:$G,合格品入库记录!$E:$E,日报!$D:$D,合格品入库记录!$A:$A,日报!R$3)<>0,SUMIFS(合格品入库记录!$G:$G,合格品入库记录!$E:$E,日报!$D:$D,合格品入库记录!$A:$A,日报!R$3),"") | S47: =IF(SUMIFS(合格品入库记录!$G:$G,合格品入库记录!$E:$E,日报!$D:$D,合格品入库记录!$A:$A,日报!S$3)<>0,SUMIFS(合格品入库记录!$G:$G,合格品入库记录!$E:$E,日报!$D:$D,合格品入库记录!$A:$A,日报!S$3),"") | T47: =IF(SUMIFS(合格品入库记录!$G:$G,合格品入库记录!$E:$E,日报!$D:$D,合格品入库记录!$A:$A,日报!T$3)<>0,SUMIFS(合格品入库记录!$G:$G,合格品入库记录!$E:$E,日报!$D:$D,合格品入库记录!$A:$A,日报!T$3),"") | U47: =IF(SUMIFS(合格品入库记录!$G:$G,合格品入库记录!$E:$E,日报!$D:$D,合格品入库记录!$A:$A,日报!U$3)<>0,SUMIFS(合格品入库记录!$G:$G,合格品入库记录!$E:$E,日报!$D:$D,合格品入库记录!$A:$A,日报!U$3),"") | V47: =IF(SUMIFS(合格品入库记录!$G:$G,合格品入库记录!$E:$E,日报!$D:$D,合格品入库记录!$A:$A,日报!V$3)<>0,SUMIFS(合格品入库记录!$G:$G,合格品入库记录!$E:$E,日报!$D:$D,合格品入库记录!$A:$A,日报!V$3),"") | W47: =IF(SUMIFS(合格品入库记录!$G:$G,合格品入库记录!$E:$E,日报!$D:$D,合格品入库记录!$A:$A,日报!W$3)<>0,SUMIFS(合格品入库记录!$G:$G,合格品入库记录!$E:$E,日报!$D:$D,合格品入库记录!$A:$A,日报!W$3),"") | ... AT47: =IF(SUMIFS(合格品入库记录!$G:$G,合格品入库记录!$E:$E,日报!$D:$D,合格品入库记录!$A:$A,日报!AT$3)<>0,SUMIFS(合格品入库记录!$G:$G,合格品入库记录!$E:$E,日报!$D:$D,合格品入库记录!$A:$A,日报!AT$3),"") | AU47: =IF(SUMIFS(合格品出库记录!$G:$G,合格品出库记录!$E:$E,日报!$D:$D,合格品出库记录!$A:$A,日报!AU$3)<>0,SUMIFS(合格品出库记录!$G:$G,合格品出库记录!$E:$E,日报!$D:$D,合格品出库记录!$A:$A,日报!AU$3),"") | AV47: =IF(SUMIFS(合格品出库记录!$G:$G,合格品出库记录!$E:$E,日报!$D:$D,合格品出库记录!$A:$A,日报!AV$3)<>0,SUMIFS(合格品出库记录!$G:$G,合格品出库记录!$E:$E,日报!$D:$D,合格品出库记录!$A:$A,日报!AV$3),"") | AW47: =IF(SUMIFS(合格品出库记录!$G:$G,合格品出库记录!$E:$E,日报!$D:$D,合格品出库记录!$A:$A,日报!AW$3)<>0,SUMIFS(合格品出库记录!$G:$G,合格品出库记录!$E:$E,日报!$D:$D,合格品出库记录!$A:$A,日报!AW$3),"") | AX47: =IF(SUMIFS(合格品出库记录!$G:$G,合格品出库记录!$E:$E,日报!$D:$D,合格品出库记录!$A:$A,日报!AX$3)<>0,SUMIFS(合格品出库记录!$G:$G,合格品出库记录!$E:$E,日报!$D:$D,合格品出库记录!$A:$A,日报!AX$3),"") | AY47: =IF(SUMIFS(合格品出库记录!$G:$G,合格品出库记录!$E:$E,日报!$D:$D,合格品出库记录!$A:$A,日报!AY$3)<>0,SUMIFS(合格品出库记录!$G:$G,合格品出库记录!$E:$E,日报!$D:$D,合格品出库记录!$A:$A,日报!AY$3),"") | AZ47: =IF(SUMIFS(合格品出库记录!$G:$G,合格品出库记录!$E:$E,日报!$D:$D,合格品出库记录!$A:$A,日报!AZ$3)<>0,SUMIFS(合格品出库记录!$G:$G,合格品出库记录!$E:$E,日报!$D:$D,合格品出库记录!$A:$A,日报!AZ$3),"") | BA47: =IF(SUMIFS(合格品出库记录!$G:$G,合格品出库记录!$E:$E,日报!$D:$D,合格品出库记录!$A:$A,日报!BA$3)<>0,SUMIFS(合格品出库记录!$G:$G,合格品出库记录!$E:$E,日报!$D:$D,合格品出库记录!$A:$A,日报!BA$3),"") | BB47: =IF(SUMIFS(合格品出库记录!$G:$G,合格品出库记录!$E:$E,日报!$D:$D,合格品出库记录!$A:$A,日报!BB$3)<>0,SUMIFS(合格品出库记录!$G:$G,合格品出库记录!$E:$E,日报!$D:$D,合格品出库记录!$A:$A,日报!BB$3),"") | ... BY47: =IF(SUMIFS(合格品出库记录!$G:$G,合格品出库记录!$E:$E,日报!$D:$D,合格品出库记录!$A:$A,日报!BY$3)<>0,SUMIFS(合格品出库记录!$G:$G,合格品出库记录!$E:$E,日报!$D:$D,合格品出库记录!$A:$A,日报!BY$3),"") | BZ47: =IF(SUMIFS(领跑良品退回!$G:$G,领跑良品退回!$E:$E,日报!$D:$D,领跑良品退回!$A:$A,日报!BZ$3)<>0,SUMIFS(领跑良品退回!$G:$G,领跑良品退回!$E:$E,日报!$D:$D,领跑良品退回!$A:$A,日报!BZ$3),"") | CA47: =IF(SUMIFS(领跑良品退回!$G:$G,领跑良品退回!$E:$E,日报!$D:$D,领跑良品退回!$A:$A,日报!CA$3)<>0,SUMIFS(领跑良品退回!$G:$G,领跑良品退回!$E:$E,日报!$D:$D,领跑良品退回!$A:$A,日报!CA$3),"") | CB47: =IF(SUMIFS(领跑良品退回!$G:$G,领跑良品退回!$E:$E,日报!$D:$D,领跑良品退回!$A:$A,日报!CB$3)<>0,SUMIFS(领跑良品退回!$G:$G,领跑良品退回!$E:$E,日报!$D:$D,领跑良品退回!$A:$A,日报!CB$3),"") | CC47: =IF(SUMIFS(领跑良品退回!$G:$G,领跑良品退回!$E:$E,日报!$D:$D,领跑良品退回!$A:$A,日报!CC$3)<>0,SUMIFS(领跑良品退回!$G:$G,领跑良品退回!$E:$E,日报!$D:$D,领跑良品退回!$A:$A,日报!CC$3),"") | CD47: =IF(SUMIFS(领跑良品退回!$G:$G,领跑良品退回!$E:$E,日报!$D:$D,领跑良品退回!$A:$A,日报!CD$3)<>0,SUMIFS(领跑良品退回!$G:$G,领跑良品退回!$E:$E,日报!$D:$D,领跑良品退回!$A:$A,日报!CD$3),"") | CE47: =IF(SUMIFS(领跑良品退回!$G:$G,领跑良品退回!$E:$E,日报!$D:$D,领跑良品退回!$A:$A,日报!CE$3)<>0,SUMIFS(领跑良品退回!$G:$G,领跑良品退回!$E:$E,日报!$D:$D,领跑良品退回!$A:$A,日报!CE$3),"") | CF47: =IF(SUMIFS(领跑良品退回!$G:$G,领跑良品退回!$E:$E,日报!$D:$D,领跑良品退回!$A:$A,日报!CF$3)<>0,SUMIFS(领跑良品退回!$G:$G,领跑良品退回!$E:$E,日报!$D:$D,领跑良品退回!$A:$A,日报!CF$3),"") | CG47: =IF(SUMIFS(领跑良品退回!$G:$G,领跑良品退回!$E:$E,日报!$D:$D,领跑良品退回!$A:$A,日报!CG$3)<>0,SUMIFS(领跑良品退回!$G:$G,领跑良品退回!$E:$E,日报!$D:$D,领跑良品退回!$A:$A,日报!CG$3),"") | ... DD47: =IF(SUMIFS(领跑良品退回!$G:$G,领跑良品退回!$E:$E,日报!$D:$D,领跑良品退回!$A:$A,日报!DD$3)<>0,SUMIFS(领跑良品退回!$G:$G,领跑良品退回!$E:$E,日报!$D:$D,领跑良品退回!$A:$A,日报!DD$3),"")
A48: 45 | B48: 1AZ | C48: 芜湖博康机电股份有限公司 | D48: 3.2.49.08.00991-000 | E48: YLCN-CCS总成-模组1 | F48: =IFERROR(VLOOKUP(D48,基础信息!D:F,3,FALSE),"0") -> 0 | G48: 0 | H48: =SUMIF(合格品入库记录!E:E,日报!D48,合格品入库记录!G:G) -> 0 | I48: =SUMIF(合格品出库记录!E:E,日报!D48,合格品出库记录!G:G) -> 0 | J48: =SUMIF(领跑良品退回!E:E,D48,领跑良品退回!G:G) -> 0 | K48: =M48+L48 -> 0 | L48: =SUMIF(不良品库存!D:D,D:D,不良品库存!F:F) -> 0 | M48: =G48+H48-I48+J48 -> 0 | N48: #N/A | P48: =IF(SUMIFS(合格品入库记录!$G:$G,合格品入库记录!$E:$E,日报!$D:$D,合格品入库记录!$A:$A,日报!P$3)<>0,SUMIFS(合格品入库记录!$G:$G,合格品入库记录!$E:$E,日报!$D:$D,合格品入库记录!$A:$A,日报!P$3),"") | Q48: =IF(SUMIFS(合格品入库记录!$G:$G,合格品入库记录!$E:$E,日报!$D:$D,合格品入库记录!$A:$A,日报!Q$3)<>0,SUMIFS(合格品入库记录!$G:$G,合格品入库记录!$E:$E,日报!$D:$D,合格品入库记录!$A:$A,日报!Q$3),"") | R48: =IF(SUMIFS(合格品入库记录!$G:$G,合格品入库记录!$E:$E,日报!$D:$D,合格品入库记录!$A:$A,日报!R$3)<>0,SUMIFS(合格品入库记录!$G:$G,合格品入库记录!$E:$E,日报!$D:$D,合格品入库记录!$A:$A,日报!R$3),"") | S48: =IF(SUMIFS(合格品入库记录!$G:$G,合格品入库记录!$E:$E,日报!$D:$D,合格品入库记录!$A:$A,日报!S$3)<>0,SUMIFS(合格品入库记录!$G:$G,合格品入库记录!$E:$E,日报!$D:$D,合格品入库记录!$A:$A,日报!S$3),"") | T48: =IF(SUMIFS(合格品入库记录!$G:$G,合格品入库记录!$E:$E,日报!$D:$D,合格品入库记录!$A:$A,日报!T$3)<>0,SUMIFS(合格品入库记录!$G:$G,合格品入库记录!$E:$E,日报!$D:$D,合格品入库记录!$A:$A,日报!T$3),"") | U48: =IF(SUMIFS(合格品入库记录!$G:$G,合格品入库记录!$E:$E,日报!$D:$D,合格品入库记录!$A:$A,日报!U$3)<>0,SUMIFS(合格品入库记录!$G:$G,合格品入库记录!$E:$E,日报!$D:$D,合格品入库记录!$A:$A,日报!U$3),"") | V48: =IF(SUMIFS(合格品入库记录!$G:$G,合格品入库记录!$E:$E,日报!$D:$D,合格品入库记录!$A:$A,日报!V$3)<>0,SUMIFS(合格品入库记录!$G:$G,合格品入库记录!$E:$E,日报!$D:$D,合格品入库记录!$A:$A,日报!V$3),"") | W48: =IF(SUMIFS(合格品入库记录!$G:$G,合格品入库记录!$E:$E,日报!$D:$D,合格品入库记录!$A:$A,日报!W$3)<>0,SUMIFS(合格品入库记录!$G:$G,合格品入库记录!$E:$E,日报!$D:$D,合格品入库记录!$A:$A,日报!W$3),"") | ... AT48: =IF(SUMIFS(合格品入库记录!$G:$G,合格品入库记录!$E:$E,日报!$D:$D,合格品入库记录!$A:$A,日报!AT$3)<>0,SUMIFS(合格品入库记录!$G:$G,合格品入库记录!$E:$E,日报!$D:$D,合格品入库记录!$A:$A,日报!AT$3),"") | AU48: =IF(SUMIFS(合格品出库记录!$G:$G,合格品出库记录!$E:$E,日报!$D:$D,合格品出库记录!$A:$A,日报!AU$3)<>0,SUMIFS(合格品出库记录!$G:$G,合格品出库记录!$E:$E,日报!$D:$D,合格品出库记录!$A:$A,日报!AU$3),"") | AV48: =IF(SUMIFS(合格品出库记录!$G:$G,合格品出库记录!$E:$E,日报!$D:$D,合格品出库记录!$A:$A,日报!AV$3)<>0,SUMIFS(合格品出库记录!$G:$G,合格品出库记录!$E:$E,日报!$D:$D,合格品出库记录!$A:$A,日报!AV$3),"") | AW48: =IF(SUMIFS(合格品出库记录!$G:$G,合格品出库记录!$E:$E,日报!$D:$D,合格品出库记录!$A:$A,日报!AW$3)<>0,SUMIFS(合格品出库记录!$G:$G,合格品出库记录!$E:$E,日报!$D:$D,合格品出库记录!$A:$A,日报!AW$3),"") | AX48: =IF(SUMIFS(合格品出库记录!$G:$G,合格品出库记录!$E:$E,日报!$D:$D,合格品出库记录!$A:$A,日报!AX$3)<>0,SUMIFS(合格品出库记录!$G:$G,合格品出库记录!$E:$E,日报!$D:$D,合格品出库记录!$A:$A,日报!AX$3),"") | AY48: =IF(SUMIFS(合格品出库记录!$G:$G,合格品出库记录!$E:$E,日报!$D:$D,合格品出库记录!$A:$A,日报!AY$3)<>0,SUMIFS(合格品出库记录!$G:$G,合格品出库记录!$E:$E,日报!$D:$D,合格品出库记录!$A:$A,日报!AY$3),"") | AZ48: =IF(SUMIFS(合格品出库记录!$G:$G,合格品出库记录!$E:$E,日报!$D:$D,合格品出库记录!$A:$A,日报!AZ$3)<>0,SUMIFS(合格品出库记录!$G:$G,合格品出库记录!$E:$E,日报!$D:$D,合格品出库记录!$A:$A,日报!AZ$3),"") | BA48: =IF(SUMIFS(合格品出库记录!$G:$G,合格品出库记录!$E:$E,日报!$D:$D,合格品出库记录!$A:$A,日报!BA$3)<>0,SUMIFS(合格品出库记录!$G:$G,合格品出库记录!$E:$E,日报!$D:$D,合格品出库记录!$A:$A,日报!BA$3),"") | BB48: =IF(SUMIFS(合格品出库记录!$G:$G,合格品出库记录!$E:$E,日报!$D:$D,合格品出库记录!$A:$A,日报!BB$3)<>0,SUMIFS(合格品出库记录!$G:$G,合格品出库记录!$E:$E,日报!$D:$D,合格品出库记录!$A:$A,日报!BB$3),"") | ... BY48: =IF(SUMIFS(合格品出库记录!$G:$G,合格品出库记录!$E:$E,日报!$D:$D,合格品出库记录!$A:$A,日报!BY$3)<>0,SUMIFS(合格品出库记录!$G:$G,合格品出库记录!$E:$E,日报!$D:$D,合格品出库记录!$A:$A,日报!BY$3),"") | BZ48: =IF(SUMIFS(领跑良品退回!$G:$G,领跑良品退回!$E:$E,日报!$D:$D,领跑良品退回!$A:$A,日报!BZ$3)<>0,SUMIFS(领跑良品退回!$G:$G,领跑良品退回!$E:$E,日报!$D:$D,领跑良品退回!$A:$A,日报!BZ$3),"") | CA48: =IF(SUMIFS(领跑良品退回!$G:$G,领跑良品退回!$E:$E,日报!$D:$D,领跑良品退回!$A:$A,日报!CA$3)<>0,SUMIFS(领跑良品退回!$G:$G,领跑良品退回!$E:$E,日报!$D:$D,领跑良品退回!$A:$A,日报!CA$3),"") | CB48: =IF(SUMIFS(领跑良品退回!$G:$G,领跑良品退回!$E:$E,日报!$D:$D,领跑良品退回!$A:$A,日报!CB$3)<>0,SUMIFS(领跑良品退回!$G:$G,领跑良品退回!$E:$E,日报!$D:$D,领跑良品退回!$A:$A,日报!CB$3),"") | CC48: =IF(SUMIFS(领跑良品退回!$G:$G,领跑良品退回!$E:$E,日报!$D:$D,领跑良品退回!$A:$A,日报!CC$3)<>0,SUMIFS(领跑良品退回!$G:$G,领跑良品退回!$E:$E,日报!$D:$D,领跑良品退回!$A:$A,日报!CC$3),"") | CD48: =IF(SUMIFS(领跑良品退回!$G:$G,领跑良品退回!$E:$E,日报!$D:$D,领跑良品退回!$A:$A,日报!CD$3)<>0,SUMIFS(领跑良品退回!$G:$G,领跑良品退回!$E:$E,日报!$D:$D,领跑良品退回!$A:$A,日报!CD$3),"") | CE48: =IF(SUMIFS(领跑良品退回!$G:$G,领跑良品退回!$E:$E,日报!$D:$D,领跑良品退回!$A:$A,日报!CE$3)<>0,SUMIFS(领跑良品退回!$G:$G,领跑良品退回!$E:$E,日报!$D:$D,领跑良品退回!$A:$A,日报!CE$3),"") | CF48: =IF(SUMIFS(领跑良品退回!$G:$G,领跑良品退回!$E:$E,日报!$D:$D,领跑良品退回!$A:$A,日报!CF$3)<>0,SUMIFS(领跑良品退回!$G:$G,领跑良品退回!$E:$E,日报!$D:$D,领跑良品退回!$A:$A,日报!CF$3),"") | CG48: =IF(SUMIFS(领跑良品退回!$G:$G,领跑良品退回!$E:$E,日报!$D:$D,领跑良品退回!$A:$A,日报!CG$3)<>0,SUMIFS(领跑良品退回!$G:$G,领跑良品退回!$E:$E,日报!$D:$D,领跑良品退回!$A:$A,日报!CG$3),"") | ... DD48: =IF(SUMIFS(领跑良品退回!$G:$G,领跑良品退回!$E:$E,日报!$D:$D,领跑良品退回!$A:$A,日报!DD$3)<>0,SUMIFS(领跑良品退回!$G:$G,领跑良品退回!$E:$E,日报!$D:$D,领跑良品退回!$A:$A,日报!DD$3),"")
A49: 46 | B49: 1AZ | C49: 芜湖博康机电股份有限公司 | D49: 3.2.50.30.01145-000 | E49: 高压支路连接线束 | F49: =IFERROR(VLOOKUP(D49,基础信息!D:F,3,FALSE),"0") -> 40 | G49: 265 | H49: =SUMIF(合格品入库记录!E:E,日报!D49,合格品入库记录!G:G) -> 0 | I49: =SUMIF(合格品出库记录!E:E,日报!D49,合格品出库记录!G:G) -> 0 | J49: =SUMIF(领跑良品退回!E:E,D49,领跑良品退回!G:G) -> 0 | K49: =M49+L49 -> 265 | L49: =SUMIF(不良品库存!D:D,D:D,不良品库存!F:F) -> 0 | M49: =G49+H49-I49+J49 -> 265 | N49: 960 | P49: =IF(SUMIFS(合格品入库记录!$G:$G,合格品入库记录!$E:$E,日报!$D:$D,合格品入库记录!$A:$A,日报!P$3)<>0,SUMIFS(合格品入库记录!$G:$G,合格品入库记录!$E:$E,日报!$D:$D,合格品入库记录!$A:$A,日报!P$3),"") | Q49: =IF(SUMIFS(合格品入库记录!$G:$G,合格品入库记录!$E:$E,日报!$D:$D,合格品入库记录!$A:$A,日报!Q$3)<>0,SUMIFS(合格品入库记录!$G:$G,合格品入库记录!$E:$E,日报!$D:$D,合格品入库记录!$A:$A,日报!Q$3),"") | R49: =IF(SUMIFS(合格品入库记录!$G:$G,合格品入库记录!$E:$E,日报!$D:$D,合格品入库记录!$A:$A,日报!R$3)<>0,SUMIFS(合格品入库记录!$G:$G,合格品入库记录!$E:$E,日报!$D:$D,合格品入库记录!$A:$A,日报!R$3),"") | S49: =IF(SUMIFS(合格品入库记录!$G:$G,合格品入库记录!$E:$E,日报!$D:$D,合格品入库记录!$A:$A,日报!S$3)<>0,SUMIFS(合格品入库记录!$G:$G,合格品入库记录!$E:$E,日报!$D:$D,合格品入库记录!$A:$A,日报!S$3),"") | T49: =IF(SUMIFS(合格品入库记录!$G:$G,合格品入库记录!$E:$E,日报!$D:$D,合格品入库记录!$A:$A,日报!T$3)<>0,SUMIFS(合格品入库记录!$G:$G,合格品入库记录!$E:$E,日报!$D:$D,合格品入库记录!$A:$A,日报!T$3),"") | U49: =IF(SUMIFS(合格品入库记录!$G:$G,合格品入库记录!$E:$E,日报!$D:$D,合格品入库记录!$A:$A,日报!U$3)<>0,SUMIFS(合格品入库记录!$G:$G,合格品入库记录!$E:$E,日报!$D:$D,合格品入库记录!$A:$A,日报!U$3),"") | V49: =IF(SUMIFS(合格品入库记录!$G:$G,合格品入库记录!$E:$E,日报!$D:$D,合格品入库记录!$A:$A,日报!V$3)<>0,SUMIFS(合格品入库记录!$G:$G,合格品入库记录!$E:$E,日报!$D:$D,合格品入库记录!$A:$A,日报!V$3),"") | W49: =IF(SUMIFS(合格品入库记录!$G:$G,合格品入库记录!$E:$E,日报!$D:$D,合格品入库记录!$A:$A,日报!W$3)<>0,SUMIFS(合格品入库记录!$G:$G,合格品入库记录!$E:$E,日报!$D:$D,合格品入库记录!$A:$A,日报!W$3),"") | ... AT49: =IF(SUMIFS(合格品入库记录!$G:$G,合格品入库记录!$E:$E,日报!$D:$D,合格品入库记录!$A:$A,日报!AT$3)<>0,SUMIFS(合格品入库记录!$G:$G,合格品入库记录!$E:$E,日报!$D:$D,合格品入库记录!$A:$A,日报!AT$3),"") | AU49: =IF(SUMIFS(合格品出库记录!$G:$G,合格品出库记录!$E:$E,日报!$D:$D,合格品出库记录!$A:$A,日报!AU$3)<>0,SUMIFS(合格品出库记录!$G:$G,合格品出库记录!$E:$E,日报!$D:$D,合格品出库记录!$A:$A,日报!AU$3),"") | AV49: =IF(SUMIFS(合格品出库记录!$G:$G,合格品出库记录!$E:$E,日报!$D:$D,合格品出库记录!$A:$A,日报!AV$3)<>0,SUMIFS(合格品出库记录!$G:$G,合格品出库记录!$E:$E,日报!$D:$D,合格品出库记录!$A:$A,日报!AV$3),"") | AW49: =IF(SUMIFS(合格品出库记录!$G:$G,合格品出库记录!$E:$E,日报!$D:$D,合格品出库记录!$A:$A,日报!AW$3)<>0,SUMIFS(合格品出库记录!$G:$G,合格品出库记录!$E:$E,日报!$D:$D,合格品出库记录!$A:$A,日报!AW$3),"") | AX49: =IF(SUMIFS(合格品出库记录!$G:$G,合格品出库记录!$E:$E,日报!$D:$D,合格品出库记录!$A:$A,日报!AX$3)<>0,SUMIFS(合格品出库记录!$G:$G,合格品出库记录!$E:$E,日报!$D:$D,合格品出库记录!$A:$A,日报!AX$3),"") | AY49: =IF(SUMIFS(合格品出库记录!$G:$G,合格品出库记录!$E:$E,日报!$D:$D,合格品出库记录!$A:$A,日报!AY$3)<>0,SUMIFS(合格品出库记录!$G:$G,合格品出库记录!$E:$E,日报!$D:$D,合格品出库记录!$A:$A,日报!AY$3),"") | AZ49: =IF(SUMIFS(合格品出库记录!$G:$G,合格品出库记录!$E:$E,日报!$D:$D,合格品出库记录!$A:$A,日报!AZ$3)<>0,SUMIFS(合格品出库记录!$G:$G,合格品出库记录!$E:$E,日报!$D:$D,合格品出库记录!$A:$A,日报!AZ$3),"") | BA49: =IF(SUMIFS(合格品出库记录!$G:$G,合格品出库记录!$E:$E,日报!$D:$D,合格品出库记录!$A:$A,日报!BA$3)<>0,SUMIFS(合格品出库记录!$G:$G,合格品出库记录!$E:$E,日报!$D:$D,合格品出库记录!$A:$A,日报!BA$3),"") | BB49: =IF(SUMIFS(合格品出库记录!$G:$G,合格品出库记录!$E:$E,日报!$D:$D,合格品出库记录!$A:$A,日报!BB$3)<>0,SUMIFS(合格品出库记录!$G:$G,合格品出库记录!$E:$E,日报!$D:$D,合格品出库记录!$A:$A,日报!BB$3),"") | ... BY49: =IF(SUMIFS(合格品出库记录!$G:$G,合格品出库记录!$E:$E,日报!$D:$D,合格品出库记录!$A:$A,日报!BY$3)<>0,SUMIFS(合格品出库记录!$G:$G,合格品出库记录!$E:$E,日报!$D:$D,合格品出库记录!$A:$A,日报!BY$3),"") | BZ49: =IF(SUMIFS(领跑良品退回!$G:$G,领跑良品退回!$E:$E,日报!$D:$D,领跑良品退回!$A:$A,日报!BZ$3)<>0,SUMIFS(领跑良品退回!$G:$G,领跑良品退回!$E:$E,日报!$D:$D,领跑良品退回!$A:$A,日报!BZ$3),"") | CA49: =IF(SUMIFS(领跑良品退回!$G:$G,领跑良品退回!$E:$E,日报!$D:$D,领跑良品退回!$A:$A,日报!CA$3)<>0,SUMIFS(领跑良品退回!$G:$G,领跑良品退回!$E:$E,日报!$D:$D,领跑良品退回!$A:$A,日报!CA$3),"") | CB49: =IF(SUMIFS(领跑良品退回!$G:$G,领跑良品退回!$E:$E,日报!$D:$D,领跑良品退回!$A:$A,日报!CB$3)<>0,SUMIFS(领跑良品退回!$G:$G,领跑良品退回!$E:$E,日报!$D:$D,领跑良品退回!$A:$A,日报!CB$3),"") | CC49: =IF(SUMIFS(领跑良品退回!$G:$G,领跑良品退回!$E:$E,日报!$D:$D,领跑良品退回!$A:$A,日报!CC$3)<>0,SUMIFS(领跑良品退回!$G:$G,领跑良品退回!$E:$E,日报!$D:$D,领跑良品退回!$A:$A,日报!CC$3),"") | CD49: =IF(SUMIFS(领跑良品退回!$G:$G,领跑良品退回!$E:$E,日报!$D:$D,领跑良品退回!$A:$A,日报!CD$3)<>0,SUMIFS(领跑良品退回!$G:$G,领跑良品退回!$E:$E,日报!$D:$D,领跑良品退回!$A:$A,日报!CD$3),"") | CE49: =IF(SUMIFS(领跑良品退回!$G:$G,领跑良品退回!$E:$E,日报!$D:$D,领跑良品退回!$A:$A,日报!CE$3)<>0,SUMIFS(领跑良品退回!$G:$G,领跑良品退回!$E:$E,日报!$D:$D,领跑良品退回!$A:$A,日报!CE$3),"") | CF49: =IF(SUMIFS(领跑良品退回!$G:$G,领跑良品退回!$E:$E,日报!$D:$D,领跑良品退回!$A:$A,日报!CF$3)<>0,SUMIFS(领跑良品退回!$G:$G,领跑良品退回!$E:$E,日报!$D:$D,领跑良品退回!$A:$A,日报!CF$3),"") | CG49: =IF(SUMIFS(领跑良品退回!$G:$G,领跑良品退回!$E:$E,日报!$D:$D,领跑良品退回!$A:$A,日报!CG$3)<>0,SUMIFS(领跑良品退回!$G:$G,领跑良品退回!$E:$E,日报!$D:$D,领跑良品退回!$A:$A,日报!CG$3),"") | ... DD49: =IF(SUMIFS(领跑良品退回!$G:$G,领跑良品退回!$E:$E,日报!$D:$D,领跑良品退回!$A:$A,日报!DD$3)<>0,SUMIFS(领跑良品退回!$G:$G,领跑良品退回!$E:$E,日报!$D:$D,领跑良品退回!$A:$A,日报!DD$3),"")
