Workbook

Sheet 日报
A1: 46143 | F1: 注：“可用结存”列中红色数据代表库存量过低;
A2: 序号 | B2: 供应商代码 | C2: 供应商名称 | D2: 供应商内部料号 | E2: 零跑零件编号 | F2: 零件名称 | G2: SNP | H2: 器具类型 | I2: 良品上月结存 | J2: 不良品上月结存 | K2: 累进 | L2: 累出 | M2: 零跑退回 | N2: 库内不良 | O2: 退回供应商 | P2: 不合格品库存 | Q2: 可用结存 | R2: 最高库存量 | S2: 单车用量 | T2: 入库 | AY2: 出库
T3: 46143 | U3: 46144 | V3: 46145 | W3: 46146 | X3: 46147 | Y3: 46148 | Z3: 46149 | AA3: 46150 | AB3: 46151 | AC3: 46152 | AD3: 46153 | AE3: 46154 | AF3: 46155 | AG3: 46156 | AH3: 46157 | AI3: 46158 | AJ3: 46159 | AK3: 46160 | AL3: 46161 | AM3: 46162 | AN3: 46163 | AO3: 46164 | AP3: 46165 | AQ3: 46166 | AR3: 46167 | AS3: 46168 | AT3: 46169 | AU3: 46170 | AV3: 46171 | AW3: 46172 | AX3: 46173 | AY3: 46143 | AZ3: 46144 | BA3: 46145 | BB3: 46146 | BC3: 46147 | BD3: 46148 | BE3: 46149 | BF3: 46150 | BG3: 46151 | BH3: 46152 | BI3: 46153 | BJ3: 46154 | BK3: 46155 | BL3: 46156 | BM3: 46157 | BN3: 46158 | BO3: 46159 | BP3: 46160 | BQ3: 46161 | BR3: 46162 | BS3: 46163 | BT3: 46164 | BU3: 46165 | BV3: 46166 | BW3: 46167 | BX3: 46168 | BY3: 46169 | BZ3: 46170 | CA3: 46171 | CB3: 46172 | CC3: 46173
A4: 1 | B4: 6ABE | C4: 力高新能源技术股份有限公司 | D4: F5000000156 | E4: 3.1.01.30.00344 | F4: LX-SHUNT010-AA_V100_STLA_HY_三防漆双面933_001 | G4: 162 | H4: 料盒 | I4: 0 | J4: 0 | K4: 1403 | L4: 810 | M4: 0 | N4: 0 | O4: 0 | P4: 0 | Q4: 593 | W4: 486 | Z4: 324 | AB4: 123 | AD4: 162 | AE4: 308 | BG4: 810
A5: 2 | B5: 6ABE | C5: 力高新能源技术股份有限公司 | D5: F5000000022 | E5: 3.1.01.30.00399 | F5: LP_SHUNT010-AA_A12EV_V1_三防漆双面925_007 | G5: 162 | H5: 料盒 | I5: 0 | J5: 0 | K5: 10513 | L5: 9217 | M5: 0 | N5: 0 | O5: 0 | P5: 0 | Q5: 1296 | U5: 3564 | Y5: 1620 | Z5: 648 | AA5: 799 | AB5: 1290 | AC5: 324 | AD5: 2106 | AE5: 162 | AZ5: 2916 | BA5: 648 | BD5: 486 | BE5: 1782 | BF5: 799 | BG5: 1290 | BJ5: 1296
A6: 3 | B6: 6ABE | C6: 力高新能源技术股份有限公司 | D6: F5000000013 | E6: 3.1.01.30.00341 | F6: LP-BSU053-AA_V100_TI_32A2_BTW三防漆双面922_0截 | G6: 36 | H6: 料盒 | I6: 756 | J6: 0 | K6: 2664 | L6: 3276 | M6: 0 | N6: 0 | O6: 0 | P6: 0 | Q6: 144 | U6: 1548 | W6: 468 | AB6: 504 | AE6: 144 | BA6: 576 | BE6: 576 | BG6: 2124
A7: 4 | B7: 6ABE | C7: 力高新能源技术股份有限公司 | D7: F5000000014 | E7: 3.1.01.30.00342 | F7: LP-BSU054-AA_V100_TI_32B1_BTW三防漆双面923_0截 | G7: 36 | H7: 料盒 | I7: 0 | J7: 0 | K7: 3312 | L7: 3312 | M7: 0 | N7: 0 | O7: 0 | P7: 0 | Q7: 0 | U7: 2088 | V7: 36 | X7: 324 | AA7: 144 | AB7: 720 | BE7: 432 | BG7: 2880
A8: 5 | B8: 6ABE | C8: 力高新能源技术股份有限公司 | D8: F5000000016 | E8: 3.1.01.30.00347 | F8: LP-BSU050-AA_V100_TI_32B2_HW_三防漆双面911_0截 | G8: 36 | H8: 料盒 | I8: 684 | J8: 0 | K8: 2016 | L8: 2700 | M8: 0 | N8: 0 | O8: 0 | P8: 0 | Q8: 0 | U8: 468 | W8: 36 | X8: 792 | Y8: 504 | Z8: 144 | AB8: 72 | BC8: 468 | BG8: 2160 | BH8: 72
A9: 6 | B9: 6ABE | C9: 力高新能源技术股份有限公司 | D9: F5000000282 | E9: 3.1.01.30.00401 | F9: LP-BSU051-AA_V100_TI_31A三防漆双面916_019 | G9: 36 | H9: 料盒 | I9: 1076 | J9: 0 | K9: 3960 | L9: 2016 | M9: 0 | N9: 0 | O9: 0 | P9: 0 | Q9: 3020 | U9: 144 | V9: 1188 | W9: 1044 | X9: 360 | AB9: 1224 | BB9: 2016
A10: 7 | B10: 6ABE | C10: 力高新能源技术股份有限公司 | D10: F5000000203 | E10: 3.1.01.30.00448 | F10: LP-BSU050-AA_V100_TI_32B_SS三防漆双面911_057 | G10: 36 | H10: 料盒 | I10: 0 | J10: 0 | K10: 0 | L10: 0 | M10: 0 | N10: 0 | O10: 0 | P10: 0 | Q10: 0
A11: 8 | B11: 6ABE | C11: 力高新能源技术股份有限公司 | D11: F5000000207 | E11: 3.1.01.30.00449 | F11: LP-BSU051-AA_V100_TI_32A_SS三防漆双面916_019 | G11: 36 | H11: 料盒 | I11: 0 | J11: 0 | K11: 0 | L11: 0 | M11: 0 | N11: 0 | O11: 0 | P11: 0 | Q11: 0
A12: 9 | B12: 6ABE | C12: 力高新能源技术股份有限公司 | D12: F5000000015 | E12: 3.1.01.30.00346 | F12: LP-BSU051-AA_V100_TI_32A1_HW_三防漆双面916_019 | G12: 36 | H12: 料盒 | I12: 1692 | J12: 0 | K12: 2484 | L12: 2304 | M12: 0 | N12: 0 | O12: 0 | P12: 0 | Q12: 1872 | U12: 252 | W12: 324 | X12: 720 | Y12: 468 | Z12: 108 | AA12: 216 | AB12: 396 | BA12: 576 | BE12: 576 | BH12: 1152
A13: 10 | B13: 6ABE | C13: 力高新能源技术股份有限公司 | D13: F5000000355 | E13: 3.1.04.30.00019 | F13: LXA12EV10-BSU总成-01 | G13: 20 | H13: 料盒 | I13: 8817 | J13: 0 | K13: 5915 | L13: 9886 | M13: 0 | N13: 0 | O13: 0 | P13: 0 | Q13: 4846 | V13: 960 | W13: 3055 | X13: 660 | Y13: 760 | AB13: 480 | BA13: 1920 | BC13: 2880 | BD13: 606 | BH13: 1280 | BI13: 960 | BJ13: 2240
A14: 11 | B14: 6ABE | C14: 力高新能源技术股份有限公司 | D14: F5000000356 | E14: 3.1.04.30.00020 | F14: LXA12EV10-BSU总成-02 | G14: 20 | H14: 料盒 | I14: 2866 | J14: 0 | K14: 8882 | L14: 9566 | M14: 0 | N14: 0 | O14: 0 | P14: 0 | Q14: 2182 | U14: 440 | V14: 820 | W14: 480 | X14: 480 | Y14: 1160 | Z14: 960 | AA14: 220 | AB14: 780 | AC14: 960 | AD14: 322 | AE14: 2260 | BA14: 1280 | BC14: 2880 | BD14: 926 | BH14: 1280 | BI14: 960 | BJ14: 2240
A15: 12 | B15: 6ABE | C15: 力高新能源技术股份有限公司 | D15: F5000000328 | E15: 3.1.01.20.00433 | F15: LS-MCUP006-AA-V1.10三防漆双面904.158 | G15: 210 | H15: 料盒 | I15: 10692 | J15: 0 | K15: 420 | L15: 4200 | M15: 0 | N15: 0 | O15: 0 | P15: 0 | Q15: 6912 | U15: 420 | BC15: 2100 | BD15: 2100
A16: 13 | B16: 6ABE | C16: 力高新能源技术股份有限公司 | D16: F50000000507 | E16: 3.1.03.20.00108 | F16: IGBT组件（A平台国内版NON-FUSA一体板结构PCBA） | G16: 12 | H16: 料盒 | I16: 3960 | J16: 0 | K16: 7113 | L16: 6360 | M16: 0 | N16: 0 | O16: 0 | P16: 0 | Q16: 4713 | U16: 1625 | V16: 552 | W16: 492 | X16: 420 | Y16: 552 | Z16: 540 | AA16: 456 | AB16: 436 | AD16: 828 | AE16: 1212 | BC16: 1080 | BD16: 1080 | BE16: 648 | BG16: 1392 | BI16: 1080 | BJ16: 1080
A17: 14 | B17: 6ABE | C17: 力高新能源技术股份有限公司 | D17: F50000000503 | E17: 3.1.01.20.00491 | F17: LS-CCUB001-AC-V1.02 三防漆双面 926_018 | G17: 240 | H17: 料盒 | I17: 2979 | J17: 0 | K17: 7920 | L17: 3699 | M17: 0 | N17: 0 | O17: 0 | P17: 0 | Q17: 7200 | Z17: 960 | AA17: 3480 | AC17: 120 | AD17: 2880 | AE17: 480 | BB17: 480 | BC17: 720 | BD17: 1006 | BI17: 893 | BJ17: 600
A18: 15 | B18: 6ABE | C18: 力高新能源技术股份有限公司 | D18: F5000000352 | E18: 3.1.01.20.00458 | F18: LS-CCMM024-AA-V1.01_三防漆双面 930_006 | G18: 24 | H18: 料盒 | I18: 0 | J18: 0 | K18: 3552 | L18: 3405 | M18: 0 | N18: 3 | O18: 0 | P18: 3 | Q18: 144 | U18: 504 | V18: 600 | W18: 120 | X18: 48 | Y18: 384 | Z18: 288 | AA18: 1464 | AB18: 120 | AC18: 24 | BC18: 720 | BD18: 549 | BE18: 384 | BG18: 1752
A19: 16 | B19: 6ABE | C19: 力高新能源技术股份有限公司 | D19: F50000000500 | E19: 3.1.01.20.00488 | F19: LS-CCUC001-AA-CM1-V1.03 三防漆双面 930_010 | G19: 108 | H19: 料盒 | I19: 5112 | J19: 0 | K19: 864 | L19: 0 | M19: 0 | N19: 0 | O19: 0 | P19: 0 | Q19: 5976 | U19: 864
A20: 17 | B20: 6ABE | C20: 力高新能源技术股份有限公司 | D20: F50000000523 | E20: 3.1.01.20.00501 | F20: LS-CCUM001-AA-V1.05 三防漆双面 908_065 | G20: 8 | H20: 料盒 | I20: 0 | J20: 0 | K20: 0 | L20: 0 | M20: 0 | N20: 0 | O20: 0 | P20: 0 | Q20: 0
A21: 18 | B21: 6ABE | C21: 力高新能源技术股份有限公司 | D21: F50000000522 | E21: 3.1.01.20.00493 | F21: LS-CCUG001-AA-V1.03 三防漆单面 926_014 | G21: 72 | H21: 料盒 | I21: 1680 | J21: 0 | K21: 3783 | L21: 4200 | M21: 0 | N21: 0 | O21: 0 | P21: 0 | Q21: 1263 | U21: 576 | Y21: 648 | Z21: 576 | AA21: 360 | AB21: 1368 | AC21: 72 | AD21: 39 | AE21: 144 | BB21: 720 | BC21: 1392 | BD21: 144 | BE21: 648 | BI21: 576 | BJ21: 720
A22: 19 | B22: 6ABE | C22: 力高新能源技术股份有限公司 | D22: F50000000504 | E22: 3.1.01.20.00452 | F22: LS-CCUG001-AB-V1.02 三防漆单面 924_028 | G22: 72 | H22: 料盒 | I22: 144 | J22: 0 | K22: 5545 | L22: 3492 | M22: 0 | N22: 0 | O22: 0 | P22: 0 | Q22: 2197 | U22: 792 | V22: 288 | W22: 468 | X22: 360 | Y22: 144 | Z22: 648 | AB22: 492 | AC22: 360 | AD22: 697 | AE22: 1296 | BB22: 936 | BC22: 612 | BE22: 648 | BI22: 648 | BJ22: 648
A23: 20 | B23: 6ABE | C23: 力高新能源技术股份有限公司 | D23: F50000000499 | E23: 3.1.01.20.00487 | F23: LS-CCUG001-AB-V1.02 三防漆单面 924_029 | G23: 24 | H23: 料盒 | I23: 960 | J23: 0 | K23: 960 | L23: 0 | M23: 0 | N23: 0 | O23: 0 | P23: 0 | Q23: 1920 | U23: 528 | W23: 336 | X23: 96
A24: 21 | B24: 6ABE | C24: 力高新能源技术股份有限公司 | D24: F50000000501 | E24: 3.1.01.20.00489 | F24: LS-CCUC001-AA-DM2-V1.03 三防漆双面 930_010 | G24: 108 | H24: 料盒 | I24: 0 | J24: 0 | K24: 4276 | L24: 3088 | M24: 0 | N24: 0 | O24: 0 | P24: 0 | Q24: 1188 | U24: 216 | AA24: 712 | AB24: 3024 | AC24: 324 | BB24: 216 | BG24: 712 | BH24: 864 | BI24: 648 | BJ24: 648
A25: 22 | B25: 6ABE | C25: 力高新能源技术股份有限公司 | D25: F50000000497 | E25: 3.1.01.20.00486 | F25: LS-CCUB001-AA-DM2-V1.03 三防漆单面 931_007 | G25: 24 | H25: 料盒 | I25: 0 | J25: 0 | K25: 3888 | L25: 3696 | M25: 0 | N25: 0 | O25: 0 | P25: 0 | Q25: 192 | U25: 1440 | W25: 1248 | X25: 408 | Y25: 504 | Z25: 96 | AE25: 192 | BB25: 480 | BD25: 480 | BE25: 768 | BH25: 720 | BI25: 720 | BJ25: 528
A26: 23 | B26: 6ABE | C26: 力高新能源技术股份有限公司 | D26: F50000000498 | E26: 3.1.01.20.00485 | F26: LS-CCUB001-AB-V1.04 三防漆双面 904_219 | G26: 54 | H26: 料盒 | I26: 0 | J26: 0 | K26: 0 | L26: 0 | M26: 0 | N26: 0 | O26: 0 | P26: 0 | Q26: 0
A27: 24 | B27: 6ABE | C27: 力高新能源技术股份有限公司 | D27: F50000000751 | E27: 3.1.01.20.00536 | F27: LS-MCUM027-CA-V1.20 三防漆双面 908_068（B平台高压中 | G27: 12 | H27: 料盒 | I27: 0 | J27: 0 | K27: 0 | L27: 0 | M27: 0 | N27: 0 | O27: 0 | P27: 0 | Q27: 0
A28: 25 | B28: 6ABE | C28: 力高新能源技术股份有限公司 | D28: F50000000427 | E28: 3.1.01.20.00459 | F28: LS-MCUM026-AA-V1.10_后驱_三防漆双面_926_009（中车版 | G28: 8 | H28: 料盒 | I28: 535 | J28: 0 | K28: 0 | L28: 0 | M28: 0 | N28: 0 | O28: 0 | P28: 0 | Q28: 535
A29: 26 | B29: 6ABE | C29: 力高新能源技术股份有限公司 | D29: F50000000420 | E29: 3.1.01.20.00368 | F29: LS-MCUM018-BA-V1.21_前驱_三防漆双面_924_017（中车截 | G29: 8 | H29: 料盒 | I29: 0 | J29: 0 | K29: 0 | L29: 0 | M29: 0 | N29: 0 | O29: 0 | P29: 0 | Q29: 0
A30: 27 | B30: 6ABE | C30: 力高新能源技术股份有限公司 | D30: F50000000359 | E30: 3.1.01.20.00399 | F30: LS-MCUM017-BB-V2.30 三防漆双面 926_008（A平台海外截 | G30: 12 | H30: 料盒 | I30: 389 | J30: 0 | K30: 2434 | L30: 1905 | M30: 0 | N30: 0 | O30: 0 | P30: 0 | Q30: 918 | U30: 456 | V30: 155 | W30: 257 | X30: 600 | Y30: 192 | Z30: 444 | AA30: 174 | AD30: 156 | BD30: 856 | BE30: 689 | BG30: 360
A31: 28 | B31: 6ABE | C31: 力高新能源技术股份有限公司 | D31: F50000000432 | E31: 3.1.01.20.00403 | F31: LS-MCUM112-CL-V2.30 三防漆双面 926_008（B平台士兰截 | G31: 12 | H31: 料盒 | I31: 0 | J31: 0 | K31: 0 | L31: 0 | M31: 0 | N31: 0 | O31: 0 | P31: 0 | Q31: 0
A32: 29 | B32: 6ABE | C32: 力高新能源技术股份有限公司 | D32: F50000000792 | E32: 3.1.01.20.00566 | F32: LS-CCUM001-AA-V1.06 三防漆双面 908_067 | G32: 8 | H32: 料盒 | I32: 704 | J32: 0 | K32: 5688 | L32: 3904 | M32: 0 | N32: 0 | O32: 0 | P32: 0 | Q32: 2488 | U32: 1560 | W32: 248 | X32: 520 | Y32: 320 | Z32: 384 | AA32: 576 | AB32: 544 | AC32: 464 | AD32: 288 | AE32: 784 | BB32: 720 | BC32: 720 | BD32: 544 | BH32: 640 | BI32: 640 | BJ32: 640
A33: 30 | B33: 6ABE | C33: 力高新能源技术股份有限公司 | D33: F50000000793 | E33: 3.1.01.20.00580 | F33: LS-CCUB001-AB-V1.04 三防漆双面 904_219 | G33: 54 | H33: 料盒 | I33: 1404 | J33: 0 | K33: 3007 | L33: 3277 | M33: 0 | N33: 0 | O33: 0 | P33: 0 | Q33: 1134 | U33: 54 | V33: 270 | X33: 270 | Y33: 108 | AB33: 199 | AC33: 324 | AD33: 1350 | AE33: 432 | BB33: 540 | BC33: 540 | BD33: 648 | BE33: 378 | BI33: 523 | BJ33: 648
A34: 31 | B34: 6ABE | C34: 力高新能源技术股份有限公司 | D34: F50000000674 | E34: 3.1.04.30.00036 | F34: LXT05EV20-BSU总成-03 | G34: 44 | H34: 料盒 | I34: 532 | J34: 0 | K34: 132 | L34: 0 | M34: 0 | N34: 0 | O34: 0 | P34: 0 | Q34: 664 | V34: 132
A35: 32 | B35: 6ABE | C35: 力高新能源技术股份有限公司 | D35: F50000000675 | E35: 3.1.04.30.00037 | F35: LXT05EV20-BSU总成-04 | G35: 16 | H35: 料盒 | I35: 272 | J35: 0 | K35: 352 | L35: 624 | M35: 0 | N35: 0 | O35: 0 | P35: 0 | Q35: 0 | U35: 112 | V35: 240 | AZ35: 384 | BA35: 240
A36: 33 | B36: 6ABE | C36: 力高新能源技术股份有限公司 | D36: F50000000814 | E36: 3.1.01.20.00550 | F36: LS-MCUM027-CB-V2.00 三防漆双面 926_024（B平台高压纳芯微版本） | G36: 12 | H36: 料盒 | I36: 0 | J36: 0 | K36: 0 | L36: 0 | M36: 0 | N36: 0 | O36: 0 | P36: 0 | Q36: 0
A37: 34 | B37: 6ABE | C37: 力高新能源技术股份有限公司 | D37: F50000000575 | E37: 3.1.01.30.00546 | F37: LP-BSU051-AA_V100_TI_32A1-SISO_HW_三防漆双面截 | G37: 36 | H37: 纸箱 | I37: 13 | J37: 0 | K37: 0 | L37: 0 | M37: 0 | N37: 0 | O37: 0 | P37: 0 | Q37: 13
A38: 35 | B38: 6ABE | C38: 力高新能源技术股份有限公司 | D38: F50000000576 | E38: 3.1.01.30.00547 | F38: LP-BSU050-AA_V100_TI_32B2-SISO-HW_三防漆双面截 | G38: 36 | H38: 纸箱 | I38: 13 | J38: 0 | K38: 0 | L38: 0 | M38: 0 | N38: 0 | O38: 0 | P38: 0 | Q38: 13
A39: 36 | B39: 6ABE | C39: 力高新能源技术股份有限公司 | D39: F50000000606 | E39: 3.1.01.30.00337 | F39: LP-UAV010-AA-12S_HSD_OZ3717D_V1.20三防漆双截 | G39: 72 | H39: 纸箱 | I39: 249 | J39: 0 | K39: 31 | L39: 280 | M39: 0 | N39: 0 | O39: 0 | P39: 0 | Q39: 0 | U39: 31 | BE39: 280
A40: 37 | B40: 6ABE | C40: 力高新能源技术股份有限公司 | D40: F50000000715 | E40: 3.1.01.20.00477 | F40: LS-CCMM026-AA-V1.00_三防漆双面908_063（瞻芯3代版本） | G40: 45 | H40: 料盒 | I40: 0 | J40: 0 | K40: 189 | L40: 0 | M40: 0 | N40: 0 | O40: 0 | P40: 0 | Q40: 189 | U40: 45 | X40: 144
A41: 38 | B41: 6ABE | C41: 力高新能源技术股份有限公司 | D41: F50000000855 | E41: 3.1.01.30.00606 | F41: LP-BSU057-AA_V100_TI_29S-TE_三防漆双面919_081 | G41: 14 | H41: 料盒 | I41: 0 | J41: 0 | K41: 14 | L41: 14 | M41: 0 | N41: 0 | O41: 0 | P41: 0 | Q41: 0 | U41: 14 | BJ41: 14
A42: 39 | B42: 6ABE | C42: 力高新能源技术股份有限公司 | D42: F50000000750 | E42: 3.1.01.20.00537 | F42: LS-MCUM027-CA-V1.20 三防漆双面 908_068（B平台高压士兰版本) | G42: 12 | H42: 料盒 | I42: 0 | J42: 0 | K42: 63 | L42: 0 | M42: 0 | N42: 0 | O42: 0 | P42: 0 | Q42: 63 | X42: 63
A43: 40 | B43: 6ABE | C43: 力高新能源技术股份有限公司 | D43: F50000000537 | E43: 3.1.01.30.00607 | F43: LP-BSU070-AA_T1616_A_24S_V1_凡申40_三防漆双面9截 | G43: 48 | H43: 料盒 | I43: 0 | J43: 0 | K43: 1200 | L43: 1200 | M43: 0 | N43: 0 | O43: 0 | P43: 0 | Q43: 0 | Y43: 96 | Z43: 144 | AA43: 144 | AB43: 144 | AC43: 240 | AD43: 240 | AE43: 192 | BD43: 96 | BE43: 144 | BF43: 144 | BG43: 144 | BH43: 240 | BI43: 240 | BJ43: 192
A44: 41 | B44: 6ABE | C44: 力高新能源技术股份有限公司 | D44: F50000000538 | E44: 3.1.01.30.00608 | F44: LP-BSU070-AA_T1616_46S_V1_凡申40_三防漆双面925截 | G44: 24 | H44: 料盒 | I44: 0 | J44: 0 | K44: 1968 | L44: 1968 | M44: 0 | N44: 0 | O44: 0 | P44: 0 | Q44: 0 | Y44: 168 | Z44: 288 | AA44: 240 | AB44: 216 | AC44: 408 | AD44: 432 | AE44: 216 | BD44: 168 | BE44: 288 | BF44: 240 | BG44: 216 | BH44: 408 | BI44: 432 | BJ44: 216
A45: 1 | B45: 1AZ | C45: 芜湖博康机电股份有限公司 | E45: 3.2.50.30.00806-000 | F45: A12-高压支路连接线束-500 | G45: 20 | H45: 料盒 | I45: 4560 | J45: 0 | K45: 3000 | L45: 5260 | M45: 0 | N45: 0 | O45: 0 | P45: 0 | Q45: 2300 | Y45: 700 | AD45: 2300 | BA45: 1000 | BC45: 1500 | BG45: 2760
A46: 2 | B46: 1AZ | C46: 芜湖博康机电股份有限公司 | E46: 3.2.50.30.00927-000 | F46: A12-外部通讯连接线束 | G46: 100 | H46: 料盒 | I46: 1500 | J46: 0 | K46: 3000 | L46: 4500 | M46: 0 | N46: 0 | O46: 0 | P46: 0 | Q46: 0 | Y46: 1500 | AD46: 1500 | BD46: 1500 | BF46: 1500 | BI46: 1500
A47: 3 | B47: 1AZ | C47: 芜湖博康机电股份有限公司 | E47: 3.2.50.30.01736-000 | F47: A12EV10-预充电阻连接线束 | G47: 100 | H47: 料盒 | I47: 1500 | J47: 0 | K47: 3000 | L47: 4500 | M47: 0 | N47: 0 | O47: 0 | P47: 0 | Q47: 0 | Y47: 1500 | AD47: 1500 | BF47: 1500 | BH47: 1500 | BI47: 1500
A48: 4 | B48: 1AZ | C48: 芜湖博康机电股份有限公司 | E48: 3.2.50.30.00808-000 | F48: A12-预充电阻连接线束1 | G48: 1500 | H48: 料盒 | I48: 0 | J48: 0 | K48: 4500 | L48: 4500 | M48: 0 | N48: 0 | O48: 0 | P48: 0 | Q48: 0 | Y48: 3000 | AD48: 1500 | BD48: 3000 | BI48: 1500
A49: 5 | B49: 1AZ | C49: 芜湖博康机电股份有限公司 | E49: 3.2.50.30.00842-000 | F49: A12-菊花链线束 | G49: 1500 | H49: 料盒 | I49: 4500 | J49: 0 | K49: 9000 | L49: 13500 | M49: 0 | N49: 0 | O49: 0 | P49: 0 | Q49: 0 | Y49: 4500 | AD49: 4500 | AZ49: 4500 | BD49: 4500 | BI49: 4500
A50: 6 | B50: 1AZ | C50: 芜湖博康机电股份有限公司 | E50: 3.2.50.30.02116-000 | F50: A12EV10-通讯-水温-互锁集成线束-500 | G50: 30 | H50: 料盒 | I50: 2520 | J50: 0 | K50: 1500 | L50: 4020 | M50: 0 | N50: 0 | O50: 0 | P50: 0 | Q50: 0 | Y50: 1500 | BC50: 2520 | BF50: 1500
A51: 7 | B51: 1AZ | C51: 芜湖博康机电股份有限公司 | E51: 3.2.50.30.02118-000 | F51: A12EV10-BDU-采样集成线束 | G51: 50 | H51: 料盒 | I51: 1500 | J51: 0 | K51: 3000 | L51: 4500 | M51: 0 | N51: 0 | O51: 0 | P51: 0 | Q51: 0 | Y51: 1500 | AD51: 1500 | BC51: 1500 | BF51: 1500 | BI51: 1500
A52: 8 | B52: 1AZ | C52: 芜湖博康机电股份有限公司 | E52: 3.2.50.30.00596-000 | F52: CTC_高压插座线束 | G52: 70 | H52: 料盒 | I52: 1190 | J52: 0 | K52: 1400 | L52: 0 | M52: 0 | N52: 0 | O52: 0 | P52: 0 | Q52: 2590 | Y52: 1400
A53: 9 | B53: 1AZ | C53: 芜湖博康机电股份有限公司 | E53: 3.2.50.30.01656-000 | F53: LXC11EV1A-水温-互锁集成线束 | G53: 15 | H53: 料盒 | I53: 0 | J53: 0 | K53: 0 | L53: 0 | M53: 0 | N53: 0 | O53: 0 | P53: 0 | Q53: 0
A54: 10 | B54: 1AZ | C54: 芜湖博康机电股份有限公司 | E54: 3.2.50.30.01657-000 | F54: LXC11EV1A-高压支路线束 | G54: 20 | H54: 料盒 | I54: 0 | J54: 0 | K54: 0 | L54: 0 | M54: 0 | N54: 0 | O54: 0 | P54: 0 | Q54: 0
A55: 11 | B55: 1AZ | C55: 芜湖博康机电股份有限公司 | E55: 3.2.50.30.01661-000 | F55: LXC11EV1A-BDU内部线束 | G55: 50 | H55: 料盒 | I55: 0 | J55: 0 | K55: 0 | L55: 0 | M55: 0 | N55: 0 | O55: 0 | P55: 0 | Q55: 0
A56: 12 | B56: 1AZ | C56: 芜湖博康机电股份有限公司 | E56: 3.2.50.30.01625-000 | F56: LXC11EV1A-快充高压插座线束 | G56: 48 | H56: 料盒 | I56: 0 | J56: 0 | K56: 0 | L56: 0 | M56: 0 | N56: 0 | O56: 0 | P56: 0 | Q56: 0
A57: 13 | B57: 1AZ | C57: 芜湖博康机电股份有限公司 | E57: 3.2.50.30.01626-000 | F57: LXC11EV1A-电机口高压插座线束 | G57: 70 | H57: 料盒 | I57: 0 | J57: 0 | K57: 0 | L57: 0 | M57: 0 | N57: 0 | O57: 0 | P57: 0 | Q57: 0
A58: 14 | B58: 1AZ | C58: 芜湖博康机电股份有限公司 | E58: 3.1.02.30.00776 | F58: LX00148-CCS总成 | G58: 12 | H58: 纸箱 | I58: 3996 | J58: 0 | K58: 6000 | L58: 9996 | M58: 0 | N58: 0 | O58: 0 | P58: 0 | Q58: 0 | U58: 900 | X58: 600 | Y58: 600 | AA58: 3000 | AC58: 900 | BB58: 2076 | BC58: 1200 | BE58: 2040 | BF58: 2040 | BG58: 900 | BI58: 1740
A59: 15 | B59: 1AZ | C59: 芜湖博康机电股份有限公司 | E59: 3.2.50.30.01786-000 | F59: A03HW67.1-通讯集成线束 | G59: 100 | H59: 料盒 | I59: 100 | J59: 0 | K59: 400 | L59: 500 | M59: 0 | N59: 0 | O59: 0 | P59: 0 | Q59: 0 | Y59: 400 | BD59: 400 | BF59: 100
A60: 16 | B60: 1AZ | C60: 芜湖博康机电股份有限公司 | E60: 3.2.50.30.01787-000 | F60: A03HW67.1-采样集成线束 | G60: 40 | H60: 料盒 | I60: 40 | J60: 0 | K60: 400 | L60: 440 | M60: 0 | N60: 0 | O60: 0 | P60: 0 | Q60: 0 | Y60: 400 | BD60: 400 | BF60: 40
A61: 17 | B61: 1AZ | C61: 芜湖博康机电股份有限公司 | E61: 3.2.50.30.01784-000 | F61: A03HW56.2-通讯集成线束 | G61: 100 | H61: 料盒 | I61: 100 | J61: 0 | K61: 0 | L61: 0 | M61: 0 | N61: 0 | O61: 0 | P61: 0 | Q61: 100
A62: 18 | B62: 1AZ | C62: 芜湖博康机电股份有限公司 | E62: 3.2.50.30.01785-000 | F62: A03HW56.2-采样集成线束 | G62: 40 | H62: 料盒 | I62: 120 | J62: 0 | K62: 0 | L62: 0 | M62: 0 | N62: 0 | O62: 0 | P62: 0 | Q62: 120
A63: 19 | B63: 1AZ | C63: 芜湖博康机电股份有限公司 | E63: 3.2.50.30.01886-000 | F63: LXCU13E01-分流器线束 | G63: 1500 | H63: 料盒 | I63: 7500 | J63: 0 | K63: 4500 | L63: 12000 | M63: 0 | N63: 0 | O63: 0 | P63: 0 | Q63: 0 | Y63: 4500 | AZ63: 7500 | BD63: 4500
A64: 20 | B64: 1AZ | C64: 芜湖博康机电股份有限公司 | E64: 3.2.50.30.02283-000 | F64: LXBU1101-BDU集成线束-60.8 | G64: 40 | H64: 料盒 | I64: 1600 | J64: 0 | K64: 899 | L64: 2499 | M64: 0 | N64: 0 | O64: 0 | P64: 0 | Q64: 0 | AC64: 899 | BF64: 1600 | BH64: 899
A65: 21 | B65: 1AZ | C65: 芜湖博康机电股份有限公司 | E65: 3.2.50.30.02282-000 | F65: LXBU1101-通讯集成线束-60.8 | G65: 100 | H65: 料盒 | I65: 1600 | J65: 0 | K65: 898 | L65: 2498 | M65: 0 | N65: 0 | O65: 0 | P65: 0 | Q65: 0 | AC65: 898 | BG65: 1600 | BH65: 898
A66: 22 | B66: 1AZ | C66: 芜湖博康机电股份有限公司 | E66: 3.2.50.30.01757-000 | F66: 线束总成 | G66: 200 | H66: 料盒 | I66: 1000 | J66: 0 | K66: 1000 | L66: 2000 | M66: 0 | N66: 0 | O66: 0 | P66: 0 | Q66: 0 | AD66: 1000 | BH66: 1000 | BI66: 1000
A67: 23 | B67: 1AZ | C67: 芜湖博康机电股份有限公司 | E67: 3.2.50.30.01758-000 | F67: 线束总成 | G67: 100 | H67: 料盒 | I67: 1000 | J67: 0 | K67: 1000 | L67: 2000 | M67: 0 | N67: 0 | O67: 0 | P67: 0 | Q67: 0 | AD67: 1000 | BH67: 1000 | BI67: 1000
A68: 24 | B68: 1AZ | C68: 芜湖博康机电股份有限公司 | E68: 3.2.50.30.01532-000 | F68: 线束总成 | G68: 100 | H68: 料盒 | I68: 1000 | J68: 0 | K68: 1000 | L68: 2000 | M68: 0 | N68: 0 | O68: 0 | P68: 0 | Q68: 0 | AD68: 1000 | BI68: 2000
A69: 25 | B69: 1AZ | C69: 芜湖博康机电股份有限公司 | E69: 3.2.50.30.02391-000 | F69: 线束总成 | G69: 30 | H69: 料盒 | I69: 0 | J69: 0 | K69: 2649 | L69: 2250 | M69: 0 | N69: 0 | O69: 0 | P69: 0 | Q69: 399 | U69: 810 | X69: 510 | Y69: 600 | Z69: 729 | BF69: 2250
A70: 26 | B70: 1AZ | C70: 芜湖博康机电股份有限公司 | E70: 3.2.50.30.02392-000 | F70: 线束总成 | G70: 20 | H70: 料盒 | I70: 0 | J70: 0 | K70: 2650 | L70: 2000 | M70: 0 | N70: 0 | O70: 0 | P70: 0 | Q70: 650 | U70: 800 | X70: 500 | Y70: 1040 | Z70: 310 | BF70: 2000
A71: 27 | B71: 1AZ | C71: 芜湖博康机电股份有限公司 | E71: 3.2.50.30.02364-000 | F71: 线束总成 | G71: 55 | H71: 料盒 | I71: 0 | J71: 0 | K71: 105 | L71: 0 | M71: 0 | N71: 0 | O71: 0 | P71: 0 | Q71: 105 | Y71: 105
A72: 28 | B72: 1AZ | C72: 芜湖博康机电股份有限公司 | E72: 3.2.50.30.02365-000 | F72: 线束总成 | G72: 55 | H72: 料盒 | I72: 0 | J72: 0 | K72: 105 | L72: 0 | M72: 0 | N72: 0 | O72: 0 | P72: 0 | Q72: 105 | Y72: 105
A73: 29 | B73: 1AZ | C73: 芜湖博康机电股份有限公司 | E73: 3.2.50.30.02366-000 | F73: 线束总成 | G73: 55 | H73: 料盒 | I73: 0 | J73: 0 | K73: 105 | L73: 0 | M73: 0 | N73: 0 | O73: 0 | P73: 0 | Q73: 105 | Y73: 105
A74: 30 | B74: 1AZ | C74: 芜湖博康机电股份有限公司 | E74: 3.2.50.30.02363-000 | F74: 线束总成 | G74: 21 | H74: 料盒 | I74: 0 | J74: 0 | K74: 105 | L74: 0 | M74: 0 | N74: 0 | O74: 0 | P74: 0 | Q74: 105 | Y74: 105
A75: 1 | B75: 6ABI | C75: 南京熊猫电子制造有限公司 | E75: 3.1.01.20.00336 | F75: 压缩机34CC | G75: 45 | H75: 料盒 | I75: 720 | J75: 0 | K75: 0 | L75: 0 | M75: 0 | N75: 0 | O75: 0 | P75: 0 | Q75: 720 | S75: 1
A76: 2 | B76: 6ABI | C76: 南京熊猫电子制造有限公司 | E76: 3.1.01.20.00337 | F76: 压缩机40CC | G76: 40 | H76: 料盒 | I76: 3200 | J76: 0 | K76: 6400 | L76: 1280 | M76: 0 | N76: 0 | O76: 0 | P76: 0 | Q76: 8320 | S76: 1 | Z76: 6400 | BB76: 1280
A77: 1 | B77: 1DH | C77: 宁波碧海精工有限公司 | E77: 3.2.44.30.02154-000 | F77: 02154端板 | G77: 84 | H77: 料盒 | I77: 3360 | J77: 0 | K77: 6720 | L77: 3360 | M77: 0 | N77: 0 | O77: 0 | P77: 0 | Q77: 6720 | S77: 1 | X77: 3360 | AA77: 3360 | BA77: 3360
A78: 1 | B78: 2CQ | C78: 宁波隆源股份有限公司 | D78: LSD06AM1 | E78: 3.2.44.20.01636-000 | F78: D06电源壳体 | G78: 176 | H78: 围板箱 | I78: 1054 | J78: 0 | K78: 2642 | L78: 3168 | M78: 318 | N78: 0 | O78: 0 | P78: 318 | Q78: 528 | S78: 1 | U78: 352 | W78: 176 | X78: 352 | Y78: 178 | Z78: 352 | AA78: 176 | AB78: 352 | AC78: 176 | AD78: 352 | AE78: 176 | BD78: 1936 | BI78: 1232
A79: 2 | B79: 2CQ | C79: 宁波隆源股份有限公司 | D79: LS180DM2 | E79: 3.2.44.20.01461-000 | F79: DM2上箱体 | G79: 54 | H79: 围板箱 | I79: 1680 | J79: 108 | K79: 6912 | L79: 7506 | M79: 24 | N79: 16 | O79: 0 | P79: 148 | Q79: 1070 | S79: 1 | U79: 702 | W79: 756 | X79: 702 | Y79: 756 | Z79: 702 | AA79: 756 | AB79: 702 | AC79: 756 | AD79: 324 | AE79: 756 | BA79: 864 | BB79: 1134 | BD79: 1134 | BE79: 1134 | BF79: 1026 | BI79: 1080 | BJ79: 1134
A80: 3 | B80: 2CQ | C80: 宁波隆源股份有限公司 | D80: LS180DM2 | E80: 3.2.44.20.01460-000 | F80: DM2下箱体 | G80: 66 | H80: 围板箱 | I80: 2026 | J80: 0 | K80: 6803 | L80: 7524 | M80: 1154 | N80: 0 | O80: 5 | P80: 1149 | Q80: 1305 | S80: 1 | U80: 660 | W80: 726 | X80: 726 | Y80: 726 | Z80: 726 | AA80: 726 | AB80: 726 | AC80: 731 | AD80: 330 | AE80: 726 | BA80: 924 | BB80: 1056 | BD80: 1122 | BE80: 1122 | BF80: 1056 | BI80: 1122 | BJ80: 1122
A81: 4 | B81: 2CQ | C81: 宁波隆源股份有限公司 | E81: 3.2.44.20.01462-000 | F81: DM1箱体 | G81: 66 | H81: 围板箱 | I81: 2112 | J81: 0 | K81: 396 | L81: 2508 | M81: 0 | N81: 0 | O81: 0 | P81: 0 | Q81: 0 | S81: 1 | AA81: 396 | BC81: 1056 | BD81: 1056 | BF81: 396
A82: 5 | B82: 2CQ | C82: 宁波隆源股份有限公司 | E82: 3.2.44.20.01981-000 | F82: 控制器箱体 | G82: 4 | H82: 纸箱 | I82: 0 | J82: 0 | K82: 0 | L82: 0 | M82: 0 | N82: 0 | O82: 0 | P82: 0 | Q82: 0 | S82: 1
A83: 1 | B83: 2FZ | C83: 索恩格汽车电动系统有限公司 | E83: 3.1.02.20.00554 | F83: 定子成品组件 | G83: 24 | H83: 围板箱 | I83: 2333 | J83: 0 | K83: 48 | L83: 2381 | M83: 0 | N83: 0 | O83: 0 | P83: 0 | Q83: 0 | S83: 1 | U83: 48 | BF83: 905 | BG83: 912 | BH83: 516 | BI83: 48
A84: 2 | B84: 2FZ | C84: 索恩格汽车电动系统有限公司 | E84: 3.1.02.20.00611 | F84: 电机转子部件 | G84: 48 | H84: 围板箱 | I84: 1488 | J84: 0 | K84: 912 | L84: 2400 | M84: 0 | N84: 0 | O84: 0 | P84: 0 | Q84: 0 | S84: 1 | U84: 480 | AB84: 432 | BF84: 912 | BG84: 912 | BH84: 480 | BI84: 96
A85: 3 | B85: 2FZ | C85: 索恩格汽车电动系统有限公司 | E85: 3.1.02.20.00407 | F85: 电机转子部件 | G85: 48 | H85: 围板箱 | I85: 0 | J85: 0 | K85: 0 | L85: 0 | M85: 0 | N85: 0 | O85: 0 | P85: 0 | Q85: 0 | S85: 1
A86: 4 | B86: 2FZ | C86: 索恩格汽车电动系统有限公司 | E86: 3.1.02.20.00233 | F86: 定子成品组件 | G86: 24 | H86: 围板箱 | I86: 624 | J86: 0 | K86: 0 | L86: 624 | M86: 0 | N86: 0 | O86: 0 | P86: 0 | Q86: 0 | S86: 1 | AZ86: 624
A87: 5 | B87: 2FZ | C87: 索恩格汽车电动系统有限公司 | E87: 3.1.02.20.00551 | F87: 定子成品组件 | G87: 24 | H87: 围板箱 | I87: 2976 | J87: 0 | K87: 1776 | L87: 3048 | M87: 0 | N87: 0 | O87: 0 | P87: 0 | Q87: 1704 | S87: 1 | U87: 1248 | AB87: 528 | BC87: 912 | BD87: 720 | BE87: 696 | BJ87: 720
A88: 6 | B88: 2FZ | C88: 索恩格汽车电动系统有限公司 | E88: 3.1.02.20.00612 | F88: 电机转子部件 | G88: 48 | H88: 围板箱 | I88: 2327 | J88: 240 | K88: 1152 | L88: 2779 | M88: 0 | N88: 0 | O88: 0 | P88: 240 | Q88: 700 | S88: 1 | AC88: 1152 | BC88: 912 | BD88: 737 | BE88: 410 | BJ88: 720
A89: 1 | B89: 6EM | C89: 立讯精密工业(盐城)有限公司 | D89: L278S3017-AM-R | E89: 3.2.50.20.00386-000 | F89: 国内MCU线束总成 | G89: 8 | H89: 塑料箱 | I89: 2992 | J89: 152 | K89: 2640 | L89: 1248 | M89: 0 | N89: 0 | O89: 0 | P89: 152 | Q89: 4384 | S89: 1 | Y89: 1920 | AE89: 720 | BG89: 1248
A90: 2 | B90: 6EM | C90: 立讯精密工业(盐城)有限公司 | D90: L278S3020-AM-R | E90: 3.2.50.20.00385-000 | F90: 海外MCU线束总成 | G90: 8 | H90: 塑料箱 | I90: 1344 | J90: 0 | K90: 2976 | L90: 2880 | M90: 0 | N90: 0 | O90: 0 | P90: 0 | Q90: 1440 | S90: 1 | Y90: 1536 | AE90: 1440 | BF90: 1824 | BI90: 1056
A91: 1 | B91: 2GQ | C91: 浙江富特科技股份有限公司 | E91: 3.1.03.20.00045-A03 | F91: A平台车载电源二合一 | G91: 45 | H91: 围板箱 | I91: 0 | J91: 0 | K91: 0 | L91: 0 | M91: 0 | N91: 0 | O91: 0 | P91: 0 | Q91: 0
A92: 2 | B92: 2GQ | C92: 浙江富特科技股份有限公司 | E92: 3.1.03.20.00073 | F92: 车载电源二合一 | G92: 45 | H92: 围板箱 | I92: 3757 | J92: 0 | K92: 4455 | L92: 4500 | M92: 63 | N92: 52 | O92: 115 | P92: 0 | Q92: 3660 | W92: 1260 | Y92: 945 | AA92: 990 | AE92: 1260 | BB92: 1215 | BC92: 1215 | BD92: 1035 | BE92: 1035
A93: 3 | B93: 2GQ | C93: 浙江富特科技股份有限公司 | E93: 3.1.03.20.00143 | F93: 800V车载二合一电源总成 | G93: 45 | H93: 围板箱 | I93: 0 | J93: 0 | K93: 0 | L93: 0 | M93: 182 | N93: 0 | O93: 182 | P93: 0 | Q93: 0
A94: 1 | B94: 7AAI | C94: 深圳市和盛行新型材料有限公司 | E94: 3.2.99.01.00220-000 | F94: PC HL6157 | G94: 25/KG | H94: 吨袋 | I94: 59250 | J94: 0 | K94: 31500 | L94: 27000 | M94: 0 | N94: 0 | O94: 0 | P94: 0 | Q94: 63750 | AD94: 31500 | BC94: 13500 | BG94: 4500 | BI94: 9000
A95: 2 | B95: 7AAI | C95: 深圳市和盛行新型材料有限公司 | E95: 3.2.99.01.00221-000 | F95: PCAK1225BK | G95: 25/KG | H95: 吨袋 | I95: 59775 | J95: 0 | K95: 20000 | L95: 30000 | M95: 0 | N95: 0 | O95: 0 | P95: 0 | Q95: 49775 | AB95: 20000 | BC95: 15000 | BG95: 5000 | BI95: 10000
A96: 1 | B96: 2AAV | C96: 格林精密部件(苏州)有限公司 | E96: 3.2.44.20.01142-000 | F96: 电机轴180CM1 | G96: 156 | H96: 围板箱 | I96: 0 | J96: 0 | K96: 0 | L96: 0 | M96: 0 | N96: 0 | O96: 0 | P96: 0 | Q96: 0
A97: 1 | B97: 6ABA | C97: 东莞市汇创新能电子科技有限公司 | E97: 3.1.02.30.00934 | F97: LXA12EV10-CCS-A | G97: 12 | H97: 料盒 | I97: 1008 | J97: 0 | K97: 6768 | L97: 4896 | M97: 0 | N97: 0 | O97: 0 | P97: 0 | Q97: 2880 | W97: 1152 | Y97: 432 | AA97: 1728 | AC97: 1728 | AE97: 1728 | BA97: 576 | BD97: 864 | BE97: 1152 | BF97: 576 | BG97: 864 | BH97: 864
A98: 2 | B98: 6ABA | C98: 东莞市汇创新能电子科技有限公司 | E98: 3.1.02.30.00935 | F98: LXA12EV10-CCS-B | G98: 12 | H98: 料盒 | I98: 1296 | J98: 0 | K98: 6614 | L98: 4742 | M98: 0 | N98: 0 | O98: 0 | P98: 0 | Q98: 3168 | W98: 1142 | Y98: 288 | AA98: 1728 | AC98: 1728 | AE98: 1728 | BD98: 864 | BE98: 1862 | BF98: 288 | BG98: 864 | BH98: 864
A99: 3 | B99: 6ABA | C99: 东莞市汇创新能电子科技有限公司 | E99: 3.2.44.30.01769-000 | F99: LXA12EV10-模组跨接铝排-1 | G99: 240 | H99: 纸箱 | I99: 6316 | J99: 0 | K99: 0 | L99: 0 | M99: 0 | N99: 0 | O99: 0 | P99: 0 | Q99: 6316
A100: 4 | B100: 6ABA | C100: 东莞市汇创新能电子科技有限公司 | E100: 3.2.44.30.01770-000 | F100: LXA12EV10-模组跨接铝排-2 | G100: 300 | H100: 纸箱 | I100: 6434 | J100: 0 | K100: 0 | L100: 0 | M100: 0 | N100: 0 | O100: 0 | P100: 0 | Q100: 6434
...

Sheet 合格品入货记录
A1: 到货日期 | B1: 厂家代码 | C1: 供应商名称 | D1: 到货单号 | E1: 零件编号 | F1: 零件名称 | G1: 收货数量 | H1: 包装类型 | I1: 包装数量 | J1: 备注 | K1: 箱数
A2: 46144 | B2: 6ABE | C2: 力高新能源技术股份有限公司 | D2: L1-K350-2604001519 | E2: 3.1.01.30.00347 | F2: LP-BSU050-AA_V100_TI_32B2_HW_三防漆双面911_0截 | G2: 468 | H2: 料盒 | I2: 36 | J2: 昌 玉 | K2: 13
A3: 46144 | B3: 6ABE | C3: 力高新能源技术股份有限公司 | D3: L1-K350-2604001562 | E3: 3.1.01.30.00401 | F3: LP-BSU051-AA_V100_TI_31A三防漆双面916_019 | G3: 108 | H3: 料盒 | I3: 36 | J3: 昌 玉 | K3: 3
A4: 46144 | B4: 6ABE | C4: 力高新能源技术股份有限公司 | D4: L1-K350-2604001560 | E4: 3.1.01.30.00399 | F4: LP_SHUNT010-AA_A12EV_V1_三防漆双面925_007 | G4: 810 | H4: 料盒 | I4: 162 | J4: 昌 玉 | K4: 5
A5: 46144 | B5: 6ABE | C5: 力高新能源技术股份有限公司 | D5: L1-K350-2604001551 | E5: 3.1.01.30.00342 | F5: LP-BSU054-AA_V100_TI_32B1_BTW三防漆双面923_0截 | G5: 612 | H5: 料盒 | I5: 36 | J5: 昌 玉 | K5: 17
A6: 46144 | B6: 6ABE | C6: 力高新能源技术股份有限公司 | D6: L1-K350-2604001518 | E6: 3.1.01.30.00399 | F6: LP_SHUNT010-AA_A12EV_V1_三防漆双面925_007 | G6: 810 | H6: 料盒 | I6: 162 | J6: 昌 玉 | K6: 5
A7: 46144 | B7: 6ABE | C7: 力高新能源技术股份有限公司 | D7: L1-K350-2604001558 | E7: 3.1.01.30.00341 | F7: LP-BSU053-AA_V100_TI_32A2_BTW三防漆双面922_0截 | G7: 432 | H7: 料盒 | I7: 36 | J7: 昌 玉 | K7: 12
A8: 46144 | B8: 6ABE | C8: 力高新能源技术股份有限公司 | D8: L1-K350-2604001521 | E8: 3.1.01.30.00341 | F8: LP-BSU053-AA_V100_TI_32A2_BTW三防漆双面922_0截 | G8: 540 | H8: 料盒 | I8: 36 | J8: 昌 玉 | K8: 15
A9: 46144 | B9: 6ABE | C9: 力高新能源技术股份有限公司 | D9: L1-K350-2604001600 | E9: 3.1.01.30.00342 | F9: LP-BSU054-AA_V100_TI_32B1_BTW三防漆双面923_0截 | G9: 756 | H9: 料盒 | I9: 36 | J9: 昌 玉 | K9: 21
A10: 46144 | B10: 6ABE | C10: 力高新能源技术股份有限公司 | D10: L1-K350-2604001609 | E10: 3.1.01.30.00341 | F10: LP-BSU053-AA_V100_TI_32A2_BTW三防漆双面922_0截 | G10: 216 | H10: 料盒 | I10: 36 | J10: 昌 玉 | K10: 6
A11: 46144 | B11: 6ABE | C11: 力高新能源技术股份有限公司 | D11: L1-K350-2604001613 | E11: 3.1.01.30.00399 | F11: LP_SHUNT010-AA_A12EV_V1_三防漆双面925_007 | G11: 810 | H11: 料盒 | I11: 162 | J11: 昌 玉 | K11: 5
A12: 46144 | B12: 6ABE | C12: 力高新能源技术股份有限公司 | D12: L1-K350-2605000032 | E12: 3.1.04.30.00037 | F12: LXT05EV20-BSU总成-04 | G12: 112 | H12: 料盒 | I12: 16 | J12: 昌 玉 | K12: 7
A13: 46144 | B13: 6ABE | C13: 力高新能源技术股份有限公司 | D13: L1-K350-2605000049 | E13: 3.1.01.30.00342 | F13: LP-BSU054-AA_V100_TI_32B1_BTW三防漆双面923_0截 | G13: 720 | H13: 料盒 | I13: 36 | J13: 昌 玉 | K13: 20
... A43: 46144 | B43: 6ABE | C43: 力高新能源技术股份有限公司 | D43: L1-K350-2604001552 | E43: 3.1.01.20.00458 | F43: LS-CCMM024-AA-V1.01_三防漆双面 930_006 | G43: 312 | H43: 料盒 | I43: 24 | J43: 昌 玉 | K43: 13
A44: 46144 | B44: 6ABE | C44: 力高新能源技术股份有限公司 | D44: L1-K350-2604001530 | E44: 3.1.01.30.00606 | F44: LP-BSU057-AA_V100_TI_29S-TE_三防漆双面919_081 | G44: 14 | H44: 0 | I44: 0 | J44: 昌 玉
A45: 46144 | B45: 6ABE | C45: 力高新能源技术股份有限公司 | D45: L1-K350-2605000067 | E45: 3.1.03.20.00108 | F45: IGBT组件（A平台国内版NON-FUSA一体板结构PCBA） | G45: 348 | H45: 料盒 | I45: 12 | J45: 昌 玉 | K45: 29
A46: 46144 | B46: 6ABE | C46: 力高新能源技术股份有限公司 | D46: L1-K350-2605000043 | E46: 3.1.03.20.00108 | F46: IGBT组件（A平台国内版NON-FUSA一体板结构PCBA） | G46: 120 | H46: 料盒 | I46: 12 | J46: 昌 玉 | K46: 10
A47: 46144 | B47: 6ABE | C47: 力高新能源技术股份有限公司 | D47: L1-K350-2605000085 | E47: 3.1.01.20.00486 | F47: LS-CCUB001-AA-DM2-V1.03 三防漆单面 931_007 | G47: 144 | H47: 料盒 | I47: 24 | J47: 昌 玉 | K47: 6
A48: 46144 | B48: 6ABE | C48: 力高新能源技术股份有限公司 | D48: L1-K350-2605000079 | E48: 3.1.01.20.00566 | F48: LS-CCUM001-AA-V1.06 三防漆双面 908_067 | G48: 456 | H48: 料盒 | I48: 8 | J48: 昌 玉 | K48: 57
A49: 46144 | B49: 2CQ | C49: 宁波隆源股份有限公司 | D49: 0000081398 | E49: 3.2.44.20.01461-000 | F49: DM2上箱体 | G49: 702 | H49: 围板箱 | I49: 54 | J49: 昌 玉 | K49: 13
A50: 46144 | B50: 2CQ | C50: 宁波隆源股份有限公司 | D50: 0000081398 | E50: 3.2.44.20.01460-000 | F50: DM2下箱体 | G50: 660 | H50: 围板箱 | I50: 66 | J50: 昌 玉 | K50: 10
A51: 46144 | B51: 2CQ | C51: 宁波隆源股份有限公司 | D51: 0000081398 | E51: 3.2.44.20.01636-000 | F51: D06电源壳体 | G51: 352 | H51: 围板箱 | I51: 176 | J51: 昌 玉 | K51: 2
A52: 46144 | B52: 2FZ | C52: 索恩格汽车电动系统有限公司 | D52: 1261039562 | E52: 3.1.02.20.00611 | F52: 电机转子部件 | G52: 480 | H52: 围板箱 | I52: 48 | J52: 昌 玉 | K52: 10
A53: 46144 | B53: 2FZ | C53: 索恩格汽车电动系统有限公司 | D53: 1261039561 | E53: 3.1.02.20.00554 | F53: 定子成品组件 | G53: 48 | H53: 围板箱 | I53: 24 | J53: 昌 玉 | K53: 2
A54: 46144 | B54: 2FZ | C54: 索恩格汽车电动系统有限公司 | D54: 1261039563 | E54: 3.1.02.20.00551 | F54: 定子成品组件 | G54: 1248 | H54: 围板箱 | I54: 24 | J54: 昌 玉 | K54: 52
A55: 46144 | B55: 2FM | C55: 东实精工齿轮（武汉）有限公司 | D55: 202604280044 | E55: 3.1.02.20.00605 | F55: T05差速器总成 | G55: 1250 | H55: 围板箱 | I55: 125 | J55: 昌 玉 | K55: 10
A56: 46144 | B56: 2CM | C56: 天津天海精密锻造股份有限公司 | D56: 20260430 | E56: 3.2.44.20.01142-000 | F56: 电机轴 | G56: 1560 | H56: 围板箱 | I56: 156 | J56: 昌 玉 | K56: 10
A57: 46145 | B57: 6ABE | C57: 力高新能源技术股份有限公司 | D57: L1-K350-2605000092 | E57: 3.1.01.30.00401 | F57: LP-BSU051-AA_V100_TI_31A三防漆双面916_019 | G57: 684 | H57: 料盒 | I57: 36 | J57: 昌 玉 | K57: 19
A58: 46145 | B58: 6ABE | C58: 力高新能源技术股份有限公司 | D58: L1-K350-2605000091 | E58: 3.1.01.20.00399 | F58: LS-MCUM017-BB-V2.30 三防漆双面 926_008（A平台海外截 | G58: 155 | H58: 料盒 | I58: 12 | J58: 昌 玉 | K58: 12.916667
A59: 46145 | B59: 6ABE | C59: 力高新能源技术股份有限公司 | D59: L1-K350-2605000131 | E59: 3.1.04.30.00037 | F59: LXT05EV20-BSU总成-04 | G59: 112 | H59: 料盒 | I59: 16 | J59: 昌 玉 | K59: 7
A60: 46145 | B60: 6ABE | C60: 力高新能源技术股份有限公司 | D60: L1-K350-2605000099 | E60: 3.1.01.20.00452 | F60: LS-CCUG001-AB-V1.02 三防漆单面 924_028 | G60: 288 | H60: 料盒 | I60: 72 | J60: 昌 玉 | K60: 4
A61: 46145 | B61: 6ABE | C61: 力高新能源技术股份有限公司 | D61: L1-K350-2605000081 | E61: 3.1.01.20.00458 | F61: LS-CCMM024-AA-V1.01_三防漆双面 930_006 | G61: 600 | H61: 料盒 | I61: 24 | J61: 昌 玉 | K61: 25
A62: 46145 | B62: 6ABE | C62: 力高新能源技术股份有限公司 | D62: L1-K350-2605000133 | E62: 3.1.04.30.00020 | F62: LXA12EV10-BSU总成-02 | G62: 380 | H62: 料盒 | I62: 20 | J62: 昌 玉 | K62: 19
A63: 46145 | B63: 6ABE | C63: 力高新能源技术股份有限公司 | D63: L1-K350-2605000130 | E63: 3.1.04.30.00036 | F63: LXT05EV20-BSU总成-03 | G63: 132 | H63: 料盒 | I63: 44 | J63: 昌 玉 | K63: 3
A64: 46145 | B64: 6ABE | C64: 力高新能源技术股份有限公司 | D64: L1-K350-2605000118 | E64: 3.1.01.20.00580 | F64: LS-CCUB001-AB-V1.04 三防漆双面 904_219 | G64: 270 | H64: 料盒 | I64: 54 | J64: 昌 玉 | K64: 5
A65: 46145 | B65: 6ABE | C65: 力高新能源技术股份有限公司 | D65: L1-K350-2605000088 | E65: 3.1.01.30.00342 | F65: LP-BSU054-AA_V100_TI_32B1_BTW三防漆双面923_0截 | G65: 36 | H65: 料盒 | I65: 36 | J65: 昌 玉 | K65: 1
A66: 46145 | B66: 6ABE | C66: 力高新能源技术股份有限公司 | D66: L1-K350-2605000142 | E66: 3.1.03.20.00108 | F66: IGBT组件（A平台国内版NON-FUSA一体板结构PCBA） | G66: 552 | H66: 料盒 | I66: 12 | J66: 昌 玉 | K66: 46
A67: 46145 | B67: 6ABE | C67: 力高新能源技术股份有限公司 | D67: L1-K350-2605000155 | E67: 3.1.01.30.00401 | F67: LP-BSU051-AA_V100_TI_31A三防漆双面916_019 | G67: 504 | H67: 料盒 | I67: 36 | J67: 昌 玉 | K67: 14
A68: 46145 | B68: 6ABE | C68: 力高新能源技术股份有限公司 | D68: L1-K350-2605000157 | E68: 3.1.04.30.00037 | F68: LXT05EV20-BSU总成-04 | G68: 128 | H68: 料盒 | I68: 16 | J68: 昌 玉 | K68: 8
... A97: 46146 | B97: 2CQ | C97: 宁波隆源股份有限公司 | D97: 0000081422 | E97: 3.2.44.20.01636-000 | F97: D06电源壳体 | G97: 176 | H97: 围板箱 | I97: 176 | J97: 昌 玉 | K97: 1
A98: 46146 | B98: 2GQ | C98: 浙江富特科技股份有限公司 | E98: 3.1.03.20.00073 | F98: 车载电源二合一 | G98: 1260 | H98: 围板箱 | I98: 45 | J98: 28 | K98: 昌 玉
A99: 46146 | B99: 6ABA | C99: 东莞市汇创新能电子科技有限公司 | D99: 6500002897 | E99: 3.1.02.30.00934 | F99: LXA12EV10-CCS-A | G99: 1152 | H99: 料盒 | I99: 12
A100: 46146 | B100: 6ABA | C100: 东莞市汇创新能电子科技有限公司 | D100: 6500002897 | E100: 3.1.02.30.00935 | F100: LXA12EV10-CCS-B | G100: 1142 | H100: 料盒 | I100: 12
A101: 46146 | B101: 2CY | C101: 聊城市德通交通器材制造有限公司 | D101: 100SM2604280005 | E101: 3.2.53.05.00022-000 | F101: 油冷器 | G101: 3000 | H101: 料盒 | I101: 12
A102: 46146 | B102: 2CY | C102: 聊城市德通交通器材制造有限公司 | D102: 100SM2605020001 | E102: 3.2.53.05.00022-000 | F102: 油冷器 | G102: 1500 | H102: 料盒 | I102: 12
A103: 46146 | B103: 2FM | C103: 东实精工齿轮（武汉）有限公司 | D103: 202604290057 | E103: 3.1.02.20.00605 | F103: T05差速器总成 | G103: 1000 | H103: 围板箱 | I103: 125 | J103: 昌 玉 | K103: 8
A104: 46146 | B104: 2FM | C104: 东实精工齿轮（武汉）有限公司 | E104: 3.1.02.20.00605 | F104: T05差速器总成 | G104: 1750 | H104: 围板箱 | I104: 125 | J104: 昌 玉 | K104: 14
A105: 46147 | B105: 6ABE | C105: 力高新能源技术股份有限公司 | D105: L1-K350-2605000309 | E105: 3.1.01.20.00566 | F105: LS-CCUM001-AA-V1.06 三防漆双面 908_067 | G105: 168 | H105: 料盒 | I105: 8 | J105: 昌 玉 | K105: 21
A106: 46147 | B106: 6ABE | C106: 力高新能源技术股份有限公司 | D106: L1-K350-2605000280 | E106: 3.1.01.30.00401 | F106: LP-BSU051-AA_V100_TI_31A三防漆双面916_019 | G106: 288 | H106: 料盒 | I106: 36 | J106: 昌 玉 | K106: 8
A107: 46147 | B107: 6ABE | C107: 力高新能源技术股份有限公司 | D107: L1-K350-2605000281 | E107: 3.1.01.30.00342 | F107: LP-BSU054-AA_V100_TI_32B1_BTW三防漆双面923_0截 | G107: 216 | H107: 料盒 | I107: 36 | J107: 昌 玉 | K107: 6
A108: 46147 | B108: 6ABE | C108: 力高新能源技术股份有限公司 | D108: L1-K350-2605000288 | E108: 3.1.01.20.00486 | F108: LS-CCUB001-AA-DM2-V1.03 三防漆单面 931_007 | G108: 408 | H108: 料盒 | I108: 24 | J108: 昌 玉 | K108: 17
A109: 46147 | B109: 6ABE | C109: 力高新能源技术股份有限公司 | D109: L1-K350-2605000275 | E109: 3.1.01.20.00566 | F109: LS-CCUM001-AA-V1.06 三防漆双面 908_067 | G109: 352 | H109: 料盒 | I109: 8 | J109: 昌 玉 | K109: 44
A110: 46147 | B110: 6ABE | C110: 力高新能源技术股份有限公司 | D110: L1-K350-2605000316 | E110: 3.1.01.20.00399 | F110: LS-MCUM017-BB-V2.30 三防漆双面 926_008（A平台海外截 | G110: 288 | H110: 料盒 | I110: 12 | J110: 昌 玉 | K110: 24
A111: 46147 | B111: 6ABE | C111: 力高新能源技术股份有限公司 | D111: L1-K350-2605000278 | E111: 3.1.01.20.00399 | F111: LS-MCUM017-BB-V2.30 三防漆双面 926_008（A平台海外截 | G111: 312 | H111: 料盒 | I111: 12 | J111: 昌 玉 | K111: 26
A112: 46147 | B112: 6ABE | C112: 力高新能源技术股份有限公司 | D112: L1-K350-2605000279 | E112: 3.1.01.20.00452 | F112: LS-CCUG001-AB-V1.02 三防漆单面 924_028 | G112: 360 | H112: 料盒 | I112: 72 | J112: 昌 玉 | K112: 5
A113: 46147 | B113: 6ABE | C113: 力高新能源技术股份有限公司 | D113: L1-K350-2605000277 | E113: 3.1.01.20.00580 | F113: LS-CCUB001-AB-V1.04 三防漆双面 904_219 | G113: 270 | H113: 料盒 | I113: 54 | J113: 昌 玉 | K113: 5
A114: 46147 | B114: 6ABE | C114: 力高新能源技术股份有限公司 | D114: L1-K350-2605000287 | E114: 3.1.01.30.00347 | F114: LP-BSU050-AA_V100_TI_32B2_HW_三防漆双面911_0截 | G114: 504 | H114: 料盒 | I114: 36 | J114: 昌 玉 | K114: 14
A115: 46147 | B115: 6ABE | C115: 力高新能源技术股份有限公司 | D115: L1-K350-2605000310 | E115: 3.1.04.30.00019 | F115: LXA12EV10-BSU总成-01 | G115: 480 | H115: 料盒 | I115: 20 | J115: 昌 玉 | K115: 24
A116: 46147 | B116: 6ABE | C116: 力高新能源技术股份有限公司 | D116: L1-K350-2605000317 | E116: 3.1.04.30.00019 | F116: LXA12EV10-BSU总成-01 | G116: 180 | H116: 料盒 | I116: 20 | J116: 昌 玉 | K116: 9
... A119: 46147 | B119: 6ABE | C119: 力高新能源技术股份有限公司 | D119: L1-K350-2605000285 | E119: 3.1.01.20.00477 | F119: LS-CCMM026-AA-V1.00_三防漆双面908_063（瞻芯3代版本） | G119: 144 | H119: 料盒 | I119: 45 | J119: 昌 玉 | K119: 3.2
A120: 46147 | B120: 6ABE | C120: 力高新能源技术股份有限公司 | D120: L1-K350-2605000282 | E120: 3.1.01.20.00537 | F120: LS-MCUM027-CA-V1.20 三防漆双面 908_068（B平台高压士兰版本) | G120: 63 | H120: 料盒 | I120: 0 | J120: 昌 玉
A121: 46147 | B121: 6ABE | C121: 力高新能源技术股份有限公司 | D121: L1-K350-2605000291 | E121: 3.1.01.20.00487 | F121: LS-CCUG001-AB-V1.02 三防漆单面 924_029 | G121: 96 | H121: 料盒 | I121: 24 | J121: 昌 玉 | K121: 4
A122: 46147 | B122: 6ABE | C122: 力高新能源技术股份有限公司 | D122: L1-K350-2605000290 | E122: 3.1.01.20.00458 | F122: LS-CCMM024-AA-V1.01_三防漆双面 930_006 | G122: 48 | H122: 料盒 | I122: 24 | J122: 昌 玉 | K122: 2
A123: 46147 | B123: 6ABE | C123: 力高新能源技术股份有限公司 | D123: L1-K350-2605000334 | E123: 3.1.01.30.00346 | F123: LP-BSU051-AA_V100_TI_32A1_HW_三防漆双面916_019 | G123: 504 | H123: 料盒 | I123: 36 | J123: 昌 玉 | K123: 14
A124: 46147 | B124: 6ABE | C124: 力高新能源技术股份有限公司 | D124: L1-K350-2605000324 | E124: 3.1.01.30.00347 | F124: LP-BSU050-AA_V100_TI_32B2_HW_三防漆双面911_0截 | G124: 288 | H124: 料盒 | I124: 36 | J124: 昌 玉 | K124: 8
A125: 46147 | B125: 6ABE | C125: 力高新能源技术股份有限公司 | D125: L1-K350-2605000274 | E125: 3.1.03.20.00108 | F125: IGBT组件（A平台国内版NON-FUSA一体板结构PCBA） | G125: 420 | H125: 料盒 | I125: 12 | J125: 昌 玉 | K125: 35
A126: 46147 | B126: 6ABE | C126: 力高新能源技术股份有限公司 | D126: L1-K350-2605000335 | E126: 3.1.01.30.00401 | F126: LP-BSU051-AA_V100_TI_31A三防漆双面916_019 | G126: 72 | H126: 料盒 | I126: 36 | J126: 昌 玉 | K126: 2
A127: 46147 | B127: 6ABE | C127: 力高新能源技术股份有限公司 | D127: L1-K350-2605000332 | E127: 3.1.01.30.00342 | F127: LP-BSU054-AA_V100_TI_32B1_BTW三防漆双面923_0截 | G127: 108 | H127: 料盒 | I127: 36 | J127: 昌 玉 | K127: 3
A128: 46147 | B128: 1DH | C128: 宁波碧海精工有限公司 | D128: S260504001 | E128: 3.2.44.30.02154-000 | F128: 02154端板 | G128: 3360 | H128: 料盒 | I128: 84 | J128: 昌 玉 | K128: 40
A129: 46147 | B129: 2CQ | C129: 宁波隆源股份有限公司 | D129: 0000081457 | E129: 3.2.44.20.01461-000 | F129: DM2上箱体 | G129: 702 | H129: 围板箱 | I129: 54 | J129: 昌 玉 | K129: 13
A130: 46147 | B130: 2CQ | C130: 宁波隆源股份有限公司 | D130: 0000081457 | E130: 3.2.44.20.01460-000 | F130: DM2下箱体 | G130: 726 | H130: 围板箱 | I130: 66 | J130: 昌 玉 | K130: 11
A131: 46147 | B131: 2CQ | C131: 宁波隆源股份有限公司 | D131: 0000081457 | E131: 3.2.44.20.01636-000 | F131: D06电源壳体 | G131: 352 | H131: 围板箱 | I131: 176 | J131: 昌 玉 | K131: 2
A132: 46147 | B132: 2CM | C132: 天津天海精密锻造股份有限公司 | D132: 20260503 | E132: 3.2.44.20.01142-000 | F132: 电机轴 | G132: 1560 | H132: 围板箱 | I132: 156 | J132: 昌 玉 | K132: 10
A133: 46148 | B133: 6ABE | C133: 力高新能源技术股份有限公司 | D133: WYC-20260505-001 | E133: 3.1.01.30.00607 | F133: LP-BSU070-AA_T1616_A_24S_V1_凡申40_三防漆双面9截 | G133: 96 | H133: 料盒 | I133: 48 | J133: 昌 玉 | K133: 2
A134: 46148 | B134: 6ABE | C134: 力高新能源技术股份有限公司 | D134: WYC-20260505-001 | E134: 3.1.01.30.00608 | F134: LP-BSU070-AA_T1616_46S_V1_凡申40_三防漆双面925截 | G134: 168 | H134: 料盒 | I134: 24 | J134: 昌 玉 | K134: 7
A135: 46148 | B135: 6ABE | C135: 力高新能源技术股份有限公司 | D135: L1-K350-2605000416 | E135: 3.1.01.20.00458 | F135: LS-CCMM024-AA-V1.01_三防漆双面 930_006 | G135: 288 | H135: 料盒 | I135: 24 | J135: 昌 玉 | K135: 12
A136: 46148 | B136: 6ABE | C136: 力高新能源技术股份有限公司 | D136: L1-K350-2605000400 | E136: 3.1.01.20.00493 | F136: LS-CCUG001-AA-V1.03 三防漆单面 926_014 | G136: 648 | H136: 料盒 | I136: 72 | J136: 昌 玉 | K136: 9
A137: 46148 | B137: 6ABE | C137: 力高新能源技术股份有限公司 | D137: L1-K350-2605000401 | E137: 3.1.01.20.00452 | F137: LS-CCUG001-AB-V1.02 三防漆单面 924_028 | G137: 144 | H137: 料盒 | I137: 72 | J137: 昌 玉 | K137: 2
A138: 46148 | B138: 6ABE | C138: 力高新能源技术股份有限公司 | D138: L1-K350-2605000399 | E138: 3.1.01.20.00580 | F138: LS-CCUB001-AB-V1.04 三防漆双面 904_219 | G138: 108 | H138: 料盒 | I138: 54 | J138: 昌 玉 | K138: 2
A139: 46148 | B139: 6ABE | C139: 力高新能源技术股份有限公司 | D139: L1-K350-2605000395 | E139: 3.1.03.20.00108 | F139: IGBT组件（A平台国内版NON-FUSA一体板结构PCBA） | G139: 156 | H139: 料盒 | I139: 12 | J139: 昌 玉 | K139: 13
A140: 46148 | B140: 6ABE | C140: 力高新能源技术股份有限公司 | D140: L1-K350-2605000390 | E140: 3.1.03.20.00108 | F140: IGBT组件（A平台国内版NON-FUSA一体板结构PCBA） | G140: 396 | H140: 料盒 | I140: 12 | J140: 昌 玉 | K140: 33
A141: 46148 | B141: 6ABE | C141: 力高新能源技术股份有限公司 | D141: L1-K350-2605000369 | E141: 3.1.04.30.00019 | F141: LXA12EV10-BSU总成-01 | G141: 480 | H141: 料盒 | I141: 20 | J141: 昌 玉 | K141: 24
A142: 46148 | B142: 6ABE | C142: 力高新能源技术股份有限公司 | D142: L1-K350-2605000379 | E142: 3.1.01.20.00399 | F142: LS-MCUM017-BB-V2.30 三防漆双面 926_008（A平台海外截 | G142: 192 | H142: 料盒 | I142: 12 | J142: 昌 玉 | K142: 16
A143: 46148 | B143: 6ABE | C143: 力高新能源技术股份有限公司 | D143: L1-K350-2605000371 | E143: 3.1.01.20.00566 | F143: LS-CCUM001-AA-V1.06 三防漆双面 908_067 | G143: 320 | H143: 料盒 | I143: 8 | J143: 昌 玉 | K143: 40
A144: 46148 | B144: 6ABE | C144: 力高新能源技术股份有限公司 | D144: L1-K350-2605000378 | E144: 3.1.01.30.00399 | F144: LP_SHUNT010-AA_A12EV_V1_三防漆双面925_007 | G144: 486 | H144: 料盒 | I144: 162 | J144: 昌 玉 | K144: 3
... A159: 46148 | B159: 6EM | C159: 立讯精密工业(盐城)有限公司 | D159: LX20260505-01 | E159: 3.2.50.20.00385-000 | F159: 海外MCU线束总成 | G159: 1536 | H159: 塑料箱 | I159: 8 | J159: 昌 玉 | K159: 192
A160: 46148 | B160: 2GQ | C160: 浙江富特科技股份有限公司 | E160: 3.1.03.20.00073 | F160: 车载电源二合一 | G160: 945 | H160: 围板箱 | I160: 45 | J160: 21 | K160: 昌 玉
A161: 46148 | B161: 6ABA | C161: 东莞市汇创新能电子科技有限公司 | D161: 6500002903 | E161: 3.1.02.30.00934 | F161: LXA12EV10-CCS-A | G161: 432 | H161: 料盒 | I161: 12 | J161: 昌 玉 | K161: 36
A162: 46148 | B162: 6ABA | C162: 东莞市汇创新能电子科技有限公司 | D162: 6500002903 | E162: 3.1.02.30.00935 | F162: LXA12EV10-CCS-B | G162: 288 | H162: 料盒 | I162: 12 | J162: 昌 玉 | K162: 24
A163: 46148 | B163: 2CY | C163: 聊城市德通交通器材制造有限公司 | D163: 100SM2605040005 | E163: 3.2.53.05.00022-000 | F163: 油冷器 | G163: 900 | H163: 料盒 | I163: 12 | J163: 昌 玉 | K163: 75
A164: 46148 | B164: 2FM | C164: 东实精工齿轮（武汉）有限公司 | D164: 202605040030 | E164: 3.1.02.20.00605 | F164: T05差速器总成 | G164: 1000 | H164: 围板箱 | I164: 125 | J164: 昌 玉 | K164: 8
A165: 2026/5//2 | B165: 1AZ | C165: 芜湖博康机电股份有限公司 | E165: 3.1.02.30.00776 | F165: LX00148-CCS总成 | G165: 900 | H165: 纸箱 | I165: 12 | J165: 昌 玉 | K165: 75
A166: 2026/5//2 | B166: 1AZ | C166: 芜湖博康机电股份有限公司 | E166: 3.2.50.30.02391-000 | F166: 线束总成 | G166: 810 | H166: 料盒 | I166: 30 | J166: 昌 玉 | K166: 27
A167: 2026/5//2 | B167: 1AZ | C167: 芜湖博康机电股份有限公司 | E167: 3.2.50.30.02392-000 | F167: 线束总成 | G167: 800 | H167: 料盒 | I167: 20 | J167: 昌 玉 | K167: 40
A168: 2026/5//5 | B168: 1AZ | C168: 芜湖博康机电股份有限公司 | E168: 3.2.50.30.02391-000 | F168: 线束总成 | G168: 510 | H168: 料盒 | I168: 30 | J168: 昌 玉 | K168: 17
A169: 2026/5//5 | B169: 1AZ | C169: 芜湖博康机电股份有限公司 | E169: 3.2.50.30.02392-000 | F169: 线束总成 | G169: 500 | H169: 料盒 | I169: 20 | J169: 昌 玉 | K169: 25
A170: 2026/5//5 | B170: 1AZ | C170: 芜湖博康机电股份有限公司 | E170: 3.1.02.30.00776 | F170: LX00148-CCS总成 | G170: 600 | H170: 纸箱 | I170: 12 | J170: 昌 玉 | K170: 50
A171: 2026/5//6 | B171: 1AZ | C171: 芜湖博康机电股份有限公司 | E171: 3.1.02.30.00776 | F171: LX00148-CCS总成 | G171: 600 | H171: 纸箱 | I171: 12 | J171: 昌 玉 | K171: 50
A172: 2026/5//6 | B172: 1AZ | C172: 芜湖博康机电股份有限公司 | E172: 3.2.50.30.02364-000 | F172: 线束总成 | G172: 55 | H172: 料盒 | I172: 55 | J172: 昌 玉 | K172: 1
A173: 2026/5//6 | B173: 1AZ | C173: 芜湖博康机电股份有限公司 | E173: 3.2.50.30.02365-000 | F173: 线束总成 | G173: 55 | H173: 料盒 | I173: 55 | J173: 昌 玉 | K173: 1
...

Sheet 合格品出库记录
A1: 发货日期 | B1: 厂家代码 | C1: 供应商名称 | D1: 装箱单号 | E1: 零件编号 | F1: 零件名称 | G1: 发货数量 | H1: 包装类型 | I1: 包装数量 | J1: 备注 | K1: 箱数
A2: 46144 | B2: 6ABE | C2: 力高新能源技术股份有限公司 | D2: 652328522 | E2: 3.1.01.30.00399 | F2: LP_SHUNT010-AA_A12EV_V1_三防漆双面925_007 | G2: 2430 | H2: 料盒 | I2: 162 | J2: 昌 玉 | K2: 15
A3: 46144 | B3: 6ABE | C3: 力高新能源技术股份有限公司 | D3: 652328830 | E3: 3.1.01.30.00399 | F3: LP_SHUNT010-AA_A12EV_V1_三防漆双面925_007 | G3: 486 | H3: 料盒 | I3: 162 | J3: 昌 玉 | K3: 3
A4: 46144 | B4: 6ABE | C4: 力高新能源技术股份有限公司 | D4: 调拨武义 | E4: 3.1.04.30.00037 | F4: LXT05EV20-BSU总成-04 | G4: 384 | J4: 昌 玉
A5: 46145 | B5: 6ABE | C5: 力高新能源技术股份有限公司 | D5: 652331361 | E5: 3.1.04.30.00019 | F5: =VLOOKUP(E5,[1]基础数据!E:H,2,0) -> LXA12EV10-BSU总成-01 | G5: 1640 | H5: =VLOOKUP(E5,[1]基础数据!E:H,4,0) -> 料盒 | I5: =VLOOKUP(E5,[1]基础数据!E:G,3,0) -> 20 | J5: 昌 玉 | K5: =IFERROR(G5/I5,"") -> 82
A6: 46145 | B6: 6ABE | C6: 力高新能源技术股份有限公司 | D6: 652331361 | E6: 3.1.04.30.00020 | F6: =VLOOKUP(E6,[1]基础数据!E:H,2,0) -> LXA12EV10-BSU总成-02 | G6: 1280 | H6: =VLOOKUP(E6,[1]基础数据!E:H,4,0) -> 料盒 | I6: =VLOOKUP(E6,[1]基础数据!E:G,3,0) -> 20 | J6: 昌 玉 | K6: =IFERROR(G6/I6,"") -> 64
A7: 46145 | B7: 6ABE | C7: 力高新能源技术股份有限公司 | D7: 652331497 | E7: 3.1.04.30.00019 | F7: =VLOOKUP(E7,[1]基础数据!E:H,2,0) -> LXA12EV10-BSU总成-01 | G7: 280 | H7: =VLOOKUP(E7,[1]基础数据!E:H,4,0) -> 料盒 | I7: =VLOOKUP(E7,[1]基础数据!E:G,3,0) -> 20 | J7: 昌 玉 | K7: =IFERROR(G7/I7,"") -> 14
A8: 46145 | B8: 6ABE | C8: 力高新能源技术股份有限公司 | D8: 652332150 | E8: 3.1.01.30.00399 | F8: =VLOOKUP(E8,[1]基础数据!E:H,2,0) -> LP_SHUNT010-AA_A12EV_V1_三防漆双面925_007 | G8: 648 | H8: =VLOOKUP(E8,[1]基础数据!E:H,4,0) -> 料盒 | I8: =VLOOKUP(E8,[1]基础数据!E:G,3,0) -> 162 | J8: 昌 玉 | K8: =IFERROR(G8/I8,"") -> 4
A9: 46145 | B9: 6ABE | C9: 力高新能源技术股份有限公司 | D9: 652332150 | E9: 3.1.04.30.00037 | F9: =VLOOKUP(E9,[1]基础数据!E:H,2,0) -> LXT05EV20-BSU总成-04 | G9: 240 | H9: =VLOOKUP(E9,[1]基础数据!E:H,4,0) -> 料盒 | I9: =VLOOKUP(E9,[1]基础数据!E:G,3,0) -> 16 | J9: 昌 玉 | K9: =IFERROR(G9/I9,"") -> 15
A10: 46145 | B10: 6ABE | C10: 力高新能源技术股份有限公司 | D10: 652332229 | E10: 3.1.01.30.00346 | F10: =VLOOKUP(E10,[1]基础数据!E:H,2,0) -> LP-BSU051-AA_V100_TI_32A1_HW_三防漆双面916_019 | G10: 576 | H10: =VLOOKUP(E10,[1]基础数据!E:H,4,0) -> 料盒 | I10: =VLOOKUP(E10,[1]基础数据!E:G,3,0) -> 36 | J10: 昌 玉 | K10: =IFERROR(G10/I10,"") -> 16
A11: 46145 | B11: 6ABE | C11: 力高新能源技术股份有限公司 | D11: 652332229 | E11: 3.1.01.30.00341 | F11: =VLOOKUP(E11,[1]基础数据!E:H,2,0) -> LP-BSU053-AA_V100_TI_32A2_BTW三防漆双面922_0截 | G11: 576 | H11: =VLOOKUP(E11,[1]基础数据!E:H,4,0) -> 料盒 | I11: =VLOOKUP(E11,[1]基础数据!E:G,3,0) -> 36 | J11: 昌 玉 | K11: =IFERROR(G11/I11,"") -> 16
A12: 46146 | B12: 6ABE | C12: 力高新能源技术股份有限公司 | D12: 652337948 | E12: 3.1.01.20.00566 | F12: =VLOOKUP(E12,[2]基础数据!E:H,2,0) -> LS-CCUM001-AA-V1.06 三防漆双面 908_067 | G12: 720 | H12: =VLOOKUP(E12,[2]基础数据!E:H,4,0) -> 料盒 | I12: =VLOOKUP(E12,[2]基础数据!E:G,3,0) -> 8 | J12: 昌 玉 | K12: =IFERROR(G12/I12,"") -> 90
A13: 46146 | B13: 6ABE | C13: 力高新能源技术股份有限公司 | D13: 652337948 | E13: 3.1.01.20.00452 | F13: =VLOOKUP(E13,[2]基础数据!E:H,2,0) -> LS-CCUG001-AB-V1.02 三防漆单面 924_028 | G13: 936 | H13: =VLOOKUP(E13,[2]基础数据!E:H,4,0) -> 料盒 | I13: =VLOOKUP(E13,[2]基础数据!E:G,3,0) -> 72 | J13: 昌 玉 | K13: =IFERROR(G13/I13,"") -> 13
A14: 46146 | B14: 6ABE | C14: 力高新能源技术股份有限公司 | D14: 652337948 | E14: 3.1.01.20.00486 | F14: =VLOOKUP(E14,[2]基础数据!E:H,2,0) -> LS-CCUB001-AA-DM2-V1.03 三防漆单面 931_007 | G14: 480 | H14: =VLOOKUP(E14,[2]基础数据!E:H,4,0) -> 料盒 | I14: =VLOOKUP(E14,[2]基础数据!E:G,3,0) -> 24 | J14: 昌 玉 | K14: =IFERROR(G14/I14,"") -> 20
A15: 46146 | B15: 6ABE | C15: 力高新能源技术股份有限公司 | D15: 652337948 | E15: 3.1.01.20.00489 | F15: =VLOOKUP(E15,[2]基础数据!E:H,2,0) -> LS-CCUC001-AA-DM2-V1.03 三防漆双面 930_010 | G15: 216 | H15: =VLOOKUP(E15,[2]基础数据!E:H,4,0) -> 料盒 | I15: =VLOOKUP(E15,[2]基础数据!E:G,3,0) -> 108 | J15: 昌 玉 | K15: =IFERROR(G15/I15,"") -> 2
A16: 46146 | B16: 6ABE | C16: 力高新能源技术股份有限公司 | D16: 652337948 | E16: 3.1.01.20.00493 | F16: =VLOOKUP(E16,[2]基础数据!E:H,2,0) -> LS-CCUG001-AA-V1.03 三防漆单面 926_014 | G16: 720 | H16: =VLOOKUP(E16,[2]基础数据!E:H,4,0) -> 料盒 | I16: =VLOOKUP(E16,[2]基础数据!E:G,3,0) -> 72 | J16: 昌 玉 | K16: =IFERROR(G16/I16,"") -> 10
A17: 46146 | B17: 6ABE | C17: 力高新能源技术股份有限公司 | D17: 652337948 | E17: 3.1.01.20.00580 | F17: =VLOOKUP(E17,[2]基础数据!E:H,2,0) -> LS-CCUB001-AB-V1.04 三防漆双面 904_219 | G17: 540 | H17: =VLOOKUP(E17,[2]基础数据!E:H,4,0) -> 料盒 | I17: =VLOOKUP(E17,[2]基础数据!E:G,3,0) -> 54 | J17: 昌 玉 | K17: =IFERROR(G17/I17,"") -> 10
A18: 46146 | B18: 6ABE | C18: 力高新能源技术股份有限公司 | D18: 652337948 | E18: 3.1.01.20.00491 | F18: =VLOOKUP(E18,[2]基础数据!E:H,2,0) -> LS-CCUB001-AC-V1.02 三防漆双面 926_018 | G18: 480 | H18: =VLOOKUP(E18,[2]基础数据!E:H,4,0) -> 料盒 | I18: =VLOOKUP(E18,[2]基础数据!E:G,3,0) -> 240 | J18: 昌 玉 | K18: =IFERROR(G18/I18,"") -> 2
A19: 46146 | B19: 6ABE | C19: 力高新能源技术股份有限公司 | D19: 652338990 | E19: 3.1.01.30.00401 | F19: =VLOOKUP(E19,[2]基础数据!E:H,2,0) -> LP-BSU051-AA_V100_TI_31A三防漆双面916_019 | G19: 2016 | H19: =VLOOKUP(E19,[2]基础数据!E:H,4,0) -> 料盒 | I19: =VLOOKUP(E19,[2]基础数据!E:G,3,0) -> 36 | J19: 昌 玉 | K19: =IFERROR(G19/I19,"") -> 56
A20: 46147 | B20: 6ABE | C20: 力高新能源技术股份有限公司 | D20: 652344163 | E20: 3.1.01.20.00452 | F20: =VLOOKUP(E20,[3]基础数据!E:H,2,0) -> LS-CCUG001-AB-V1.02 三防漆单面 924_028 | G20: 612 | H20: =VLOOKUP(E20,[3]基础数据!E:H,4,0) -> 料盒 | I20: =VLOOKUP(E20,[3]基础数据!E:G,3,0) -> 72 | J20: 昌 玉 | K20: =IFERROR(G20/I20,"") -> 8.5
A21: 46147 | B21: 6ABE | C21: 力高新能源技术股份有限公司 | D21: 652344163 | E21: 3.1.01.20.00491 | F21: =VLOOKUP(E21,[3]基础数据!E:H,2,0) -> LS-CCUB001-AC-V1.02 三防漆双面 926_018 | G21: 720 | H21: =VLOOKUP(E21,[3]基础数据!E:H,4,0) -> 料盒 | I21: =VLOOKUP(E21,[3]基础数据!E:G,3,0) -> 240 | J21: 昌 玉 | K21: =IFERROR(G21/I21,"") -> 3
A22: 46147 | B22: 6ABE | C22: 力高新能源技术股份有限公司 | D22: 652344163 | E22: 3.1.01.20.00458 | F22: =VLOOKUP(E22,[3]基础数据!E:H,2,0) -> LS-CCMM024-AA-V1.01_三防漆双面 930_006 | G22: 720 | H22: =VLOOKUP(E22,[3]基础数据!E:H,4,0) -> 料盒 | I22: =VLOOKUP(E22,[3]基础数据!E:G,3,0) -> 24 | J22: 昌 玉 | K22: =IFERROR(G22/I22,"") -> 30
A23: 46147 | B23: 6ABE | C23: 力高新能源技术股份有限公司 | D23: 652344163 | E23: 3.1.01.20.00433 | F23: =VLOOKUP(E23,[3]基础数据!E:H,2,0) -> LS-MCUP006-AA-V1.10三防漆双面904.158 | G23: 2100 | H23: =VLOOKUP(E23,[3]基础数据!E:H,4,0) -> 料盒 | I23: =VLOOKUP(E23,[3]基础数据!E:G,3,0) -> 210 | J23: 昌 玉 | K23: =IFERROR(G23/I23,"") -> 10
A24: 46147 | B24: 6ABE | C24: 力高新能源技术股份有限公司 | D24: 652344163 | E24: 3.1.01.20.00566 | F24: =VLOOKUP(E24,[3]基础数据!E:H,2,0) -> LS-CCUM001-AA-V1.06 三防漆双面 908_067 | G24: 720 | H24: =VLOOKUP(E24,[3]基础数据!E:H,4,0) -> 料盒 | I24: =VLOOKUP(E24,[3]基础数据!E:G,3,0) -> 8 | J24: 昌 玉 | K24: =IFERROR(G24/I24,"") -> 90
A25: 46147 | B25: 6ABE | C25: 力高新能源技术股份有限公司 | D25: 652344163 | E25: 3.1.01.20.00580 | F25: =VLOOKUP(E25,[3]基础数据!E:H,2,0) -> LS-CCUB001-AB-V1.04 三防漆双面 904_219 | G25: 540 | H25: =VLOOKUP(E25,[3]基础数据!E:H,4,0) -> 料盒 | I25: =VLOOKUP(E25,[3]基础数据!E:G,3,0) -> 54 | J25: 昌 玉 | K25: =IFERROR(G25/I25,"") -> 10
A26: 46147 | B26: 6ABE | C26: 力高新能源技术股份有限公司 | D26: 652344163 | E26: 3.1.01.20.00493 | F26: =VLOOKUP(E26,[3]基础数据!E:H,2,0) -> LS-CCUG001-AA-V1.03 三防漆单面 926_014 | G26: 71 | H26: =VLOOKUP(E26,[3]基础数据!E:H,4,0) -> 料盒 | I26: =VLOOKUP(E26,[3]基础数据!E:G,3,0) -> 72 | J26: 昌 玉 | K26: =IFERROR(G26/I26,"") -> 0.98611111
A27: 46147 | B27: 6ABE | C27: 力高新能源技术股份有限公司 | D27: 652344163 | E27: 3.1.01.20.00493 | F27: =VLOOKUP(E27,[3]基础数据!E:H,2,0) -> LS-CCUG001-AA-V1.03 三防漆单面 926_014 | G27: 1293 | H27: =VLOOKUP(E27,[3]基础数据!E:H,4,0) -> 料盒 | I27: =VLOOKUP(E27,[3]基础数据!E:G,3,0) -> 72 | J27: 昌 玉 | K27: =IFERROR(G27/I27,"") -> 17.958333
A28: 46147 | B28: 6ABE | C28: 力高新能源技术股份有限公司 | D28: 652344163 | E28: 3.1.01.20.00493 | F28: =VLOOKUP(E28,[3]基础数据!E:H,2,0) -> LS-CCUG001-AA-V1.03 三防漆单面 926_014 | G28: 28 | H28: =VLOOKUP(E28,[3]基础数据!E:H,4,0) -> 料盒 | I28: =VLOOKUP(E28,[3]基础数据!E:G,3,0) -> 72 | J28: 昌 玉 | K28: =IFERROR(G28/I28,"") -> 0.38888889
A29: 46147 | B29: 6ABE | C29: 力高新能源技术股份有限公司 | D29: 652335960 | E29: 3.1.03.20.00108 | F29: =VLOOKUP(E29,[3]基础数据!E:H,2,0) -> IGBT组件（A平台国内版NON-FUSA一体板结构PCBA） | G29: 1080 | H29: =VLOOKUP(E29,[3]基础数据!E:H,4,0) -> 料盒 | I29: =VLOOKUP(E29,[3]基础数据!E:G,3,0) -> 12 | J29: 昌 玉 | K29: =IFERROR(G29/I29,"") -> 90
A30: 46147 | B30: 6ABE | C30: 力高新能源技术股份有限公司 | D30: 652341446 | E30: 3.1.01.30.00347 | F30: =VLOOKUP(E30,[3]基础数据!E:H,2,0) -> LP-BSU050-AA_V100_TI_32B2_HW_三防漆双面911_0截 | G30: 468 | H30: =VLOOKUP(E30,[3]基础数据!E:H,4,0) -> 料盒 | I30: =VLOOKUP(E30,[3]基础数据!E:G,3,0) -> 36 | J30: 昌 玉 | K30: =IFERROR(G30/I30,"") -> 13
A31: 46147 | B31: 6ABE | C31: 力高新能源技术股份有限公司 | D31: 652345612 | E31: 3.1.04.30.00019 | F31: =VLOOKUP(E31,[3]基础数据!E:H,2,0) -> LXA12EV10-BSU总成-01 | G31: 1280 | H31: =VLOOKUP(E31,[3]基础数据!E:H,4,0) -> 料盒 | I31: =VLOOKUP(E31,[3]基础数据!E:G,3,0) -> 20 | J31: 昌 玉 | K31: =IFERROR(G31/I31,"") -> 64
... A34: 46147 | B34: 6ABE | C34: 力高新能源技术股份有限公司 | D34: 652345623 | E34: 3.1.04.30.00020 | F34: =VLOOKUP(E34,[3]基础数据!E:H,2,0) -> LXA12EV10-BSU总成-02 | G34: 1600 | H34: =VLOOKUP(E34,[3]基础数据!E:H,4,0) -> 料盒 | I34: =VLOOKUP(E34,[3]基础数据!E:G,3,0) -> 20 | J34: 昌 玉 | K34: =IFERROR(G34/I34,"") -> 80
A35: 46148 | B35: 6ABE | C35: 力高新能源技术股份有限公司 | D35: 652350054 | E35: 3.1.01.20.00566 | F35: =VLOOKUP(E35,[4]基础数据!E:H,2,0) -> LS-CCUM001-AA-V1.06 三防漆双面 908_067 | G35: 544 | H35: =VLOOKUP(E35,[4]基础数据!E:H,4,0) -> 料盒 | I35: =VLOOKUP(E35,[4]基础数据!E:G,3,0) -> 8 | J35: 昌 玉 | K35: =IFERROR(G35/I35,"") -> 68
A36: 46148 | B36: 6ABE | C36: 力高新能源技术股份有限公司 | D36: 652350054 | E36: 3.1.01.20.00493 | F36: =VLOOKUP(E36,[4]基础数据!E:H,2,0) -> LS-CCUG001-AA-V1.03 三防漆单面 926_014 | G36: 144 | H36: =VLOOKUP(E36,[4]基础数据!E:H,4,0) -> 料盒 | I36: =VLOOKUP(E36,[4]基础数据!E:G,3,0) -> 72 | J36: 昌 玉 | K36: =IFERROR(G36/I36,"") -> 2
A37: 46148 | B37: 6ABE | C37: 力高新能源技术股份有限公司 | D37: 652350054 | E37: 3.1.01.20.00458 | F37: =VLOOKUP(E37,[4]基础数据!E:H,2,0) -> LS-CCMM024-AA-V1.01_三防漆双面 930_006 | G37: 549 | H37: =VLOOKUP(E37,[4]基础数据!E:H,4,0) -> 料盒 | I37: =VLOOKUP(E37,[4]基础数据!E:G,3,0) -> 24 | J37: 昌 玉 | K37: =IFERROR(G37/I37,"") -> 22.875
A38: 46148 | B38: 6ABE | C38: 力高新能源技术股份有限公司 | D38: 652350054 | E38: 3.1.01.20.00486 | F38: =VLOOKUP(E38,[4]基础数据!E:H,2,0) -> LS-CCUB001-AA-DM2-V1.03 三防漆单面 931_007 | G38: 480 | H38: =VLOOKUP(E38,[4]基础数据!E:H,4,0) -> 料盒 | I38: =VLOOKUP(E38,[4]基础数据!E:G,3,0) -> 24 | J38: 昌 玉 | K38: =IFERROR(G38/I38,"") -> 20
A39: 46148 | B39: 6ABE | C39: 力高新能源技术股份有限公司 | D39: 652350054 | E39: 3.1.01.20.00491 | F39: =VLOOKUP(E39,[4]基础数据!E:H,2,0) -> LS-CCUB001-AC-V1.02 三防漆双面 926_018 | G39: 717 | H39: =VLOOKUP(E39,[4]基础数据!E:H,4,0) -> 料盒 | I39: =VLOOKUP(E39,[4]基础数据!E:G,3,0) -> 240 | J39: 昌 玉 | K39: =IFERROR(G39/I39,"") -> 2.9875
A40: 46148 | B40: 6ABE | C40: 力高新能源技术股份有限公司 | D40: 652350054 | E40: 3.1.01.20.00491 | F40: =VLOOKUP(E40,[4]基础数据!E:H,2,0) -> LS-CCUB001-AC-V1.02 三防漆双面 926_018 | G40: 170 | H40: =VLOOKUP(E40,[4]基础数据!E:H,4,0) -> 料盒 | I40: =VLOOKUP(E40,[4]基础数据!E:G,3,0) -> 240 | J40: 昌 玉 | K40: =IFERROR(G40/I40,"") -> 0.70833333
A41: 46148 | B41: 6ABE | C41: 力高新能源技术股份有限公司 | D41: 652350054 | E41: 3.1.01.20.00491 | F41: =VLOOKUP(E41,[4]基础数据!E:H,2,0) -> LS-CCUB001-AC-V1.02 三防漆双面 926_018 | G41: 80 | H41: =VLOOKUP(E41,[4]基础数据!E:H,4,0) -> 料盒 | I41: =VLOOKUP(E41,[4]基础数据!E:G,3,0) -> 240 | J41: 昌 玉 | K41: =IFERROR(G41/I41,"") -> 0.33333333
A42: 46148 | B42: 6ABE | C42: 力高新能源技术股份有限公司 | D42: 652350054 | E42: 3.1.01.20.00491 | F42: =VLOOKUP(E42,[4]基础数据!E:H,2,0) -> LS-CCUB001-AC-V1.02 三防漆双面 926_018 | G42: 39 | H42: =VLOOKUP(E42,[4]基础数据!E:H,4,0) -> 料盒 | I42: =VLOOKUP(E42,[4]基础数据!E:G,3,0) -> 240 | J42: 昌 玉 | K42: =IFERROR(G42/I42,"") -> 0.1625
A43: 46148 | B43: 6ABE | C43: 力高新能源技术股份有限公司 | D43: 652350054 | E43: 3.1.01.20.00580 | F43: =VLOOKUP(E43,[4]基础数据!E:H,2,0) -> LS-CCUB001-AB-V1.04 三防漆双面 904_219 | G43: 648 | H43: =VLOOKUP(E43,[4]基础数据!E:H,4,0) -> 料盒 | I43: =VLOOKUP(E43,[4]基础数据!E:G,3,0) -> 54 | J43: 昌 玉 | K43: =IFERROR(G43/I43,"") -> 12
A44: 46148 | B44: 6ABE | C44: 力高新能源技术股份有限公司 | D44: 652350054 | E44: 3.1.01.20.00433 | F44: =VLOOKUP(E44,[4]基础数据!E:H,2,0) -> LS-MCUP006-AA-V1.10三防漆双面904.158 | G44: 2100 | H44: =VLOOKUP(E44,[4]基础数据!E:H,4,0) -> 料盒 | I44: =VLOOKUP(E44,[4]基础数据!E:G,3,0) -> 210 | J44: 昌 玉 | K44: =IFERROR(G44/I44,"") -> 10
A45: 46148 | B45: 6ABE | C45: 力高新能源技术股份有限公司 | D45: 652348824 | E45: 3.1.03.20.00108 | F45: =VLOOKUP(E45,[4]基础数据!E:H,2,0) -> IGBT组件（A平台国内版NON-FUSA一体板结构PCBA） | G45: 1080 | H45: =VLOOKUP(E45,[4]基础数据!E:H,4,0) -> 料盒 | I45: =VLOOKUP(E45,[4]基础数据!E:G,3,0) -> 12 | J45: 昌 玉 | K45: =IFERROR(G45/I45,"") -> 90
A46: 46148 | B46: 6ABE | C46: 力高新能源技术股份有限公司 | D46: 652350746 | E46: 3.1.01.30.00607 | F46: =VLOOKUP(E46,[4]基础数据!E:H,2,0) -> LP-BSU070-AA_T1616_A_24S_V1_凡申40_三防漆双面9截 | G46: 96 | H46: =VLOOKUP(E46,[4]基础数据!E:H,4,0) -> 料盒 | I46: =VLOOKUP(E46,[4]基础数据!E:G,3,0) -> 48 | J46: 昌 玉 | K46: =IFERROR(G46/I46,"") -> 2
... A51: 46148 | B51: 6ABE | C51: 力高新能源技术股份有限公司 | D51: 652351859 | E51: 3.1.04.30.00020 | F51: =VLOOKUP(E51,[4]基础数据!E:H,2,0) -> LXA12EV10-BSU总成-02 | G51: 926 | H51: =VLOOKUP(E51,[4]基础数据!E:H,4,0) -> 料盒 | I51: =VLOOKUP(E51,[4]基础数据!E:G,3,0) -> 20 | J51: 昌 玉 | K51: =IFERROR(G51/I51,"") -> 46.3
A52: 46149 | B52: 6ABE | C52: 力高新能源技术股份有限公司 | D52: 652358011 | E52: 3.1.01.20.00493 | F52: =VLOOKUP(E52,[5]基础数据!E:H,2,0) -> LS-CCUG001-AA-V1.03 三防漆单面 926_014 | G52: 648 | H52: =VLOOKUP(E52,[5]基础数据!E:H,4,0) -> 料盒 | I52: =VLOOKUP(E52,[5]基础数据!E:G,3,0) -> 72 | J52: 昌 玉 | K52: =IFERROR(G52/I52,"") -> 9
A53: 46149 | B53: 6ABE | C53: 力高新能源技术股份有限公司 | D53: 652358011 | E53: 3.1.01.20.00580 | F53: =VLOOKUP(E53,[5]基础数据!E:H,2,0) -> LS-CCUB001-AB-V1.04 三防漆双面 904_219 | G53: 378 | H53: =VLOOKUP(E53,[5]基础数据!E:H,4,0) -> 料盒 | I53: =VLOOKUP(E53,[5]基础数据!E:G,3,0) -> 54 | J53: 昌 玉 | K53: =IFERROR(G53/I53,"") -> 7
A54: 46149 | B54: 6ABE | C54: 力高新能源技术股份有限公司 | D54: 652358011 | E54: 3.1.01.20.00452 | F54: =VLOOKUP(E54,[5]基础数据!E:H,2,0) -> LS-CCUG001-AB-V1.02 三防漆单面 924_028 | G54: 648 | H54: =VLOOKUP(E54,[5]基础数据!E:H,4,0) -> 料盒 | I54: =VLOOKUP(E54,[5]基础数据!E:G,3,0) -> 72 | J54: 昌 玉 | K54: =IFERROR(G54/I54,"") -> 9
A55: 46149 | B55: 6ABE | C55: 力高新能源技术股份有限公司 | D55: 652358011 | E55: 3.1.01.20.00486 | F55: =VLOOKUP(E55,[5]基础数据!E:H,2,0) -> LS-CCUB001-AA-DM2-V1.03 三防漆单面 931_007 | G55: 768 | H55: =VLOOKUP(E55,[5]基础数据!E:H,4,0) -> 料盒 | I55: =VLOOKUP(E55,[5]基础数据!E:G,3,0) -> 24 | J55: 昌 玉 | K55: =IFERROR(G55/I55,"") -> 32
A56: 46149 | B56: 6ABE | C56: 力高新能源技术股份有限公司 | D56: 652357953 | E56: 3.1.01.20.00458 | F56: =VLOOKUP(E56,[5]基础数据!E:H,2,0) -> LS-CCMM024-AA-V1.01_三防漆双面 930_006 | G56: 384 | H56: =VLOOKUP(E56,[5]基础数据!E:H,4,0) -> 料盒 | I56: =VLOOKUP(E56,[5]基础数据!E:G,3,0) -> 24 | J56: 昌 玉 | K56: =IFERROR(G56/I56,"") -> 16
A57: 46149 | B57: 6ABE | C57: 力高新能源技术股份有限公司 | D57: 652355076 | E57: 3.1.01.30.00607 | F57: =VLOOKUP(E57,[5]基础数据!E:H,2,0) -> LP-BSU070-AA_T1616_A_24S_V1_凡申40_三防漆双面9截 | G57: 144 | H57: =VLOOKUP(E57,[5]基础数据!E:H,4,0) -> 料盒 | I57: =VLOOKUP(E57,[5]基础数据!E:G,3,0) -> 48 | J57: 昌 玉 | K57: =IFERROR(G57/I57,"") -> 3
A58: 46149 | B58: 6ABE | C58: 力高新能源技术股份有限公司 | D58: 652355076 | E58: 3.1.01.30.00608 | F58: =VLOOKUP(E58,[5]基础数据!E:H,2,0) -> LP-BSU070-AA_T1616_46S_V1_凡申40_三防漆双面925截 | G58: 96 | H58: =VLOOKUP(E58,[5]基础数据!E:H,4,0) -> 料盒 | I58: =VLOOKUP(E58,[5]基础数据!E:G,3,0) -> 24 | J58: 昌 玉 | K58: =IFERROR(G58/I58,"") -> 4
A59: 46149 | B59: 6ABE | C59: 力高新能源技术股份有限公司 | D59: 652355379 | E59: 3.1.01.30.00342 | F59: =VLOOKUP(E59,[5]基础数据!E:H,2,0) -> LP-BSU054-AA_V100_TI_32B1_BTW三防漆双面923_0截 | G59: 432 | H59: =VLOOKUP(E59,[5]基础数据!E:H,4,0) -> 料盒 | I59: =VLOOKUP(E59,[5]基础数据!E:G,3,0) -> 36 | J59: 昌 玉 | K59: =IFERROR(G59/I59,"") -> 12
A60: 46149 | B60: 6ABE | C60: 力高新能源技术股份有限公司 | D60: 652358749 | E60: 3.1.03.20.00108 | F60: =VLOOKUP(E60,[5]基础数据!E:H,2,0) -> IGBT组件（A平台国内版NON-FUSA一体板结构PCBA） | G60: 648 | H60: =VLOOKUP(E60,[5]基础数据!E:H,4,0) -> 料盒 | I60: =VLOOKUP(E60,[5]基础数据!E:G,3,0) -> 12 | J60: 昌 玉 | K60: =IFERROR(G60/I60,"") -> 54
A61: 46149 | B61: 6ABE | C61: 力高新能源技术股份有限公司 | D61: 652358749 | E61: 3.1.01.20.00399 | F61: =VLOOKUP(E61,[5]基础数据!E:H,2,0) -> LS-MCUM017-BB-V2.30 三防漆双面 926_008（A平台海外截 | G61: 689 | H61: =VLOOKUP(E61,[5]基础数据!E:H,4,0) -> 料盒 | I61: =VLOOKUP(E61,[5]基础数据!E:G,3,0) -> 12 | J61: 昌 玉 | K61: =IFERROR(G61/I61,"") -> 57.416667
A62: 46149 | B62: 6ABE | C62: 力高新能源技术股份有限公司 | D62: 652358969 | E62: 3.1.01.30.00337 | F62: =VLOOKUP(E62,[5]基础数据!E:H,2,0) -> LP-UAV010-AA-12S_HSD_OZ3717D_V1.20三防漆双截 | G62: 280 | H62: =VLOOKUP(E62,[5]基础数据!E:H,4,0) -> 纸箱 | I62: =VLOOKUP(E62,[5]基础数据!E:G,3,0) -> 72 | J62: 昌 玉 | K62: =IFERROR(G62/I62,"") -> 3.8888889
A63: 46149 | B63: 6ABE | C63: 力高新能源技术股份有限公司 | D63: 652359019 | E63: 3.1.01.30.00341 | F63: =VLOOKUP(E63,[5]基础数据!E:H,2,0) -> LP-BSU053-AA_V100_TI_32A2_BTW三防漆双面922_0截 | G63: 576 | H63: =VLOOKUP(E63,[5]基础数据!E:H,4,0) -> 料盒 | I63: =VLOOKUP(E63,[5]基础数据!E:G,3,0) -> 36 | J63: 昌 玉 | K63: =IFERROR(G63/I63,"") -> 16
... A66: 46149 | B66: 6ABE | C66: 力高新能源技术股份有限公司 | D66: 652360185 | E66: 3.1.01.30.00608 | F66: =VLOOKUP(E66,[5]基础数据!E:H,2,0) -> LP-BSU070-AA_T1616_46S_V1_凡申40_三防漆双面925截 | G66: 192 | H66: =VLOOKUP(E66,[5]基础数据!E:H,4,0) -> 料盒 | I66: =VLOOKUP(E66,[5]基础数据!E:G,3,0) -> 24 | J66: 昌 玉 | K66: =IFERROR(G66/I66,"") -> 8
A67: 46150 | B67: 6ABE | C67: 力高新能源技术股份有限公司 | D67: 652366200 | E67: 3.1.01.30.00607 | F67: =VLOOKUP(E67,[6]基础数据!E:H,2,0) -> LP-BSU070-AA_T1616_A_24S_V1_凡申40_三防漆双面9截 | G67: 144 | H67: =VLOOKUP(E67,[6]基础数据!E:H,4,0) -> 料盒 | I67: =VLOOKUP(E67,[6]基础数据!E:G,3,0) -> 48 | J67: 昌 玉 | K67: =IFERROR(G67/I67,"") -> 3
A68: 46150 | B68: 6ABE | C68: 力高新能源技术股份有限公司 | D68: 652366200 | E68: 3.1.01.30.00608 | F68: =VLOOKUP(E68,[6]基础数据!E:H,2,0) -> LP-BSU070-AA_T1616_46S_V1_凡申40_三防漆双面925截 | G68: 240 | H68: =VLOOKUP(E68,[6]基础数据!E:H,4,0) -> 料盒 | I68: =VLOOKUP(E68,[6]基础数据!E:G,3,0) -> 24 | J68: 昌 玉 | K68: =IFERROR(G68/I68,"") -> 10
A69: 46150 | B69: 6ABE | C69: 力高新能源技术股份有限公司 | D69: 652365467 | E69: 3.1.01.30.00399 | F69: =VLOOKUP(E69,[6]基础数据!E:H,2,0) -> LP_SHUNT010-AA_A12EV_V1_三防漆双面925_007 | G69: 799 | H69: =VLOOKUP(E69,[6]基础数据!E:H,4,0) -> 料盒 | I69: =VLOOKUP(E69,[6]基础数据!E:G,3,0) -> 162 | J69: 昌 玉 | K69: =IFERROR(G69/I69,"") -> 4.9320988
A70: 46151 | B70: 6ABE | C70: 力高新能源技术股份有限公司 | D70: 652368860 | E70: 3.1.01.30.00607 | F70: =VLOOKUP(E70,[7]基础数据!E:H,2,0) -> LP-BSU070-AA_T1616_A_24S_V1_凡申40_三防漆双面9截 | G70: 144 | H70: =VLOOKUP(E70,[7]基础数据!E:H,4,0) -> 料盒 | I70: =VLOOKUP(E70,[7]基础数据!E:G,3,0) -> 48 | J70: 昌 玉 | K70: =IFERROR(G70/I70,"") -> 3
A71: 46151 | B71: 6ABE | C71: 力高新能源技术股份有限公司 | D71: 652368860 | E71: 3.1.01.30.00608 | F71: =VLOOKUP(E71,[7]基础数据!E:H,2,0) -> LP-BSU070-AA_T1616_46S_V1_凡申40_三防漆双面925截 | G71: 216 | H71: =VLOOKUP(E71,[7]基础数据!E:H,4,0) -> 料盒 | I71: =VLOOKUP(E71,[7]基础数据!E:G,3,0) -> 24 | J71: 昌 玉 | K71: =IFERROR(G71/I71,"") -> 9
A72: 46151 | B72: 6ABE | C72: 力高新能源技术股份有限公司 | D72: 652369516 | E72: 3.1.01.30.00344 | F72: =VLOOKUP(E72,[7]基础数据!E:H,2,0) -> LX-SHUNT010-AA_V100_STLA_HY_三防漆双面933_001 | G72: 324 | H72: =VLOOKUP(E72,[7]基础数据!E:H,4,0) -> 料盒 | I72: =VLOOKUP(E72,[7]基础数据!E:G,3,0) -> 162 | J72: 昌 玉 | K72: =IFERROR(G72/I72,"") -> 2
A73: 46151 | B73: 6ABE | C73: 力高新能源技术股份有限公司 | D73: 652369567 | E73: 3.1.01.30.00344 | F73: =VLOOKUP(E73,[7]基础数据!E:H,2,0) -> LX-SHUNT010-AA_V100_STLA_HY_三防漆双面933_001 | G73: 486 | H73: =VLOOKUP(E73,[7]基础数据!E:H,4,0) -> 料盒 | I73: =VLOOKUP(E73,[7]基础数据!E:G,3,0) -> 162 | J73: 昌 玉 | K73: =IFERROR(G73/I73,"") -> 3
A74: 46151 | B74: 6ABE | C74: 力高新能源技术股份有限公司 | D74: 652370939 | E74: 3.1.01.30.00341 | F74: =VLOOKUP(E74,[7]基础数据!E:H,2,0) -> LP-BSU053-AA_V100_TI_32A2_BTW三防漆双面922_0截 | G74: 1620 | H74: =VLOOKUP(E74,[7]基础数据!E:H,4,0) -> 料盒 | I74: =VLOOKUP(E74,[7]基础数据!E:G,3,0) -> 36 | J74: 昌 玉 | K74: =IFERROR(G74/I74,"") -> 45
A75: 46151 | B75: 6ABE | C75: 力高新能源技术股份有限公司 | D75: 652370939 | E75: 3.1.01.30.00347 | F75: =VLOOKUP(E75,[7]基础数据!E:H,2,0) -> LP-BSU050-AA_V100_TI_32B2_HW_三防漆双面911_0截 | G75: 1728 | H75: =VLOOKUP(E75,[7]基础数据!E:H,4,0) -> 料盒 | I75: =VLOOKUP(E75,[7]基础数据!E:G,3,0) -> 36 | J75: 昌 玉 | K75: =IFERROR(G75/I75,"") -> 48
A76: 46151 | B76: 6ABE | C76: 力高新能源技术股份有限公司 | D76: 652371013 | E76: 3.1.01.30.00399 | F76: =VLOOKUP(E76,[7]基础数据!E:H,2,0) -> LP_SHUNT010-AA_A12EV_V1_三防漆双面925_007 | G76: 1290 | H76: =VLOOKUP(E76,[7]基础数据!E:H,4,0) -> 料盒 | I76: =VLOOKUP(E76,[7]基础数据!E:G,3,0) -> 162 | J76: 昌 玉 | K76: =IFERROR(G76/I76,"") -> 7.962963
A77: 46151 | B77: 6ABE | C77: 力高新能源技术股份有限公司 | D77: 652371583 | E77: 3.1.01.30.00342 | F77: =VLOOKUP(E77,[7]基础数据!E:H,2,0) -> LP-BSU054-AA_V100_TI_32B1_BTW三防漆双面923_0截 | G77: 1152 | H77: =VLOOKUP(E77,[7]基础数据!E:H,4,0) -> 料盒 | I77: =VLOOKUP(E77,[7]基础数据!E:G,3,0) -> 36 | J77: 昌 玉 | K77: =IFERROR(G77/I77,"") -> 32
A78: 46151 | B78: 6ABE | C78: 力高新能源技术股份有限公司 | D78: 652372225 | E78: 3.1.01.20.00489 | F78: =VLOOKUP(E78,[7]基础数据!E:H,2,0) -> LS-CCUC001-AA-DM2-V1.03 三防漆双面 930_010 | G78: 712 | H78: =VLOOKUP(E78,[7]基础数据!E:H,4,0) -> 料盒 | I78: =VLOOKUP(E78,[7]基础数据!E:G,3,0) -> 108 | J78: 昌 玉 | K78: =IFERROR(G78/I78,"") -> 6.5925926
A79: 46151 | B79: 6ABE | C79: 力高新能源技术股份有限公司 | D79: 652372225 | E79: 3.1.01.20.00458 | F79: =VLOOKUP(E79,[7]基础数据!E:H,2,0) -> LS-CCMM024-AA-V1.01_三防漆双面 930_006 | G79: 1752 | H79: =VLOOKUP(E79,[7]基础数据!E:H,4,0) -> 料盒 | I79: =VLOOKUP(E79,[7]基础数据!E:G,3,0) -> 24 | J79: 昌 玉 | K79: =IFERROR(G79/I79,"") -> 73
A80: 46151 | B80: 6ABE | C80: 力高新能源技术股份有限公司 | D80: 652373100 | E80: 3.1.03.20.00108 | F80: =VLOOKUP(E80,[7]基础数据!E:H,2,0) -> IGBT组件（A平台国内版NON-FUSA一体板结构PCBA） | G80: 1392 | H80: =VLOOKUP(E80,[7]基础数据!E:H,4,0) -> 料盒 | I80: =VLOOKUP(E80,[7]基础数据!E:G,3,0) -> 12 | J80: 昌 玉 | K80: =IFERROR(G80/I80,"") -> 116
A81: 46151 | B81: 6ABE | C81: 力高新能源技术股份有限公司 | D81: 652373100 | E81: 3.1.01.20.00399 | F81: =VLOOKUP(E81,[7]基础数据!E:H,2,0) -> LS-MCUM017-BB-V2.30 三防漆双面 926_008（A平台海外截 | G81: 360 | H81: =VLOOKUP(E81,[7]基础数据!E:H,4,0) -> 料盒 | I81: =VLOOKUP(E81,[7]基础数据!E:G,3,0) -> 12 | J81: 昌 玉 | K81: =IFERROR(G81/I81,"") -> 30
... A84: 46151 | B84: 6ABE | C84: 力高新能源技术股份有限公司 | D84: 652373791 | E84: 3.1.01.30.00342 | F84: =VLOOKUP(E84,[7]基础数据!E:H,2,0) -> LP-BSU054-AA_V100_TI_32B1_BTW三防漆双面923_0截 | G84: 1728 | H84: =VLOOKUP(E84,[7]基础数据!E:H,4,0) -> 料盒 | I84: =VLOOKUP(E84,[7]基础数据!E:G,3,0) -> 36 | J84: 昌 玉 | K84: =IFERROR(G84/I84,"") -> 48
A85: 46152 | B85: 6ABE | C85: 力高新能源技术股份有限公司 | D85: 652376098 | E85: 3.1.01.30.00608 | F85: =VLOOKUP(E85,[8]基础数据!E:H,2,0) -> LP-BSU070-AA_T1616_46S_V1_凡申40_三防漆双面925截 | G85: 408 | H85: =VLOOKUP(E85,[8]基础数据!E:H,4,0) -> 料盒 | I85: =VLOOKUP(E85,[8]基础数据!E:G,3,0) -> 24 | J85: 昌 玉 | K85: =IFERROR(G85/I85,"") -> 17
A86: 46152 | B86: 6ABE | C86: 力高新能源技术股份有限公司 | D86: 652376098 | E86: 3.1.01.30.00607 | F86: =VLOOKUP(E86,[8]基础数据!E:H,2,0) -> LP-BSU070-AA_T1616_A_24S_V1_凡申40_三防漆双面9截 | G86: 240 | H86: =VLOOKUP(E86,[8]基础数据!E:H,4,0) -> 料盒 | I86: =VLOOKUP(E86,[8]基础数据!E:G,3,0) -> 48 | J86: 昌 玉 | K86: =IFERROR(G86/I86,"") -> 5
A87: 46152 | B87: 6ABE | C87: 力高新能源技术股份有限公司 | D87: 652376644 | E87: 3.1.01.30.00346 | F87: =VLOOKUP(E87,[8]基础数据!E:H,2,0) -> LP-BSU051-AA_V100_TI_32A1_HW_三防漆双面916_019 | G87: 1152 | H87: =VLOOKUP(E87,[8]基础数据!E:H,4,0) -> 料盒 | I87: =VLOOKUP(E87,[8]基础数据!E:G,3,0) -> 36 | J87: 昌 玉 | K87: =IFERROR(G87/I87,"") -> 32
A88: 46152 | B88: 6ABE | C88: 力高新能源技术股份有限公司 | D88: 652377471 | E88: 3.1.01.20.00566 | F88: =VLOOKUP(E88,[8]基础数据!E:H,2,0) -> LS-CCUM001-AA-V1.06 三防漆双面 908_067 | G88: 640 | H88: =VLOOKUP(E88,[8]基础数据!E:H,4,0) -> 料盒 | I88: =VLOOKUP(E88,[8]基础数据!E:G,3,0) -> 8 | J88: 昌 玉 | K88: =IFERROR(G88/I88,"") -> 80
A89: 46152 | B89: 6ABE | C89: 力高新能源技术股份有限公司 | D89: 652377471 | E89: 3.1.01.20.00486 | F89: =VLOOKUP(E89,[8]基础数据!E:H,2,0) -> LS-CCUB001-AA-DM2-V1.03 三防漆单面 931_007 | G89: 720 | H89: =VLOOKUP(E89,[8]基础数据!E:H,4,0) -> 料盒 | I89: =VLOOKUP(E89,[8]基础数据!E:G,3,0) -> 24 | J89: 昌 玉 | K89: =IFERROR(G89/I89,"") -> 30
A90: 46152 | B90: 6ABE | C90: 力高新能源技术股份有限公司 | D90: 652377471 | E90: 3.1.01.20.00489 | F90: =VLOOKUP(E90,[8]基础数据!E:H,2,0) -> LS-CCUC001-AA-DM2-V1.03 三防漆双面 930_010 | G90: 864 | H90: =VLOOKUP(E90,[8]基础数据!E:H,4,0) -> 料盒 | I90: =VLOOKUP(E90,[8]基础数据!E:G,3,0) -> 108 | J90: 昌 玉 | K90: =IFERROR(G90/I90,"") -> 8
A91: 46152 | B91: 6ABE | C91: 力高新能源技术股份有限公司 | D91: 652377804 | E91: 3.1.04.30.00019 | F91: =VLOOKUP(E91,[8]基础数据!E:H,2,0) -> LXA12EV10-BSU总成-01 | G91: 1280 | H91: =VLOOKUP(E91,[8]基础数据!E:H,4,0) -> 料盒 | I91: =VLOOKUP(E91,[8]基础数据!E:G,3,0) -> 20 | J91: 昌 玉 | K91: =IFERROR(G91/I91,"") -> 64
A92: 46152 | B92: 6ABE | C92: 力高新能源技术股份有限公司 | D92: 652377804 | E92: 3.1.04.30.00020 | F92: =VLOOKUP(E92,[8]基础数据!E:H,2,0) -> LXA12EV10-BSU总成-02 | G92: 1280 | H92: =VLOOKUP(E92,[8]基础数据!E:H,4,0) -> 料盒 | I92: =VLOOKUP(E92,[8]基础数据!E:G,3,0) -> 20 | J92: 昌 玉 | K92: =IFERROR(G92/I92,"") -> 64
A93: 46152 | B93: 6ABE | C93: 力高新能源技术股份有限公司 | D93: 652377804 | E93: 3.1.01.30.00347 | F93: =VLOOKUP(E93,[8]基础数据!E:H,2,0) -> LP-BSU050-AA_V100_TI_32B2_HW_三防漆双面911_0截 | G93: 72 | H93: =VLOOKUP(E93,[8]基础数据!E:H,4,0) -> 料盒 | I93: =VLOOKUP(E93,[8]基础数据!E:G,3,0) -> 36 | J93: 昌 玉 | K93: =IFERROR(G93/I93,"") -> 2
A94: 46153 | B94: 6ABE | C94: 力高新能源技术股份有限公司 | D94: 652380566 | E94: 3.1.01.30.00607 | F94: =VLOOKUP(E94,[9]基础数据!E:H,2,0) -> LP-BSU070-AA_T1616_A_24S_V1_凡申40_三防漆双面9截 | G94: 240 | H94: =VLOOKUP(E94,[9]基础数据!E:H,4,0) -> 料盒 | I94: =VLOOKUP(E94,[9]基础数据!E:G,3,0) -> 48 | J94: 昌 玉 | K94: =IFERROR(G94/I94,"") -> 5
A95: 46153 | B95: 6ABE | C95: 力高新能源技术股份有限公司 | D95: 652380566 | E95: 3.1.01.30.00608 | F95: =VLOOKUP(E95,[9]基础数据!E:H,2,0) -> LP-BSU070-AA_T1616_46S_V1_凡申40_三防漆双面925截 | G95: 432 | H95: =VLOOKUP(E95,[9]基础数据!E:H,4,0) -> 料盒 | I95: =VLOOKUP(E95,[9]基础数据!E:G,3,0) -> 24 | J95: 昌 玉 | K95: =IFERROR(G95/I95,"") -> 18
A96: 46153 | B96: 6ABE | C96: 力高新能源技术股份有限公司 | D96: 652382826 | E96: 3.1.01.20.00566 | F96: =VLOOKUP(E96,[9]基础数据!E:H,2,0) -> LS-CCUM001-AA-V1.06 三防漆双面 908_067 | G96: 640 | H96: =VLOOKUP(E96,[9]基础数据!E:H,4,0) -> 料盒 | I96: =VLOOKUP(E96,[9]基础数据!E:G,3,0) -> 8 | J96: 昌 玉 | K96: =IFERROR(G96/I96,"") -> 80
A97: 46153 | B97: 6ABE | C97: 力高新能源技术股份有限公司 | D97: 652382826 | E97: 3.1.01.20.00452 | F97: =VLOOKUP(E97,[9]基础数据!E:H,2,0) -> LS-CCUG001-AB-V1.02 三防漆单面 924_028 | G97: 648 | H97: =VLOOKUP(E97,[9]基础数据!E:H,4,0) -> 料盒 | I97: =VLOOKUP(E97,[9]基础数据!E:G,3,0) -> 72 | J97: 昌 玉 | K97: =IFERROR(G97/I97,"") -> 9
A98: 46153 | B98: 6ABE | C98: 力高新能源技术股份有限公司 | D98: 652382826 | E98: 3.1.01.20.00486 | F98: =VLOOKUP(E98,[9]基础数据!E:H,2,0) -> LS-CCUB001-AA-DM2-V1.03 三防漆单面 931_007 | G98: 720 | H98: =VLOOKUP(E98,[9]基础数据!E:H,4,0) -> 料盒 | I98: =VLOOKUP(E98,[9]基础数据!E:G,3,0) -> 24 | J98: 昌 玉 | K98: =IFERROR(G98/I98,"") -> 30
A99: 46153 | B99: 6ABE | C99: 力高新能源技术股份有限公司 | D99: 652382826 | E99: 3.1.01.20.00491 | F99: =VLOOKUP(E99,[9]基础数据!E:H,2,0) -> LS-CCUB001-AC-V1.02 三防漆双面 926_018 | G99: 893 | H99: =VLOOKUP(E99,[9]基础数据!E:H,4,0) -> 料盒 | I99: =VLOOKUP(E99,[9]基础数据!E:G,3,0) -> 240 | J99: 昌 玉 | K99: =IFERROR(G99/I99,"") -> 3.7208333
A100: 46153 | B100: 6ABE | C100: 力高新能源技术股份有限公司 | D100: 652382826 | E100: 3.1.01.20.00489 | F100: =VLOOKUP(E100,[9]基础数据!E:H,2,0) -> LS-CCUC001-AA-DM2-V1.03 三防漆双面 930_010 | G100: 648 | H100: =VLOOKUP(E100,[9]基础数据!E:H,4,0) -> 料盒 | I100: =VLOOKUP(E100,[9]基础数据!E:G,3,0) -> 108 | J100: 昌 玉 | K100: =IFERROR(G100/I100,"") -> 6
A101: 46153 | B101: 6ABE | C101: 力高新能源技术股份有限公司 | D101: 652382826 | E101: 3.1.01.20.00580 | F101: =VLOOKUP(E101,[9]基础数据!E:H,2,0) -> LS-CCUB001-AB-V1.04 三防漆双面 904_219 | G101: 523 | H101: =VLOOKUP(E101,[9]基础数据!E:H,4,0) -> 料盒 | I101: =VLOOKUP(E101,[9]基础数据!E:G,3,0) -> 54 | J101: 昌 玉 | K101: =IFERROR(G101/I101,"") -> 9.6851852
A102: 46153 | B102: 6ABE | C102: 力高新能源技术股份有限公司 | D102: 652382826 | E102: 3.1.01.20.00493 | F102: =VLOOKUP(E102,[9]基础数据!E:H,2,0) -> LS-CCUG001-AA-V1.03 三防漆单面 926_014 | G102: 576 | H102: =VLOOKUP(E102,[9]基础数据!E:H,4,0) -> 料盒 | I102: =VLOOKUP(E102,[9]基础数据!E:G,3,0) -> 72 | J102: 昌 玉 | K102: =IFERROR(G102/I102,"") -> 8
A103: 46153 | B103: 6ABE | C103: 力高新能源技术股份有限公司 | D103: 652384562 | E103: 3.1.04.30.00019 | F103: =VLOOKUP(E103,[9]基础数据!E:H,2,0) -> LXA12EV10-BSU总成-01 | G103: 960 | H103: =VLOOKUP(E103,[9]基础数据!E:H,4,0) -> 料盒 | I103: =VLOOKUP(E103,[9]基础数据!E:G,3,0) -> 20 | J103: 昌 玉 | K103: =IFERROR(G103/I103,"") -> 48
A104: 46153 | B104: 6ABE | C104: 力高新能源技术股份有限公司 | D104: 652384562 | E104: 3.1.04.30.00020 | F104: =VLOOKUP(E104,[9]基础数据!E:H,2,0) -> LXA12EV10-BSU总成-02 | G104: 960 | H104: =VLOOKUP(E104,[9]基础数据!E:H,4,0) -> 料盒 | I104: =VLOOKUP(E104,[9]基础数据!E:G,3,0) -> 20 | J104: 昌 玉 | K104: =IFERROR(G104/I104,"") -> 48
A105: 46153 | B105: 6ABE | C105: 力高新能源技术股份有限公司 | D105: 652381672 | E105: 3.1.03.20.00108 | F105: =VLOOKUP(E105,[9]基础数据!E:H,2,0) -> IGBT组件（A平台国内版NON-FUSA一体板结构PCBA） | G105: 1080 | H105: =VLOOKUP(E105,[9]基础数据!E:H,4,0) -> 料盒 | I105: =VLOOKUP(E105,[9]基础数据!E:G,3,0) -> 12 | J105: 昌 玉 | K105: =IFERROR(G105/I105,"") -> 90
A106: 46154 | B106: 6ABE | C106: 力高新能源技术股份有限公司 | D106: 652387510 | E106: 3.1.01.30.00607 | F106: =VLOOKUP(E106,[69]基础数据!E:H,2,0) -> LP-BSU070-AA_T1616_A_24S_V1_凡申40_三防漆双面9截 | G106: 192 | H106: =VLOOKUP(E106,[69]基础数据!E:H,4,0) -> 料盒 | I106: =VLOOKUP(E106,[69]基础数据!E:G,3,0) -> 48 | J106: 昌 玉 | K106: =IFERROR(G106/I106,"") -> 4
A107: 46154 | B107: 6ABE | C107: 力高新能源技术股份有限公司 | D107: 652387510 | E107: 3.1.01.30.00608 | F107: =VLOOKUP(E107,[69]基础数据!E:H,2,0) -> LP-BSU070-AA_T1616_46S_V1_凡申40_三防漆双面925截 | G107: 216 | H107: =VLOOKUP(E107,[69]基础数据!E:H,4,0) -> 料盒 | I107: =VLOOKUP(E107,[69]基础数据!E:G,3,0) -> 24 | J107: 昌 玉 | K107: =IFERROR(G107/I107,"") -> 9
A108: 46154 | B108: 6ABE | C108: 力高新能源技术股份有限公司 | D108: 652384798 | E108: 3.1.03.20.00108 | F108: =VLOOKUP(E108,[69]基础数据!E:H,2,0) -> IGBT组件（A平台国内版NON-FUSA一体板结构PCBA） | G108: 1080 | H108: =VLOOKUP(E108,[69]基础数据!E:H,4,0) -> 料盒 | I108: =VLOOKUP(E108,[69]基础数据!E:G,3,0) -> 12 | J108: 昌 玉 | K108: =IFERROR(G108/I108,"") -> 90
A109: 46154 | B109: 6ABE | C109: 力高新能源技术股份有限公司 | D109: 652388080 | E109: 3.1.01.20.00566 | F109: =VLOOKUP(E109,[69]基础数据!E:H,2,0) -> LS-CCUM001-AA-V1.06 三防漆双面 908_067 | G109: 640 | H109: =VLOOKUP(E109,[69]基础数据!E:H,4,0) -> 料盒 | I109: =VLOOKUP(E109,[69]基础数据!E:G,3,0) -> 8 | J109: 昌 玉 | K109: =IFERROR(G109/I109,"") -> 80
A110: 46154 | B110: 6ABE | C110: 力高新能源技术股份有限公司 | D110: 652388080 | E110: 3.1.01.20.00493 | F110: =VLOOKUP(E110,[69]基础数据!E:H,2,0) -> LS-CCUG001-AA-V1.03 三防漆单面 926_014 | G110: 720 | H110: =VLOOKUP(E110,[69]基础数据!E:H,4,0) -> 料盒 | I110: =VLOOKUP(E110,[69]基础数据!E:G,3,0) -> 72 | J110: 昌 玉 | K110: =IFERROR(G110/I110,"") -> 10
...

Sheet 零跑退回
A1: 日期 | B1: 厂家代码 | C1: 供应商名称 | D1: 零件名称 | E1: 退货数量 | F1: 发货人 | G1: 备注 | H1: 单号 | I1: 备注2
A2: 46113 | B2: 2CQ | C2: 宁波隆源股份有限公司 | D2: 3.2.44.20.01636-000 | E2: D06电源壳体 | F2: 757 | G2: 邓冰芯 | H2: 零跑退回不良品
A3: 46135 | B3: 2AAV | C3: 格林精密部件(苏州)有限公司 | D3: 3.2.44.20.01142-000 | E3: 电机轴180CM1 | F3: 60 | H3: 9485395
D4: =IFERROR(VLOOKUP(#REF!,基础数据!E:F,2,0),"")
D5: =IFERROR(VLOOKUP(#REF!,基础数据!E:F,2,0),"")
D6: =IFERROR(VLOOKUP(#REF!,基础数据!E:F,2,0),"")
D7: =IFERROR(VLOOKUP(#REF!,基础数据!E:F,2,0),"")
D8: =IFERROR(VLOOKUP(#REF!,基础数据!E:F,2,0),"")
D9: =IFERROR(VLOOKUP(#REF!,基础数据!E:F,2,0),"")
D10: =IFERROR(VLOOKUP(#REF!,基础数据!E:F,2,0),"")
D11: =IFERROR(VLOOKUP(#REF!,基础数据!E:F,2,0),"")
D12: =IFERROR(VLOOKUP(#REF!,基础数据!E:F,2,0),"")
D13: =IFERROR(VLOOKUP(#REF!,基础数据!E:F,2,0),"")
D14: =IFERROR(VLOOKUP(#REF!,基础数据!E:F,2,0),"")
D15: =IFERROR(VLOOKUP(#REF!,基础数据!E:F,2,0),"")
... D24: =IFERROR(VLOOKUP(#REF!,基础数据!E:F,2,0),"")

Sheet 退回供应商
A1: 日期 | B1: 厂家代码 | C1: 供应商名称 | D1: 零件号/空盛具 | E1: 零件名称 | F1: 退货数量 | G1: 发货人 | H1: 备注 | I1: 单号 | J1: 备注2
E2: =IFERROR(VLOOKUP(D2,基础数据!E:F,2,0),"")
E3: =IFERROR(VLOOKUP(D3,基础数据!E:F,2,0),"")
E4: =IFERROR(VLOOKUP(D4,基础数据!E:F,2,0),"")
E5: =IFERROR(VLOOKUP(D5,基础数据!E:F,2,0),"")
E6: =IFERROR(VLOOKUP(D6,基础数据!E:F,2,0),"")
E7: =IFERROR(VLOOKUP(D7,基础数据!E:F,2,0),"")
E8: =IFERROR(VLOOKUP(D8,基础数据!E:F,2,0),"")
E9: =IFERROR(VLOOKUP(D9,基础数据!E:F,2,0),"")
E10: =IFERROR(VLOOKUP(D10,基础数据!E:F,2,0),"")
E11: =IFERROR(VLOOKUP(D11,基础数据!E:F,2,0),"")
E12: =IFERROR(VLOOKUP(D12,基础数据!E:F,2,0),"")
E13: =IFERROR(VLOOKUP(D13,基础数据!E:F,2,0),"")
... E26: =IFERROR(VLOOKUP(D26,基础数据!E:F,2,0),"")

Sheet 库内不良
A1: 日期 | B1: 厂家代码 | C1: 供应商名称 | D1: 零件号/空盛具 | E1: 零件名称 | F1: 退货数量 | G1: 发货人 | H1: 备注 | I1: 单号 | J1: 备注2
E2: =IFERROR(VLOOKUP(D2,基础数据!E:F,2,0),"")
E3: =IFERROR(VLOOKUP(D3,基础数据!E:F,2,0),"")
E4: =IFERROR(VLOOKUP(D4,基础数据!E:F,2,0),"")
E5: =IFERROR(VLOOKUP(D5,基础数据!E:F,2,0),"")
E6: =IFERROR(VLOOKUP(D6,基础数据!E:F,2,0),"")
E7: =IFERROR(VLOOKUP(D7,基础数据!E:F,2,0),"")
E8: =IFERROR(VLOOKUP(D8,基础数据!E:F,2,0),"")
E9: =IFERROR(VLOOKUP(D9,基础数据!E:F,2,0),"")
E10: =IFERROR(VLOOKUP(D10,基础数据!E:F,2,0),"")
E11: =IFERROR(VLOOKUP(D11,基础数据!E:F,2,0),"")
E12: =IFERROR(VLOOKUP(D12,基础数据!E:F,2,0),"")
E13: =IFERROR(VLOOKUP(D13,基础数据!E:F,2,0),"")
... E24: =IFERROR(VLOOKUP(D24,基础数据!E:F,2,0),"")

Sheet 基础数据
A1: 序号 | B1: 供应商代码 | C1: 供应商名称 | D1: 供应商内部料号 | E1: 零跑零件编号 | F1: 零件名称 | G1: SNP | H1: 器具类型
A3: =ROW()-2 -> 1 | B3: 1AZ | C3: 芜湖博康机电股份有限公司 | E3: 3.2.50.30.00806-000 | F3: A12-高压支路连接线束-500 | G3: 20 | H3: 料盒
A4: =ROW()-2 -> 2 | B4: 1AZ | C4: 芜湖博康机电股份有限公司 | E4: 3.2.50.30.00927-000 | F4: A12-外部通讯连接线束 | G4: 100 | H4: 料盒
A5: =ROW()-2 -> 3 | B5: 1AZ | C5: 芜湖博康机电股份有限公司 | E5: 3.2.50.30.01736-000 | F5: A12EV10-预充电阻连接线束 | G5: 100 | H5: 料盒
A6: =ROW()-2 -> 4 | B6: 1AZ | C6: 芜湖博康机电股份有限公司 | E6: 3.2.50.30.00808-000 | F6: A12-预充电阻连接线束1 | G6: 1500 | H6: 料盒
A7: =ROW()-2 -> 5 | B7: 1AZ | C7: 芜湖博康机电股份有限公司 | E7: 3.2.50.30.00842-000 | F7: A12-菊花链线束 | G7: 1500 | H7: 料盒
A8: =ROW()-2 -> 6 | B8: 1AZ | C8: 芜湖博康机电股份有限公司 | E8: 3.2.50.30.02116-000 | F8: A12EV10-通讯-水温-互锁集成线束-500 | G8: 30 | H8: 料盒
A9: =ROW()-2 -> 7 | B9: 1AZ | C9: 芜湖博康机电股份有限公司 | E9: 3.2.50.30.02118-000 | F9: A12EV10-BDU-采样集成线束 | G9: 50 | H9: 料盒
A10: =ROW()-2 -> 8 | H10: 料盒
A11: =ROW()-2 -> 9 | H11: 料盒
A12: =ROW()-2 -> 10 | H12: 料盒
A13: =ROW()-2 -> 11 | H13: 料盒
A14: =ROW()-2 -> 12 | H14: 料盒
A15: =ROW()-2 -> 13 | H15: 料盒
A16: =ROW()-2 -> 14 | H16: 料盒

Sheet 售后配件
A1: 计划生产日期 | B1: 订单号 | C1: 物料 | D1: 物料名称 | E1: 供应商名称 | F1: 指示数量 | G1: 实发 | H1: 签收日期 | I1: 发货SNP | J1: 箱数 | K1: 备注
D2: =VLOOKUP(C:C,日报!E:F,2,0) -> #N/A | E2: 安徽晨阳 | I2: =VLOOKUP(C:C,日报!E:I,4,0) -> #N/A | J2: =G2/I2 -> #N/A

Sheet 预警

Sheet Sheet1
A1: 供应商 | B1: 零件代码 | C1: 零件编号 | D1: 零件名称 | E1: 可用结存 | F1: 43977 | G1: 差异 | H1: 43978 | I1: 差异 | J1: 43979 | K1: 差异
A2: 华通 | B2: 12036504 | C2: KK7B17C871AA | D2: CD539C MCA中支架总成 | E2: 48 | F2: 96 | G2: -48 | H2: 96 | I2: -144 | J2: 96 | K2: -240
A3: 华通 | B3: 12036505 | C3: KK7B17D995AA | D3: CD539C MCA刚度支架总成-左 | E3: 840 | F3: 28 | G3: 812 | H3: 28 | I3: 784 | J3: 28 | K3: 756
A4: 华通 | B4: 12036506 | C4: KK7B17D995BA | D4: CD539C MCA刚度支架总成-右 | E4: 756 | F4: 28 | G4: 728 | H4: 28 | I4: 700 | J4: 28 | K4: 672
A5: 翰氏 | B5: 12036502 | C5: KK7B17D948AB | D5: CD539C MCA尾灯支架总成-右 | E5: 96 | F5: 84 | G5: 12 | H5: 84 | I5: -72 | J5: 84 | K5: -156
A6: 翰氏 | B6: 12036503 | C6: KK7B17D949AB | D6: CD539C MCA尾灯支架总成-左 | E6: -25 | F6: 84 | G6: -109 | H6: 84 | I6: -193 | J6: 84 | K6: -277
A7: 翰氏 | B7: 12036500 | C7: KK7B17E850AB | D7: CD539C MCA侧围支架总成-右 | E7: -285 | F7: 64 | G7: -349 | H7: 64 | I7: -413 | J7: 64 | K7: -477
A8: 翰氏 | B8: 12036501 | C8: KK7B17E851AB | D8: CD539C MCA侧围支架总成-左 | E8: -267 | F8: 64 | G8: -331 | H8: 64 | I8: -395 | J8: 64 | K8: -459
A9: 塑源 | B9: 11988184 | C9: KK7B17D995VB | D9: CD539C MCA刚度支架总成-左-高配 | E9: 595 | F9: 72 | G9: 523 | H9: 72 | I9: 451 | J9: 72 | K9: 379
A10: 塑源 | B10: 11988185 | C10: KK7B17D995XB | D10: CD539C MCA刚度支架总成-右-高配 | E10: 596 | F10: 72 | G10: 524 | H10: 72 | I10: 452 | J10: 72 | K10: 380
