Workbook

Sheet 日报
A1: 46143 | F1: 注：“可用结存”列中红色数据代表库存量过低; | T1: 入库 | AY1: 出库
A2: 序号 | B2: 供应商代码 | C2: 供应商名称 | D2: 供应商内部料号 | E2: 零跑零件编号 | F2: 零件名称 | G2: SNP | H2: 器具类型 | I2: 良品上月结存 | J2: 不良品上月结存 | K2: 累进 | L2: 累出 | M2: 零跑退回 | N2: 库内不良 | O2: 退回供应商 | P2: 不合格品库存 | Q2: 可用结存 | R2: 最高库存量 | S2: 单车用量 | T2: 入库 | AY2: 出库
T3: 46143 | U3: =T3+1 -> 46144 | V3: =U3+1 -> 46145 | W3: =V3+1 -> 46146 | X3: =W3+1 -> 46147 | Y3: =X3+1 -> 46148 | Z3: =Y3+1 -> 46149 | AA3: =Z3+1 -> 46150 | AB3: =AA3+1 -> 46151 | ... AX3: =AW3+1 -> 46173 | AY3: 46143 | AZ3: =AY3+1 -> 46144 | BA3: =AZ3+1 -> 46145 | BB3: =BA3+1 -> 46146 | BC3: =BB3+1 -> 46147 | BD3: =BC3+1 -> 46148 | BE3: =BD3+1 -> 46149 | BF3: =BE3+1 -> 46150 | BG3: =BF3+1 -> 46151 | ... CC3: =CB3+1 -> 46173
A4: =ROW()-3 -> 1 | B4: =IFERROR(VLOOKUP(基础数据!B3,基础数据!B:B,1,0),"") -> 1AZ | C4: =IFERROR(VLOOKUP(基础数据!C3,基础数据!C:C,1,0),"") -> 芜湖博康机电股份有限公司 | E4: =IFERROR(VLOOKUP(基础数据!E3,基础数据!E:E,1,0),"") -> 3.2.50.30.00806-000 | F4: =IFERROR(VLOOKUP(基础数据!F3,基础数据!F:F,1,0),"") -> A12-高压支路连接线束-500 | G4: =IFERROR(VLOOKUP(基础数据!G3,基础数据!G:G,1,0),"") -> 20 | H4: =IFERROR(VLOOKUP(基础数据!H3,基础数据!H:H,1,0),"") -> 料盒 | I4: 4560 | J4: 0 | K4: =SUMIF(合格品入货记录!E:E,日报!E4,合格品入货记录!G:G) -> 3000 | L4: =SUMIF(合格品出库记录!E:E,日报!E4,合格品出库记录!G:G) -> 5260 | M4: =SUMIF(零跑退回!D:D,日报!E:E,零跑退回!F:F) -> 0 | N4: =SUMIF(库内不良!D:D,E:E,库内不良!F:F) -> 0 | O4: =SUMIF(退回供应商!D:D,日报!E:E,退回供应商!F:F) -> 0 | P4: =J4+M4+N4-O4 -> 0 | Q4: =I4+K4-L4-N4 -> 2300 | T4: =IF(SUMIFS(合格品入货记录!$G:$G,合格品入货记录!$E:$E,日报!$E:$E,合格品入货记录!$A:$A,日报!T$3)<>0,SUMIFS(合格品入货记录!$G:$G,合格品入货记录!$E:$E,日报!$E:$E,合格品入货记录!$A:$A,日报!T$3),"") | U4: =IF(SUMIFS(合格品入货记录!$G:$G,合格品入货记录!$E:$E,日报!$E:$E,合格品入货记录!$A:$A,日报!U$3)<>0,SUMIFS(合格品入货记录!$G:$G,合格品入货记录!$E:$E,日报!$E:$E,合格品入货记录!$A:$A,日报!U$3),"") | V4: =IF(SUMIFS(合格品入货记录!$G:$G,合格品入货记录!$E:$E,日报!$E:$E,合格品入货记录!$A:$A,日报!V$3)<>0,SUMIFS(合格品入货记录!$G:$G,合格品入货记录!$E:$E,日报!$E:$E,合格品入货记录!$A:$A,日报!V$3),"") | W4: =IF(SUMIFS(合格品入货记录!$G:$G,合格品入货记录!$E:$E,日报!$E:$E,合格品入货记录!$A:$A,日报!W$3)<>0,SUMIFS(合格品入货记录!$G:$G,合格品入货记录!$E:$E,日报!$E:$E,合格品入货记录!$A:$A,日报!W$3),"") | X4: =IF(SUMIFS(合格品入货记录!$G:$G,合格品入货记录!$E:$E,日报!$E:$E,合格品入货记录!$A:$A,日报!X$3)<>0,SUMIFS(合格品入货记录!$G:$G,合格品入货记录!$E:$E,日报!$E:$E,合格品入货记录!$A:$A,日报!X$3),"") | Y4: =IF(SUMIFS(合格品入货记录!$G:$G,合格品入货记录!$E:$E,日报!$E:$E,合格品入货记录!$A:$A,日报!Y$3)<>0,SUMIFS(合格品入货记录!$G:$G,合格品入货记录!$E:$E,日报!$E:$E,合格品入货记录!$A:$A,日报!Y$3),"") -> 700 | Z4: =IF(SUMIFS(合格品入货记录!$G:$G,合格品入货记录!$E:$E,日报!$E:$E,合格品入货记录!$A:$A,日报!Z$3)<>0,SUMIFS(合格品入货记录!$G:$G,合格品入货记录!$E:$E,日报!$E:$E,合格品入货记录!$A:$A,日报!Z$3),"") | AA4: =IF(SUMIFS(合格品入货记录!$G:$G,合格品入货记录!$E:$E,日报!$E:$E,合格品入货记录!$A:$A,日报!AA$3)<>0,SUMIFS(合格品入货记录!$G:$G,合格品入货记录!$E:$E,日报!$E:$E,合格品入货记录!$A:$A,日报!AA$3),"") | ... AU4: =IF(SUMIFS(合格品入货记录!$G:$G,合格品入货记录!$E:$E,日报!$E:$E,合格品入货记录!$A:$A,日报!AU$3)<>0,SUMIFS(合格品入货记录!$G:$G,合格品入货记录!$E:$E,日报!$E:$E,合格品入货记录!$A:$A,日报!AU$3),"") | AY4: =IF(SUMIFS(合格品出库记录!$G:$G,合格品出库记录!$E:$E,日报!$E:$E,合格品出库记录!$A:$A,日报!AY$3)<>0,SUMIFS(合格品出库记录!$G:$G,合格品出库记录!$E:$E,日报!$E:$E,合格品出库记录!$A:$A,日报!AY$3),"") | AZ4: =IF(SUMIFS(合格品出库记录!$G:$G,合格品出库记录!$E:$E,日报!$E:$E,合格品出库记录!$A:$A,日报!AZ$3)<>0,SUMIFS(合格品出库记录!$G:$G,合格品出库记录!$E:$E,日报!$E:$E,合格品出库记录!$A:$A,日报!AZ$3),"") | BA4: =IF(SUMIFS(合格品出库记录!$G:$G,合格品出库记录!$E:$E,日报!$E:$E,合格品出库记录!$A:$A,日报!BA$3)<>0,SUMIFS(合格品出库记录!$G:$G,合格品出库记录!$E:$E,日报!$E:$E,合格品出库记录!$A:$A,日报!BA$3),"") -> 1000 | BB4: =IF(SUMIFS(合格品出库记录!$G:$G,合格品出库记录!$E:$E,日报!$E:$E,合格品出库记录!$A:$A,日报!BB$3)<>0,SUMIFS(合格品出库记录!$G:$G,合格品出库记录!$E:$E,日报!$E:$E,合格品出库记录!$A:$A,日报!BB$3),"") | BC4: =IF(SUMIFS(合格品出库记录!$G:$G,合格品出库记录!$E:$E,日报!$E:$E,合格品出库记录!$A:$A,日报!BC$3)<>0,SUMIFS(合格品出库记录!$G:$G,合格品出库记录!$E:$E,日报!$E:$E,合格品出库记录!$A:$A,日报!BC$3),"") -> 1500 | BD4: =IF(SUMIFS(合格品出库记录!$G:$G,合格品出库记录!$E:$E,日报!$E:$E,合格品出库记录!$A:$A,日报!BD$3)<>0,SUMIFS(合格品出库记录!$G:$G,合格品出库记录!$E:$E,日报!$E:$E,合格品出库记录!$A:$A,日报!BD$3),"") | BE4: =IF(SUMIFS(合格品出库记录!$G:$G,合格品出库记录!$E:$E,日报!$E:$E,合格品出库记录!$A:$A,日报!BE$3)<>0,SUMIFS(合格品出库记录!$G:$G,合格品出库记录!$E:$E,日报!$E:$E,合格品出库记录!$A:$A,日报!BE$3),"") | BF4: =IF(SUMIFS(合格品出库记录!$G:$G,合格品出库记录!$E:$E,日报!$E:$E,合格品出库记录!$A:$A,日报!BF$3)<>0,SUMIFS(合格品出库记录!$G:$G,合格品出库记录!$E:$E,日报!$E:$E,合格品出库记录!$A:$A,日报!BF$3),"") | ... CC4: =IF(SUMIFS(合格品出库记录!$G:$G,合格品出库记录!$E:$E,日报!$E:$E,合格品出库记录!$A:$A,日报!CC$3)<>0,SUMIFS(合格品出库记录!$G:$G,合格品出库记录!$E:$E,日报!$E:$E,合格品出库记录!$A:$A,日报!CC$3),"")
A5: =ROW()-3 -> 2 | B5: =IFERROR(VLOOKUP(基础数据!B4,基础数据!B:B,1,0),"") -> 1AZ | C5: =IFERROR(VLOOKUP(基础数据!C4,基础数据!C:C,1,0),"") -> 芜湖博康机电股份有限公司 | E5: =IFERROR(VLOOKUP(基础数据!E4,基础数据!E:E,1,0),"") -> 3.2.50.30.00927-000 | F5: =IFERROR(VLOOKUP(基础数据!F4,基础数据!F:F,1,0),"") -> A12-外部通讯连接线束 | G5: =IFERROR(VLOOKUP(基础数据!G4,基础数据!G:G,1,0),"") -> 100 | H5: =IFERROR(VLOOKUP(基础数据!H4,基础数据!H:H,1,0),"") -> 料盒 | I5: 1500 | J5: 0 | K5: =SUMIF(合格品入货记录!E:E,日报!E5,合格品入货记录!G:G) -> 3000 | L5: =SUMIF(合格品出库记录!E:E,日报!E5,合格品出库记录!G:G) -> 4500 | M5: =SUMIF(零跑退回!D:D,日报!E:E,零跑退回!F:F) -> 0 | N5: =SUMIF(库内不良!D:D,E:E,库内不良!F:F) -> 0 | O5: =SUMIF(退回供应商!D:D,日报!E:E,退回供应商!F:F) -> 0 | P5: =J5+M5+N5-O5 -> 0 | Q5: =I5+K5-L5-N5 -> 0 | T5: =IF(SUMIFS(合格品入货记录!$G:$G,合格品入货记录!$E:$E,日报!$E:$E,合格品入货记录!$A:$A,日报!T$3)<>0,SUMIFS(合格品入货记录!$G:$G,合格品入货记录!$E:$E,日报!$E:$E,合格品入货记录!$A:$A,日报!T$3),"") | U5: =IF(SUMIFS(合格品入货记录!$G:$G,合格品入货记录!$E:$E,日报!$E:$E,合格品入货记录!$A:$A,日报!U$3)<>0,SUMIFS(合格品入货记录!$G:$G,合格品入货记录!$E:$E,日报!$E:$E,合格品入货记录!$A:$A,日报!U$3),"") | V5: =IF(SUMIFS(合格品入货记录!$G:$G,合格品入货记录!$E:$E,日报!$E:$E,合格品入货记录!$A:$A,日报!V$3)<>0,SUMIFS(合格品入货记录!$G:$G,合格品入货记录!$E:$E,日报!$E:$E,合格品入货记录!$A:$A,日报!V$3),"") | W5: =IF(SUMIFS(合格品入货记录!$G:$G,合格品入货记录!$E:$E,日报!$E:$E,合格品入货记录!$A:$A,日报!W$3)<>0,SUMIFS(合格品入货记录!$G:$G,合格品入货记录!$E:$E,日报!$E:$E,合格品入货记录!$A:$A,日报!W$3),"") | X5: =IF(SUMIFS(合格品入货记录!$G:$G,合格品入货记录!$E:$E,日报!$E:$E,合格品入货记录!$A:$A,日报!X$3)<>0,SUMIFS(合格品入货记录!$G:$G,合格品入货记录!$E:$E,日报!$E:$E,合格品入货记录!$A:$A,日报!X$3),"") | Y5: =IF(SUMIFS(合格品入货记录!$G:$G,合格品入货记录!$E:$E,日报!$E:$E,合格品入货记录!$A:$A,日报!Y$3)<>0,SUMIFS(合格品入货记录!$G:$G,合格品入货记录!$E:$E,日报!$E:$E,合格品入货记录!$A:$A,日报!Y$3),"") -> 1500 | Z5: =IF(SUMIFS(合格品入货记录!$G:$G,合格品入货记录!$E:$E,日报!$E:$E,合格品入货记录!$A:$A,日报!Z$3)<>0,SUMIFS(合格品入货记录!$G:$G,合格品入货记录!$E:$E,日报!$E:$E,合格品入货记录!$A:$A,日报!Z$3),"") | AA5: =IF(SUMIFS(合格品入货记录!$G:$G,合格品入货记录!$E:$E,日报!$E:$E,合格品入货记录!$A:$A,日报!AA$3)<>0,SUMIFS(合格品入货记录!$G:$G,合格品入货记录!$E:$E,日报!$E:$E,合格品入货记录!$A:$A,日报!AA$3),"") | ... AU5: =IF(SUMIFS(合格品入货记录!$G:$G,合格品入货记录!$E:$E,日报!$E:$E,合格品入货记录!$A:$A,日报!AU$3)<>0,SUMIFS(合格品入货记录!$G:$G,合格品入货记录!$E:$E,日报!$E:$E,合格品入货记录!$A:$A,日报!AU$3),"") | AY5: =IF(SUMIFS(合格品出库记录!$G:$G,合格品出库记录!$E:$E,日报!$E:$E,合格品出库记录!$A:$A,日报!AY$3)<>0,SUMIFS(合格品出库记录!$G:$G,合格品出库记录!$E:$E,日报!$E:$E,合格品出库记录!$A:$A,日报!AY$3),"") | AZ5: =IF(SUMIFS(合格品出库记录!$G:$G,合格品出库记录!$E:$E,日报!$E:$E,合格品出库记录!$A:$A,日报!AZ$3)<>0,SUMIFS(合格品出库记录!$G:$G,合格品出库记录!$E:$E,日报!$E:$E,合格品出库记录!$A:$A,日报!AZ$3),"") | BA5: =IF(SUMIFS(合格品出库记录!$G:$G,合格品出库记录!$E:$E,日报!$E:$E,合格品出库记录!$A:$A,日报!BA$3)<>0,SUMIFS(合格品出库记录!$G:$G,合格品出库记录!$E:$E,日报!$E:$E,合格品出库记录!$A:$A,日报!BA$3),"") | BB5: =IF(SUMIFS(合格品出库记录!$G:$G,合格品出库记录!$E:$E,日报!$E:$E,合格品出库记录!$A:$A,日报!BB$3)<>0,SUMIFS(合格品出库记录!$G:$G,合格品出库记录!$E:$E,日报!$E:$E,合格品出库记录!$A:$A,日报!BB$3),"") | BC5: =IF(SUMIFS(合格品出库记录!$G:$G,合格品出库记录!$E:$E,日报!$E:$E,合格品出库记录!$A:$A,日报!BC$3)<>0,SUMIFS(合格品出库记录!$G:$G,合格品出库记录!$E:$E,日报!$E:$E,合格品出库记录!$A:$A,日报!BC$3),"") | BD5: =IF(SUMIFS(合格品出库记录!$G:$G,合格品出库记录!$E:$E,日报!$E:$E,合格品出库记录!$A:$A,日报!BD$3)<>0,SUMIFS(合格品出库记录!$G:$G,合格品出库记录!$E:$E,日报!$E:$E,合格品出库记录!$A:$A,日报!BD$3),"") -> 1500 | BE5: =IF(SUMIFS(合格品出库记录!$G:$G,合格品出库记录!$E:$E,日报!$E:$E,合格品出库记录!$A:$A,日报!BE$3)<>0,SUMIFS(合格品出库记录!$G:$G,合格品出库记录!$E:$E,日报!$E:$E,合格品出库记录!$A:$A,日报!BE$3),"") | BF5: =IF(SUMIFS(合格品出库记录!$G:$G,合格品出库记录!$E:$E,日报!$E:$E,合格品出库记录!$A:$A,日报!BF$3)<>0,SUMIFS(合格品出库记录!$G:$G,合格品出库记录!$E:$E,日报!$E:$E,合格品出库记录!$A:$A,日报!BF$3),"") -> 1500 | ... CC5: =IF(SUMIFS(合格品出库记录!$G:$G,合格品出库记录!$E:$E,日报!$E:$E,合格品出库记录!$A:$A,日报!CC$3)<>0,SUMIFS(合格品出库记录!$G:$G,合格品出库记录!$E:$E,日报!$E:$E,合格品出库记录!$A:$A,日报!CC$3),"")
A6: =ROW()-3 -> 3 | B6: =IFERROR(VLOOKUP(基础数据!B5,基础数据!B:B,1,0),"") -> 1AZ | C6: =IFERROR(VLOOKUP(基础数据!C5,基础数据!C:C,1,0),"") -> 芜湖博康机电股份有限公司 | E6: =IFERROR(VLOOKUP(基础数据!E5,基础数据!E:E,1,0),"") -> 3.2.50.30.01736-000 | F6: =IFERROR(VLOOKUP(基础数据!F5,基础数据!F:F,1,0),"") -> A12EV10-预充电阻连接线束 | G6: =IFERROR(VLOOKUP(基础数据!G5,基础数据!G:G,1,0),"") -> 100 | H6: =IFERROR(VLOOKUP(基础数据!H5,基础数据!H:H,1,0),"") -> 料盒 | I6: 1500 | J6: 0 | K6: =SUMIF(合格品入货记录!E:E,日报!E6,合格品入货记录!G:G) -> 3000 | L6: =SUMIF(合格品出库记录!E:E,日报!E6,合格品出库记录!G:G) -> 4500 | M6: =SUMIF(零跑退回!D:D,日报!E:E,零跑退回!F:F) -> 0 | N6: =SUMIF(库内不良!D:D,E:E,库内不良!F:F) -> 0 | O6: =SUMIF(退回供应商!D:D,日报!E:E,退回供应商!F:F) -> 0 | P6: =J6+M6+N6-O6 -> 0 | Q6: =I6+K6-L6-N6 -> 0 | T6: =IF(SUMIFS(合格品入货记录!$G:$G,合格品入货记录!$E:$E,日报!$E:$E,合格品入货记录!$A:$A,日报!T$3)<>0,SUMIFS(合格品入货记录!$G:$G,合格品入货记录!$E:$E,日报!$E:$E,合格品入货记录!$A:$A,日报!T$3),"") | U6: =IF(SUMIFS(合格品入货记录!$G:$G,合格品入货记录!$E:$E,日报!$E:$E,合格品入货记录!$A:$A,日报!U$3)<>0,SUMIFS(合格品入货记录!$G:$G,合格品入货记录!$E:$E,日报!$E:$E,合格品入货记录!$A:$A,日报!U$3),"") | V6: =IF(SUMIFS(合格品入货记录!$G:$G,合格品入货记录!$E:$E,日报!$E:$E,合格品入货记录!$A:$A,日报!V$3)<>0,SUMIFS(合格品入货记录!$G:$G,合格品入货记录!$E:$E,日报!$E:$E,合格品入货记录!$A:$A,日报!V$3),"") | W6: =IF(SUMIFS(合格品入货记录!$G:$G,合格品入货记录!$E:$E,日报!$E:$E,合格品入货记录!$A:$A,日报!W$3)<>0,SUMIFS(合格品入货记录!$G:$G,合格品入货记录!$E:$E,日报!$E:$E,合格品入货记录!$A:$A,日报!W$3),"") | X6: =IF(SUMIFS(合格品入货记录!$G:$G,合格品入货记录!$E:$E,日报!$E:$E,合格品入货记录!$A:$A,日报!X$3)<>0,SUMIFS(合格品入货记录!$G:$G,合格品入货记录!$E:$E,日报!$E:$E,合格品入货记录!$A:$A,日报!X$3),"") | Y6: =IF(SUMIFS(合格品入货记录!$G:$G,合格品入货记录!$E:$E,日报!$E:$E,合格品入货记录!$A:$A,日报!Y$3)<>0,SUMIFS(合格品入货记录!$G:$G,合格品入货记录!$E:$E,日报!$E:$E,合格品入货记录!$A:$A,日报!Y$3),"") -> 1500 | Z6: =IF(SUMIFS(合格品入货记录!$G:$G,合格品入货记录!$E:$E,日报!$E:$E,合格品入货记录!$A:$A,日报!Z$3)<>0,SUMIFS(合格品入货记录!$G:$G,合格品入货记录!$E:$E,日报!$E:$E,合格品入货记录!$A:$A,日报!Z$3),"") | AA6: =IF(SUMIFS(合格品入货记录!$G:$G,合格品入货记录!$E:$E,日报!$E:$E,合格品入货记录!$A:$A,日报!AA$3)<>0,SUMIFS(合格品入货记录!$G:$G,合格品入货记录!$E:$E,日报!$E:$E,合格品入货记录!$A:$A,日报!AA$3),"") | ... AU6: =IF(SUMIFS(合格品入货记录!$G:$G,合格品入货记录!$E:$E,日报!$E:$E,合格品入货记录!$A:$A,日报!AU$3)<>0,SUMIFS(合格品入货记录!$G:$G,合格品入货记录!$E:$E,日报!$E:$E,合格品入货记录!$A:$A,日报!AU$3),"") | AY6: =IF(SUMIFS(合格品出库记录!$G:$G,合格品出库记录!$E:$E,日报!$E:$E,合格品出库记录!$A:$A,日报!AY$3)<>0,SUMIFS(合格品出库记录!$G:$G,合格品出库记录!$E:$E,日报!$E:$E,合格品出库记录!$A:$A,日报!AY$3),"") | AZ6: =IF(SUMIFS(合格品出库记录!$G:$G,合格品出库记录!$E:$E,日报!$E:$E,合格品出库记录!$A:$A,日报!AZ$3)<>0,SUMIFS(合格品出库记录!$G:$G,合格品出库记录!$E:$E,日报!$E:$E,合格品出库记录!$A:$A,日报!AZ$3),"") | BA6: =IF(SUMIFS(合格品出库记录!$G:$G,合格品出库记录!$E:$E,日报!$E:$E,合格品出库记录!$A:$A,日报!BA$3)<>0,SUMIFS(合格品出库记录!$G:$G,合格品出库记录!$E:$E,日报!$E:$E,合格品出库记录!$A:$A,日报!BA$3),"") | BB6: =IF(SUMIFS(合格品出库记录!$G:$G,合格品出库记录!$E:$E,日报!$E:$E,合格品出库记录!$A:$A,日报!BB$3)<>0,SUMIFS(合格品出库记录!$G:$G,合格品出库记录!$E:$E,日报!$E:$E,合格品出库记录!$A:$A,日报!BB$3),"") | BC6: =IF(SUMIFS(合格品出库记录!$G:$G,合格品出库记录!$E:$E,日报!$E:$E,合格品出库记录!$A:$A,日报!BC$3)<>0,SUMIFS(合格品出库记录!$G:$G,合格品出库记录!$E:$E,日报!$E:$E,合格品出库记录!$A:$A,日报!BC$3),"") | BD6: =IF(SUMIFS(合格品出库记录!$G:$G,合格品出库记录!$E:$E,日报!$E:$E,合格品出库记录!$A:$A,日报!BD$3)<>0,SUMIFS(合格品出库记录!$G:$G,合格品出库记录!$E:$E,日报!$E:$E,合格品出库记录!$A:$A,日报!BD$3),"") | BE6: =IF(SUMIFS(合格品出库记录!$G:$G,合格品出库记录!$E:$E,日报!$E:$E,合格品出库记录!$A:$A,日报!BE$3)<>0,SUMIFS(合格品出库记录!$G:$G,合格品出库记录!$E:$E,日报!$E:$E,合格品出库记录!$A:$A,日报!BE$3),"") | BF6: =IF(SUMIFS(合格品出库记录!$G:$G,合格品出库记录!$E:$E,日报!$E:$E,合格品出库记录!$A:$A,日报!BF$3)<>0,SUMIFS(合格品出库记录!$G:$G,合格品出库记录!$E:$E,日报!$E:$E,合格品出库记录!$A:$A,日报!BF$3),"") -> 1500 | ... CC6: =IF(SUMIFS(合格品出库记录!$G:$G,合格品出库记录!$E:$E,日报!$E:$E,合格品出库记录!$A:$A,日报!CC$3)<>0,SUMIFS(合格品出库记录!$G:$G,合格品出库记录!$E:$E,日报!$E:$E,合格品出库记录!$A:$A,日报!CC$3),"")
A7: =ROW()-3 -> 4 | B7: =IFERROR(VLOOKUP(基础数据!B6,基础数据!B:B,1,0),"") -> 1AZ | C7: =IFERROR(VLOOKUP(基础数据!C6,基础数据!C:C,1,0),"") -> 芜湖博康机电股份有限公司 | E7: =IFERROR(VLOOKUP(基础数据!E6,基础数据!E:E,1,0),"") -> 3.2.50.30.00808-000 | F7: =IFERROR(VLOOKUP(基础数据!F6,基础数据!F:F,1,0),"") -> A12-预充电阻连接线束1 | G7: =IFERROR(VLOOKUP(基础数据!G6,基础数据!G:G,1,0),"") -> 1500 | H7: =IFERROR(VLOOKUP(基础数据!H6,基础数据!H:H,1,0),"") -> 料盒 | I7: 0 | J7: 0 | K7: =SUMIF(合格品入货记录!E:E,日报!E7,合格品入货记录!G:G) -> 4500 | L7: =SUMIF(合格品出库记录!E:E,日报!E7,合格品出库记录!G:G) -> 4500 | M7: =SUMIF(零跑退回!D:D,日报!E:E,零跑退回!F:F) -> 0 | N7: =SUMIF(库内不良!D:D,E:E,库内不良!F:F) -> 0 | O7: =SUMIF(退回供应商!D:D,日报!E:E,退回供应商!F:F) -> 0 | P7: =J7+M7+N7-O7 -> 0 | Q7: =I7+K7-L7-N7 -> 0 | T7: =IF(SUMIFS(合格品入货记录!$G:$G,合格品入货记录!$E:$E,日报!$E:$E,合格品入货记录!$A:$A,日报!T$3)<>0,SUMIFS(合格品入货记录!$G:$G,合格品入货记录!$E:$E,日报!$E:$E,合格品入货记录!$A:$A,日报!T$3),"") | U7: =IF(SUMIFS(合格品入货记录!$G:$G,合格品入货记录!$E:$E,日报!$E:$E,合格品入货记录!$A:$A,日报!U$3)<>0,SUMIFS(合格品入货记录!$G:$G,合格品入货记录!$E:$E,日报!$E:$E,合格品入货记录!$A:$A,日报!U$3),"") | V7: =IF(SUMIFS(合格品入货记录!$G:$G,合格品入货记录!$E:$E,日报!$E:$E,合格品入货记录!$A:$A,日报!V$3)<>0,SUMIFS(合格品入货记录!$G:$G,合格品入货记录!$E:$E,日报!$E:$E,合格品入货记录!$A:$A,日报!V$3),"") | W7: =IF(SUMIFS(合格品入货记录!$G:$G,合格品入货记录!$E:$E,日报!$E:$E,合格品入货记录!$A:$A,日报!W$3)<>0,SUMIFS(合格品入货记录!$G:$G,合格品入货记录!$E:$E,日报!$E:$E,合格品入货记录!$A:$A,日报!W$3),"") | X7: =IF(SUMIFS(合格品入货记录!$G:$G,合格品入货记录!$E:$E,日报!$E:$E,合格品入货记录!$A:$A,日报!X$3)<>0,SUMIFS(合格品入货记录!$G:$G,合格品入货记录!$E:$E,日报!$E:$E,合格品入货记录!$A:$A,日报!X$3),"") | Y7: =IF(SUMIFS(合格品入货记录!$G:$G,合格品入货记录!$E:$E,日报!$E:$E,合格品入货记录!$A:$A,日报!Y$3)<>0,SUMIFS(合格品入货记录!$G:$G,合格品入货记录!$E:$E,日报!$E:$E,合格品入货记录!$A:$A,日报!Y$3),"") -> 3000 | Z7: =IF(SUMIFS(合格品入货记录!$G:$G,合格品入货记录!$E:$E,日报!$E:$E,合格品入货记录!$A:$A,日报!Z$3)<>0,SUMIFS(合格品入货记录!$G:$G,合格品入货记录!$E:$E,日报!$E:$E,合格品入货记录!$A:$A,日报!Z$3),"") | AA7: =IF(SUMIFS(合格品入货记录!$G:$G,合格品入货记录!$E:$E,日报!$E:$E,合格品入货记录!$A:$A,日报!AA$3)<>0,SUMIFS(合格品入货记录!$G:$G,合格品入货记录!$E:$E,日报!$E:$E,合格品入货记录!$A:$A,日报!AA$3),"") | ... AU7: =IF(SUMIFS(合格品入货记录!$G:$G,合格品入货记录!$E:$E,日报!$E:$E,合格品入货记录!$A:$A,日报!AU$3)<>0,SUMIFS(合格品入货记录!$G:$G,合格品入货记录!$E:$E,日报!$E:$E,合格品入货记录!$A:$A,日报!AU$3),"") | AY7: =IF(SUMIFS(合格品出库记录!$G:$G,合格品出库记录!$E:$E,日报!$E:$E,合格品出库记录!$A:$A,日报!AY$3)<>0,SUMIFS(合格品出库记录!$G:$G,合格品出库记录!$E:$E,日报!$E:$E,合格品出库记录!$A:$A,日报!AY$3),"") | AZ7: =IF(SUMIFS(合格品出库记录!$G:$G,合格品出库记录!$E:$E,日报!$E:$E,合格品出库记录!$A:$A,日报!AZ$3)<>0,SUMIFS(合格品出库记录!$G:$G,合格品出库记录!$E:$E,日报!$E:$E,合格品出库记录!$A:$A,日报!AZ$3),"") | BA7: =IF(SUMIFS(合格品出库记录!$G:$G,合格品出库记录!$E:$E,日报!$E:$E,合格品出库记录!$A:$A,日报!BA$3)<>0,SUMIFS(合格品出库记录!$G:$G,合格品出库记录!$E:$E,日报!$E:$E,合格品出库记录!$A:$A,日报!BA$3),"") | BB7: =IF(SUMIFS(合格品出库记录!$G:$G,合格品出库记录!$E:$E,日报!$E:$E,合格品出库记录!$A:$A,日报!BB$3)<>0,SUMIFS(合格品出库记录!$G:$G,合格品出库记录!$E:$E,日报!$E:$E,合格品出库记录!$A:$A,日报!BB$3),"") | BC7: =IF(SUMIFS(合格品出库记录!$G:$G,合格品出库记录!$E:$E,日报!$E:$E,合格品出库记录!$A:$A,日报!BC$3)<>0,SUMIFS(合格品出库记录!$G:$G,合格品出库记录!$E:$E,日报!$E:$E,合格品出库记录!$A:$A,日报!BC$3),"") | BD7: =IF(SUMIFS(合格品出库记录!$G:$G,合格品出库记录!$E:$E,日报!$E:$E,合格品出库记录!$A:$A,日报!BD$3)<>0,SUMIFS(合格品出库记录!$G:$G,合格品出库记录!$E:$E,日报!$E:$E,合格品出库记录!$A:$A,日报!BD$3),"") -> 3000 | BE7: =IF(SUMIFS(合格品出库记录!$G:$G,合格品出库记录!$E:$E,日报!$E:$E,合格品出库记录!$A:$A,日报!BE$3)<>0,SUMIFS(合格品出库记录!$G:$G,合格品出库记录!$E:$E,日报!$E:$E,合格品出库记录!$A:$A,日报!BE$3),"") | BF7: =IF(SUMIFS(合格品出库记录!$G:$G,合格品出库记录!$E:$E,日报!$E:$E,合格品出库记录!$A:$A,日报!BF$3)<>0,SUMIFS(合格品出库记录!$G:$G,合格品出库记录!$E:$E,日报!$E:$E,合格品出库记录!$A:$A,日报!BF$3),"") | ... CC7: =IF(SUMIFS(合格品出库记录!$G:$G,合格品出库记录!$E:$E,日报!$E:$E,合格品出库记录!$A:$A,日报!CC$3)<>0,SUMIFS(合格品出库记录!$G:$G,合格品出库记录!$E:$E,日报!$E:$E,合格品出库记录!$A:$A,日报!CC$3),"")
A8: =ROW()-3 -> 5 | B8: =IFERROR(VLOOKUP(基础数据!B7,基础数据!B:B,1,0),"") -> 1AZ | C8: =IFERROR(VLOOKUP(基础数据!C7,基础数据!C:C,1,0),"") -> 芜湖博康机电股份有限公司 | E8: =IFERROR(VLOOKUP(基础数据!E7,基础数据!E:E,1,0),"") -> 3.2.50.30.00842-000 | F8: =IFERROR(VLOOKUP(基础数据!F7,基础数据!F:F,1,0),"") -> A12-菊花链线束 | G8: 1500 | H8: =IFERROR(VLOOKUP(基础数据!H7,基础数据!H:H,1,0),"") -> 料盒 | I8: 4500 | J8: 0 | K8: =SUMIF(合格品入货记录!E:E,日报!E8,合格品入货记录!G:G) -> 9000 | L8: =SUMIF(合格品出库记录!E:E,日报!E8,合格品出库记录!G:G) -> 13500 | M8: =SUMIF(零跑退回!D:D,日报!E:E,零跑退回!F:F) -> 0 | N8: =SUMIF(库内不良!D:D,E:E,库内不良!F:F) -> 0 | O8: =SUMIF(退回供应商!D:D,日报!E:E,退回供应商!F:F) -> 0 | P8: =J8+M8+N8-O8 -> 0 | Q8: =I8+K8-L8-N8 -> 0 | T8: =IF(SUMIFS(合格品入货记录!$G:$G,合格品入货记录!$E:$E,日报!$E:$E,合格品入货记录!$A:$A,日报!T$3)<>0,SUMIFS(合格品入货记录!$G:$G,合格品入货记录!$E:$E,日报!$E:$E,合格品入货记录!$A:$A,日报!T$3),"") | U8: =IF(SUMIFS(合格品入货记录!$G:$G,合格品入货记录!$E:$E,日报!$E:$E,合格品入货记录!$A:$A,日报!U$3)<>0,SUMIFS(合格品入货记录!$G:$G,合格品入货记录!$E:$E,日报!$E:$E,合格品入货记录!$A:$A,日报!U$3),"") | V8: =IF(SUMIFS(合格品入货记录!$G:$G,合格品入货记录!$E:$E,日报!$E:$E,合格品入货记录!$A:$A,日报!V$3)<>0,SUMIFS(合格品入货记录!$G:$G,合格品入货记录!$E:$E,日报!$E:$E,合格品入货记录!$A:$A,日报!V$3),"") | W8: =IF(SUMIFS(合格品入货记录!$G:$G,合格品入货记录!$E:$E,日报!$E:$E,合格品入货记录!$A:$A,日报!W$3)<>0,SUMIFS(合格品入货记录!$G:$G,合格品入货记录!$E:$E,日报!$E:$E,合格品入货记录!$A:$A,日报!W$3),"") | X8: =IF(SUMIFS(合格品入货记录!$G:$G,合格品入货记录!$E:$E,日报!$E:$E,合格品入货记录!$A:$A,日报!X$3)<>0,SUMIFS(合格品入货记录!$G:$G,合格品入货记录!$E:$E,日报!$E:$E,合格品入货记录!$A:$A,日报!X$3),"") | Y8: =IF(SUMIFS(合格品入货记录!$G:$G,合格品入货记录!$E:$E,日报!$E:$E,合格品入货记录!$A:$A,日报!Y$3)<>0,SUMIFS(合格品入货记录!$G:$G,合格品入货记录!$E:$E,日报!$E:$E,合格品入货记录!$A:$A,日报!Y$3),"") -> 4500 | Z8: =IF(SUMIFS(合格品入货记录!$G:$G,合格品入货记录!$E:$E,日报!$E:$E,合格品入货记录!$A:$A,日报!Z$3)<>0,SUMIFS(合格品入货记录!$G:$G,合格品入货记录!$E:$E,日报!$E:$E,合格品入货记录!$A:$A,日报!Z$3),"") | AA8: =IF(SUMIFS(合格品入货记录!$G:$G,合格品入货记录!$E:$E,日报!$E:$E,合格品入货记录!$A:$A,日报!AA$3)<>0,SUMIFS(合格品入货记录!$G:$G,合格品入货记录!$E:$E,日报!$E:$E,合格品入货记录!$A:$A,日报!AA$3),"") | ... AU8: =IF(SUMIFS(合格品入货记录!$G:$G,合格品入货记录!$E:$E,日报!$E:$E,合格品入货记录!$A:$A,日报!AU$3)<>0,SUMIFS(合格品入货记录!$G:$G,合格品入货记录!$E:$E,日报!$E:$E,合格品入货记录!$A:$A,日报!AU$3),"") | AY8: =IF(SUMIFS(合格品出库记录!$G:$G,合格品出库记录!$E:$E,日报!$E:$E,合格品出库记录!$A:$A,日报!AY$3)<>0,SUMIFS(合格品出库记录!$G:$G,合格品出库记录!$E:$E,日报!$E:$E,合格品出库记录!$A:$A,日报!AY$3),"") | AZ8: =IF(SUMIFS(合格品出库记录!$G:$G,合格品出库记录!$E:$E,日报!$E:$E,合格品出库记录!$A:$A,日报!AZ$3)<>0,SUMIFS(合格品出库记录!$G:$G,合格品出库记录!$E:$E,日报!$E:$E,合格品出库记录!$A:$A,日报!AZ$3),"") -> 4500 | BA8: =IF(SUMIFS(合格品出库记录!$G:$G,合格品出库记录!$E:$E,日报!$E:$E,合格品出库记录!$A:$A,日报!BA$3)<>0,SUMIFS(合格品出库记录!$G:$G,合格品出库记录!$E:$E,日报!$E:$E,合格品出库记录!$A:$A,日报!BA$3),"") | BB8: =IF(SUMIFS(合格品出库记录!$G:$G,合格品出库记录!$E:$E,日报!$E:$E,合格品出库记录!$A:$A,日报!BB$3)<>0,SUMIFS(合格品出库记录!$G:$G,合格品出库记录!$E:$E,日报!$E:$E,合格品出库记录!$A:$A,日报!BB$3),"") | BC8: =IF(SUMIFS(合格品出库记录!$G:$G,合格品出库记录!$E:$E,日报!$E:$E,合格品出库记录!$A:$A,日报!BC$3)<>0,SUMIFS(合格品出库记录!$G:$G,合格品出库记录!$E:$E,日报!$E:$E,合格品出库记录!$A:$A,日报!BC$3),"") | BD8: =IF(SUMIFS(合格品出库记录!$G:$G,合格品出库记录!$E:$E,日报!$E:$E,合格品出库记录!$A:$A,日报!BD$3)<>0,SUMIFS(合格品出库记录!$G:$G,合格品出库记录!$E:$E,日报!$E:$E,合格品出库记录!$A:$A,日报!BD$3),"") -> 4500 | BE8: =IF(SUMIFS(合格品出库记录!$G:$G,合格品出库记录!$E:$E,日报!$E:$E,合格品出库记录!$A:$A,日报!BE$3)<>0,SUMIFS(合格品出库记录!$G:$G,合格品出库记录!$E:$E,日报!$E:$E,合格品出库记录!$A:$A,日报!BE$3),"") | BF8: =IF(SUMIFS(合格品出库记录!$G:$G,合格品出库记录!$E:$E,日报!$E:$E,合格品出库记录!$A:$A,日报!BF$3)<>0,SUMIFS(合格品出库记录!$G:$G,合格品出库记录!$E:$E,日报!$E:$E,合格品出库记录!$A:$A,日报!BF$3),"") | ... CC8: =IF(SUMIFS(合格品出库记录!$G:$G,合格品出库记录!$E:$E,日报!$E:$E,合格品出库记录!$A:$A,日报!CC$3)<>0,SUMIFS(合格品出库记录!$G:$G,合格品出库记录!$E:$E,日报!$E:$E,合格品出库记录!$A:$A,日报!CC$3),"")
A9: =ROW()-3 -> 6 | B9: =IFERROR(VLOOKUP(基础数据!B8,基础数据!B:B,1,0),"") -> 1AZ | C9: =IFERROR(VLOOKUP(基础数据!C8,基础数据!C:C,1,0),"") -> 芜湖博康机电股份有限公司 | E9: =IFERROR(VLOOKUP(基础数据!E8,基础数据!E:E,1,0),"") -> 3.2.50.30.02116-000 | F9: =IFERROR(VLOOKUP(基础数据!F8,基础数据!F:F,1,0),"") -> A12EV10-通讯-水温-互锁集成线束-500 | G9: =IFERROR(VLOOKUP(基础数据!G8,基础数据!G:G,1,0),"") -> 30 | H9: =IFERROR(VLOOKUP(基础数据!H8,基础数据!H:H,1,0),"") -> 料盒 | I9: 2520 | J9: 0 | K9: =SUMIF(合格品入货记录!E:E,日报!E9,合格品入货记录!G:G) -> 1500 | L9: =SUMIF(合格品出库记录!E:E,日报!E9,合格品出库记录!G:G) -> 4020 | M9: =SUMIF(零跑退回!D:D,日报!E:E,零跑退回!F:F) -> 0 | N9: =SUMIF(库内不良!D:D,E:E,库内不良!F:F) -> 0 | O9: =SUMIF(退回供应商!D:D,日报!E:E,退回供应商!F:F) -> 0 | P9: =J9+M9+N9-O9 -> 0 | Q9: =I9+K9-L9-N9 -> 0 | T9: =IF(SUMIFS(合格品入货记录!$G:$G,合格品入货记录!$E:$E,日报!$E:$E,合格品入货记录!$A:$A,日报!T$3)<>0,SUMIFS(合格品入货记录!$G:$G,合格品入货记录!$E:$E,日报!$E:$E,合格品入货记录!$A:$A,日报!T$3),"") | U9: =IF(SUMIFS(合格品入货记录!$G:$G,合格品入货记录!$E:$E,日报!$E:$E,合格品入货记录!$A:$A,日报!U$3)<>0,SUMIFS(合格品入货记录!$G:$G,合格品入货记录!$E:$E,日报!$E:$E,合格品入货记录!$A:$A,日报!U$3),"") | V9: =IF(SUMIFS(合格品入货记录!$G:$G,合格品入货记录!$E:$E,日报!$E:$E,合格品入货记录!$A:$A,日报!V$3)<>0,SUMIFS(合格品入货记录!$G:$G,合格品入货记录!$E:$E,日报!$E:$E,合格品入货记录!$A:$A,日报!V$3),"") | W9: =IF(SUMIFS(合格品入货记录!$G:$G,合格品入货记录!$E:$E,日报!$E:$E,合格品入货记录!$A:$A,日报!W$3)<>0,SUMIFS(合格品入货记录!$G:$G,合格品入货记录!$E:$E,日报!$E:$E,合格品入货记录!$A:$A,日报!W$3),"") | X9: =IF(SUMIFS(合格品入货记录!$G:$G,合格品入货记录!$E:$E,日报!$E:$E,合格品入货记录!$A:$A,日报!X$3)<>0,SUMIFS(合格品入货记录!$G:$G,合格品入货记录!$E:$E,日报!$E:$E,合格品入货记录!$A:$A,日报!X$3),"") | Y9: =IF(SUMIFS(合格品入货记录!$G:$G,合格品入货记录!$E:$E,日报!$E:$E,合格品入货记录!$A:$A,日报!Y$3)<>0,SUMIFS(合格品入货记录!$G:$G,合格品入货记录!$E:$E,日报!$E:$E,合格品入货记录!$A:$A,日报!Y$3),"") -> 1500 | Z9: =IF(SUMIFS(合格品入货记录!$G:$G,合格品入货记录!$E:$E,日报!$E:$E,合格品入货记录!$A:$A,日报!Z$3)<>0,SUMIFS(合格品入货记录!$G:$G,合格品入货记录!$E:$E,日报!$E:$E,合格品入货记录!$A:$A,日报!Z$3),"") | AA9: =IF(SUMIFS(合格品入货记录!$G:$G,合格品入货记录!$E:$E,日报!$E:$E,合格品入货记录!$A:$A,日报!AA$3)<>0,SUMIFS(合格品入货记录!$G:$G,合格品入货记录!$E:$E,日报!$E:$E,合格品入货记录!$A:$A,日报!AA$3),"") | ... AU9: =IF(SUMIFS(合格品入货记录!$G:$G,合格品入货记录!$E:$E,日报!$E:$E,合格品入货记录!$A:$A,日报!AU$3)<>0,SUMIFS(合格品入货记录!$G:$G,合格品入货记录!$E:$E,日报!$E:$E,合格品入货记录!$A:$A,日报!AU$3),"") | AY9: =IF(SUMIFS(合格品出库记录!$G:$G,合格品出库记录!$E:$E,日报!$E:$E,合格品出库记录!$A:$A,日报!AY$3)<>0,SUMIFS(合格品出库记录!$G:$G,合格品出库记录!$E:$E,日报!$E:$E,合格品出库记录!$A:$A,日报!AY$3),"") | AZ9: =IF(SUMIFS(合格品出库记录!$G:$G,合格品出库记录!$E:$E,日报!$E:$E,合格品出库记录!$A:$A,日报!AZ$3)<>0,SUMIFS(合格品出库记录!$G:$G,合格品出库记录!$E:$E,日报!$E:$E,合格品出库记录!$A:$A,日报!AZ$3),"") | BA9: =IF(SUMIFS(合格品出库记录!$G:$G,合格品出库记录!$E:$E,日报!$E:$E,合格品出库记录!$A:$A,日报!BA$3)<>0,SUMIFS(合格品出库记录!$G:$G,合格品出库记录!$E:$E,日报!$E:$E,合格品出库记录!$A:$A,日报!BA$3),"") | BB9: =IF(SUMIFS(合格品出库记录!$G:$G,合格品出库记录!$E:$E,日报!$E:$E,合格品出库记录!$A:$A,日报!BB$3)<>0,SUMIFS(合格品出库记录!$G:$G,合格品出库记录!$E:$E,日报!$E:$E,合格品出库记录!$A:$A,日报!BB$3),"") | BC9: =IF(SUMIFS(合格品出库记录!$G:$G,合格品出库记录!$E:$E,日报!$E:$E,合格品出库记录!$A:$A,日报!BC$3)<>0,SUMIFS(合格品出库记录!$G:$G,合格品出库记录!$E:$E,日报!$E:$E,合格品出库记录!$A:$A,日报!BC$3),"") -> 2520 | BD9: =IF(SUMIFS(合格品出库记录!$G:$G,合格品出库记录!$E:$E,日报!$E:$E,合格品出库记录!$A:$A,日报!BD$3)<>0,SUMIFS(合格品出库记录!$G:$G,合格品出库记录!$E:$E,日报!$E:$E,合格品出库记录!$A:$A,日报!BD$3),"") | BE9: =IF(SUMIFS(合格品出库记录!$G:$G,合格品出库记录!$E:$E,日报!$E:$E,合格品出库记录!$A:$A,日报!BE$3)<>0,SUMIFS(合格品出库记录!$G:$G,合格品出库记录!$E:$E,日报!$E:$E,合格品出库记录!$A:$A,日报!BE$3),"") | BF9: =IF(SUMIFS(合格品出库记录!$G:$G,合格品出库记录!$E:$E,日报!$E:$E,合格品出库记录!$A:$A,日报!BF$3)<>0,SUMIFS(合格品出库记录!$G:$G,合格品出库记录!$E:$E,日报!$E:$E,合格品出库记录!$A:$A,日报!BF$3),"") -> 1500 | ... CC9: =IF(SUMIFS(合格品出库记录!$G:$G,合格品出库记录!$E:$E,日报!$E:$E,合格品出库记录!$A:$A,日报!CC$3)<>0,SUMIFS(合格品出库记录!$G:$G,合格品出库记录!$E:$E,日报!$E:$E,合格品出库记录!$A:$A,日报!CC$3),"")
A10: =ROW()-3 -> 7 | B10: =IFERROR(VLOOKUP(基础数据!B9,基础数据!B:B,1,0),"") -> 1AZ | C10: =IFERROR(VLOOKUP(基础数据!C9,基础数据!C:C,1,0),"") -> 芜湖博康机电股份有限公司 | E10: =IFERROR(VLOOKUP(基础数据!E9,基础数据!E:E,1,0),"") -> 3.2.50.30.02118-000 | F10: =IFERROR(VLOOKUP(基础数据!F9,基础数据!F:F,1,0),"") -> A12EV10-BDU-采样集成线束 | G10: =IFERROR(VLOOKUP(基础数据!G9,基础数据!G:G,1,0),"") -> 50 | H10: =IFERROR(VLOOKUP(基础数据!H9,基础数据!H:H,1,0),"") -> 料盒 | I10: 1500 | J10: 0 | K10: =SUMIF(合格品入货记录!E:E,日报!E10,合格品入货记录!G:G) -> 3000 | L10: =SUMIF(合格品出库记录!E:E,日报!E10,合格品出库记录!G:G) -> 4500 | M10: =SUMIF(零跑退回!D:D,日报!E:E,零跑退回!F:F) -> 0 | N10: =SUMIF(库内不良!D:D,E:E,库内不良!F:F) -> 0 | O10: =SUMIF(退回供应商!D:D,日报!E:E,退回供应商!F:F) -> 0 | P10: =J10+M10+N10-O10 -> 0 | Q10: =I10+K10-L10-N10 -> 0 | T10: =IF(SUMIFS(合格品入货记录!$G:$G,合格品入货记录!$E:$E,日报!$E:$E,合格品入货记录!$A:$A,日报!T$3)<>0,SUMIFS(合格品入货记录!$G:$G,合格品入货记录!$E:$E,日报!$E:$E,合格品入货记录!$A:$A,日报!T$3),"") | U10: =IF(SUMIFS(合格品入货记录!$G:$G,合格品入货记录!$E:$E,日报!$E:$E,合格品入货记录!$A:$A,日报!U$3)<>0,SUMIFS(合格品入货记录!$G:$G,合格品入货记录!$E:$E,日报!$E:$E,合格品入货记录!$A:$A,日报!U$3),"") | V10: =IF(SUMIFS(合格品入货记录!$G:$G,合格品入货记录!$E:$E,日报!$E:$E,合格品入货记录!$A:$A,日报!V$3)<>0,SUMIFS(合格品入货记录!$G:$G,合格品入货记录!$E:$E,日报!$E:$E,合格品入货记录!$A:$A,日报!V$3),"") | W10: =IF(SUMIFS(合格品入货记录!$G:$G,合格品入货记录!$E:$E,日报!$E:$E,合格品入货记录!$A:$A,日报!W$3)<>0,SUMIFS(合格品入货记录!$G:$G,合格品入货记录!$E:$E,日报!$E:$E,合格品入货记录!$A:$A,日报!W$3),"") | X10: =IF(SUMIFS(合格品入货记录!$G:$G,合格品入货记录!$E:$E,日报!$E:$E,合格品入货记录!$A:$A,日报!X$3)<>0,SUMIFS(合格品入货记录!$G:$G,合格品入货记录!$E:$E,日报!$E:$E,合格品入货记录!$A:$A,日报!X$3),"") | Y10: =IF(SUMIFS(合格品入货记录!$G:$G,合格品入货记录!$E:$E,日报!$E:$E,合格品入货记录!$A:$A,日报!Y$3)<>0,SUMIFS(合格品入货记录!$G:$G,合格品入货记录!$E:$E,日报!$E:$E,合格品入货记录!$A:$A,日报!Y$3),"") -> 1500 | Z10: =IF(SUMIFS(合格品入货记录!$G:$G,合格品入货记录!$E:$E,日报!$E:$E,合格品入货记录!$A:$A,日报!Z$3)<>0,SUMIFS(合格品入货记录!$G:$G,合格品入货记录!$E:$E,日报!$E:$E,合格品入货记录!$A:$A,日报!Z$3),"") | AA10: =IF(SUMIFS(合格品入货记录!$G:$G,合格品入货记录!$E:$E,日报!$E:$E,合格品入货记录!$A:$A,日报!AA$3)<>0,SUMIFS(合格品入货记录!$G:$G,合格品入货记录!$E:$E,日报!$E:$E,合格品入货记录!$A:$A,日报!AA$3),"") | ... AU10: =IF(SUMIFS(合格品入货记录!$G:$G,合格品入货记录!$E:$E,日报!$E:$E,合格品入货记录!$A:$A,日报!AU$3)<>0,SUMIFS(合格品入货记录!$G:$G,合格品入货记录!$E:$E,日报!$E:$E,合格品入货记录!$A:$A,日报!AU$3),"") | AY10: =IF(SUMIFS(合格品出库记录!$G:$G,合格品出库记录!$E:$E,日报!$E:$E,合格品出库记录!$A:$A,日报!AY$3)<>0,SUMIFS(合格品出库记录!$G:$G,合格品出库记录!$E:$E,日报!$E:$E,合格品出库记录!$A:$A,日报!AY$3),"") | AZ10: =IF(SUMIFS(合格品出库记录!$G:$G,合格品出库记录!$E:$E,日报!$E:$E,合格品出库记录!$A:$A,日报!AZ$3)<>0,SUMIFS(合格品出库记录!$G:$G,合格品出库记录!$E:$E,日报!$E:$E,合格品出库记录!$A:$A,日报!AZ$3),"") | BA10: =IF(SUMIFS(合格品出库记录!$G:$G,合格品出库记录!$E:$E,日报!$E:$E,合格品出库记录!$A:$A,日报!BA$3)<>0,SUMIFS(合格品出库记录!$G:$G,合格品出库记录!$E:$E,日报!$E:$E,合格品出库记录!$A:$A,日报!BA$3),"") | BB10: =IF(SUMIFS(合格品出库记录!$G:$G,合格品出库记录!$E:$E,日报!$E:$E,合格品出库记录!$A:$A,日报!BB$3)<>0,SUMIFS(合格品出库记录!$G:$G,合格品出库记录!$E:$E,日报!$E:$E,合格品出库记录!$A:$A,日报!BB$3),"") | BC10: =IF(SUMIFS(合格品出库记录!$G:$G,合格品出库记录!$E:$E,日报!$E:$E,合格品出库记录!$A:$A,日报!BC$3)<>0,SUMIFS(合格品出库记录!$G:$G,合格品出库记录!$E:$E,日报!$E:$E,合格品出库记录!$A:$A,日报!BC$3),"") -> 1500 | BD10: =IF(SUMIFS(合格品出库记录!$G:$G,合格品出库记录!$E:$E,日报!$E:$E,合格品出库记录!$A:$A,日报!BD$3)<>0,SUMIFS(合格品出库记录!$G:$G,合格品出库记录!$E:$E,日报!$E:$E,合格品出库记录!$A:$A,日报!BD$3),"") | BE10: =IF(SUMIFS(合格品出库记录!$G:$G,合格品出库记录!$E:$E,日报!$E:$E,合格品出库记录!$A:$A,日报!BE$3)<>0,SUMIFS(合格品出库记录!$G:$G,合格品出库记录!$E:$E,日报!$E:$E,合格品出库记录!$A:$A,日报!BE$3),"") | BF10: =IF(SUMIFS(合格品出库记录!$G:$G,合格品出库记录!$E:$E,日报!$E:$E,合格品出库记录!$A:$A,日报!BF$3)<>0,SUMIFS(合格品出库记录!$G:$G,合格品出库记录!$E:$E,日报!$E:$E,合格品出库记录!$A:$A,日报!BF$3),"") -> 1500 | ... CC10: =IF(SUMIFS(合格品出库记录!$G:$G,合格品出库记录!$E:$E,日报!$E:$E,合格品出库记录!$A:$A,日报!CC$3)<>0,SUMIFS(合格品出库记录!$G:$G,合格品出库记录!$E:$E,日报!$E:$E,合格品出库记录!$A:$A,日报!CC$3),"")
A11: =ROW()-3 -> 8 | B11: =IFERROR(VLOOKUP(基础数据!B10,基础数据!B:B,1,0),"") -> 1AZ | C11: =IFERROR(VLOOKUP(基础数据!C10,基础数据!C:C,1,0),"") -> 芜湖博康机电股份有限公司 | E11: =IFERROR(VLOOKUP(基础数据!E10,基础数据!E:E,1,0),"") -> 3.2.50.30.00596-000 | F11: =IFERROR(VLOOKUP(基础数据!F10,基础数据!F:F,1,0),"") -> CTC_高压插座线束 | G11: =IFERROR(VLOOKUP(基础数据!G10,基础数据!G:G,1,0),"") -> 70 | H11: =IFERROR(VLOOKUP(基础数据!H10,基础数据!H:H,1,0),"") -> 料盒 | I11: 1190 | J11: 0 | K11: =SUMIF(合格品入货记录!E:E,日报!E11,合格品入货记录!G:G) -> 1400 | L11: =SUMIF(合格品出库记录!E:E,日报!E11,合格品出库记录!G:G) -> 0 | M11: =SUMIF(零跑退回!D:D,日报!E:E,零跑退回!F:F) -> 0 | N11: =SUMIF(库内不良!D:D,E:E,库内不良!F:F) -> 0 | O11: =SUMIF(退回供应商!D:D,日报!E:E,退回供应商!F:F) -> 0 | P11: =J11+M11+N11-O11 -> 0 | Q11: =I11+K11-L11-N11 -> 2590 | T11: =IF(SUMIFS(合格品入货记录!$G:$G,合格品入货记录!$E:$E,日报!$E:$E,合格品入货记录!$A:$A,日报!T$3)<>0,SUMIFS(合格品入货记录!$G:$G,合格品入货记录!$E:$E,日报!$E:$E,合格品入货记录!$A:$A,日报!T$3),"") | U11: =IF(SUMIFS(合格品入货记录!$G:$G,合格品入货记录!$E:$E,日报!$E:$E,合格品入货记录!$A:$A,日报!U$3)<>0,SUMIFS(合格品入货记录!$G:$G,合格品入货记录!$E:$E,日报!$E:$E,合格品入货记录!$A:$A,日报!U$3),"") | V11: =IF(SUMIFS(合格品入货记录!$G:$G,合格品入货记录!$E:$E,日报!$E:$E,合格品入货记录!$A:$A,日报!V$3)<>0,SUMIFS(合格品入货记录!$G:$G,合格品入货记录!$E:$E,日报!$E:$E,合格品入货记录!$A:$A,日报!V$3),"") | W11: =IF(SUMIFS(合格品入货记录!$G:$G,合格品入货记录!$E:$E,日报!$E:$E,合格品入货记录!$A:$A,日报!W$3)<>0,SUMIFS(合格品入货记录!$G:$G,合格品入货记录!$E:$E,日报!$E:$E,合格品入货记录!$A:$A,日报!W$3),"") | X11: =IF(SUMIFS(合格品入货记录!$G:$G,合格品入货记录!$E:$E,日报!$E:$E,合格品入货记录!$A:$A,日报!X$3)<>0,SUMIFS(合格品入货记录!$G:$G,合格品入货记录!$E:$E,日报!$E:$E,合格品入货记录!$A:$A,日报!X$3),"") | Y11: =IF(SUMIFS(合格品入货记录!$G:$G,合格品入货记录!$E:$E,日报!$E:$E,合格品入货记录!$A:$A,日报!Y$3)<>0,SUMIFS(合格品入货记录!$G:$G,合格品入货记录!$E:$E,日报!$E:$E,合格品入货记录!$A:$A,日报!Y$3),"") -> 1400 | Z11: =IF(SUMIFS(合格品入货记录!$G:$G,合格品入货记录!$E:$E,日报!$E:$E,合格品入货记录!$A:$A,日报!Z$3)<>0,SUMIFS(合格品入货记录!$G:$G,合格品入货记录!$E:$E,日报!$E:$E,合格品入货记录!$A:$A,日报!Z$3),"") | AA11: =IF(SUMIFS(合格品入货记录!$G:$G,合格品入货记录!$E:$E,日报!$E:$E,合格品入货记录!$A:$A,日报!AA$3)<>0,SUMIFS(合格品入货记录!$G:$G,合格品入货记录!$E:$E,日报!$E:$E,合格品入货记录!$A:$A,日报!AA$3),"") | ... AU11: =IF(SUMIFS(合格品入货记录!$G:$G,合格品入货记录!$E:$E,日报!$E:$E,合格品入货记录!$A:$A,日报!AU$3)<>0,SUMIFS(合格品入货记录!$G:$G,合格品入货记录!$E:$E,日报!$E:$E,合格品入货记录!$A:$A,日报!AU$3),"") | AY11: =IF(SUMIFS(合格品出库记录!$G:$G,合格品出库记录!$E:$E,日报!$E:$E,合格品出库记录!$A:$A,日报!AY$3)<>0,SUMIFS(合格品出库记录!$G:$G,合格品出库记录!$E:$E,日报!$E:$E,合格品出库记录!$A:$A,日报!AY$3),"") | AZ11: =IF(SUMIFS(合格品出库记录!$G:$G,合格品出库记录!$E:$E,日报!$E:$E,合格品出库记录!$A:$A,日报!AZ$3)<>0,SUMIFS(合格品出库记录!$G:$G,合格品出库记录!$E:$E,日报!$E:$E,合格品出库记录!$A:$A,日报!AZ$3),"") | BA11: =IF(SUMIFS(合格品出库记录!$G:$G,合格品出库记录!$E:$E,日报!$E:$E,合格品出库记录!$A:$A,日报!BA$3)<>0,SUMIFS(合格品出库记录!$G:$G,合格品出库记录!$E:$E,日报!$E:$E,合格品出库记录!$A:$A,日报!BA$3),"") | BB11: =IF(SUMIFS(合格品出库记录!$G:$G,合格品出库记录!$E:$E,日报!$E:$E,合格品出库记录!$A:$A,日报!BB$3)<>0,SUMIFS(合格品出库记录!$G:$G,合格品出库记录!$E:$E,日报!$E:$E,合格品出库记录!$A:$A,日报!BB$3),"") | BC11: =IF(SUMIFS(合格品出库记录!$G:$G,合格品出库记录!$E:$E,日报!$E:$E,合格品出库记录!$A:$A,日报!BC$3)<>0,SUMIFS(合格品出库记录!$G:$G,合格品出库记录!$E:$E,日报!$E:$E,合格品出库记录!$A:$A,日报!BC$3),"") | BD11: =IF(SUMIFS(合格品出库记录!$G:$G,合格品出库记录!$E:$E,日报!$E:$E,合格品出库记录!$A:$A,日报!BD$3)<>0,SUMIFS(合格品出库记录!$G:$G,合格品出库记录!$E:$E,日报!$E:$E,合格品出库记录!$A:$A,日报!BD$3),"") | BE11: =IF(SUMIFS(合格品出库记录!$G:$G,合格品出库记录!$E:$E,日报!$E:$E,合格品出库记录!$A:$A,日报!BE$3)<>0,SUMIFS(合格品出库记录!$G:$G,合格品出库记录!$E:$E,日报!$E:$E,合格品出库记录!$A:$A,日报!BE$3),"") | BF11: =IF(SUMIFS(合格品出库记录!$G:$G,合格品出库记录!$E:$E,日报!$E:$E,合格品出库记录!$A:$A,日报!BF$3)<>0,SUMIFS(合格品出库记录!$G:$G,合格品出库记录!$E:$E,日报!$E:$E,合格品出库记录!$A:$A,日报!BF$3),"") | ... CC11: =IF(SUMIFS(合格品出库记录!$G:$G,合格品出库记录!$E:$E,日报!$E:$E,合格品出库记录!$A:$A,日报!CC$3)<>0,SUMIFS(合格品出库记录!$G:$G,合格品出库记录!$E:$E,日报!$E:$E,合格品出库记录!$A:$A,日报!CC$3),"")
A12: =ROW()-3 -> 9 | B12: =IFERROR(VLOOKUP(基础数据!B11,基础数据!B:B,1,0),"") -> 1AZ | C12: =IFERROR(VLOOKUP(基础数据!C11,基础数据!C:C,1,0),"") -> 芜湖博康机电股份有限公司 | E12: =IFERROR(VLOOKUP(基础数据!E11,基础数据!E:E,1,0),"") -> 3.2.50.30.01656-000 | F12: =IFERROR(VLOOKUP(基础数据!F11,基础数据!F:F,1,0),"") -> LXC11EV1A-水温-互锁集成线束 | G12: =IFERROR(VLOOKUP(基础数据!G11,基础数据!G:G,1,0),"") -> 15 | H12: =IFERROR(VLOOKUP(基础数据!H11,基础数据!H:H,1,0),"") -> 料盒 | I12: 0 | J12: 0 | K12: =SUMIF(合格品入货记录!E:E,日报!E12,合格品入货记录!G:G) -> 0 | L12: =SUMIF(合格品出库记录!E:E,日报!E12,合格品出库记录!G:G) -> 0 | M12: =SUMIF(零跑退回!D:D,日报!E:E,零跑退回!F:F) -> 0 | N12: =SUMIF(库内不良!D:D,E:E,库内不良!F:F) -> 0 | O12: =SUMIF(退回供应商!D:D,日报!E:E,退回供应商!F:F) -> 0 | P12: =J12+M12+N12-O12 -> 0 | Q12: =I12+K12-L12-N12 -> 0 | T12: =IF(SUMIFS(合格品入货记录!$G:$G,合格品入货记录!$E:$E,日报!$E:$E,合格品入货记录!$A:$A,日报!T$3)<>0,SUMIFS(合格品入货记录!$G:$G,合格品入货记录!$E:$E,日报!$E:$E,合格品入货记录!$A:$A,日报!T$3),"") | U12: =IF(SUMIFS(合格品入货记录!$G:$G,合格品入货记录!$E:$E,日报!$E:$E,合格品入货记录!$A:$A,日报!U$3)<>0,SUMIFS(合格品入货记录!$G:$G,合格品入货记录!$E:$E,日报!$E:$E,合格品入货记录!$A:$A,日报!U$3),"") | V12: =IF(SUMIFS(合格品入货记录!$G:$G,合格品入货记录!$E:$E,日报!$E:$E,合格品入货记录!$A:$A,日报!V$3)<>0,SUMIFS(合格品入货记录!$G:$G,合格品入货记录!$E:$E,日报!$E:$E,合格品入货记录!$A:$A,日报!V$3),"") | W12: =IF(SUMIFS(合格品入货记录!$G:$G,合格品入货记录!$E:$E,日报!$E:$E,合格品入货记录!$A:$A,日报!W$3)<>0,SUMIFS(合格品入货记录!$G:$G,合格品入货记录!$E:$E,日报!$E:$E,合格品入货记录!$A:$A,日报!W$3),"") | X12: =IF(SUMIFS(合格品入货记录!$G:$G,合格品入货记录!$E:$E,日报!$E:$E,合格品入货记录!$A:$A,日报!X$3)<>0,SUMIFS(合格品入货记录!$G:$G,合格品入货记录!$E:$E,日报!$E:$E,合格品入货记录!$A:$A,日报!X$3),"") | Y12: =IF(SUMIFS(合格品入货记录!$G:$G,合格品入货记录!$E:$E,日报!$E:$E,合格品入货记录!$A:$A,日报!Y$3)<>0,SUMIFS(合格品入货记录!$G:$G,合格品入货记录!$E:$E,日报!$E:$E,合格品入货记录!$A:$A,日报!Y$3),"") | Z12: =IF(SUMIFS(合格品入货记录!$G:$G,合格品入货记录!$E:$E,日报!$E:$E,合格品入货记录!$A:$A,日报!Z$3)<>0,SUMIFS(合格品入货记录!$G:$G,合格品入货记录!$E:$E,日报!$E:$E,合格品入货记录!$A:$A,日报!Z$3),"") | AA12: =IF(SUMIFS(合格品入货记录!$G:$G,合格品入货记录!$E:$E,日报!$E:$E,合格品入货记录!$A:$A,日报!AA$3)<>0,SUMIFS(合格品入货记录!$G:$G,合格品入货记录!$E:$E,日报!$E:$E,合格品入货记录!$A:$A,日报!AA$3),"") | ... AU12: =IF(SUMIFS(合格品入货记录!$G:$G,合格品入货记录!$E:$E,日报!$E:$E,合格品入货记录!$A:$A,日报!AU$3)<>0,SUMIFS(合格品入货记录!$G:$G,合格品入货记录!$E:$E,日报!$E:$E,合格品入货记录!$A:$A,日报!AU$3),"") | AY12: =IF(SUMIFS(合格品出库记录!$G:$G,合格品出库记录!$E:$E,日报!$E:$E,合格品出库记录!$A:$A,日报!AY$3)<>0,SUMIFS(合格品出库记录!$G:$G,合格品出库记录!$E:$E,日报!$E:$E,合格品出库记录!$A:$A,日报!AY$3),"") | AZ12: =IF(SUMIFS(合格品出库记录!$G:$G,合格品出库记录!$E:$E,日报!$E:$E,合格品出库记录!$A:$A,日报!AZ$3)<>0,SUMIFS(合格品出库记录!$G:$G,合格品出库记录!$E:$E,日报!$E:$E,合格品出库记录!$A:$A,日报!AZ$3),"") | BA12: =IF(SUMIFS(合格品出库记录!$G:$G,合格品出库记录!$E:$E,日报!$E:$E,合格品出库记录!$A:$A,日报!BA$3)<>0,SUMIFS(合格品出库记录!$G:$G,合格品出库记录!$E:$E,日报!$E:$E,合格品出库记录!$A:$A,日报!BA$3),"") | BB12: =IF(SUMIFS(合格品出库记录!$G:$G,合格品出库记录!$E:$E,日报!$E:$E,合格品出库记录!$A:$A,日报!BB$3)<>0,SUMIFS(合格品出库记录!$G:$G,合格品出库记录!$E:$E,日报!$E:$E,合格品出库记录!$A:$A,日报!BB$3),"") | BC12: =IF(SUMIFS(合格品出库记录!$G:$G,合格品出库记录!$E:$E,日报!$E:$E,合格品出库记录!$A:$A,日报!BC$3)<>0,SUMIFS(合格品出库记录!$G:$G,合格品出库记录!$E:$E,日报!$E:$E,合格品出库记录!$A:$A,日报!BC$3),"") | BD12: =IF(SUMIFS(合格品出库记录!$G:$G,合格品出库记录!$E:$E,日报!$E:$E,合格品出库记录!$A:$A,日报!BD$3)<>0,SUMIFS(合格品出库记录!$G:$G,合格品出库记录!$E:$E,日报!$E:$E,合格品出库记录!$A:$A,日报!BD$3),"") | BE12: =IF(SUMIFS(合格品出库记录!$G:$G,合格品出库记录!$E:$E,日报!$E:$E,合格品出库记录!$A:$A,日报!BE$3)<>0,SUMIFS(合格品出库记录!$G:$G,合格品出库记录!$E:$E,日报!$E:$E,合格品出库记录!$A:$A,日报!BE$3),"") | BF12: =IF(SUMIFS(合格品出库记录!$G:$G,合格品出库记录!$E:$E,日报!$E:$E,合格品出库记录!$A:$A,日报!BF$3)<>0,SUMIFS(合格品出库记录!$G:$G,合格品出库记录!$E:$E,日报!$E:$E,合格品出库记录!$A:$A,日报!BF$3),"") | ... CC12: =IF(SUMIFS(合格品出库记录!$G:$G,合格品出库记录!$E:$E,日报!$E:$E,合格品出库记录!$A:$A,日报!CC$3)<>0,SUMIFS(合格品出库记录!$G:$G,合格品出库记录!$E:$E,日报!$E:$E,合格品出库记录!$A:$A,日报!CC$3),"")
A13: =ROW()-3 -> 10 | B13: =IFERROR(VLOOKUP(基础数据!B12,基础数据!B:B,1,0),"") -> 1AZ | C13: =IFERROR(VLOOKUP(基础数据!C12,基础数据!C:C,1,0),"") -> 芜湖博康机电股份有限公司 | E13: =IFERROR(VLOOKUP(基础数据!E12,基础数据!E:E,1,0),"") -> 3.2.50.30.01657-000 | F13: =IFERROR(VLOOKUP(基础数据!F12,基础数据!F:F,1,0),"") -> LXC11EV1A-高压支路线束 | G13: =IFERROR(VLOOKUP(基础数据!G12,基础数据!G:G,1,0),"") -> 20 | H13: =IFERROR(VLOOKUP(基础数据!H12,基础数据!H:H,1,0),"") -> 料盒 | I13: 0 | J13: 0 | K13: =SUMIF(合格品入货记录!E:E,日报!E13,合格品入货记录!G:G) -> 0 | L13: =SUMIF(合格品出库记录!E:E,日报!E13,合格品出库记录!G:G) -> 0 | M13: =SUMIF(零跑退回!D:D,日报!E:E,零跑退回!F:F) -> 0 | N13: =SUMIF(库内不良!D:D,E:E,库内不良!F:F) -> 0 | O13: =SUMIF(退回供应商!D:D,日报!E:E,退回供应商!F:F) -> 0 | P13: =J13+M13+N13-O13 -> 0 | Q13: =I13+K13-L13-N13 -> 0 | T13: =IF(SUMIFS(合格品入货记录!$G:$G,合格品入货记录!$E:$E,日报!$E:$E,合格品入货记录!$A:$A,日报!T$3)<>0,SUMIFS(合格品入货记录!$G:$G,合格品入货记录!$E:$E,日报!$E:$E,合格品入货记录!$A:$A,日报!T$3),"") | U13: =IF(SUMIFS(合格品入货记录!$G:$G,合格品入货记录!$E:$E,日报!$E:$E,合格品入货记录!$A:$A,日报!U$3)<>0,SUMIFS(合格品入货记录!$G:$G,合格品入货记录!$E:$E,日报!$E:$E,合格品入货记录!$A:$A,日报!U$3),"") | V13: =IF(SUMIFS(合格品入货记录!$G:$G,合格品入货记录!$E:$E,日报!$E:$E,合格品入货记录!$A:$A,日报!V$3)<>0,SUMIFS(合格品入货记录!$G:$G,合格品入货记录!$E:$E,日报!$E:$E,合格品入货记录!$A:$A,日报!V$3),"") | W13: =IF(SUMIFS(合格品入货记录!$G:$G,合格品入货记录!$E:$E,日报!$E:$E,合格品入货记录!$A:$A,日报!W$3)<>0,SUMIFS(合格品入货记录!$G:$G,合格品入货记录!$E:$E,日报!$E:$E,合格品入货记录!$A:$A,日报!W$3),"") | X13: =IF(SUMIFS(合格品入货记录!$G:$G,合格品入货记录!$E:$E,日报!$E:$E,合格品入货记录!$A:$A,日报!X$3)<>0,SUMIFS(合格品入货记录!$G:$G,合格品入货记录!$E:$E,日报!$E:$E,合格品入货记录!$A:$A,日报!X$3),"") | Y13: =IF(SUMIFS(合格品入货记录!$G:$G,合格品入货记录!$E:$E,日报!$E:$E,合格品入货记录!$A:$A,日报!Y$3)<>0,SUMIFS(合格品入货记录!$G:$G,合格品入货记录!$E:$E,日报!$E:$E,合格品入货记录!$A:$A,日报!Y$3),"") | Z13: =IF(SUMIFS(合格品入货记录!$G:$G,合格品入货记录!$E:$E,日报!$E:$E,合格品入货记录!$A:$A,日报!Z$3)<>0,SUMIFS(合格品入货记录!$G:$G,合格品入货记录!$E:$E,日报!$E:$E,合格品入货记录!$A:$A,日报!Z$3),"") | AA13: =IF(SUMIFS(合格品入货记录!$G:$G,合格品入货记录!$E:$E,日报!$E:$E,合格品入货记录!$A:$A,日报!AA$3)<>0,SUMIFS(合格品入货记录!$G:$G,合格品入货记录!$E:$E,日报!$E:$E,合格品入货记录!$A:$A,日报!AA$3),"") | ... AU13: =IF(SUMIFS(合格品入货记录!$G:$G,合格品入货记录!$E:$E,日报!$E:$E,合格品入货记录!$A:$A,日报!AU$3)<>0,SUMIFS(合格品入货记录!$G:$G,合格品入货记录!$E:$E,日报!$E:$E,合格品入货记录!$A:$A,日报!AU$3),"") | AY13: =IF(SUMIFS(合格品出库记录!$G:$G,合格品出库记录!$E:$E,日报!$E:$E,合格品出库记录!$A:$A,日报!AY$3)<>0,SUMIFS(合格品出库记录!$G:$G,合格品出库记录!$E:$E,日报!$E:$E,合格品出库记录!$A:$A,日报!AY$3),"") | AZ13: =IF(SUMIFS(合格品出库记录!$G:$G,合格品出库记录!$E:$E,日报!$E:$E,合格品出库记录!$A:$A,日报!AZ$3)<>0,SUMIFS(合格品出库记录!$G:$G,合格品出库记录!$E:$E,日报!$E:$E,合格品出库记录!$A:$A,日报!AZ$3),"") | BA13: =IF(SUMIFS(合格品出库记录!$G:$G,合格品出库记录!$E:$E,日报!$E:$E,合格品出库记录!$A:$A,日报!BA$3)<>0,SUMIFS(合格品出库记录!$G:$G,合格品出库记录!$E:$E,日报!$E:$E,合格品出库记录!$A:$A,日报!BA$3),"") | BB13: =IF(SUMIFS(合格品出库记录!$G:$G,合格品出库记录!$E:$E,日报!$E:$E,合格品出库记录!$A:$A,日报!BB$3)<>0,SUMIFS(合格品出库记录!$G:$G,合格品出库记录!$E:$E,日报!$E:$E,合格品出库记录!$A:$A,日报!BB$3),"") | BC13: =IF(SUMIFS(合格品出库记录!$G:$G,合格品出库记录!$E:$E,日报!$E:$E,合格品出库记录!$A:$A,日报!BC$3)<>0,SUMIFS(合格品出库记录!$G:$G,合格品出库记录!$E:$E,日报!$E:$E,合格品出库记录!$A:$A,日报!BC$3),"") | BD13: =IF(SUMIFS(合格品出库记录!$G:$G,合格品出库记录!$E:$E,日报!$E:$E,合格品出库记录!$A:$A,日报!BD$3)<>0,SUMIFS(合格品出库记录!$G:$G,合格品出库记录!$E:$E,日报!$E:$E,合格品出库记录!$A:$A,日报!BD$3),"") | BE13: =IF(SUMIFS(合格品出库记录!$G:$G,合格品出库记录!$E:$E,日报!$E:$E,合格品出库记录!$A:$A,日报!BE$3)<>0,SUMIFS(合格品出库记录!$G:$G,合格品出库记录!$E:$E,日报!$E:$E,合格品出库记录!$A:$A,日报!BE$3),"") | BF13: =IF(SUMIFS(合格品出库记录!$G:$G,合格品出库记录!$E:$E,日报!$E:$E,合格品出库记录!$A:$A,日报!BF$3)<>0,SUMIFS(合格品出库记录!$G:$G,合格品出库记录!$E:$E,日报!$E:$E,合格品出库记录!$A:$A,日报!BF$3),"") | ... CC13: =IF(SUMIFS(合格品出库记录!$G:$G,合格品出库记录!$E:$E,日报!$E:$E,合格品出库记录!$A:$A,日报!CC$3)<>0,SUMIFS(合格品出库记录!$G:$G,合格品出库记录!$E:$E,日报!$E:$E,合格品出库记录!$A:$A,日报!CC$3),"")
A14: =ROW()-3 -> 11 | B14: =IFERROR(VLOOKUP(基础数据!B13,基础数据!B:B,1,0),"") -> 1AZ | C14: =IFERROR(VLOOKUP(基础数据!C13,基础数据!C:C,1,0),"") -> 芜湖博康机电股份有限公司 | E14: =IFERROR(VLOOKUP(基础数据!E13,基础数据!E:E,1,0),"") -> 3.2.50.30.01661-000 | F14: =IFERROR(VLOOKUP(基础数据!F13,基础数据!F:F,1,0),"") -> LXC11EV1A-BDU内部线束 | G14: =IFERROR(VLOOKUP(基础数据!G13,基础数据!G:G,1,0),"") -> 50 | H14: =IFERROR(VLOOKUP(基础数据!H13,基础数据!H:H,1,0),"") -> 料盒 | I14: 0 | J14: 0 | K14: =SUMIF(合格品入货记录!E:E,日报!E14,合格品入货记录!G:G) -> 0 | L14: =SUMIF(合格品出库记录!E:E,日报!E14,合格品出库记录!G:G) -> 0 | M14: =SUMIF(零跑退回!D:D,日报!E:E,零跑退回!F:F) -> 0 | N14: =SUMIF(库内不良!D:D,E:E,库内不良!F:F) -> 0 | O14: =SUMIF(退回供应商!D:D,日报!E:E,退回供应商!F:F) -> 0 | P14: =J14+M14+N14-O14 -> 0 | Q14: =I14+K14-L14-N14 -> 0 | T14: =IF(SUMIFS(合格品入货记录!$G:$G,合格品入货记录!$E:$E,日报!$E:$E,合格品入货记录!$A:$A,日报!T$3)<>0,SUMIFS(合格品入货记录!$G:$G,合格品入货记录!$E:$E,日报!$E:$E,合格品入货记录!$A:$A,日报!T$3),"") | U14: =IF(SUMIFS(合格品入货记录!$G:$G,合格品入货记录!$E:$E,日报!$E:$E,合格品入货记录!$A:$A,日报!U$3)<>0,SUMIFS(合格品入货记录!$G:$G,合格品入货记录!$E:$E,日报!$E:$E,合格品入货记录!$A:$A,日报!U$3),"") | V14: =IF(SUMIFS(合格品入货记录!$G:$G,合格品入货记录!$E:$E,日报!$E:$E,合格品入货记录!$A:$A,日报!V$3)<>0,SUMIFS(合格品入货记录!$G:$G,合格品入货记录!$E:$E,日报!$E:$E,合格品入货记录!$A:$A,日报!V$3),"") | W14: =IF(SUMIFS(合格品入货记录!$G:$G,合格品入货记录!$E:$E,日报!$E:$E,合格品入货记录!$A:$A,日报!W$3)<>0,SUMIFS(合格品入货记录!$G:$G,合格品入货记录!$E:$E,日报!$E:$E,合格品入货记录!$A:$A,日报!W$3),"") | X14: =IF(SUMIFS(合格品入货记录!$G:$G,合格品入货记录!$E:$E,日报!$E:$E,合格品入货记录!$A:$A,日报!X$3)<>0,SUMIFS(合格品入货记录!$G:$G,合格品入货记录!$E:$E,日报!$E:$E,合格品入货记录!$A:$A,日报!X$3),"") | Y14: =IF(SUMIFS(合格品入货记录!$G:$G,合格品入货记录!$E:$E,日报!$E:$E,合格品入货记录!$A:$A,日报!Y$3)<>0,SUMIFS(合格品入货记录!$G:$G,合格品入货记录!$E:$E,日报!$E:$E,合格品入货记录!$A:$A,日报!Y$3),"") | Z14: =IF(SUMIFS(合格品入货记录!$G:$G,合格品入货记录!$E:$E,日报!$E:$E,合格品入货记录!$A:$A,日报!Z$3)<>0,SUMIFS(合格品入货记录!$G:$G,合格品入货记录!$E:$E,日报!$E:$E,合格品入货记录!$A:$A,日报!Z$3),"") | AA14: =IF(SUMIFS(合格品入货记录!$G:$G,合格品入货记录!$E:$E,日报!$E:$E,合格品入货记录!$A:$A,日报!AA$3)<>0,SUMIFS(合格品入货记录!$G:$G,合格品入货记录!$E:$E,日报!$E:$E,合格品入货记录!$A:$A,日报!AA$3),"") | ... AU14: =IF(SUMIFS(合格品入货记录!$G:$G,合格品入货记录!$E:$E,日报!$E:$E,合格品入货记录!$A:$A,日报!AU$3)<>0,SUMIFS(合格品入货记录!$G:$G,合格品入货记录!$E:$E,日报!$E:$E,合格品入货记录!$A:$A,日报!AU$3),"") | AY14: =IF(SUMIFS(合格品出库记录!$G:$G,合格品出库记录!$E:$E,日报!$E:$E,合格品出库记录!$A:$A,日报!AY$3)<>0,SUMIFS(合格品出库记录!$G:$G,合格品出库记录!$E:$E,日报!$E:$E,合格品出库记录!$A:$A,日报!AY$3),"") | AZ14: =IF(SUMIFS(合格品出库记录!$G:$G,合格品出库记录!$E:$E,日报!$E:$E,合格品出库记录!$A:$A,日报!AZ$3)<>0,SUMIFS(合格品出库记录!$G:$G,合格品出库记录!$E:$E,日报!$E:$E,合格品出库记录!$A:$A,日报!AZ$3),"") | BA14: =IF(SUMIFS(合格品出库记录!$G:$G,合格品出库记录!$E:$E,日报!$E:$E,合格品出库记录!$A:$A,日报!BA$3)<>0,SUMIFS(合格品出库记录!$G:$G,合格品出库记录!$E:$E,日报!$E:$E,合格品出库记录!$A:$A,日报!BA$3),"") | BB14: =IF(SUMIFS(合格品出库记录!$G:$G,合格品出库记录!$E:$E,日报!$E:$E,合格品出库记录!$A:$A,日报!BB$3)<>0,SUMIFS(合格品出库记录!$G:$G,合格品出库记录!$E:$E,日报!$E:$E,合格品出库记录!$A:$A,日报!BB$3),"") | BC14: =IF(SUMIFS(合格品出库记录!$G:$G,合格品出库记录!$E:$E,日报!$E:$E,合格品出库记录!$A:$A,日报!BC$3)<>0,SUMIFS(合格品出库记录!$G:$G,合格品出库记录!$E:$E,日报!$E:$E,合格品出库记录!$A:$A,日报!BC$3),"") | BD14: =IF(SUMIFS(合格品出库记录!$G:$G,合格品出库记录!$E:$E,日报!$E:$E,合格品出库记录!$A:$A,日报!BD$3)<>0,SUMIFS(合格品出库记录!$G:$G,合格品出库记录!$E:$E,日报!$E:$E,合格品出库记录!$A:$A,日报!BD$3),"") | BE14: =IF(SUMIFS(合格品出库记录!$G:$G,合格品出库记录!$E:$E,日报!$E:$E,合格品出库记录!$A:$A,日报!BE$3)<>0,SUMIFS(合格品出库记录!$G:$G,合格品出库记录!$E:$E,日报!$E:$E,合格品出库记录!$A:$A,日报!BE$3),"") | BF14: =IF(SUMIFS(合格品出库记录!$G:$G,合格品出库记录!$E:$E,日报!$E:$E,合格品出库记录!$A:$A,日报!BF$3)<>0,SUMIFS(合格品出库记录!$G:$G,合格品出库记录!$E:$E,日报!$E:$E,合格品出库记录!$A:$A,日报!BF$3),"") | ... CC14: =IF(SUMIFS(合格品出库记录!$G:$G,合格品出库记录!$E:$E,日报!$E:$E,合格品出库记录!$A:$A,日报!CC$3)<>0,SUMIFS(合格品出库记录!$G:$G,合格品出库记录!$E:$E,日报!$E:$E,合格品出库记录!$A:$A,日报!CC$3),"")
A15: =ROW()-3 -> 12 | B15: =IFERROR(VLOOKUP(基础数据!B14,基础数据!B:B,1,0),"") -> 1AZ | C15: =IFERROR(VLOOKUP(基础数据!C14,基础数据!C:C,1,0),"") -> 芜湖博康机电股份有限公司 | E15: =IFERROR(VLOOKUP(基础数据!E14,基础数据!E:E,1,0),"") -> 3.2.50.30.01625-000 | F15: =IFERROR(VLOOKUP(基础数据!F14,基础数据!F:F,1,0),"") -> LXC11EV1A-快充高压插座线束 | G15: =IFERROR(VLOOKUP(基础数据!G14,基础数据!G:G,1,0),"") -> 48 | H15: =IFERROR(VLOOKUP(基础数据!H14,基础数据!H:H,1,0),"") -> 料盒 | I15: 0 | J15: 0 | K15: =SUMIF(合格品入货记录!E:E,日报!E15,合格品入货记录!G:G) -> 0 | L15: =SUMIF(合格品出库记录!E:E,日报!E15,合格品出库记录!G:G) -> 0 | M15: =SUMIF(零跑退回!D:D,日报!E:E,零跑退回!F:F) -> 0 | N15: =SUMIF(库内不良!D:D,E:E,库内不良!F:F) -> 0 | O15: =SUMIF(退回供应商!D:D,日报!E:E,退回供应商!F:F) -> 0 | P15: =J15+M15+N15-O15 -> 0 | Q15: =I15+K15-L15-N15 -> 0 | T15: =IF(SUMIFS(合格品入货记录!$G:$G,合格品入货记录!$E:$E,日报!$E:$E,合格品入货记录!$A:$A,日报!T$3)<>0,SUMIFS(合格品入货记录!$G:$G,合格品入货记录!$E:$E,日报!$E:$E,合格品入货记录!$A:$A,日报!T$3),"") | U15: =IF(SUMIFS(合格品入货记录!$G:$G,合格品入货记录!$E:$E,日报!$E:$E,合格品入货记录!$A:$A,日报!U$3)<>0,SUMIFS(合格品入货记录!$G:$G,合格品入货记录!$E:$E,日报!$E:$E,合格品入货记录!$A:$A,日报!U$3),"") | V15: =IF(SUMIFS(合格品入货记录!$G:$G,合格品入货记录!$E:$E,日报!$E:$E,合格品入货记录!$A:$A,日报!V$3)<>0,SUMIFS(合格品入货记录!$G:$G,合格品入货记录!$E:$E,日报!$E:$E,合格品入货记录!$A:$A,日报!V$3),"") | W15: =IF(SUMIFS(合格品入货记录!$G:$G,合格品入货记录!$E:$E,日报!$E:$E,合格品入货记录!$A:$A,日报!W$3)<>0,SUMIFS(合格品入货记录!$G:$G,合格品入货记录!$E:$E,日报!$E:$E,合格品入货记录!$A:$A,日报!W$3),"") | X15: =IF(SUMIFS(合格品入货记录!$G:$G,合格品入货记录!$E:$E,日报!$E:$E,合格品入货记录!$A:$A,日报!X$3)<>0,SUMIFS(合格品入货记录!$G:$G,合格品入货记录!$E:$E,日报!$E:$E,合格品入货记录!$A:$A,日报!X$3),"") | Y15: =IF(SUMIFS(合格品入货记录!$G:$G,合格品入货记录!$E:$E,日报!$E:$E,合格品入货记录!$A:$A,日报!Y$3)<>0,SUMIFS(合格品入货记录!$G:$G,合格品入货记录!$E:$E,日报!$E:$E,合格品入货记录!$A:$A,日报!Y$3),"") | Z15: =IF(SUMIFS(合格品入货记录!$G:$G,合格品入货记录!$E:$E,日报!$E:$E,合格品入货记录!$A:$A,日报!Z$3)<>0,SUMIFS(合格品入货记录!$G:$G,合格品入货记录!$E:$E,日报!$E:$E,合格品入货记录!$A:$A,日报!Z$3),"") | AA15: =IF(SUMIFS(合格品入货记录!$G:$G,合格品入货记录!$E:$E,日报!$E:$E,合格品入货记录!$A:$A,日报!AA$3)<>0,SUMIFS(合格品入货记录!$G:$G,合格品入货记录!$E:$E,日报!$E:$E,合格品入货记录!$A:$A,日报!AA$3),"") | ... AU15: =IF(SUMIFS(合格品入货记录!$G:$G,合格品入货记录!$E:$E,日报!$E:$E,合格品入货记录!$A:$A,日报!AU$3)<>0,SUMIFS(合格品入货记录!$G:$G,合格品入货记录!$E:$E,日报!$E:$E,合格品入货记录!$A:$A,日报!AU$3),"") | AY15: =IF(SUMIFS(合格品出库记录!$G:$G,合格品出库记录!$E:$E,日报!$E:$E,合格品出库记录!$A:$A,日报!AY$3)<>0,SUMIFS(合格品出库记录!$G:$G,合格品出库记录!$E:$E,日报!$E:$E,合格品出库记录!$A:$A,日报!AY$3),"") | AZ15: =IF(SUMIFS(合格品出库记录!$G:$G,合格品出库记录!$E:$E,日报!$E:$E,合格品出库记录!$A:$A,日报!AZ$3)<>0,SUMIFS(合格品出库记录!$G:$G,合格品出库记录!$E:$E,日报!$E:$E,合格品出库记录!$A:$A,日报!AZ$3),"") | BA15: =IF(SUMIFS(合格品出库记录!$G:$G,合格品出库记录!$E:$E,日报!$E:$E,合格品出库记录!$A:$A,日报!BA$3)<>0,SUMIFS(合格品出库记录!$G:$G,合格品出库记录!$E:$E,日报!$E:$E,合格品出库记录!$A:$A,日报!BA$3),"") | BB15: =IF(SUMIFS(合格品出库记录!$G:$G,合格品出库记录!$E:$E,日报!$E:$E,合格品出库记录!$A:$A,日报!BB$3)<>0,SUMIFS(合格品出库记录!$G:$G,合格品出库记录!$E:$E,日报!$E:$E,合格品出库记录!$A:$A,日报!BB$3),"") | BC15: =IF(SUMIFS(合格品出库记录!$G:$G,合格品出库记录!$E:$E,日报!$E:$E,合格品出库记录!$A:$A,日报!BC$3)<>0,SUMIFS(合格品出库记录!$G:$G,合格品出库记录!$E:$E,日报!$E:$E,合格品出库记录!$A:$A,日报!BC$3),"") | BD15: =IF(SUMIFS(合格品出库记录!$G:$G,合格品出库记录!$E:$E,日报!$E:$E,合格品出库记录!$A:$A,日报!BD$3)<>0,SUMIFS(合格品出库记录!$G:$G,合格品出库记录!$E:$E,日报!$E:$E,合格品出库记录!$A:$A,日报!BD$3),"") | BE15: =IF(SUMIFS(合格品出库记录!$G:$G,合格品出库记录!$E:$E,日报!$E:$E,合格品出库记录!$A:$A,日报!BE$3)<>0,SUMIFS(合格品出库记录!$G:$G,合格品出库记录!$E:$E,日报!$E:$E,合格品出库记录!$A:$A,日报!BE$3),"") | BF15: =IF(SUMIFS(合格品出库记录!$G:$G,合格品出库记录!$E:$E,日报!$E:$E,合格品出库记录!$A:$A,日报!BF$3)<>0,SUMIFS(合格品出库记录!$G:$G,合格品出库记录!$E:$E,日报!$E:$E,合格品出库记录!$A:$A,日报!BF$3),"") | ... CC15: =IF(SUMIFS(合格品出库记录!$G:$G,合格品出库记录!$E:$E,日报!$E:$E,合格品出库记录!$A:$A,日报!CC$3)<>0,SUMIFS(合格品出库记录!$G:$G,合格品出库记录!$E:$E,日报!$E:$E,合格品出库记录!$A:$A,日报!CC$3),"")
A16: =ROW()-3 -> 13 | B16: =IFERROR(VLOOKUP(基础数据!B15,基础数据!B:B,1,0),"") -> 1AZ | C16: =IFERROR(VLOOKUP(基础数据!C15,基础数据!C:C,1,0),"") -> 芜湖博康机电股份有限公司 | E16: =IFERROR(VLOOKUP(基础数据!E15,基础数据!E:E,1,0),"") -> 3.2.50.30.01626-000 | F16: =IFERROR(VLOOKUP(基础数据!F15,基础数据!F:F,1,0),"") -> LXC11EV1A-电机口高压插座线束 | G16: =IFERROR(VLOOKUP(基础数据!G15,基础数据!G:G,1,0),"") -> 70 | H16: =IFERROR(VLOOKUP(基础数据!H15,基础数据!H:H,1,0),"") -> 料盒 | I16: 0 | J16: 0 | K16: =SUMIF(合格品入货记录!E:E,日报!E16,合格品入货记录!G:G) -> 0 | L16: =SUMIF(合格品出库记录!E:E,日报!E16,合格品出库记录!G:G) -> 0 | M16: =SUMIF(零跑退回!D:D,日报!E:E,零跑退回!F:F) -> 0 | N16: =SUMIF(库内不良!D:D,E:E,库内不良!F:F) -> 0 | O16: =SUMIF(退回供应商!D:D,日报!E:E,退回供应商!F:F) -> 0 | P16: =J16+M16+N16-O16 -> 0 | Q16: =I16+K16-L16-N16 -> 0 | T16: =IF(SUMIFS(合格品入货记录!$G:$G,合格品入货记录!$E:$E,日报!$E:$E,合格品入货记录!$A:$A,日报!T$3)<>0,SUMIFS(合格品入货记录!$G:$G,合格品入货记录!$E:$E,日报!$E:$E,合格品入货记录!$A:$A,日报!T$3),"") | U16: =IF(SUMIFS(合格品入货记录!$G:$G,合格品入货记录!$E:$E,日报!$E:$E,合格品入货记录!$A:$A,日报!U$3)<>0,SUMIFS(合格品入货记录!$G:$G,合格品入货记录!$E:$E,日报!$E:$E,合格品入货记录!$A:$A,日报!U$3),"") | V16: =IF(SUMIFS(合格品入货记录!$G:$G,合格品入货记录!$E:$E,日报!$E:$E,合格品入货记录!$A:$A,日报!V$3)<>0,SUMIFS(合格品入货记录!$G:$G,合格品入货记录!$E:$E,日报!$E:$E,合格品入货记录!$A:$A,日报!V$3),"") | W16: =IF(SUMIFS(合格品入货记录!$G:$G,合格品入货记录!$E:$E,日报!$E:$E,合格品入货记录!$A:$A,日报!W$3)<>0,SUMIFS(合格品入货记录!$G:$G,合格品入货记录!$E:$E,日报!$E:$E,合格品入货记录!$A:$A,日报!W$3),"") | X16: =IF(SUMIFS(合格品入货记录!$G:$G,合格品入货记录!$E:$E,日报!$E:$E,合格品入货记录!$A:$A,日报!X$3)<>0,SUMIFS(合格品入货记录!$G:$G,合格品入货记录!$E:$E,日报!$E:$E,合格品入货记录!$A:$A,日报!X$3),"") | Y16: =IF(SUMIFS(合格品入货记录!$G:$G,合格品入货记录!$E:$E,日报!$E:$E,合格品入货记录!$A:$A,日报!Y$3)<>0,SUMIFS(合格品入货记录!$G:$G,合格品入货记录!$E:$E,日报!$E:$E,合格品入货记录!$A:$A,日报!Y$3),"") | Z16: =IF(SUMIFS(合格品入货记录!$G:$G,合格品入货记录!$E:$E,日报!$E:$E,合格品入货记录!$A:$A,日报!Z$3)<>0,SUMIFS(合格品入货记录!$G:$G,合格品入货记录!$E:$E,日报!$E:$E,合格品入货记录!$A:$A,日报!Z$3),"") | AA16: =IF(SUMIFS(合格品入货记录!$G:$G,合格品入货记录!$E:$E,日报!$E:$E,合格品入货记录!$A:$A,日报!AA$3)<>0,SUMIFS(合格品入货记录!$G:$G,合格品入货记录!$E:$E,日报!$E:$E,合格品入货记录!$A:$A,日报!AA$3),"") | ... AU16: =IF(SUMIFS(合格品入货记录!$G:$G,合格品入货记录!$E:$E,日报!$E:$E,合格品入货记录!$A:$A,日报!AU$3)<>0,SUMIFS(合格品入货记录!$G:$G,合格品入货记录!$E:$E,日报!$E:$E,合格品入货记录!$A:$A,日报!AU$3),"") | AY16: =IF(SUMIFS(合格品出库记录!$G:$G,合格品出库记录!$E:$E,日报!$E:$E,合格品出库记录!$A:$A,日报!AY$3)<>0,SUMIFS(合格品出库记录!$G:$G,合格品出库记录!$E:$E,日报!$E:$E,合格品出库记录!$A:$A,日报!AY$3),"") | AZ16: =IF(SUMIFS(合格品出库记录!$G:$G,合格品出库记录!$E:$E,日报!$E:$E,合格品出库记录!$A:$A,日报!AZ$3)<>0,SUMIFS(合格品出库记录!$G:$G,合格品出库记录!$E:$E,日报!$E:$E,合格品出库记录!$A:$A,日报!AZ$3),"") | BA16: =IF(SUMIFS(合格品出库记录!$G:$G,合格品出库记录!$E:$E,日报!$E:$E,合格品出库记录!$A:$A,日报!BA$3)<>0,SUMIFS(合格品出库记录!$G:$G,合格品出库记录!$E:$E,日报!$E:$E,合格品出库记录!$A:$A,日报!BA$3),"") | BB16: =IF(SUMIFS(合格品出库记录!$G:$G,合格品出库记录!$E:$E,日报!$E:$E,合格品出库记录!$A:$A,日报!BB$3)<>0,SUMIFS(合格品出库记录!$G:$G,合格品出库记录!$E:$E,日报!$E:$E,合格品出库记录!$A:$A,日报!BB$3),"") | BC16: =IF(SUMIFS(合格品出库记录!$G:$G,合格品出库记录!$E:$E,日报!$E:$E,合格品出库记录!$A:$A,日报!BC$3)<>0,SUMIFS(合格品出库记录!$G:$G,合格品出库记录!$E:$E,日报!$E:$E,合格品出库记录!$A:$A,日报!BC$3),"") | BD16: =IF(SUMIFS(合格品出库记录!$G:$G,合格品出库记录!$E:$E,日报!$E:$E,合格品出库记录!$A:$A,日报!BD$3)<>0,SUMIFS(合格品出库记录!$G:$G,合格品出库记录!$E:$E,日报!$E:$E,合格品出库记录!$A:$A,日报!BD$3),"") | BE16: =IF(SUMIFS(合格品出库记录!$G:$G,合格品出库记录!$E:$E,日报!$E:$E,合格品出库记录!$A:$A,日报!BE$3)<>0,SUMIFS(合格品出库记录!$G:$G,合格品出库记录!$E:$E,日报!$E:$E,合格品出库记录!$A:$A,日报!BE$3),"") | BF16: =IF(SUMIFS(合格品出库记录!$G:$G,合格品出库记录!$E:$E,日报!$E:$E,合格品出库记录!$A:$A,日报!BF$3)<>0,SUMIFS(合格品出库记录!$G:$G,合格品出库记录!$E:$E,日报!$E:$E,合格品出库记录!$A:$A,日报!BF$3),"") | ... CC16: =IF(SUMIFS(合格品出库记录!$G:$G,合格品出库记录!$E:$E,日报!$E:$E,合格品出库记录!$A:$A,日报!CC$3)<>0,SUMIFS(合格品出库记录!$G:$G,合格品出库记录!$E:$E,日报!$E:$E,合格品出库记录!$A:$A,日报!CC$3),"")
A17: =ROW()-3 -> 14 | B17: =IFERROR(VLOOKUP(基础数据!B16,基础数据!B:B,1,0),"") -> 1AZ | C17: =IFERROR(VLOOKUP(基础数据!C16,基础数据!C:C,1,0),"") -> 芜湖博康机电股份有限公司 | E17: =IFERROR(VLOOKUP(基础数据!E16,基础数据!E:E,1,0),"") -> 3.1.02.30.00776 | F17: LX00148-CCS总成 | G17: =IFERROR(VLOOKUP(基础数据!G16,基础数据!G:G,1,0),"") -> 12 | H17: =IFERROR(VLOOKUP(基础数据!H16,基础数据!H:H,1,0),"") -> 纸箱 | I17: 3996 | J17: 0 | K17: =SUMIF(合格品入货记录!E:E,日报!E17,合格品入货记录!G:G) -> 8100 | L17: =SUMIF(合格品出库记录!E:E,日报!E17,合格品出库记录!G:G) -> 9996 | M17: =SUMIF(零跑退回!D:D,日报!E:E,零跑退回!F:F) -> 0 | N17: =SUMIF(库内不良!D:D,E:E,库内不良!F:F) -> 0 | O17: =SUMIF(退回供应商!D:D,日报!E:E,退回供应商!F:F) -> 0 | P17: =J17+M17+N17-O17 -> 0 | Q17: =I17+K17-L17-N17 -> 2100 | T17: =IF(SUMIFS(合格品入货记录!$G:$G,合格品入货记录!$E:$E,日报!$E:$E,合格品入货记录!$A:$A,日报!T$3)<>0,SUMIFS(合格品入货记录!$G:$G,合格品入货记录!$E:$E,日报!$E:$E,合格品入货记录!$A:$A,日报!T$3),"") | U17: =IF(SUMIFS(合格品入货记录!$G:$G,合格品入货记录!$E:$E,日报!$E:$E,合格品入货记录!$A:$A,日报!U$3)<>0,SUMIFS(合格品入货记录!$G:$G,合格品入货记录!$E:$E,日报!$E:$E,合格品入货记录!$A:$A,日报!U$3),"") -> 900 | V17: =IF(SUMIFS(合格品入货记录!$G:$G,合格品入货记录!$E:$E,日报!$E:$E,合格品入货记录!$A:$A,日报!V$3)<>0,SUMIFS(合格品入货记录!$G:$G,合格品入货记录!$E:$E,日报!$E:$E,合格品入货记录!$A:$A,日报!V$3),"") | W17: =IF(SUMIFS(合格品入货记录!$G:$G,合格品入货记录!$E:$E,日报!$E:$E,合格品入货记录!$A:$A,日报!W$3)<>0,SUMIFS(合格品入货记录!$G:$G,合格品入货记录!$E:$E,日报!$E:$E,合格品入货记录!$A:$A,日报!W$3),"") | X17: =IF(SUMIFS(合格品入货记录!$G:$G,合格品入货记录!$E:$E,日报!$E:$E,合格品入货记录!$A:$A,日报!X$3)<>0,SUMIFS(合格品入货记录!$G:$G,合格品入货记录!$E:$E,日报!$E:$E,合格品入货记录!$A:$A,日报!X$3),"") -> 600 | Y17: =IF(SUMIFS(合格品入货记录!$G:$G,合格品入货记录!$E:$E,日报!$E:$E,合格品入货记录!$A:$A,日报!Y$3)<>0,SUMIFS(合格品入货记录!$G:$G,合格品入货记录!$E:$E,日报!$E:$E,合格品入货记录!$A:$A,日报!Y$3),"") -> 600 | Z17: =IF(SUMIFS(合格品入货记录!$G:$G,合格品入货记录!$E:$E,日报!$E:$E,合格品入货记录!$A:$A,日报!Z$3)<>0,SUMIFS(合格品入货记录!$G:$G,合格品入货记录!$E:$E,日报!$E:$E,合格品入货记录!$A:$A,日报!Z$3),"") | AA17: =IF(SUMIFS(合格品入货记录!$G:$G,合格品入货记录!$E:$E,日报!$E:$E,合格品入货记录!$A:$A,日报!AA$3)<>0,SUMIFS(合格品入货记录!$G:$G,合格品入货记录!$E:$E,日报!$E:$E,合格品入货记录!$A:$A,日报!AA$3),"") -> 3000 | ... AU17: =IF(SUMIFS(合格品入货记录!$G:$G,合格品入货记录!$E:$E,日报!$E:$E,合格品入货记录!$A:$A,日报!AU$3)<>0,SUMIFS(合格品入货记录!$G:$G,合格品入货记录!$E:$E,日报!$E:$E,合格品入货记录!$A:$A,日报!AU$3),"") | AY17: =IF(SUMIFS(合格品出库记录!$G:$G,合格品出库记录!$E:$E,日报!$E:$E,合格品出库记录!$A:$A,日报!AY$3)<>0,SUMIFS(合格品出库记录!$G:$G,合格品出库记录!$E:$E,日报!$E:$E,合格品出库记录!$A:$A,日报!AY$3),"") | AZ17: =IF(SUMIFS(合格品出库记录!$G:$G,合格品出库记录!$E:$E,日报!$E:$E,合格品出库记录!$A:$A,日报!AZ$3)<>0,SUMIFS(合格品出库记录!$G:$G,合格品出库记录!$E:$E,日报!$E:$E,合格品出库记录!$A:$A,日报!AZ$3),"") | BA17: =IF(SUMIFS(合格品出库记录!$G:$G,合格品出库记录!$E:$E,日报!$E:$E,合格品出库记录!$A:$A,日报!BA$3)<>0,SUMIFS(合格品出库记录!$G:$G,合格品出库记录!$E:$E,日报!$E:$E,合格品出库记录!$A:$A,日报!BA$3),"") | BB17: =IF(SUMIFS(合格品出库记录!$G:$G,合格品出库记录!$E:$E,日报!$E:$E,合格品出库记录!$A:$A,日报!BB$3)<>0,SUMIFS(合格品出库记录!$G:$G,合格品出库记录!$E:$E,日报!$E:$E,合格品出库记录!$A:$A,日报!BB$3),"") -> 2076 | BC17: =IF(SUMIFS(合格品出库记录!$G:$G,合格品出库记录!$E:$E,日报!$E:$E,合格品出库记录!$A:$A,日报!BC$3)<>0,SUMIFS(合格品出库记录!$G:$G,合格品出库记录!$E:$E,日报!$E:$E,合格品出库记录!$A:$A,日报!BC$3),"") -> 1200 | BD17: =IF(SUMIFS(合格品出库记录!$G:$G,合格品出库记录!$E:$E,日报!$E:$E,合格品出库记录!$A:$A,日报!BD$3)<>0,SUMIFS(合格品出库记录!$G:$G,合格品出库记录!$E:$E,日报!$E:$E,合格品出库记录!$A:$A,日报!BD$3),"") | BE17: =IF(SUMIFS(合格品出库记录!$G:$G,合格品出库记录!$E:$E,日报!$E:$E,合格品出库记录!$A:$A,日报!BE$3)<>0,SUMIFS(合格品出库记录!$G:$G,合格品出库记录!$E:$E,日报!$E:$E,合格品出库记录!$A:$A,日报!BE$3),"") -> 2040 | BF17: =IF(SUMIFS(合格品出库记录!$G:$G,合格品出库记录!$E:$E,日报!$E:$E,合格品出库记录!$A:$A,日报!BF$3)<>0,SUMIFS(合格品出库记录!$G:$G,合格品出库记录!$E:$E,日报!$E:$E,合格品出库记录!$A:$A,日报!BF$3),"") -> 2040 | ... CC17: =IF(SUMIFS(合格品出库记录!$G:$G,合格品出库记录!$E:$E,日报!$E:$E,合格品出库记录!$A:$A,日报!CC$3)<>0,SUMIFS(合格品出库记录!$G:$G,合格品出库记录!$E:$E,日报!$E:$E,合格品出库记录!$A:$A,日报!CC$3),"")
A18: =ROW()-3 -> 15 | B18: =IFERROR(VLOOKUP(基础数据!B17,基础数据!B:B,1,0),"") -> 1AZ | C18: =IFERROR(VLOOKUP(基础数据!C17,基础数据!C:C,1,0),"") -> 芜湖博康机电股份有限公司 | E18: =IFERROR(VLOOKUP(基础数据!E17,基础数据!E:E,1,0),"") -> 3.2.50.30.01786-000 | F18: =IFERROR(VLOOKUP(基础数据!F17,基础数据!F:F,1,0),"") -> A03HW67.1-通讯集成线束 | G18: =IFERROR(VLOOKUP(基础数据!G17,基础数据!G:G,1,0),"") -> 100 | H18: =IFERROR(VLOOKUP(基础数据!H17,基础数据!H:H,1,0),"") -> 料盒 | I18: 100 | J18: 0 | K18: =SUMIF(合格品入货记录!E:E,日报!E18,合格品入货记录!G:G) -> 400 | L18: =SUMIF(合格品出库记录!E:E,日报!E18,合格品出库记录!G:G) -> 500 | M18: =SUMIF(零跑退回!D:D,日报!E:E,零跑退回!F:F) -> 0 | N18: =SUMIF(库内不良!D:D,E:E,库内不良!F:F) -> 0 | O18: =SUMIF(退回供应商!D:D,日报!E:E,退回供应商!F:F) -> 0 | P18: =J18+M18+N18-O18 -> 0 | Q18: =I18+K18-L18-N18 -> 0 | T18: =IF(SUMIFS(合格品入货记录!$G:$G,合格品入货记录!$E:$E,日报!$E:$E,合格品入货记录!$A:$A,日报!T$3)<>0,SUMIFS(合格品入货记录!$G:$G,合格品入货记录!$E:$E,日报!$E:$E,合格品入货记录!$A:$A,日报!T$3),"") | U18: =IF(SUMIFS(合格品入货记录!$G:$G,合格品入货记录!$E:$E,日报!$E:$E,合格品入货记录!$A:$A,日报!U$3)<>0,SUMIFS(合格品入货记录!$G:$G,合格品入货记录!$E:$E,日报!$E:$E,合格品入货记录!$A:$A,日报!U$3),"") | V18: =IF(SUMIFS(合格品入货记录!$G:$G,合格品入货记录!$E:$E,日报!$E:$E,合格品入货记录!$A:$A,日报!V$3)<>0,SUMIFS(合格品入货记录!$G:$G,合格品入货记录!$E:$E,日报!$E:$E,合格品入货记录!$A:$A,日报!V$3),"") | W18: =IF(SUMIFS(合格品入货记录!$G:$G,合格品入货记录!$E:$E,日报!$E:$E,合格品入货记录!$A:$A,日报!W$3)<>0,SUMIFS(合格品入货记录!$G:$G,合格品入货记录!$E:$E,日报!$E:$E,合格品入货记录!$A:$A,日报!W$3),"") | X18: =IF(SUMIFS(合格品入货记录!$G:$G,合格品入货记录!$E:$E,日报!$E:$E,合格品入货记录!$A:$A,日报!X$3)<>0,SUMIFS(合格品入货记录!$G:$G,合格品入货记录!$E:$E,日报!$E:$E,合格品入货记录!$A:$A,日报!X$3),"") | Y18: =IF(SUMIFS(合格品入货记录!$G:$G,合格品入货记录!$E:$E,日报!$E:$E,合格品入货记录!$A:$A,日报!Y$3)<>0,SUMIFS(合格品入货记录!$G:$G,合格品入货记录!$E:$E,日报!$E:$E,合格品入货记录!$A:$A,日报!Y$3),"") -> 400 | Z18: =IF(SUMIFS(合格品入货记录!$G:$G,合格品入货记录!$E:$E,日报!$E:$E,合格品入货记录!$A:$A,日报!Z$3)<>0,SUMIFS(合格品入货记录!$G:$G,合格品入货记录!$E:$E,日报!$E:$E,合格品入货记录!$A:$A,日报!Z$3),"") | AA18: =IF(SUMIFS(合格品入货记录!$G:$G,合格品入货记录!$E:$E,日报!$E:$E,合格品入货记录!$A:$A,日报!AA$3)<>0,SUMIFS(合格品入货记录!$G:$G,合格品入货记录!$E:$E,日报!$E:$E,合格品入货记录!$A:$A,日报!AA$3),"") | ... AU18: =IF(SUMIFS(合格品入货记录!$G:$G,合格品入货记录!$E:$E,日报!$E:$E,合格品入货记录!$A:$A,日报!AU$3)<>0,SUMIFS(合格品入货记录!$G:$G,合格品入货记录!$E:$E,日报!$E:$E,合格品入货记录!$A:$A,日报!AU$3),"") | AY18: =IF(SUMIFS(合格品出库记录!$G:$G,合格品出库记录!$E:$E,日报!$E:$E,合格品出库记录!$A:$A,日报!AY$3)<>0,SUMIFS(合格品出库记录!$G:$G,合格品出库记录!$E:$E,日报!$E:$E,合格品出库记录!$A:$A,日报!AY$3),"") | AZ18: =IF(SUMIFS(合格品出库记录!$G:$G,合格品出库记录!$E:$E,日报!$E:$E,合格品出库记录!$A:$A,日报!AZ$3)<>0,SUMIFS(合格品出库记录!$G:$G,合格品出库记录!$E:$E,日报!$E:$E,合格品出库记录!$A:$A,日报!AZ$3),"") | BA18: =IF(SUMIFS(合格品出库记录!$G:$G,合格品出库记录!$E:$E,日报!$E:$E,合格品出库记录!$A:$A,日报!BA$3)<>0,SUMIFS(合格品出库记录!$G:$G,合格品出库记录!$E:$E,日报!$E:$E,合格品出库记录!$A:$A,日报!BA$3),"") | BB18: =IF(SUMIFS(合格品出库记录!$G:$G,合格品出库记录!$E:$E,日报!$E:$E,合格品出库记录!$A:$A,日报!BB$3)<>0,SUMIFS(合格品出库记录!$G:$G,合格品出库记录!$E:$E,日报!$E:$E,合格品出库记录!$A:$A,日报!BB$3),"") | BC18: =IF(SUMIFS(合格品出库记录!$G:$G,合格品出库记录!$E:$E,日报!$E:$E,合格品出库记录!$A:$A,日报!BC$3)<>0,SUMIFS(合格品出库记录!$G:$G,合格品出库记录!$E:$E,日报!$E:$E,合格品出库记录!$A:$A,日报!BC$3),"") | BD18: =IF(SUMIFS(合格品出库记录!$G:$G,合格品出库记录!$E:$E,日报!$E:$E,合格品出库记录!$A:$A,日报!BD$3)<>0,SUMIFS(合格品出库记录!$G:$G,合格品出库记录!$E:$E,日报!$E:$E,合格品出库记录!$A:$A,日报!BD$3),"") -> 400 | BE18: =IF(SUMIFS(合格品出库记录!$G:$G,合格品出库记录!$E:$E,日报!$E:$E,合格品出库记录!$A:$A,日报!BE$3)<>0,SUMIFS(合格品出库记录!$G:$G,合格品出库记录!$E:$E,日报!$E:$E,合格品出库记录!$A:$A,日报!BE$3),"") | BF18: =IF(SUMIFS(合格品出库记录!$G:$G,合格品出库记录!$E:$E,日报!$E:$E,合格品出库记录!$A:$A,日报!BF$3)<>0,SUMIFS(合格品出库记录!$G:$G,合格品出库记录!$E:$E,日报!$E:$E,合格品出库记录!$A:$A,日报!BF$3),"") -> 100 | ... CC18: =IF(SUMIFS(合格品出库记录!$G:$G,合格品出库记录!$E:$E,日报!$E:$E,合格品出库记录!$A:$A,日报!CC$3)<>0,SUMIFS(合格品出库记录!$G:$G,合格品出库记录!$E:$E,日报!$E:$E,合格品出库记录!$A:$A,日报!CC$3),"")
A19: =ROW()-3 -> 16 | B19: =IFERROR(VLOOKUP(基础数据!B18,基础数据!B:B,1,0),"") -> 1AZ | C19: =IFERROR(VLOOKUP(基础数据!C18,基础数据!C:C,1,0),"") -> 芜湖博康机电股份有限公司 | E19: =IFERROR(VLOOKUP(基础数据!E18,基础数据!E:E,1,0),"") -> 3.2.50.30.01787-000 | F19: =IFERROR(VLOOKUP(基础数据!F18,基础数据!F:F,1,0),"") -> A03HW67.1-采样集成线束 | G19: =IFERROR(VLOOKUP(基础数据!G18,基础数据!G:G,1,0),"") -> 40 | H19: =IFERROR(VLOOKUP(基础数据!H18,基础数据!H:H,1,0),"") -> 料盒 | I19: 40 | J19: 0 | K19: =SUMIF(合格品入货记录!E:E,日报!E19,合格品入货记录!G:G) -> 400 | L19: =SUMIF(合格品出库记录!E:E,日报!E19,合格品出库记录!G:G) -> 440 | M19: =SUMIF(零跑退回!D:D,日报!E:E,零跑退回!F:F) -> 0 | N19: =SUMIF(库内不良!D:D,E:E,库内不良!F:F) -> 0 | O19: =SUMIF(退回供应商!D:D,日报!E:E,退回供应商!F:F) -> 0 | P19: =J19+M19+N19-O19 -> 0 | Q19: =I19+K19-L19-N19 -> 0 | T19: =IF(SUMIFS(合格品入货记录!$G:$G,合格品入货记录!$E:$E,日报!$E:$E,合格品入货记录!$A:$A,日报!T$3)<>0,SUMIFS(合格品入货记录!$G:$G,合格品入货记录!$E:$E,日报!$E:$E,合格品入货记录!$A:$A,日报!T$3),"") | U19: =IF(SUMIFS(合格品入货记录!$G:$G,合格品入货记录!$E:$E,日报!$E:$E,合格品入货记录!$A:$A,日报!U$3)<>0,SUMIFS(合格品入货记录!$G:$G,合格品入货记录!$E:$E,日报!$E:$E,合格品入货记录!$A:$A,日报!U$3),"") | V19: =IF(SUMIFS(合格品入货记录!$G:$G,合格品入货记录!$E:$E,日报!$E:$E,合格品入货记录!$A:$A,日报!V$3)<>0,SUMIFS(合格品入货记录!$G:$G,合格品入货记录!$E:$E,日报!$E:$E,合格品入货记录!$A:$A,日报!V$3),"") | W19: =IF(SUMIFS(合格品入货记录!$G:$G,合格品入货记录!$E:$E,日报!$E:$E,合格品入货记录!$A:$A,日报!W$3)<>0,SUMIFS(合格品入货记录!$G:$G,合格品入货记录!$E:$E,日报!$E:$E,合格品入货记录!$A:$A,日报!W$3),"") | X19: =IF(SUMIFS(合格品入货记录!$G:$G,合格品入货记录!$E:$E,日报!$E:$E,合格品入货记录!$A:$A,日报!X$3)<>0,SUMIFS(合格品入货记录!$G:$G,合格品入货记录!$E:$E,日报!$E:$E,合格品入货记录!$A:$A,日报!X$3),"") | Y19: =IF(SUMIFS(合格品入货记录!$G:$G,合格品入货记录!$E:$E,日报!$E:$E,合格品入货记录!$A:$A,日报!Y$3)<>0,SUMIFS(合格品入货记录!$G:$G,合格品入货记录!$E:$E,日报!$E:$E,合格品入货记录!$A:$A,日报!Y$3),"") -> 400 | Z19: =IF(SUMIFS(合格品入货记录!$G:$G,合格品入货记录!$E:$E,日报!$E:$E,合格品入货记录!$A:$A,日报!Z$3)<>0,SUMIFS(合格品入货记录!$G:$G,合格品入货记录!$E:$E,日报!$E:$E,合格品入货记录!$A:$A,日报!Z$3),"") | AA19: =IF(SUMIFS(合格品入货记录!$G:$G,合格品入货记录!$E:$E,日报!$E:$E,合格品入货记录!$A:$A,日报!AA$3)<>0,SUMIFS(合格品入货记录!$G:$G,合格品入货记录!$E:$E,日报!$E:$E,合格品入货记录!$A:$A,日报!AA$3),"") | ... AU19: =IF(SUMIFS(合格品入货记录!$G:$G,合格品入货记录!$E:$E,日报!$E:$E,合格品入货记录!$A:$A,日报!AU$3)<>0,SUMIFS(合格品入货记录!$G:$G,合格品入货记录!$E:$E,日报!$E:$E,合格品入货记录!$A:$A,日报!AU$3),"") | AY19: =IF(SUMIFS(合格品出库记录!$G:$G,合格品出库记录!$E:$E,日报!$E:$E,合格品出库记录!$A:$A,日报!AY$3)<>0,SUMIFS(合格品出库记录!$G:$G,合格品出库记录!$E:$E,日报!$E:$E,合格品出库记录!$A:$A,日报!AY$3),"") | AZ19: =IF(SUMIFS(合格品出库记录!$G:$G,合格品出库记录!$E:$E,日报!$E:$E,合格品出库记录!$A:$A,日报!AZ$3)<>0,SUMIFS(合格品出库记录!$G:$G,合格品出库记录!$E:$E,日报!$E:$E,合格品出库记录!$A:$A,日报!AZ$3),"") | BA19: =IF(SUMIFS(合格品出库记录!$G:$G,合格品出库记录!$E:$E,日报!$E:$E,合格品出库记录!$A:$A,日报!BA$3)<>0,SUMIFS(合格品出库记录!$G:$G,合格品出库记录!$E:$E,日报!$E:$E,合格品出库记录!$A:$A,日报!BA$3),"") | BB19: =IF(SUMIFS(合格品出库记录!$G:$G,合格品出库记录!$E:$E,日报!$E:$E,合格品出库记录!$A:$A,日报!BB$3)<>0,SUMIFS(合格品出库记录!$G:$G,合格品出库记录!$E:$E,日报!$E:$E,合格品出库记录!$A:$A,日报!BB$3),"") | BC19: =IF(SUMIFS(合格品出库记录!$G:$G,合格品出库记录!$E:$E,日报!$E:$E,合格品出库记录!$A:$A,日报!BC$3)<>0,SUMIFS(合格品出库记录!$G:$G,合格品出库记录!$E:$E,日报!$E:$E,合格品出库记录!$A:$A,日报!BC$3),"") | BD19: =IF(SUMIFS(合格品出库记录!$G:$G,合格品出库记录!$E:$E,日报!$E:$E,合格品出库记录!$A:$A,日报!BD$3)<>0,SUMIFS(合格品出库记录!$G:$G,合格品出库记录!$E:$E,日报!$E:$E,合格品出库记录!$A:$A,日报!BD$3),"") -> 400 | BE19: =IF(SUMIFS(合格品出库记录!$G:$G,合格品出库记录!$E:$E,日报!$E:$E,合格品出库记录!$A:$A,日报!BE$3)<>0,SUMIFS(合格品出库记录!$G:$G,合格品出库记录!$E:$E,日报!$E:$E,合格品出库记录!$A:$A,日报!BE$3),"") | BF19: =IF(SUMIFS(合格品出库记录!$G:$G,合格品出库记录!$E:$E,日报!$E:$E,合格品出库记录!$A:$A,日报!BF$3)<>0,SUMIFS(合格品出库记录!$G:$G,合格品出库记录!$E:$E,日报!$E:$E,合格品出库记录!$A:$A,日报!BF$3),"") -> 40 | ... CC19: =IF(SUMIFS(合格品出库记录!$G:$G,合格品出库记录!$E:$E,日报!$E:$E,合格品出库记录!$A:$A,日报!CC$3)<>0,SUMIFS(合格品出库记录!$G:$G,合格品出库记录!$E:$E,日报!$E:$E,合格品出库记录!$A:$A,日报!CC$3),"")
A20: =ROW()-3 -> 17 | B20: =IFERROR(VLOOKUP(基础数据!B19,基础数据!B:B,1,0),"") -> 1AZ | C20: =IFERROR(VLOOKUP(基础数据!C19,基础数据!C:C,1,0),"") -> 芜湖博康机电股份有限公司 | E20: =IFERROR(VLOOKUP(基础数据!E19,基础数据!E:E,1,0),"") -> 3.2.50.30.01784-000 | F20: =IFERROR(VLOOKUP(基础数据!F19,基础数据!F:F,1,0),"") -> A03HW56.2-通讯集成线束 | G20: =IFERROR(VLOOKUP(基础数据!G19,基础数据!G:G,1,0),"") -> 100 | H20: =IFERROR(VLOOKUP(基础数据!H19,基础数据!H:H,1,0),"") -> 料盒 | I20: 100 | J20: 0 | K20: =SUMIF(合格品入货记录!E:E,日报!E20,合格品入货记录!G:G) -> 0 | L20: =SUMIF(合格品出库记录!E:E,日报!E20,合格品出库记录!G:G) -> 0 | M20: =SUMIF(零跑退回!D:D,日报!E:E,零跑退回!F:F) -> 0 | N20: =SUMIF(库内不良!D:D,E:E,库内不良!F:F) -> 0 | O20: =SUMIF(退回供应商!D:D,日报!E:E,退回供应商!F:F) -> 0 | P20: =J20+M20+N20-O20 -> 0 | Q20: =I20+K20-L20-N20 -> 100 | T20: =IF(SUMIFS(合格品入货记录!$G:$G,合格品入货记录!$E:$E,日报!$E:$E,合格品入货记录!$A:$A,日报!T$3)<>0,SUMIFS(合格品入货记录!$G:$G,合格品入货记录!$E:$E,日报!$E:$E,合格品入货记录!$A:$A,日报!T$3),"") | U20: =IF(SUMIFS(合格品入货记录!$G:$G,合格品入货记录!$E:$E,日报!$E:$E,合格品入货记录!$A:$A,日报!U$3)<>0,SUMIFS(合格品入货记录!$G:$G,合格品入货记录!$E:$E,日报!$E:$E,合格品入货记录!$A:$A,日报!U$3),"") | V20: =IF(SUMIFS(合格品入货记录!$G:$G,合格品入货记录!$E:$E,日报!$E:$E,合格品入货记录!$A:$A,日报!V$3)<>0,SUMIFS(合格品入货记录!$G:$G,合格品入货记录!$E:$E,日报!$E:$E,合格品入货记录!$A:$A,日报!V$3),"") | W20: =IF(SUMIFS(合格品入货记录!$G:$G,合格品入货记录!$E:$E,日报!$E:$E,合格品入货记录!$A:$A,日报!W$3)<>0,SUMIFS(合格品入货记录!$G:$G,合格品入货记录!$E:$E,日报!$E:$E,合格品入货记录!$A:$A,日报!W$3),"") | X20: =IF(SUMIFS(合格品入货记录!$G:$G,合格品入货记录!$E:$E,日报!$E:$E,合格品入货记录!$A:$A,日报!X$3)<>0,SUMIFS(合格品入货记录!$G:$G,合格品入货记录!$E:$E,日报!$E:$E,合格品入货记录!$A:$A,日报!X$3),"") | Y20: =IF(SUMIFS(合格品入货记录!$G:$G,合格品入货记录!$E:$E,日报!$E:$E,合格品入货记录!$A:$A,日报!Y$3)<>0,SUMIFS(合格品入货记录!$G:$G,合格品入货记录!$E:$E,日报!$E:$E,合格品入货记录!$A:$A,日报!Y$3),"") | Z20: =IF(SUMIFS(合格品入货记录!$G:$G,合格品入货记录!$E:$E,日报!$E:$E,合格品入货记录!$A:$A,日报!Z$3)<>0,SUMIFS(合格品入货记录!$G:$G,合格品入货记录!$E:$E,日报!$E:$E,合格品入货记录!$A:$A,日报!Z$3),"") | AA20: =IF(SUMIFS(合格品入货记录!$G:$G,合格品入货记录!$E:$E,日报!$E:$E,合格品入货记录!$A:$A,日报!AA$3)<>0,SUMIFS(合格品入货记录!$G:$G,合格品入货记录!$E:$E,日报!$E:$E,合格品入货记录!$A:$A,日报!AA$3),"") | ... AU20: =IF(SUMIFS(合格品入货记录!$G:$G,合格品入货记录!$E:$E,日报!$E:$E,合格品入货记录!$A:$A,日报!AU$3)<>0,SUMIFS(合格品入货记录!$G:$G,合格品入货记录!$E:$E,日报!$E:$E,合格品入货记录!$A:$A,日报!AU$3),"") | AY20: =IF(SUMIFS(合格品出库记录!$G:$G,合格品出库记录!$E:$E,日报!$E:$E,合格品出库记录!$A:$A,日报!AY$3)<>0,SUMIFS(合格品出库记录!$G:$G,合格品出库记录!$E:$E,日报!$E:$E,合格品出库记录!$A:$A,日报!AY$3),"") | AZ20: =IF(SUMIFS(合格品出库记录!$G:$G,合格品出库记录!$E:$E,日报!$E:$E,合格品出库记录!$A:$A,日报!AZ$3)<>0,SUMIFS(合格品出库记录!$G:$G,合格品出库记录!$E:$E,日报!$E:$E,合格品出库记录!$A:$A,日报!AZ$3),"") | BA20: =IF(SUMIFS(合格品出库记录!$G:$G,合格品出库记录!$E:$E,日报!$E:$E,合格品出库记录!$A:$A,日报!BA$3)<>0,SUMIFS(合格品出库记录!$G:$G,合格品出库记录!$E:$E,日报!$E:$E,合格品出库记录!$A:$A,日报!BA$3),"") | BB20: =IF(SUMIFS(合格品出库记录!$G:$G,合格品出库记录!$E:$E,日报!$E:$E,合格品出库记录!$A:$A,日报!BB$3)<>0,SUMIFS(合格品出库记录!$G:$G,合格品出库记录!$E:$E,日报!$E:$E,合格品出库记录!$A:$A,日报!BB$3),"") | BC20: =IF(SUMIFS(合格品出库记录!$G:$G,合格品出库记录!$E:$E,日报!$E:$E,合格品出库记录!$A:$A,日报!BC$3)<>0,SUMIFS(合格品出库记录!$G:$G,合格品出库记录!$E:$E,日报!$E:$E,合格品出库记录!$A:$A,日报!BC$3),"") | BD20: =IF(SUMIFS(合格品出库记录!$G:$G,合格品出库记录!$E:$E,日报!$E:$E,合格品出库记录!$A:$A,日报!BD$3)<>0,SUMIFS(合格品出库记录!$G:$G,合格品出库记录!$E:$E,日报!$E:$E,合格品出库记录!$A:$A,日报!BD$3),"") | BE20: =IF(SUMIFS(合格品出库记录!$G:$G,合格品出库记录!$E:$E,日报!$E:$E,合格品出库记录!$A:$A,日报!BE$3)<>0,SUMIFS(合格品出库记录!$G:$G,合格品出库记录!$E:$E,日报!$E:$E,合格品出库记录!$A:$A,日报!BE$3),"") | BF20: =IF(SUMIFS(合格品出库记录!$G:$G,合格品出库记录!$E:$E,日报!$E:$E,合格品出库记录!$A:$A,日报!BF$3)<>0,SUMIFS(合格品出库记录!$G:$G,合格品出库记录!$E:$E,日报!$E:$E,合格品出库记录!$A:$A,日报!BF$3),"") | ... CC20: =IF(SUMIFS(合格品出库记录!$G:$G,合格品出库记录!$E:$E,日报!$E:$E,合格品出库记录!$A:$A,日报!CC$3)<>0,SUMIFS(合格品出库记录!$G:$G,合格品出库记录!$E:$E,日报!$E:$E,合格品出库记录!$A:$A,日报!CC$3),"")
A21: =ROW()-3 -> 18 | B21: =IFERROR(VLOOKUP(基础数据!B20,基础数据!B:B,1,0),"") -> 1AZ | C21: =IFERROR(VLOOKUP(基础数据!C20,基础数据!C:C,1,0),"") -> 芜湖博康机电股份有限公司 | E21: =IFERROR(VLOOKUP(基础数据!E20,基础数据!E:E,1,0),"") -> 3.2.50.30.01785-000 | F21: =IFERROR(VLOOKUP(基础数据!F20,基础数据!F:F,1,0),"") -> A03HW56.2-采样集成线束 | G21: =IFERROR(VLOOKUP(基础数据!G20,基础数据!G:G,1,0),"") -> 40 | H21: =IFERROR(VLOOKUP(基础数据!H20,基础数据!H:H,1,0),"") -> 料盒 | I21: 120 | J21: 0 | K21: =SUMIF(合格品入货记录!E:E,日报!E21,合格品入货记录!G:G) -> 0 | L21: =SUMIF(合格品出库记录!E:E,日报!E21,合格品出库记录!G:G) -> 0 | M21: =SUMIF(零跑退回!D:D,日报!E:E,零跑退回!F:F) -> 0 | N21: =SUMIF(库内不良!D:D,E:E,库内不良!F:F) -> 0 | O21: =SUMIF(退回供应商!D:D,日报!E:E,退回供应商!F:F) -> 0 | P21: =J21+M21+N21-O21 -> 0 | Q21: =I21+K21-L21-N21 -> 120 | T21: =IF(SUMIFS(合格品入货记录!$G:$G,合格品入货记录!$E:$E,日报!$E:$E,合格品入货记录!$A:$A,日报!T$3)<>0,SUMIFS(合格品入货记录!$G:$G,合格品入货记录!$E:$E,日报!$E:$E,合格品入货记录!$A:$A,日报!T$3),"") | U21: =IF(SUMIFS(合格品入货记录!$G:$G,合格品入货记录!$E:$E,日报!$E:$E,合格品入货记录!$A:$A,日报!U$3)<>0,SUMIFS(合格品入货记录!$G:$G,合格品入货记录!$E:$E,日报!$E:$E,合格品入货记录!$A:$A,日报!U$3),"") | V21: =IF(SUMIFS(合格品入货记录!$G:$G,合格品入货记录!$E:$E,日报!$E:$E,合格品入货记录!$A:$A,日报!V$3)<>0,SUMIFS(合格品入货记录!$G:$G,合格品入货记录!$E:$E,日报!$E:$E,合格品入货记录!$A:$A,日报!V$3),"") | W21: =IF(SUMIFS(合格品入货记录!$G:$G,合格品入货记录!$E:$E,日报!$E:$E,合格品入货记录!$A:$A,日报!W$3)<>0,SUMIFS(合格品入货记录!$G:$G,合格品入货记录!$E:$E,日报!$E:$E,合格品入货记录!$A:$A,日报!W$3),"") | X21: =IF(SUMIFS(合格品入货记录!$G:$G,合格品入货记录!$E:$E,日报!$E:$E,合格品入货记录!$A:$A,日报!X$3)<>0,SUMIFS(合格品入货记录!$G:$G,合格品入货记录!$E:$E,日报!$E:$E,合格品入货记录!$A:$A,日报!X$3),"") | Y21: =IF(SUMIFS(合格品入货记录!$G:$G,合格品入货记录!$E:$E,日报!$E:$E,合格品入货记录!$A:$A,日报!Y$3)<>0,SUMIFS(合格品入货记录!$G:$G,合格品入货记录!$E:$E,日报!$E:$E,合格品入货记录!$A:$A,日报!Y$3),"") | Z21: =IF(SUMIFS(合格品入货记录!$G:$G,合格品入货记录!$E:$E,日报!$E:$E,合格品入货记录!$A:$A,日报!Z$3)<>0,SUMIFS(合格品入货记录!$G:$G,合格品入货记录!$E:$E,日报!$E:$E,合格品入货记录!$A:$A,日报!Z$3),"") | AA21: =IF(SUMIFS(合格品入货记录!$G:$G,合格品入货记录!$E:$E,日报!$E:$E,合格品入货记录!$A:$A,日报!AA$3)<>0,SUMIFS(合格品入货记录!$G:$G,合格品入货记录!$E:$E,日报!$E:$E,合格品入货记录!$A:$A,日报!AA$3),"") | ... AU21: =IF(SUMIFS(合格品入货记录!$G:$G,合格品入货记录!$E:$E,日报!$E:$E,合格品入货记录!$A:$A,日报!AU$3)<>0,SUMIFS(合格品入货记录!$G:$G,合格品入货记录!$E:$E,日报!$E:$E,合格品入货记录!$A:$A,日报!AU$3),"") | AY21: =IF(SUMIFS(合格品出库记录!$G:$G,合格品出库记录!$E:$E,日报!$E:$E,合格品出库记录!$A:$A,日报!AY$3)<>0,SUMIFS(合格品出库记录!$G:$G,合格品出库记录!$E:$E,日报!$E:$E,合格品出库记录!$A:$A,日报!AY$3),"") | AZ21: =IF(SUMIFS(合格品出库记录!$G:$G,合格品出库记录!$E:$E,日报!$E:$E,合格品出库记录!$A:$A,日报!AZ$3)<>0,SUMIFS(合格品出库记录!$G:$G,合格品出库记录!$E:$E,日报!$E:$E,合格品出库记录!$A:$A,日报!AZ$3),"") | BA21: =IF(SUMIFS(合格品出库记录!$G:$G,合格品出库记录!$E:$E,日报!$E:$E,合格品出库记录!$A:$A,日报!BA$3)<>0,SUMIFS(合格品出库记录!$G:$G,合格品出库记录!$E:$E,日报!$E:$E,合格品出库记录!$A:$A,日报!BA$3),"") | BB21: =IF(SUMIFS(合格品出库记录!$G:$G,合格品出库记录!$E:$E,日报!$E:$E,合格品出库记录!$A:$A,日报!BB$3)<>0,SUMIFS(合格品出库记录!$G:$G,合格品出库记录!$E:$E,日报!$E:$E,合格品出库记录!$A:$A,日报!BB$3),"") | BC21: =IF(SUMIFS(合格品出库记录!$G:$G,合格品出库记录!$E:$E,日报!$E:$E,合格品出库记录!$A:$A,日报!BC$3)<>0,SUMIFS(合格品出库记录!$G:$G,合格品出库记录!$E:$E,日报!$E:$E,合格品出库记录!$A:$A,日报!BC$3),"") | BD21: =IF(SUMIFS(合格品出库记录!$G:$G,合格品出库记录!$E:$E,日报!$E:$E,合格品出库记录!$A:$A,日报!BD$3)<>0,SUMIFS(合格品出库记录!$G:$G,合格品出库记录!$E:$E,日报!$E:$E,合格品出库记录!$A:$A,日报!BD$3),"") | BE21: =IF(SUMIFS(合格品出库记录!$G:$G,合格品出库记录!$E:$E,日报!$E:$E,合格品出库记录!$A:$A,日报!BE$3)<>0,SUMIFS(合格品出库记录!$G:$G,合格品出库记录!$E:$E,日报!$E:$E,合格品出库记录!$A:$A,日报!BE$3),"") | BF21: =IF(SUMIFS(合格品出库记录!$G:$G,合格品出库记录!$E:$E,日报!$E:$E,合格品出库记录!$A:$A,日报!BF$3)<>0,SUMIFS(合格品出库记录!$G:$G,合格品出库记录!$E:$E,日报!$E:$E,合格品出库记录!$A:$A,日报!BF$3),"") | ... CC21: =IF(SUMIFS(合格品出库记录!$G:$G,合格品出库记录!$E:$E,日报!$E:$E,合格品出库记录!$A:$A,日报!CC$3)<>0,SUMIFS(合格品出库记录!$G:$G,合格品出库记录!$E:$E,日报!$E:$E,合格品出库记录!$A:$A,日报!CC$3),"")
A22: =ROW()-3 -> 19 | B22: =IFERROR(VLOOKUP(基础数据!B21,基础数据!B:B,1,0),"") -> 1AZ | C22: =IFERROR(VLOOKUP(基础数据!C21,基础数据!C:C,1,0),"") -> 芜湖博康机电股份有限公司 | E22: =IFERROR(VLOOKUP(基础数据!E21,基础数据!E:E,1,0),"") -> 3.2.50.30.01886-000 | F22: =IFERROR(VLOOKUP(基础数据!F21,基础数据!F:F,1,0),"") -> LXCU13E01-分流器线束 | G22: =IFERROR(VLOOKUP(基础数据!G21,基础数据!G:G,1,0),"") -> 1500 | H22: =IFERROR(VLOOKUP(基础数据!H21,基础数据!H:H,1,0),"") -> 料盒 | I22: 7500 | J22: 0 | K22: =SUMIF(合格品入货记录!E:E,日报!E22,合格品入货记录!G:G) -> 4500 | L22: =SUMIF(合格品出库记录!E:E,日报!E22,合格品出库记录!G:G) -> 12000 | M22: =SUMIF(零跑退回!D:D,日报!E:E,零跑退回!F:F) -> 0 | N22: =SUMIF(库内不良!D:D,E:E,库内不良!F:F) -> 0 | O22: =SUMIF(退回供应商!D:D,日报!E:E,退回供应商!F:F) -> 0 | P22: =J22+M22+N22-O22 -> 0 | Q22: =I22+K22-L22-N22 -> 0 | T22: =IF(SUMIFS(合格品入货记录!$G:$G,合格品入货记录!$E:$E,日报!$E:$E,合格品入货记录!$A:$A,日报!T$3)<>0,SUMIFS(合格品入货记录!$G:$G,合格品入货记录!$E:$E,日报!$E:$E,合格品入货记录!$A:$A,日报!T$3),"") | U22: =IF(SUMIFS(合格品入货记录!$G:$G,合格品入货记录!$E:$E,日报!$E:$E,合格品入货记录!$A:$A,日报!U$3)<>0,SUMIFS(合格品入货记录!$G:$G,合格品入货记录!$E:$E,日报!$E:$E,合格品入货记录!$A:$A,日报!U$3),"") | V22: =IF(SUMIFS(合格品入货记录!$G:$G,合格品入货记录!$E:$E,日报!$E:$E,合格品入货记录!$A:$A,日报!V$3)<>0,SUMIFS(合格品入货记录!$G:$G,合格品入货记录!$E:$E,日报!$E:$E,合格品入货记录!$A:$A,日报!V$3),"") | W22: =IF(SUMIFS(合格品入货记录!$G:$G,合格品入货记录!$E:$E,日报!$E:$E,合格品入货记录!$A:$A,日报!W$3)<>0,SUMIFS(合格品入货记录!$G:$G,合格品入货记录!$E:$E,日报!$E:$E,合格品入货记录!$A:$A,日报!W$3),"") | X22: =IF(SUMIFS(合格品入货记录!$G:$G,合格品入货记录!$E:$E,日报!$E:$E,合格品入货记录!$A:$A,日报!X$3)<>0,SUMIFS(合格品入货记录!$G:$G,合格品入货记录!$E:$E,日报!$E:$E,合格品入货记录!$A:$A,日报!X$3),"") | Y22: =IF(SUMIFS(合格品入货记录!$G:$G,合格品入货记录!$E:$E,日报!$E:$E,合格品入货记录!$A:$A,日报!Y$3)<>0,SUMIFS(合格品入货记录!$G:$G,合格品入货记录!$E:$E,日报!$E:$E,合格品入货记录!$A:$A,日报!Y$3),"") -> 4500 | Z22: =IF(SUMIFS(合格品入货记录!$G:$G,合格品入货记录!$E:$E,日报!$E:$E,合格品入货记录!$A:$A,日报!Z$3)<>0,SUMIFS(合格品入货记录!$G:$G,合格品入货记录!$E:$E,日报!$E:$E,合格品入货记录!$A:$A,日报!Z$3),"") | AA22: =IF(SUMIFS(合格品入货记录!$G:$G,合格品入货记录!$E:$E,日报!$E:$E,合格品入货记录!$A:$A,日报!AA$3)<>0,SUMIFS(合格品入货记录!$G:$G,合格品入货记录!$E:$E,日报!$E:$E,合格品入货记录!$A:$A,日报!AA$3),"") | ... AU22: =IF(SUMIFS(合格品入货记录!$G:$G,合格品入货记录!$E:$E,日报!$E:$E,合格品入货记录!$A:$A,日报!AU$3)<>0,SUMIFS(合格品入货记录!$G:$G,合格品入货记录!$E:$E,日报!$E:$E,合格品入货记录!$A:$A,日报!AU$3),"") | AY22: =IF(SUMIFS(合格品出库记录!$G:$G,合格品出库记录!$E:$E,日报!$E:$E,合格品出库记录!$A:$A,日报!AY$3)<>0,SUMIFS(合格品出库记录!$G:$G,合格品出库记录!$E:$E,日报!$E:$E,合格品出库记录!$A:$A,日报!AY$3),"") | AZ22: =IF(SUMIFS(合格品出库记录!$G:$G,合格品出库记录!$E:$E,日报!$E:$E,合格品出库记录!$A:$A,日报!AZ$3)<>0,SUMIFS(合格品出库记录!$G:$G,合格品出库记录!$E:$E,日报!$E:$E,合格品出库记录!$A:$A,日报!AZ$3),"") -> 7500 | BA22: =IF(SUMIFS(合格品出库记录!$G:$G,合格品出库记录!$E:$E,日报!$E:$E,合格品出库记录!$A:$A,日报!BA$3)<>0,SUMIFS(合格品出库记录!$G:$G,合格品出库记录!$E:$E,日报!$E:$E,合格品出库记录!$A:$A,日报!BA$3),"") | BB22: =IF(SUMIFS(合格品出库记录!$G:$G,合格品出库记录!$E:$E,日报!$E:$E,合格品出库记录!$A:$A,日报!BB$3)<>0,SUMIFS(合格品出库记录!$G:$G,合格品出库记录!$E:$E,日报!$E:$E,合格品出库记录!$A:$A,日报!BB$3),"") | BC22: =IF(SUMIFS(合格品出库记录!$G:$G,合格品出库记录!$E:$E,日报!$E:$E,合格品出库记录!$A:$A,日报!BC$3)<>0,SUMIFS(合格品出库记录!$G:$G,合格品出库记录!$E:$E,日报!$E:$E,合格品出库记录!$A:$A,日报!BC$3),"") | BD22: =IF(SUMIFS(合格品出库记录!$G:$G,合格品出库记录!$E:$E,日报!$E:$E,合格品出库记录!$A:$A,日报!BD$3)<>0,SUMIFS(合格品出库记录!$G:$G,合格品出库记录!$E:$E,日报!$E:$E,合格品出库记录!$A:$A,日报!BD$3),"") -> 4500 | BE22: =IF(SUMIFS(合格品出库记录!$G:$G,合格品出库记录!$E:$E,日报!$E:$E,合格品出库记录!$A:$A,日报!BE$3)<>0,SUMIFS(合格品出库记录!$G:$G,合格品出库记录!$E:$E,日报!$E:$E,合格品出库记录!$A:$A,日报!BE$3),"") | BF22: =IF(SUMIFS(合格品出库记录!$G:$G,合格品出库记录!$E:$E,日报!$E:$E,合格品出库记录!$A:$A,日报!BF$3)<>0,SUMIFS(合格品出库记录!$G:$G,合格品出库记录!$E:$E,日报!$E:$E,合格品出库记录!$A:$A,日报!BF$3),"") | ... CC22: =IF(SUMIFS(合格品出库记录!$G:$G,合格品出库记录!$E:$E,日报!$E:$E,合格品出库记录!$A:$A,日报!CC$3)<>0,SUMIFS(合格品出库记录!$G:$G,合格品出库记录!$E:$E,日报!$E:$E,合格品出库记录!$A:$A,日报!CC$3),"")
A23: =ROW()-3 -> 20 | B23: =IFERROR(VLOOKUP(基础数据!B22,基础数据!B:B,1,0),"") -> 1AZ | C23: =IFERROR(VLOOKUP(基础数据!C22,基础数据!C:C,1,0),"") -> 芜湖博康机电股份有限公司 | E23: =IFERROR(VLOOKUP(基础数据!E22,基础数据!E:E,1,0),"") -> 3.2.50.30.02283-000 | F23: =IFERROR(VLOOKUP(基础数据!F22,基础数据!F:F,1,0),"") -> LXBU1101-BDU集成线束-60.8 | G23: =IFERROR(VLOOKUP(基础数据!G22,基础数据!G:G,1,0),"") -> 40 | H23: =IFERROR(VLOOKUP(基础数据!H22,基础数据!H:H,1,0),"") -> 料盒 | I23: 1600 | J23: 0 | K23: =SUMIF(合格品入货记录!E:E,日报!E23,合格品入货记录!G:G) -> 899 | L23: =SUMIF(合格品出库记录!E:E,日报!E23,合格品出库记录!G:G) -> 2499 | M23: =SUMIF(零跑退回!D:D,日报!E:E,零跑退回!F:F) -> 0 | N23: =SUMIF(库内不良!D:D,E:E,库内不良!F:F) -> 0 | O23: =SUMIF(退回供应商!D:D,日报!E:E,退回供应商!F:F) -> 0 | P23: =J23+M23+N23-O23 -> 0 | Q23: =I23+K23-L23-N23 -> 0 | T23: =IF(SUMIFS(合格品入货记录!$G:$G,合格品入货记录!$E:$E,日报!$E:$E,合格品入货记录!$A:$A,日报!T$3)<>0,SUMIFS(合格品入货记录!$G:$G,合格品入货记录!$E:$E,日报!$E:$E,合格品入货记录!$A:$A,日报!T$3),"") | U23: =IF(SUMIFS(合格品入货记录!$G:$G,合格品入货记录!$E:$E,日报!$E:$E,合格品入货记录!$A:$A,日报!U$3)<>0,SUMIFS(合格品入货记录!$G:$G,合格品入货记录!$E:$E,日报!$E:$E,合格品入货记录!$A:$A,日报!U$3),"") | V23: =IF(SUMIFS(合格品入货记录!$G:$G,合格品入货记录!$E:$E,日报!$E:$E,合格品入货记录!$A:$A,日报!V$3)<>0,SUMIFS(合格品入货记录!$G:$G,合格品入货记录!$E:$E,日报!$E:$E,合格品入货记录!$A:$A,日报!V$3),"") | W23: =IF(SUMIFS(合格品入货记录!$G:$G,合格品入货记录!$E:$E,日报!$E:$E,合格品入货记录!$A:$A,日报!W$3)<>0,SUMIFS(合格品入货记录!$G:$G,合格品入货记录!$E:$E,日报!$E:$E,合格品入货记录!$A:$A,日报!W$3),"") | X23: =IF(SUMIFS(合格品入货记录!$G:$G,合格品入货记录!$E:$E,日报!$E:$E,合格品入货记录!$A:$A,日报!X$3)<>0,SUMIFS(合格品入货记录!$G:$G,合格品入货记录!$E:$E,日报!$E:$E,合格品入货记录!$A:$A,日报!X$3),"") | Y23: =IF(SUMIFS(合格品入货记录!$G:$G,合格品入货记录!$E:$E,日报!$E:$E,合格品入货记录!$A:$A,日报!Y$3)<>0,SUMIFS(合格品入货记录!$G:$G,合格品入货记录!$E:$E,日报!$E:$E,合格品入货记录!$A:$A,日报!Y$3),"") | Z23: =IF(SUMIFS(合格品入货记录!$G:$G,合格品入货记录!$E:$E,日报!$E:$E,合格品入货记录!$A:$A,日报!Z$3)<>0,SUMIFS(合格品入货记录!$G:$G,合格品入货记录!$E:$E,日报!$E:$E,合格品入货记录!$A:$A,日报!Z$3),"") | AA23: =IF(SUMIFS(合格品入货记录!$G:$G,合格品入货记录!$E:$E,日报!$E:$E,合格品入货记录!$A:$A,日报!AA$3)<>0,SUMIFS(合格品入货记录!$G:$G,合格品入货记录!$E:$E,日报!$E:$E,合格品入货记录!$A:$A,日报!AA$3),"") | ... AU23: =IF(SUMIFS(合格品入货记录!$G:$G,合格品入货记录!$E:$E,日报!$E:$E,合格品入货记录!$A:$A,日报!AU$3)<>0,SUMIFS(合格品入货记录!$G:$G,合格品入货记录!$E:$E,日报!$E:$E,合格品入货记录!$A:$A,日报!AU$3),"") | AY23: =IF(SUMIFS(合格品出库记录!$G:$G,合格品出库记录!$E:$E,日报!$E:$E,合格品出库记录!$A:$A,日报!AY$3)<>0,SUMIFS(合格品出库记录!$G:$G,合格品出库记录!$E:$E,日报!$E:$E,合格品出库记录!$A:$A,日报!AY$3),"") | AZ23: =IF(SUMIFS(合格品出库记录!$G:$G,合格品出库记录!$E:$E,日报!$E:$E,合格品出库记录!$A:$A,日报!AZ$3)<>0,SUMIFS(合格品出库记录!$G:$G,合格品出库记录!$E:$E,日报!$E:$E,合格品出库记录!$A:$A,日报!AZ$3),"") | BA23: =IF(SUMIFS(合格品出库记录!$G:$G,合格品出库记录!$E:$E,日报!$E:$E,合格品出库记录!$A:$A,日报!BA$3)<>0,SUMIFS(合格品出库记录!$G:$G,合格品出库记录!$E:$E,日报!$E:$E,合格品出库记录!$A:$A,日报!BA$3),"") | BB23: =IF(SUMIFS(合格品出库记录!$G:$G,合格品出库记录!$E:$E,日报!$E:$E,合格品出库记录!$A:$A,日报!BB$3)<>0,SUMIFS(合格品出库记录!$G:$G,合格品出库记录!$E:$E,日报!$E:$E,合格品出库记录!$A:$A,日报!BB$3),"") | BC23: =IF(SUMIFS(合格品出库记录!$G:$G,合格品出库记录!$E:$E,日报!$E:$E,合格品出库记录!$A:$A,日报!BC$3)<>0,SUMIFS(合格品出库记录!$G:$G,合格品出库记录!$E:$E,日报!$E:$E,合格品出库记录!$A:$A,日报!BC$3),"") | BD23: =IF(SUMIFS(合格品出库记录!$G:$G,合格品出库记录!$E:$E,日报!$E:$E,合格品出库记录!$A:$A,日报!BD$3)<>0,SUMIFS(合格品出库记录!$G:$G,合格品出库记录!$E:$E,日报!$E:$E,合格品出库记录!$A:$A,日报!BD$3),"") | BE23: =IF(SUMIFS(合格品出库记录!$G:$G,合格品出库记录!$E:$E,日报!$E:$E,合格品出库记录!$A:$A,日报!BE$3)<>0,SUMIFS(合格品出库记录!$G:$G,合格品出库记录!$E:$E,日报!$E:$E,合格品出库记录!$A:$A,日报!BE$3),"") | BF23: =IF(SUMIFS(合格品出库记录!$G:$G,合格品出库记录!$E:$E,日报!$E:$E,合格品出库记录!$A:$A,日报!BF$3)<>0,SUMIFS(合格品出库记录!$G:$G,合格品出库记录!$E:$E,日报!$E:$E,合格品出库记录!$A:$A,日报!BF$3),"") -> 1600 | ... CC23: =IF(SUMIFS(合格品出库记录!$G:$G,合格品出库记录!$E:$E,日报!$E:$E,合格品出库记录!$A:$A,日报!CC$3)<>0,SUMIFS(合格品出库记录!$G:$G,合格品出库记录!$E:$E,日报!$E:$E,合格品出库记录!$A:$A,日报!CC$3),"")
A24: =ROW()-3 -> 21 | B24: =IFERROR(VLOOKUP(基础数据!B23,基础数据!B:B,1,0),"") -> 1AZ | C24: =IFERROR(VLOOKUP(基础数据!C23,基础数据!C:C,1,0),"") -> 芜湖博康机电股份有限公司 | E24: =IFERROR(VLOOKUP(基础数据!E23,基础数据!E:E,1,0),"") -> 3.2.50.30.02282-000 | F24: =IFERROR(VLOOKUP(基础数据!F23,基础数据!F:F,1,0),"") -> LXBU1101-通讯集成线束-60.8 | G24: =IFERROR(VLOOKUP(基础数据!G23,基础数据!G:G,1,0),"") -> 100 | H24: =IFERROR(VLOOKUP(基础数据!H23,基础数据!H:H,1,0),"") -> 料盒 | I24: 1600 | J24: 0 | K24: =SUMIF(合格品入货记录!E:E,日报!E24,合格品入货记录!G:G) -> 898 | L24: =SUMIF(合格品出库记录!E:E,日报!E24,合格品出库记录!G:G) -> 2498 | M24: =SUMIF(零跑退回!D:D,日报!E:E,零跑退回!F:F) -> 0 | N24: =SUMIF(库内不良!D:D,E:E,库内不良!F:F) -> 0 | O24: =SUMIF(退回供应商!D:D,日报!E:E,退回供应商!F:F) -> 0 | P24: =J24+M24+N24-O24 -> 0 | Q24: =I24+K24-L24-N24 -> 0 | T24: =IF(SUMIFS(合格品入货记录!$G:$G,合格品入货记录!$E:$E,日报!$E:$E,合格品入货记录!$A:$A,日报!T$3)<>0,SUMIFS(合格品入货记录!$G:$G,合格品入货记录!$E:$E,日报!$E:$E,合格品入货记录!$A:$A,日报!T$3),"") | U24: =IF(SUMIFS(合格品入货记录!$G:$G,合格品入货记录!$E:$E,日报!$E:$E,合格品入货记录!$A:$A,日报!U$3)<>0,SUMIFS(合格品入货记录!$G:$G,合格品入货记录!$E:$E,日报!$E:$E,合格品入货记录!$A:$A,日报!U$3),"") | V24: =IF(SUMIFS(合格品入货记录!$G:$G,合格品入货记录!$E:$E,日报!$E:$E,合格品入货记录!$A:$A,日报!V$3)<>0,SUMIFS(合格品入货记录!$G:$G,合格品入货记录!$E:$E,日报!$E:$E,合格品入货记录!$A:$A,日报!V$3),"") | W24: =IF(SUMIFS(合格品入货记录!$G:$G,合格品入货记录!$E:$E,日报!$E:$E,合格品入货记录!$A:$A,日报!W$3)<>0,SUMIFS(合格品入货记录!$G:$G,合格品入货记录!$E:$E,日报!$E:$E,合格品入货记录!$A:$A,日报!W$3),"") | X24: =IF(SUMIFS(合格品入货记录!$G:$G,合格品入货记录!$E:$E,日报!$E:$E,合格品入货记录!$A:$A,日报!X$3)<>0,SUMIFS(合格品入货记录!$G:$G,合格品入货记录!$E:$E,日报!$E:$E,合格品入货记录!$A:$A,日报!X$3),"") | Y24: =IF(SUMIFS(合格品入货记录!$G:$G,合格品入货记录!$E:$E,日报!$E:$E,合格品入货记录!$A:$A,日报!Y$3)<>0,SUMIFS(合格品入货记录!$G:$G,合格品入货记录!$E:$E,日报!$E:$E,合格品入货记录!$A:$A,日报!Y$3),"") | Z24: =IF(SUMIFS(合格品入货记录!$G:$G,合格品入货记录!$E:$E,日报!$E:$E,合格品入货记录!$A:$A,日报!Z$3)<>0,SUMIFS(合格品入货记录!$G:$G,合格品入货记录!$E:$E,日报!$E:$E,合格品入货记录!$A:$A,日报!Z$3),"") | AA24: =IF(SUMIFS(合格品入货记录!$G:$G,合格品入货记录!$E:$E,日报!$E:$E,合格品入货记录!$A:$A,日报!AA$3)<>0,SUMIFS(合格品入货记录!$G:$G,合格品入货记录!$E:$E,日报!$E:$E,合格品入货记录!$A:$A,日报!AA$3),"") | ... AU24: =IF(SUMIFS(合格品入货记录!$G:$G,合格品入货记录!$E:$E,日报!$E:$E,合格品入货记录!$A:$A,日报!AU$3)<>0,SUMIFS(合格品入货记录!$G:$G,合格品入货记录!$E:$E,日报!$E:$E,合格品入货记录!$A:$A,日报!AU$3),"") | AY24: =IF(SUMIFS(合格品出库记录!$G:$G,合格品出库记录!$E:$E,日报!$E:$E,合格品出库记录!$A:$A,日报!AY$3)<>0,SUMIFS(合格品出库记录!$G:$G,合格品出库记录!$E:$E,日报!$E:$E,合格品出库记录!$A:$A,日报!AY$3),"") | AZ24: =IF(SUMIFS(合格品出库记录!$G:$G,合格品出库记录!$E:$E,日报!$E:$E,合格品出库记录!$A:$A,日报!AZ$3)<>0,SUMIFS(合格品出库记录!$G:$G,合格品出库记录!$E:$E,日报!$E:$E,合格品出库记录!$A:$A,日报!AZ$3),"") | BA24: =IF(SUMIFS(合格品出库记录!$G:$G,合格品出库记录!$E:$E,日报!$E:$E,合格品出库记录!$A:$A,日报!BA$3)<>0,SUMIFS(合格品出库记录!$G:$G,合格品出库记录!$E:$E,日报!$E:$E,合格品出库记录!$A:$A,日报!BA$3),"") | BB24: =IF(SUMIFS(合格品出库记录!$G:$G,合格品出库记录!$E:$E,日报!$E:$E,合格品出库记录!$A:$A,日报!BB$3)<>0,SUMIFS(合格品出库记录!$G:$G,合格品出库记录!$E:$E,日报!$E:$E,合格品出库记录!$A:$A,日报!BB$3),"") | BC24: =IF(SUMIFS(合格品出库记录!$G:$G,合格品出库记录!$E:$E,日报!$E:$E,合格品出库记录!$A:$A,日报!BC$3)<>0,SUMIFS(合格品出库记录!$G:$G,合格品出库记录!$E:$E,日报!$E:$E,合格品出库记录!$A:$A,日报!BC$3),"") | BD24: =IF(SUMIFS(合格品出库记录!$G:$G,合格品出库记录!$E:$E,日报!$E:$E,合格品出库记录!$A:$A,日报!BD$3)<>0,SUMIFS(合格品出库记录!$G:$G,合格品出库记录!$E:$E,日报!$E:$E,合格品出库记录!$A:$A,日报!BD$3),"") | BE24: =IF(SUMIFS(合格品出库记录!$G:$G,合格品出库记录!$E:$E,日报!$E:$E,合格品出库记录!$A:$A,日报!BE$3)<>0,SUMIFS(合格品出库记录!$G:$G,合格品出库记录!$E:$E,日报!$E:$E,合格品出库记录!$A:$A,日报!BE$3),"") | BF24: =IF(SUMIFS(合格品出库记录!$G:$G,合格品出库记录!$E:$E,日报!$E:$E,合格品出库记录!$A:$A,日报!BF$3)<>0,SUMIFS(合格品出库记录!$G:$G,合格品出库记录!$E:$E,日报!$E:$E,合格品出库记录!$A:$A,日报!BF$3),"") | ... CC24: =IF(SUMIFS(合格品出库记录!$G:$G,合格品出库记录!$E:$E,日报!$E:$E,合格品出库记录!$A:$A,日报!CC$3)<>0,SUMIFS(合格品出库记录!$G:$G,合格品出库记录!$E:$E,日报!$E:$E,合格品出库记录!$A:$A,日报!CC$3),"")
A25: =ROW()-3 -> 22 | B25: =IFERROR(VLOOKUP(基础数据!B24,基础数据!B:B,1,0),"") -> 1AZ | C25: =IFERROR(VLOOKUP(基础数据!C24,基础数据!C:C,1,0),"") -> 芜湖博康机电股份有限公司 | E25: =IFERROR(VLOOKUP(基础数据!E24,基础数据!E:E,1,0),"") -> 3.2.50.30.01757-000 | F25: =IFERROR(VLOOKUP(基础数据!F24,基础数据!F:F,1,0),"") -> 线束总成 | G25: =IFERROR(VLOOKUP(基础数据!G24,基础数据!G:G,1,0),"") -> 200 | H25: =IFERROR(VLOOKUP(基础数据!H24,基础数据!H:H,1,0),"") -> 料盒 | I25: 1000 | J25: 0 | K25: =SUMIF(合格品入货记录!E:E,日报!E25,合格品入货记录!G:G) -> 1000 | L25: =SUMIF(合格品出库记录!E:E,日报!E25,合格品出库记录!G:G) -> 2000 | M25: =SUMIF(零跑退回!D:D,日报!E:E,零跑退回!F:F) -> 0 | N25: =SUMIF(库内不良!D:D,E:E,库内不良!F:F) -> 0 | O25: =SUMIF(退回供应商!D:D,日报!E:E,退回供应商!F:F) -> 0 | P25: =J25+M25+N25-O25 -> 0 | Q25: =I25+K25-L25-N25 -> 0 | T25: =IF(SUMIFS(合格品入货记录!$G:$G,合格品入货记录!$E:$E,日报!$E:$E,合格品入货记录!$A:$A,日报!T$3)<>0,SUMIFS(合格品入货记录!$G:$G,合格品入货记录!$E:$E,日报!$E:$E,合格品入货记录!$A:$A,日报!T$3),"") | U25: =IF(SUMIFS(合格品入货记录!$G:$G,合格品入货记录!$E:$E,日报!$E:$E,合格品入货记录!$A:$A,日报!U$3)<>0,SUMIFS(合格品入货记录!$G:$G,合格品入货记录!$E:$E,日报!$E:$E,合格品入货记录!$A:$A,日报!U$3),"") | V25: =IF(SUMIFS(合格品入货记录!$G:$G,合格品入货记录!$E:$E,日报!$E:$E,合格品入货记录!$A:$A,日报!V$3)<>0,SUMIFS(合格品入货记录!$G:$G,合格品入货记录!$E:$E,日报!$E:$E,合格品入货记录!$A:$A,日报!V$3),"") | W25: =IF(SUMIFS(合格品入货记录!$G:$G,合格品入货记录!$E:$E,日报!$E:$E,合格品入货记录!$A:$A,日报!W$3)<>0,SUMIFS(合格品入货记录!$G:$G,合格品入货记录!$E:$E,日报!$E:$E,合格品入货记录!$A:$A,日报!W$3),"") | X25: =IF(SUMIFS(合格品入货记录!$G:$G,合格品入货记录!$E:$E,日报!$E:$E,合格品入货记录!$A:$A,日报!X$3)<>0,SUMIFS(合格品入货记录!$G:$G,合格品入货记录!$E:$E,日报!$E:$E,合格品入货记录!$A:$A,日报!X$3),"") | Y25: =IF(SUMIFS(合格品入货记录!$G:$G,合格品入货记录!$E:$E,日报!$E:$E,合格品入货记录!$A:$A,日报!Y$3)<>0,SUMIFS(合格品入货记录!$G:$G,合格品入货记录!$E:$E,日报!$E:$E,合格品入货记录!$A:$A,日报!Y$3),"") | Z25: =IF(SUMIFS(合格品入货记录!$G:$G,合格品入货记录!$E:$E,日报!$E:$E,合格品入货记录!$A:$A,日报!Z$3)<>0,SUMIFS(合格品入货记录!$G:$G,合格品入货记录!$E:$E,日报!$E:$E,合格品入货记录!$A:$A,日报!Z$3),"") | AA25: =IF(SUMIFS(合格品入货记录!$G:$G,合格品入货记录!$E:$E,日报!$E:$E,合格品入货记录!$A:$A,日报!AA$3)<>0,SUMIFS(合格品入货记录!$G:$G,合格品入货记录!$E:$E,日报!$E:$E,合格品入货记录!$A:$A,日报!AA$3),"") | ... AU25: =IF(SUMIFS(合格品入货记录!$G:$G,合格品入货记录!$E:$E,日报!$E:$E,合格品入货记录!$A:$A,日报!AU$3)<>0,SUMIFS(合格品入货记录!$G:$G,合格品入货记录!$E:$E,日报!$E:$E,合格品入货记录!$A:$A,日报!AU$3),"") | AY25: =IF(SUMIFS(合格品出库记录!$G:$G,合格品出库记录!$E:$E,日报!$E:$E,合格品出库记录!$A:$A,日报!AY$3)<>0,SUMIFS(合格品出库记录!$G:$G,合格品出库记录!$E:$E,日报!$E:$E,合格品出库记录!$A:$A,日报!AY$3),"") | AZ25: =IF(SUMIFS(合格品出库记录!$G:$G,合格品出库记录!$E:$E,日报!$E:$E,合格品出库记录!$A:$A,日报!AZ$3)<>0,SUMIFS(合格品出库记录!$G:$G,合格品出库记录!$E:$E,日报!$E:$E,合格品出库记录!$A:$A,日报!AZ$3),"") | BA25: =IF(SUMIFS(合格品出库记录!$G:$G,合格品出库记录!$E:$E,日报!$E:$E,合格品出库记录!$A:$A,日报!BA$3)<>0,SUMIFS(合格品出库记录!$G:$G,合格品出库记录!$E:$E,日报!$E:$E,合格品出库记录!$A:$A,日报!BA$3),"") | BB25: =IF(SUMIFS(合格品出库记录!$G:$G,合格品出库记录!$E:$E,日报!$E:$E,合格品出库记录!$A:$A,日报!BB$3)<>0,SUMIFS(合格品出库记录!$G:$G,合格品出库记录!$E:$E,日报!$E:$E,合格品出库记录!$A:$A,日报!BB$3),"") | BC25: =IF(SUMIFS(合格品出库记录!$G:$G,合格品出库记录!$E:$E,日报!$E:$E,合格品出库记录!$A:$A,日报!BC$3)<>0,SUMIFS(合格品出库记录!$G:$G,合格品出库记录!$E:$E,日报!$E:$E,合格品出库记录!$A:$A,日报!BC$3),"") | BD25: =IF(SUMIFS(合格品出库记录!$G:$G,合格品出库记录!$E:$E,日报!$E:$E,合格品出库记录!$A:$A,日报!BD$3)<>0,SUMIFS(合格品出库记录!$G:$G,合格品出库记录!$E:$E,日报!$E:$E,合格品出库记录!$A:$A,日报!BD$3),"") | BE25: =IF(SUMIFS(合格品出库记录!$G:$G,合格品出库记录!$E:$E,日报!$E:$E,合格品出库记录!$A:$A,日报!BE$3)<>0,SUMIFS(合格品出库记录!$G:$G,合格品出库记录!$E:$E,日报!$E:$E,合格品出库记录!$A:$A,日报!BE$3),"") | BF25: =IF(SUMIFS(合格品出库记录!$G:$G,合格品出库记录!$E:$E,日报!$E:$E,合格品出库记录!$A:$A,日报!BF$3)<>0,SUMIFS(合格品出库记录!$G:$G,合格品出库记录!$E:$E,日报!$E:$E,合格品出库记录!$A:$A,日报!BF$3),"") | ... CC25: =IF(SUMIFS(合格品出库记录!$G:$G,合格品出库记录!$E:$E,日报!$E:$E,合格品出库记录!$A:$A,日报!CC$3)<>0,SUMIFS(合格品出库记录!$G:$G,合格品出库记录!$E:$E,日报!$E:$E,合格品出库记录!$A:$A,日报!CC$3),"")
A26: =ROW()-3 -> 23 | B26: =IFERROR(VLOOKUP(基础数据!B25,基础数据!B:B,1,0),"") -> 1AZ | C26: =IFERROR(VLOOKUP(基础数据!C25,基础数据!C:C,1,0),"") -> 芜湖博康机电股份有限公司 | E26: =IFERROR(VLOOKUP(基础数据!E25,基础数据!E:E,1,0),"") -> 3.2.50.30.01758-000 | F26: =IFERROR(VLOOKUP(基础数据!F25,基础数据!F:F,1,0),"") -> 线束总成 | G26: =IFERROR(VLOOKUP(基础数据!G25,基础数据!G:G,1,0),"") -> 100 | H26: =IFERROR(VLOOKUP(基础数据!H25,基础数据!H:H,1,0),"") -> 料盒 | I26: 1000 | J26: 0 | K26: =SUMIF(合格品入货记录!E:E,日报!E26,合格品入货记录!G:G) -> 1000 | L26: =SUMIF(合格品出库记录!E:E,日报!E26,合格品出库记录!G:G) -> 2000 | M26: =SUMIF(零跑退回!D:D,日报!E:E,零跑退回!F:F) -> 0 | N26: =SUMIF(库内不良!D:D,E:E,库内不良!F:F) -> 0 | O26: =SUMIF(退回供应商!D:D,日报!E:E,退回供应商!F:F) -> 0 | P26: =J26+M26+N26-O26 -> 0 | Q26: =I26+K26-L26-N26 -> 0 | T26: =IF(SUMIFS(合格品入货记录!$G:$G,合格品入货记录!$E:$E,日报!$E:$E,合格品入货记录!$A:$A,日报!T$3)<>0,SUMIFS(合格品入货记录!$G:$G,合格品入货记录!$E:$E,日报!$E:$E,合格品入货记录!$A:$A,日报!T$3),"") | U26: =IF(SUMIFS(合格品入货记录!$G:$G,合格品入货记录!$E:$E,日报!$E:$E,合格品入货记录!$A:$A,日报!U$3)<>0,SUMIFS(合格品入货记录!$G:$G,合格品入货记录!$E:$E,日报!$E:$E,合格品入货记录!$A:$A,日报!U$3),"") | V26: =IF(SUMIFS(合格品入货记录!$G:$G,合格品入货记录!$E:$E,日报!$E:$E,合格品入货记录!$A:$A,日报!V$3)<>0,SUMIFS(合格品入货记录!$G:$G,合格品入货记录!$E:$E,日报!$E:$E,合格品入货记录!$A:$A,日报!V$3),"") | W26: =IF(SUMIFS(合格品入货记录!$G:$G,合格品入货记录!$E:$E,日报!$E:$E,合格品入货记录!$A:$A,日报!W$3)<>0,SUMIFS(合格品入货记录!$G:$G,合格品入货记录!$E:$E,日报!$E:$E,合格品入货记录!$A:$A,日报!W$3),"") | X26: =IF(SUMIFS(合格品入货记录!$G:$G,合格品入货记录!$E:$E,日报!$E:$E,合格品入货记录!$A:$A,日报!X$3)<>0,SUMIFS(合格品入货记录!$G:$G,合格品入货记录!$E:$E,日报!$E:$E,合格品入货记录!$A:$A,日报!X$3),"") | Y26: =IF(SUMIFS(合格品入货记录!$G:$G,合格品入货记录!$E:$E,日报!$E:$E,合格品入货记录!$A:$A,日报!Y$3)<>0,SUMIFS(合格品入货记录!$G:$G,合格品入货记录!$E:$E,日报!$E:$E,合格品入货记录!$A:$A,日报!Y$3),"") | Z26: =IF(SUMIFS(合格品入货记录!$G:$G,合格品入货记录!$E:$E,日报!$E:$E,合格品入货记录!$A:$A,日报!Z$3)<>0,SUMIFS(合格品入货记录!$G:$G,合格品入货记录!$E:$E,日报!$E:$E,合格品入货记录!$A:$A,日报!Z$3),"") | AA26: =IF(SUMIFS(合格品入货记录!$G:$G,合格品入货记录!$E:$E,日报!$E:$E,合格品入货记录!$A:$A,日报!AA$3)<>0,SUMIFS(合格品入货记录!$G:$G,合格品入货记录!$E:$E,日报!$E:$E,合格品入货记录!$A:$A,日报!AA$3),"") | ... AU26: =IF(SUMIFS(合格品入货记录!$G:$G,合格品入货记录!$E:$E,日报!$E:$E,合格品入货记录!$A:$A,日报!AU$3)<>0,SUMIFS(合格品入货记录!$G:$G,合格品入货记录!$E:$E,日报!$E:$E,合格品入货记录!$A:$A,日报!AU$3),"") | AY26: =IF(SUMIFS(合格品出库记录!$G:$G,合格品出库记录!$E:$E,日报!$E:$E,合格品出库记录!$A:$A,日报!AY$3)<>0,SUMIFS(合格品出库记录!$G:$G,合格品出库记录!$E:$E,日报!$E:$E,合格品出库记录!$A:$A,日报!AY$3),"") | AZ26: =IF(SUMIFS(合格品出库记录!$G:$G,合格品出库记录!$E:$E,日报!$E:$E,合格品出库记录!$A:$A,日报!AZ$3)<>0,SUMIFS(合格品出库记录!$G:$G,合格品出库记录!$E:$E,日报!$E:$E,合格品出库记录!$A:$A,日报!AZ$3),"") | BA26: =IF(SUMIFS(合格品出库记录!$G:$G,合格品出库记录!$E:$E,日报!$E:$E,合格品出库记录!$A:$A,日报!BA$3)<>0,SUMIFS(合格品出库记录!$G:$G,合格品出库记录!$E:$E,日报!$E:$E,合格品出库记录!$A:$A,日报!BA$3),"") | BB26: =IF(SUMIFS(合格品出库记录!$G:$G,合格品出库记录!$E:$E,日报!$E:$E,合格品出库记录!$A:$A,日报!BB$3)<>0,SUMIFS(合格品出库记录!$G:$G,合格品出库记录!$E:$E,日报!$E:$E,合格品出库记录!$A:$A,日报!BB$3),"") | BC26: =IF(SUMIFS(合格品出库记录!$G:$G,合格品出库记录!$E:$E,日报!$E:$E,合格品出库记录!$A:$A,日报!BC$3)<>0,SUMIFS(合格品出库记录!$G:$G,合格品出库记录!$E:$E,日报!$E:$E,合格品出库记录!$A:$A,日报!BC$3),"") | BD26: =IF(SUMIFS(合格品出库记录!$G:$G,合格品出库记录!$E:$E,日报!$E:$E,合格品出库记录!$A:$A,日报!BD$3)<>0,SUMIFS(合格品出库记录!$G:$G,合格品出库记录!$E:$E,日报!$E:$E,合格品出库记录!$A:$A,日报!BD$3),"") | BE26: =IF(SUMIFS(合格品出库记录!$G:$G,合格品出库记录!$E:$E,日报!$E:$E,合格品出库记录!$A:$A,日报!BE$3)<>0,SUMIFS(合格品出库记录!$G:$G,合格品出库记录!$E:$E,日报!$E:$E,合格品出库记录!$A:$A,日报!BE$3),"") | BF26: =IF(SUMIFS(合格品出库记录!$G:$G,合格品出库记录!$E:$E,日报!$E:$E,合格品出库记录!$A:$A,日报!BF$3)<>0,SUMIFS(合格品出库记录!$G:$G,合格品出库记录!$E:$E,日报!$E:$E,合格品出库记录!$A:$A,日报!BF$3),"") | ... CC26: =IF(SUMIFS(合格品出库记录!$G:$G,合格品出库记录!$E:$E,日报!$E:$E,合格品出库记录!$A:$A,日报!CC$3)<>0,SUMIFS(合格品出库记录!$G:$G,合格品出库记录!$E:$E,日报!$E:$E,合格品出库记录!$A:$A,日报!CC$3),"")
A27: =ROW()-3 -> 24 | B27: =IFERROR(VLOOKUP(基础数据!B26,基础数据!B:B,1,0),"") -> 1AZ | C27: =IFERROR(VLOOKUP(基础数据!C26,基础数据!C:C,1,0),"") -> 芜湖博康机电股份有限公司 | E27: =IFERROR(VLOOKUP(基础数据!E26,基础数据!E:E,1,0),"") -> 3.2.50.30.01532-000 | F27: =IFERROR(VLOOKUP(基础数据!F26,基础数据!F:F,1,0),"") -> 线束总成 | G27: =IFERROR(VLOOKUP(基础数据!G26,基础数据!G:G,1,0),"") -> 100 | H27: =IFERROR(VLOOKUP(基础数据!H26,基础数据!H:H,1,0),"") -> 料盒 | I27: 1000 | J27: 0 | K27: =SUMIF(合格品入货记录!E:E,日报!E27,合格品入货记录!G:G) -> 1000 | L27: =SUMIF(合格品出库记录!E:E,日报!E27,合格品出库记录!G:G) -> 2000 | M27: =SUMIF(零跑退回!D:D,日报!E:E,零跑退回!F:F) -> 0 | N27: =SUMIF(库内不良!D:D,E:E,库内不良!F:F) -> 0 | O27: =SUMIF(退回供应商!D:D,日报!E:E,退回供应商!F:F) -> 0 | P27: =J27+M27+N27-O27 -> 0 | Q27: =I27+K27-L27-N27 -> 0 | T27: =IF(SUMIFS(合格品入货记录!$G:$G,合格品入货记录!$E:$E,日报!$E:$E,合格品入货记录!$A:$A,日报!T$3)<>0,SUMIFS(合格品入货记录!$G:$G,合格品入货记录!$E:$E,日报!$E:$E,合格品入货记录!$A:$A,日报!T$3),"") | U27: =IF(SUMIFS(合格品入货记录!$G:$G,合格品入货记录!$E:$E,日报!$E:$E,合格品入货记录!$A:$A,日报!U$3)<>0,SUMIFS(合格品入货记录!$G:$G,合格品入货记录!$E:$E,日报!$E:$E,合格品入货记录!$A:$A,日报!U$3),"") | V27: =IF(SUMIFS(合格品入货记录!$G:$G,合格品入货记录!$E:$E,日报!$E:$E,合格品入货记录!$A:$A,日报!V$3)<>0,SUMIFS(合格品入货记录!$G:$G,合格品入货记录!$E:$E,日报!$E:$E,合格品入货记录!$A:$A,日报!V$3),"") | W27: =IF(SUMIFS(合格品入货记录!$G:$G,合格品入货记录!$E:$E,日报!$E:$E,合格品入货记录!$A:$A,日报!W$3)<>0,SUMIFS(合格品入货记录!$G:$G,合格品入货记录!$E:$E,日报!$E:$E,合格品入货记录!$A:$A,日报!W$3),"") | X27: =IF(SUMIFS(合格品入货记录!$G:$G,合格品入货记录!$E:$E,日报!$E:$E,合格品入货记录!$A:$A,日报!X$3)<>0,SUMIFS(合格品入货记录!$G:$G,合格品入货记录!$E:$E,日报!$E:$E,合格品入货记录!$A:$A,日报!X$3),"") | Y27: =IF(SUMIFS(合格品入货记录!$G:$G,合格品入货记录!$E:$E,日报!$E:$E,合格品入货记录!$A:$A,日报!Y$3)<>0,SUMIFS(合格品入货记录!$G:$G,合格品入货记录!$E:$E,日报!$E:$E,合格品入货记录!$A:$A,日报!Y$3),"") | Z27: =IF(SUMIFS(合格品入货记录!$G:$G,合格品入货记录!$E:$E,日报!$E:$E,合格品入货记录!$A:$A,日报!Z$3)<>0,SUMIFS(合格品入货记录!$G:$G,合格品入货记录!$E:$E,日报!$E:$E,合格品入货记录!$A:$A,日报!Z$3),"") | AA27: =IF(SUMIFS(合格品入货记录!$G:$G,合格品入货记录!$E:$E,日报!$E:$E,合格品入货记录!$A:$A,日报!AA$3)<>0,SUMIFS(合格品入货记录!$G:$G,合格品入货记录!$E:$E,日报!$E:$E,合格品入货记录!$A:$A,日报!AA$3),"") | ... AU27: =IF(SUMIFS(合格品入货记录!$G:$G,合格品入货记录!$E:$E,日报!$E:$E,合格品入货记录!$A:$A,日报!AU$3)<>0,SUMIFS(合格品入货记录!$G:$G,合格品入货记录!$E:$E,日报!$E:$E,合格品入货记录!$A:$A,日报!AU$3),"") | AY27: =IF(SUMIFS(合格品出库记录!$G:$G,合格品出库记录!$E:$E,日报!$E:$E,合格品出库记录!$A:$A,日报!AY$3)<>0,SUMIFS(合格品出库记录!$G:$G,合格品出库记录!$E:$E,日报!$E:$E,合格品出库记录!$A:$A,日报!AY$3),"") | AZ27: =IF(SUMIFS(合格品出库记录!$G:$G,合格品出库记录!$E:$E,日报!$E:$E,合格品出库记录!$A:$A,日报!AZ$3)<>0,SUMIFS(合格品出库记录!$G:$G,合格品出库记录!$E:$E,日报!$E:$E,合格品出库记录!$A:$A,日报!AZ$3),"") | BA27: =IF(SUMIFS(合格品出库记录!$G:$G,合格品出库记录!$E:$E,日报!$E:$E,合格品出库记录!$A:$A,日报!BA$3)<>0,SUMIFS(合格品出库记录!$G:$G,合格品出库记录!$E:$E,日报!$E:$E,合格品出库记录!$A:$A,日报!BA$3),"") | BB27: =IF(SUMIFS(合格品出库记录!$G:$G,合格品出库记录!$E:$E,日报!$E:$E,合格品出库记录!$A:$A,日报!BB$3)<>0,SUMIFS(合格品出库记录!$G:$G,合格品出库记录!$E:$E,日报!$E:$E,合格品出库记录!$A:$A,日报!BB$3),"") | BC27: =IF(SUMIFS(合格品出库记录!$G:$G,合格品出库记录!$E:$E,日报!$E:$E,合格品出库记录!$A:$A,日报!BC$3)<>0,SUMIFS(合格品出库记录!$G:$G,合格品出库记录!$E:$E,日报!$E:$E,合格品出库记录!$A:$A,日报!BC$3),"") | BD27: =IF(SUMIFS(合格品出库记录!$G:$G,合格品出库记录!$E:$E,日报!$E:$E,合格品出库记录!$A:$A,日报!BD$3)<>0,SUMIFS(合格品出库记录!$G:$G,合格品出库记录!$E:$E,日报!$E:$E,合格品出库记录!$A:$A,日报!BD$3),"") | BE27: =IF(SUMIFS(合格品出库记录!$G:$G,合格品出库记录!$E:$E,日报!$E:$E,合格品出库记录!$A:$A,日报!BE$3)<>0,SUMIFS(合格品出库记录!$G:$G,合格品出库记录!$E:$E,日报!$E:$E,合格品出库记录!$A:$A,日报!BE$3),"") | BF27: =IF(SUMIFS(合格品出库记录!$G:$G,合格品出库记录!$E:$E,日报!$E:$E,合格品出库记录!$A:$A,日报!BF$3)<>0,SUMIFS(合格品出库记录!$G:$G,合格品出库记录!$E:$E,日报!$E:$E,合格品出库记录!$A:$A,日报!BF$3),"") | ... CC27: =IF(SUMIFS(合格品出库记录!$G:$G,合格品出库记录!$E:$E,日报!$E:$E,合格品出库记录!$A:$A,日报!CC$3)<>0,SUMIFS(合格品出库记录!$G:$G,合格品出库记录!$E:$E,日报!$E:$E,合格品出库记录!$A:$A,日报!CC$3),"")
A28: =ROW()-3 -> 25 | B28: =IFERROR(VLOOKUP(基础数据!B27,基础数据!B:B,1,0),"") -> 1AZ | C28: =IFERROR(VLOOKUP(基础数据!C27,基础数据!C:C,1,0),"") -> 芜湖博康机电股份有限公司 | E28: =IFERROR(VLOOKUP(基础数据!E27,基础数据!E:E,1,0),"") -> 3.2.50.30.02391-000 | F28: =IFERROR(VLOOKUP(基础数据!F27,基础数据!F:F,1,0),"") -> 线束总成 | G28: =IFERROR(VLOOKUP(基础数据!G27,基础数据!G:G,1,0),"") -> 30 | H28: =IFERROR(VLOOKUP(基础数据!H27,基础数据!H:H,1,0),"") -> 料盒 | I28: 0 | J28: 0 | K28: =SUMIF(合格品入货记录!E:E,日报!E28,合格品入货记录!G:G) -> 2649 | L28: =SUMIF(合格品出库记录!E:E,日报!E28,合格品出库记录!G:G) -> 2250 | M28: =SUMIF(零跑退回!D:D,日报!E:E,零跑退回!F:F) -> 0 | N28: =SUMIF(库内不良!D:D,E:E,库内不良!F:F) -> 0 | O28: =SUMIF(退回供应商!D:D,日报!E:E,退回供应商!F:F) -> 0 | P28: =J28+M28+N28-O28 -> 0 | Q28: =I28+K28-L28-N28 -> 399 | T28: =IF(SUMIFS(合格品入货记录!$G:$G,合格品入货记录!$E:$E,日报!$E:$E,合格品入货记录!$A:$A,日报!T$3)<>0,SUMIFS(合格品入货记录!$G:$G,合格品入货记录!$E:$E,日报!$E:$E,合格品入货记录!$A:$A,日报!T$3),"") | U28: =IF(SUMIFS(合格品入货记录!$G:$G,合格品入货记录!$E:$E,日报!$E:$E,合格品入货记录!$A:$A,日报!U$3)<>0,SUMIFS(合格品入货记录!$G:$G,合格品入货记录!$E:$E,日报!$E:$E,合格品入货记录!$A:$A,日报!U$3),"") -> 810 | V28: =IF(SUMIFS(合格品入货记录!$G:$G,合格品入货记录!$E:$E,日报!$E:$E,合格品入货记录!$A:$A,日报!V$3)<>0,SUMIFS(合格品入货记录!$G:$G,合格品入货记录!$E:$E,日报!$E:$E,合格品入货记录!$A:$A,日报!V$3),"") | W28: =IF(SUMIFS(合格品入货记录!$G:$G,合格品入货记录!$E:$E,日报!$E:$E,合格品入货记录!$A:$A,日报!W$3)<>0,SUMIFS(合格品入货记录!$G:$G,合格品入货记录!$E:$E,日报!$E:$E,合格品入货记录!$A:$A,日报!W$3),"") | X28: =IF(SUMIFS(合格品入货记录!$G:$G,合格品入货记录!$E:$E,日报!$E:$E,合格品入货记录!$A:$A,日报!X$3)<>0,SUMIFS(合格品入货记录!$G:$G,合格品入货记录!$E:$E,日报!$E:$E,合格品入货记录!$A:$A,日报!X$3),"") -> 510 | Y28: =IF(SUMIFS(合格品入货记录!$G:$G,合格品入货记录!$E:$E,日报!$E:$E,合格品入货记录!$A:$A,日报!Y$3)<>0,SUMIFS(合格品入货记录!$G:$G,合格品入货记录!$E:$E,日报!$E:$E,合格品入货记录!$A:$A,日报!Y$3),"") -> 600 | Z28: =IF(SUMIFS(合格品入货记录!$G:$G,合格品入货记录!$E:$E,日报!$E:$E,合格品入货记录!$A:$A,日报!Z$3)<>0,SUMIFS(合格品入货记录!$G:$G,合格品入货记录!$E:$E,日报!$E:$E,合格品入货记录!$A:$A,日报!Z$3),"") -> 729 | AA28: =IF(SUMIFS(合格品入货记录!$G:$G,合格品入货记录!$E:$E,日报!$E:$E,合格品入货记录!$A:$A,日报!AA$3)<>0,SUMIFS(合格品入货记录!$G:$G,合格品入货记录!$E:$E,日报!$E:$E,合格品入货记录!$A:$A,日报!AA$3),"") | ... AU28: =IF(SUMIFS(合格品入货记录!$G:$G,合格品入货记录!$E:$E,日报!$E:$E,合格品入货记录!$A:$A,日报!AU$3)<>0,SUMIFS(合格品入货记录!$G:$G,合格品入货记录!$E:$E,日报!$E:$E,合格品入货记录!$A:$A,日报!AU$3),"") | AY28: =IF(SUMIFS(合格品出库记录!$G:$G,合格品出库记录!$E:$E,日报!$E:$E,合格品出库记录!$A:$A,日报!AY$3)<>0,SUMIFS(合格品出库记录!$G:$G,合格品出库记录!$E:$E,日报!$E:$E,合格品出库记录!$A:$A,日报!AY$3),"") | AZ28: =IF(SUMIFS(合格品出库记录!$G:$G,合格品出库记录!$E:$E,日报!$E:$E,合格品出库记录!$A:$A,日报!AZ$3)<>0,SUMIFS(合格品出库记录!$G:$G,合格品出库记录!$E:$E,日报!$E:$E,合格品出库记录!$A:$A,日报!AZ$3),"") | BA28: =IF(SUMIFS(合格品出库记录!$G:$G,合格品出库记录!$E:$E,日报!$E:$E,合格品出库记录!$A:$A,日报!BA$3)<>0,SUMIFS(合格品出库记录!$G:$G,合格品出库记录!$E:$E,日报!$E:$E,合格品出库记录!$A:$A,日报!BA$3),"") | BB28: =IF(SUMIFS(合格品出库记录!$G:$G,合格品出库记录!$E:$E,日报!$E:$E,合格品出库记录!$A:$A,日报!BB$3)<>0,SUMIFS(合格品出库记录!$G:$G,合格品出库记录!$E:$E,日报!$E:$E,合格品出库记录!$A:$A,日报!BB$3),"") | BC28: =IF(SUMIFS(合格品出库记录!$G:$G,合格品出库记录!$E:$E,日报!$E:$E,合格品出库记录!$A:$A,日报!BC$3)<>0,SUMIFS(合格品出库记录!$G:$G,合格品出库记录!$E:$E,日报!$E:$E,合格品出库记录!$A:$A,日报!BC$3),"") | BD28: =IF(SUMIFS(合格品出库记录!$G:$G,合格品出库记录!$E:$E,日报!$E:$E,合格品出库记录!$A:$A,日报!BD$3)<>0,SUMIFS(合格品出库记录!$G:$G,合格品出库记录!$E:$E,日报!$E:$E,合格品出库记录!$A:$A,日报!BD$3),"") | BE28: =IF(SUMIFS(合格品出库记录!$G:$G,合格品出库记录!$E:$E,日报!$E:$E,合格品出库记录!$A:$A,日报!BE$3)<>0,SUMIFS(合格品出库记录!$G:$G,合格品出库记录!$E:$E,日报!$E:$E,合格品出库记录!$A:$A,日报!BE$3),"") | BF28: =IF(SUMIFS(合格品出库记录!$G:$G,合格品出库记录!$E:$E,日报!$E:$E,合格品出库记录!$A:$A,日报!BF$3)<>0,SUMIFS(合格品出库记录!$G:$G,合格品出库记录!$E:$E,日报!$E:$E,合格品出库记录!$A:$A,日报!BF$3),"") -> 2250 | ... CC28: =IF(SUMIFS(合格品出库记录!$G:$G,合格品出库记录!$E:$E,日报!$E:$E,合格品出库记录!$A:$A,日报!CC$3)<>0,SUMIFS(合格品出库记录!$G:$G,合格品出库记录!$E:$E,日报!$E:$E,合格品出库记录!$A:$A,日报!CC$3),"")
A29: =ROW()-3 -> 26 | B29: =IFERROR(VLOOKUP(基础数据!B28,基础数据!B:B,1,0),"") -> 1AZ | C29: =IFERROR(VLOOKUP(基础数据!C28,基础数据!C:C,1,0),"") -> 芜湖博康机电股份有限公司 | E29: =IFERROR(VLOOKUP(基础数据!E28,基础数据!E:E,1,0),"") -> 3.2.50.30.02392-000 | F29: =IFERROR(VLOOKUP(基础数据!F28,基础数据!F:F,1,0),"") -> 线束总成 | G29: =IFERROR(VLOOKUP(基础数据!G28,基础数据!G:G,1,0),"") -> 20 | H29: =IFERROR(VLOOKUP(基础数据!H28,基础数据!H:H,1,0),"") -> 料盒 | I29: 0 | J29: 0 | K29: =SUMIF(合格品入货记录!E:E,日报!E29,合格品入货记录!G:G) -> 2650 | L29: =SUMIF(合格品出库记录!E:E,日报!E29,合格品出库记录!G:G) -> 2000 | M29: =SUMIF(零跑退回!D:D,日报!E:E,零跑退回!F:F) -> 0 | N29: =SUMIF(库内不良!D:D,E:E,库内不良!F:F) -> 0 | O29: =SUMIF(退回供应商!D:D,日报!E:E,退回供应商!F:F) -> 0 | P29: =J29+M29+N29-O29 -> 0 | Q29: =I29+K29-L29-N29 -> 650 | T29: =IF(SUMIFS(合格品入货记录!$G:$G,合格品入货记录!$E:$E,日报!$E:$E,合格品入货记录!$A:$A,日报!T$3)<>0,SUMIFS(合格品入货记录!$G:$G,合格品入货记录!$E:$E,日报!$E:$E,合格品入货记录!$A:$A,日报!T$3),"") | U29: =IF(SUMIFS(合格品入货记录!$G:$G,合格品入货记录!$E:$E,日报!$E:$E,合格品入货记录!$A:$A,日报!U$3)<>0,SUMIFS(合格品入货记录!$G:$G,合格品入货记录!$E:$E,日报!$E:$E,合格品入货记录!$A:$A,日报!U$3),"") -> 800 | V29: =IF(SUMIFS(合格品入货记录!$G:$G,合格品入货记录!$E:$E,日报!$E:$E,合格品入货记录!$A:$A,日报!V$3)<>0,SUMIFS(合格品入货记录!$G:$G,合格品入货记录!$E:$E,日报!$E:$E,合格品入货记录!$A:$A,日报!V$3),"") | W29: =IF(SUMIFS(合格品入货记录!$G:$G,合格品入货记录!$E:$E,日报!$E:$E,合格品入货记录!$A:$A,日报!W$3)<>0,SUMIFS(合格品入货记录!$G:$G,合格品入货记录!$E:$E,日报!$E:$E,合格品入货记录!$A:$A,日报!W$3),"") | X29: =IF(SUMIFS(合格品入货记录!$G:$G,合格品入货记录!$E:$E,日报!$E:$E,合格品入货记录!$A:$A,日报!X$3)<>0,SUMIFS(合格品入货记录!$G:$G,合格品入货记录!$E:$E,日报!$E:$E,合格品入货记录!$A:$A,日报!X$3),"") -> 500 | Y29: =IF(SUMIFS(合格品入货记录!$G:$G,合格品入货记录!$E:$E,日报!$E:$E,合格品入货记录!$A:$A,日报!Y$3)<>0,SUMIFS(合格品入货记录!$G:$G,合格品入货记录!$E:$E,日报!$E:$E,合格品入货记录!$A:$A,日报!Y$3),"") -> 1040 | Z29: =IF(SUMIFS(合格品入货记录!$G:$G,合格品入货记录!$E:$E,日报!$E:$E,合格品入货记录!$A:$A,日报!Z$3)<>0,SUMIFS(合格品入货记录!$G:$G,合格品入货记录!$E:$E,日报!$E:$E,合格品入货记录!$A:$A,日报!Z$3),"") -> 310 | AA29: =IF(SUMIFS(合格品入货记录!$G:$G,合格品入货记录!$E:$E,日报!$E:$E,合格品入货记录!$A:$A,日报!AA$3)<>0,SUMIFS(合格品入货记录!$G:$G,合格品入货记录!$E:$E,日报!$E:$E,合格品入货记录!$A:$A,日报!AA$3),"") | ... AU29: =IF(SUMIFS(合格品入货记录!$G:$G,合格品入货记录!$E:$E,日报!$E:$E,合格品入货记录!$A:$A,日报!AU$3)<>0,SUMIFS(合格品入货记录!$G:$G,合格品入货记录!$E:$E,日报!$E:$E,合格品入货记录!$A:$A,日报!AU$3),"") | AY29: =IF(SUMIFS(合格品出库记录!$G:$G,合格品出库记录!$E:$E,日报!$E:$E,合格品出库记录!$A:$A,日报!AY$3)<>0,SUMIFS(合格品出库记录!$G:$G,合格品出库记录!$E:$E,日报!$E:$E,合格品出库记录!$A:$A,日报!AY$3),"") | AZ29: =IF(SUMIFS(合格品出库记录!$G:$G,合格品出库记录!$E:$E,日报!$E:$E,合格品出库记录!$A:$A,日报!AZ$3)<>0,SUMIFS(合格品出库记录!$G:$G,合格品出库记录!$E:$E,日报!$E:$E,合格品出库记录!$A:$A,日报!AZ$3),"") | BA29: =IF(SUMIFS(合格品出库记录!$G:$G,合格品出库记录!$E:$E,日报!$E:$E,合格品出库记录!$A:$A,日报!BA$3)<>0,SUMIFS(合格品出库记录!$G:$G,合格品出库记录!$E:$E,日报!$E:$E,合格品出库记录!$A:$A,日报!BA$3),"") | BB29: =IF(SUMIFS(合格品出库记录!$G:$G,合格品出库记录!$E:$E,日报!$E:$E,合格品出库记录!$A:$A,日报!BB$3)<>0,SUMIFS(合格品出库记录!$G:$G,合格品出库记录!$E:$E,日报!$E:$E,合格品出库记录!$A:$A,日报!BB$3),"") | BC29: =IF(SUMIFS(合格品出库记录!$G:$G,合格品出库记录!$E:$E,日报!$E:$E,合格品出库记录!$A:$A,日报!BC$3)<>0,SUMIFS(合格品出库记录!$G:$G,合格品出库记录!$E:$E,日报!$E:$E,合格品出库记录!$A:$A,日报!BC$3),"") | BD29: =IF(SUMIFS(合格品出库记录!$G:$G,合格品出库记录!$E:$E,日报!$E:$E,合格品出库记录!$A:$A,日报!BD$3)<>0,SUMIFS(合格品出库记录!$G:$G,合格品出库记录!$E:$E,日报!$E:$E,合格品出库记录!$A:$A,日报!BD$3),"") | BE29: =IF(SUMIFS(合格品出库记录!$G:$G,合格品出库记录!$E:$E,日报!$E:$E,合格品出库记录!$A:$A,日报!BE$3)<>0,SUMIFS(合格品出库记录!$G:$G,合格品出库记录!$E:$E,日报!$E:$E,合格品出库记录!$A:$A,日报!BE$3),"") | BF29: =IF(SUMIFS(合格品出库记录!$G:$G,合格品出库记录!$E:$E,日报!$E:$E,合格品出库记录!$A:$A,日报!BF$3)<>0,SUMIFS(合格品出库记录!$G:$G,合格品出库记录!$E:$E,日报!$E:$E,合格品出库记录!$A:$A,日报!BF$3),"") -> 2000 | ... CC29: =IF(SUMIFS(合格品出库记录!$G:$G,合格品出库记录!$E:$E,日报!$E:$E,合格品出库记录!$A:$A,日报!CC$3)<>0,SUMIFS(合格品出库记录!$G:$G,合格品出库记录!$E:$E,日报!$E:$E,合格品出库记录!$A:$A,日报!CC$3),"")
... A36: =ROW()-3 -> 33 | B36: =IFERROR(VLOOKUP(基础数据!B35,基础数据!B:B,1,0),"") | C36: =IFERROR(VLOOKUP(基础数据!C35,基础数据!C:C,1,0),"") | E36: =IFERROR(VLOOKUP(基础数据!E35,基础数据!E:E,1,0),"") | F36: =IFERROR(VLOOKUP(基础数据!F35,基础数据!F:F,1,0),"") | G36: =IFERROR(VLOOKUP(基础数据!G35,基础数据!G:G,1,0),"") | H36: =IFERROR(VLOOKUP(基础数据!H35,基础数据!H:H,1,0),"") | I36: 0 | J36: 0 | K36: =SUMIF(合格品入货记录!E:E,日报!E36,合格品入货记录!G:G) -> 0 | L36: =SUMIF(合格品出库记录!E:E,日报!E36,合格品出库记录!G:G) -> 0 | M36: =SUMIF(零跑退回!D:D,日报!E:E,零跑退回!F:F) -> 0 | N36: =SUMIF(库内不良!D:D,E:E,库内不良!F:F) -> 0 | O36: =SUMIF(退回供应商!D:D,日报!E:E,退回供应商!F:F) -> 0 | P36: =J36+M36+N36-O36 -> 0 | Q36: =I36+K36-L36-N36 -> 0 | T36: =IF(SUMIFS(合格品入货记录!$G:$G,合格品入货记录!$E:$E,日报!$E:$E,合格品入货记录!$A:$A,日报!T$3)<>0,SUMIFS(合格品入货记录!$G:$G,合格品入货记录!$E:$E,日报!$E:$E,合格品入货记录!$A:$A,日报!T$3),"") | U36: =IF(SUMIFS(合格品入货记录!$G:$G,合格品入货记录!$E:$E,日报!$E:$E,合格品入货记录!$A:$A,日报!U$3)<>0,SUMIFS(合格品入货记录!$G:$G,合格品入货记录!$E:$E,日报!$E:$E,合格品入货记录!$A:$A,日报!U$3),"") | V36: =IF(SUMIFS(合格品入货记录!$G:$G,合格品入货记录!$E:$E,日报!$E:$E,合格品入货记录!$A:$A,日报!V$3)<>0,SUMIFS(合格品入货记录!$G:$G,合格品入货记录!$E:$E,日报!$E:$E,合格品入货记录!$A:$A,日报!V$3),"") | W36: =IF(SUMIFS(合格品入货记录!$G:$G,合格品入货记录!$E:$E,日报!$E:$E,合格品入货记录!$A:$A,日报!W$3)<>0,SUMIFS(合格品入货记录!$G:$G,合格品入货记录!$E:$E,日报!$E:$E,合格品入货记录!$A:$A,日报!W$3),"") | X36: =IF(SUMIFS(合格品入货记录!$G:$G,合格品入货记录!$E:$E,日报!$E:$E,合格品入货记录!$A:$A,日报!X$3)<>0,SUMIFS(合格品入货记录!$G:$G,合格品入货记录!$E:$E,日报!$E:$E,合格品入货记录!$A:$A,日报!X$3),"") | Y36: =IF(SUMIFS(合格品入货记录!$G:$G,合格品入货记录!$E:$E,日报!$E:$E,合格品入货记录!$A:$A,日报!Y$3)<>0,SUMIFS(合格品入货记录!$G:$G,合格品入货记录!$E:$E,日报!$E:$E,合格品入货记录!$A:$A,日报!Y$3),"") | Z36: =IF(SUMIFS(合格品入货记录!$G:$G,合格品入货记录!$E:$E,日报!$E:$E,合格品入货记录!$A:$A,日报!Z$3)<>0,SUMIFS(合格品入货记录!$G:$G,合格品入货记录!$E:$E,日报!$E:$E,合格品入货记录!$A:$A,日报!Z$3),"") | AA36: =IF(SUMIFS(合格品入货记录!$G:$G,合格品入货记录!$E:$E,日报!$E:$E,合格品入货记录!$A:$A,日报!AA$3)<>0,SUMIFS(合格品入货记录!$G:$G,合格品入货记录!$E:$E,日报!$E:$E,合格品入货记录!$A:$A,日报!AA$3),"") | ... AU36: =IF(SUMIFS(合格品入货记录!$G:$G,合格品入货记录!$E:$E,日报!$E:$E,合格品入货记录!$A:$A,日报!AU$3)<>0,SUMIFS(合格品入货记录!$G:$G,合格品入货记录!$E:$E,日报!$E:$E,合格品入货记录!$A:$A,日报!AU$3),"") | AY36: =IF(SUMIFS(合格品出库记录!$G:$G,合格品出库记录!$E:$E,日报!$E:$E,合格品出库记录!$A:$A,日报!AY$3)<>0,SUMIFS(合格品出库记录!$G:$G,合格品出库记录!$E:$E,日报!$E:$E,合格品出库记录!$A:$A,日报!AY$3),"") | AZ36: =IF(SUMIFS(合格品出库记录!$G:$G,合格品出库记录!$E:$E,日报!$E:$E,合格品出库记录!$A:$A,日报!AZ$3)<>0,SUMIFS(合格品出库记录!$G:$G,合格品出库记录!$E:$E,日报!$E:$E,合格品出库记录!$A:$A,日报!AZ$3),"") | BA36: =IF(SUMIFS(合格品出库记录!$G:$G,合格品出库记录!$E:$E,日报!$E:$E,合格品出库记录!$A:$A,日报!BA$3)<>0,SUMIFS(合格品出库记录!$G:$G,合格品出库记录!$E:$E,日报!$E:$E,合格品出库记录!$A:$A,日报!BA$3),"") | BB36: =IF(SUMIFS(合格品出库记录!$G:$G,合格品出库记录!$E:$E,日报!$E:$E,合格品出库记录!$A:$A,日报!BB$3)<>0,SUMIFS(合格品出库记录!$G:$G,合格品出库记录!$E:$E,日报!$E:$E,合格品出库记录!$A:$A,日报!BB$3),"") | BC36: =IF(SUMIFS(合格品出库记录!$G:$G,合格品出库记录!$E:$E,日报!$E:$E,合格品出库记录!$A:$A,日报!BC$3)<>0,SUMIFS(合格品出库记录!$G:$G,合格品出库记录!$E:$E,日报!$E:$E,合格品出库记录!$A:$A,日报!BC$3),"") | BD36: =IF(SUMIFS(合格品出库记录!$G:$G,合格品出库记录!$E:$E,日报!$E:$E,合格品出库记录!$A:$A,日报!BD$3)<>0,SUMIFS(合格品出库记录!$G:$G,合格品出库记录!$E:$E,日报!$E:$E,合格品出库记录!$A:$A,日报!BD$3),"") | BE36: =IF(SUMIFS(合格品出库记录!$G:$G,合格品出库记录!$E:$E,日报!$E:$E,合格品出库记录!$A:$A,日报!BE$3)<>0,SUMIFS(合格品出库记录!$G:$G,合格品出库记录!$E:$E,日报!$E:$E,合格品出库记录!$A:$A,日报!BE$3),"") | BF36: =IF(SUMIFS(合格品出库记录!$G:$G,合格品出库记录!$E:$E,日报!$E:$E,合格品出库记录!$A:$A,日报!BF$3)<>0,SUMIFS(合格品出库记录!$G:$G,合格品出库记录!$E:$E,日报!$E:$E,合格品出库记录!$A:$A,日报!BF$3),"") | ... CC36: =IF(SUMIFS(合格品出库记录!$G:$G,合格品出库记录!$E:$E,日报!$E:$E,合格品出库记录!$A:$A,日报!CC$3)<>0,SUMIFS(合格品出库记录!$G:$G,合格品出库记录!$E:$E,日报!$E:$E,合格品出库记录!$A:$A,日报!CC$3),"")

Sheet 合格品入货记录
A1: 到货日期 | B1: 厂家代码 | C1: 供应商名称 | D1: 到货单号 | E1: 零件编号 | F1: 零件名称 | G1: 收货数量 | H1: 包装类型 | I1: 包装数量 | J1: 备注 | K1: 箱数
A2: 46144 | B2: 1AZ | C2: 芜湖博康机电股份有限公司 | E2: 3.1.02.30.00776 | F2: =VLOOKUP(E2,基础数据!E:F,2,FALSE) -> LX00148-CCS总成 | G2: 900 | H2: =VLOOKUP(E2,基础数据!E:H,4,FALSE) -> 纸箱 | I2: =VLOOKUP(E2,基础数据!E:G,3,FALSE) -> 12 | J2: 昌 玉 | K2: =IFERROR(G2/I2,"") -> 75
A3: 46144 | B3: 1AZ | C3: 芜湖博康机电股份有限公司 | E3: 3.2.50.30.02391-000 | F3: =VLOOKUP(E3,基础数据!E:F,2,FALSE) -> 线束总成 | G3: 810 | H3: =VLOOKUP(E3,基础数据!E:H,4,FALSE) -> 料盒 | I3: =VLOOKUP(E3,基础数据!E:G,3,FALSE) -> 30 | J3: 昌 玉 | K3: =IFERROR(G3/I3,"") -> 27
A4: 46144 | B4: 1AZ | C4: 芜湖博康机电股份有限公司 | E4: 3.2.50.30.02392-000 | F4: =VLOOKUP(E4,基础数据!E:F,2,FALSE) -> 线束总成 | G4: 800 | H4: =VLOOKUP(E4,基础数据!E:H,4,FALSE) -> 料盒 | I4: =VLOOKUP(E4,基础数据!E:G,3,FALSE) -> 20 | J4: 昌 玉 | K4: =IFERROR(G4/I4,"") -> 40
A5: 46147 | B5: 1AZ | C5: 芜湖博康机电股份有限公司 | E5: 3.2.50.30.02391-000 | F5: =VLOOKUP(E5,基础数据!E:F,2,FALSE) -> 线束总成 | G5: 510 | H5: =VLOOKUP(E5,基础数据!E:H,4,FALSE) -> 料盒 | I5: =VLOOKUP(E5,基础数据!E:G,3,FALSE) -> 30 | J5: 昌 玉 | K5: =IFERROR(G5/I5,"") -> 17
A6: 46147 | B6: 1AZ | C6: 芜湖博康机电股份有限公司 | E6: 3.2.50.30.02392-000 | F6: =VLOOKUP(E6,基础数据!E:F,2,FALSE) -> 线束总成 | G6: 500 | H6: =VLOOKUP(E6,基础数据!E:H,4,FALSE) -> 料盒 | I6: =VLOOKUP(E6,基础数据!E:G,3,FALSE) -> 20 | J6: 昌 玉 | K6: =IFERROR(G6/I6,"") -> 25
A7: 46147 | B7: 1AZ | C7: 芜湖博康机电股份有限公司 | E7: 3.1.02.30.00776 | F7: =VLOOKUP(E7,基础数据!E:F,2,FALSE) -> LX00148-CCS总成 | G7: 600 | H7: =VLOOKUP(E7,基础数据!E:H,4,FALSE) -> 纸箱 | I7: =VLOOKUP(E7,基础数据!E:G,3,FALSE) -> 12 | J7: 昌 玉 | K7: =IFERROR(G7/I7,"") -> 50
A8: 46148 | B8: 1AZ | C8: 芜湖博康机电股份有限公司 | E8: 3.1.02.30.00776 | F8: =VLOOKUP(E8,基础数据!E:F,2,FALSE) -> LX00148-CCS总成 | G8: 600 | H8: =VLOOKUP(E8,基础数据!E:H,4,FALSE) -> 纸箱 | I8: =VLOOKUP(E8,基础数据!E:G,3,FALSE) -> 12 | J8: 昌 玉 | K8: =IFERROR(G8/I8,"") -> 50
A9: 46148 | B9: 1AZ | C9: 芜湖博康机电股份有限公司 | E9: 3.2.50.30.02364-000 | F9: =VLOOKUP(E9,基础数据!E:F,2,FALSE) -> 线束总成 | G9: 55 | H9: =VLOOKUP(E9,基础数据!E:H,4,FALSE) -> 料盒 | I9: =VLOOKUP(E9,基础数据!E:G,3,FALSE) -> 55 | J9: 昌 玉 | K9: =IFERROR(G9/I9,"") -> 1
A10: 46148 | B10: 1AZ | C10: 芜湖博康机电股份有限公司 | E10: 3.2.50.30.02365-000 | F10: =VLOOKUP(E10,基础数据!E:F,2,FALSE) -> 线束总成 | G10: 55 | H10: =VLOOKUP(E10,基础数据!E:H,4,FALSE) -> 料盒 | I10: =VLOOKUP(E10,基础数据!E:G,3,FALSE) -> 55 | J10: 昌 玉 | K10: =IFERROR(G10/I10,"") -> 1
A11: 46148 | B11: 1AZ | C11: 芜湖博康机电股份有限公司 | E11: 3.2.50.30.02366-000 | F11: =VLOOKUP(E11,基础数据!E:F,2,FALSE) -> 线束总成 | G11: 55 | H11: =VLOOKUP(E11,基础数据!E:H,4,FALSE) -> 料盒 | I11: =VLOOKUP(E11,基础数据!E:G,3,FALSE) -> 55 | J11: 昌 玉 | K11: =IFERROR(G11/I11,"") -> 1
A12: 46148 | B12: 1AZ | C12: 芜湖博康机电股份有限公司 | E12: 3.2.50.30.02363-000 | F12: =VLOOKUP(E12,基础数据!E:F,2,FALSE) -> 线束总成 | G12: 105 | H12: =VLOOKUP(E12,基础数据!E:H,4,FALSE) -> 料盒 | I12: =VLOOKUP(E12,基础数据!E:G,3,FALSE) -> 21 | J12: 昌 玉 | K12: =IFERROR(G12/I12,"") -> 5
A13: 46148 | B13: 1AZ | C13: 芜湖博康机电股份有限公司 | E13: 3.2.50.30.02364-000 | F13: =VLOOKUP(E13,基础数据!E:F,2,FALSE) -> 线束总成 | G13: 50 | H13: =VLOOKUP(E13,基础数据!E:H,4,FALSE) -> 料盒 | I13: =VLOOKUP(E13,基础数据!E:G,3,FALSE) -> 55 | J13: 昌 玉 | K13: =IFERROR(G13/I13,"") -> 0.90909091
... A45: 46155 | B45: 1AZ | C45: 芜湖博康机电股份有限公司 | E45: 3.1.02.30.00776 | F45: =VLOOKUP(E45,基础数据!E:F,2,FALSE) -> LX00148-CCS总成 | G45: 1200 | H45: =VLOOKUP(E45,基础数据!E:H,4,FALSE) -> 纸箱 | I45: =VLOOKUP(E45,基础数据!E:G,3,FALSE) -> 12 | J45: 昌 玉 | K45: =IFERROR(G45/I45,"") -> 100
F97: =IFERROR(VLOOKUP(E97,日报!E:F,2,0),"") | G97: =IFERROR(VLOOKUP(D97,基础数据!$E$3:$H$21,4,0),"") | H97: =IFERROR(VLOOKUP(E97,基础数据!$E$3:$H$21,4,0),"") | I97: =IFERROR(VLOOKUP(E97,基础数据!$E$3:$H$21,3,0),"") | K97: =IFERROR(G97/I97,"")

Sheet 合格品出库记录
A1: 发货日期 | B1: 厂家代码 | C1: 供应商名称 | D1: 装箱单号 | E1: 零件编号 | F1: 零件名称 | G1: 发货数量 | H1: 包装类型 | I1: 包装数量 | J1: 备注 | K1: 箱数
A2: 46144 | B2: 1AZ | C2: 芜湖博康机电股份有限公司 | D2: 652328514 | E2: 3.2.50.30.00842-000 | F2: =VLOOKUP(E2,基础数据!E:F,2,0) -> A12-菊花链线束 | G2: 1500 | H2: =VLOOKUP(E2,基础数据!E:H,4,0) -> 料盒 | I2: =VLOOKUP(E2,基础数据!E:G,3,0) -> 1500 | J2: 昌 玉 | K2: =IFERROR(G2/I2,"") -> 1
A3: 46144 | B3: 1AZ | C3: 芜湖博康机电股份有限公司 | D3: 652328514 | E3: 3.2.50.30.00842-000 | F3: =VLOOKUP(E3,基础数据!E:F,2,0) -> A12-菊花链线束 | G3: 3000 | H3: =VLOOKUP(E3,基础数据!E:H,4,0) -> 料盒 | I3: =VLOOKUP(E3,基础数据!E:G,3,0) -> 1500 | J3: 昌 玉 | K3: =IFERROR(G3/I3,"") -> 2
A4: 46144 | B4: 1AZ | C4: 芜湖博康机电股份有限公司 | D4: 652328514 | E4: 3.2.50.30.01886-000 | F4: =VLOOKUP(E4,基础数据!E:F,2,0) -> LXCU13E01-分流器线束 | G4: 7500 | H4: =VLOOKUP(E4,基础数据!E:H,4,0) -> 料盒 | I4: =VLOOKUP(E4,基础数据!E:G,3,0) -> 1500 | J4: 昌 玉 | K4: =IFERROR(G4/I4,"") -> 5
A5: 46145 | B5: 1AZ | C5: 芜湖博康机电股份有限公司 | D5: 652332318 | E5: 3.2.50.30.00806-000 | F5: =VLOOKUP(E5,基础数据!E:F,2,0) -> A12-高压支路连接线束-500 | G5: 1000 | H5: =VLOOKUP(E5,基础数据!E:H,4,0) -> 料盒 | I5: =VLOOKUP(E5,基础数据!E:G,3,0) -> 20 | J5: 昌 玉 | K5: =IFERROR(G5/I5,"") -> 50
A6: 46146 | B6: 1AZ | C6: 芜湖博康机电股份有限公司 | D6: 652339115 | E6: 3.1.02.30.00776 | F6: =VLOOKUP(E6,基础数据!E:F,2,0) -> LX00148-CCS总成 | G6: 2076 | H6: =VLOOKUP(E6,基础数据!E:H,4,0) -> 纸箱 | I6: =VLOOKUP(E6,基础数据!E:G,3,0) -> 12 | J6: 昌 玉 | K6: =IFERROR(G6/I6,"") -> 173
A7: 46147 | B7: 1AZ | C7: 芜湖博康机电股份有限公司 | D7: 652342104 | E7: 3.2.50.30.02118-000 | F7: =VLOOKUP(E7,基础数据!E:F,2,0) -> A12EV10-BDU-采样集成线束 | G7: =1100+200+200 -> 1500 | H7: =VLOOKUP(E7,基础数据!E:H,4,0) -> 料盒 | I7: =VLOOKUP(E7,基础数据!E:G,3,0) -> 50 | J7: 昌 玉 | K7: =IFERROR(G7/I7,"") -> 30
A8: 46147 | B8: 1AZ | C8: 芜湖博康机电股份有限公司 | D8: 652342115 | E8: 3.2.50.30.02116-000 | F8: =VLOOKUP(E8,基础数据!E:F,2,0) -> A12EV10-通讯-水温-互锁集成线束-500 | G8: 2520 | H8: =VLOOKUP(E8,基础数据!E:H,4,0) -> 料盒 | I8: =VLOOKUP(E8,基础数据!E:G,3,0) -> 30 | J8: 昌 玉 | K8: =IFERROR(G8/I8,"") -> 84
A9: 46147 | B9: 1AZ | C9: 芜湖博康机电股份有限公司 | D9: 652345510 | E9: 3.1.02.30.00776 | F9: =VLOOKUP(E9,基础数据!E:F,2,0) -> LX00148-CCS总成 | G9: 1200 | H9: =VLOOKUP(E9,基础数据!E:H,4,0) -> 纸箱 | I9: =VLOOKUP(E9,基础数据!E:G,3,0) -> 12 | J9: 昌 玉 | K9: =IFERROR(G9/I9,"") -> 100
A10: 46147 | B10: 1AZ | C10: 芜湖博康机电股份有限公司 | D10: 652345550 | E10: 3.2.50.30.00806-000 | F10: =VLOOKUP(E10,基础数据!E:F,2,0) -> A12-高压支路连接线束-500 | G10: 1500 | H10: =VLOOKUP(E10,基础数据!E:H,4,0) -> 料盒 | I10: =VLOOKUP(E10,基础数据!E:G,3,0) -> 20 | J10: 昌 玉 | K10: =IFERROR(G10/I10,"") -> 75
A11: 46148 | B11: 1AZ | C11: 芜湖博康机电股份有限公司 | D11: 652352010 | E11: 3.2.50.30.00927-000 | F11: =VLOOKUP(E11,基础数据!E:F,2,0) -> A12-外部通讯连接线束 | G11: 1500 | H11: =VLOOKUP(E11,基础数据!E:H,4,0) -> 料盒 | I11: =VLOOKUP(E11,基础数据!E:G,3,0) -> 100 | J11: 昌 玉 | K11: =IFERROR(G11/I11,"") -> 15
A12: 46148 | B12: 1AZ | C12: 芜湖博康机电股份有限公司 | D12: 652352010 | E12: 3.2.50.30.00808-000 | F12: =VLOOKUP(E12,基础数据!E:F,2,0) -> A12-预充电阻连接线束1 | G12: 3000 | H12: =VLOOKUP(E12,基础数据!E:H,4,0) -> 料盒 | I12: =VLOOKUP(E12,基础数据!E:G,3,0) -> 1500 | J12: 昌 玉 | K12: =IFERROR(G12/I12,"") -> 2
A13: 46148 | B13: 1AZ | C13: 芜湖博康机电股份有限公司 | D13: 652352010 | E13: 3.2.50.30.00842-000 | F13: =VLOOKUP(E13,基础数据!E:F,2,0) -> A12-菊花链线束 | G13: 4500 | H13: =VLOOKUP(E13,基础数据!E:H,4,0) -> 料盒 | I13: =VLOOKUP(E13,基础数据!E:G,3,0) -> 1500 | J13: 昌 玉 | K13: =IFERROR(G13/I13,"") -> 3
A14: 46148 | B14: 1AZ | C14: 芜湖博康机电股份有限公司 | D14: 652352010 | E14: 3.2.50.30.01886-000 | F14: =VLOOKUP(E14,基础数据!E:F,2,0) -> LXCU13E01-分流器线束 | G14: 4500 | H14: =VLOOKUP(E14,基础数据!E:H,4,0) -> 料盒 | I14: =VLOOKUP(E14,基础数据!E:G,3,0) -> 1500 | J14: 昌 玉 | K14: =IFERROR(G14/I14,"") -> 3
A15: 46148 | B15: 1AZ | C15: 芜湖博康机电股份有限公司 | D15: 652352028 | E15: 3.2.50.30.01786-000 | F15: =VLOOKUP(E15,基础数据!E:F,2,0) -> A03HW67.1-通讯集成线束 | G15: 400 | H15: =VLOOKUP(E15,基础数据!E:H,4,0) -> 料盒 | I15: =VLOOKUP(E15,基础数据!E:G,3,0) -> 100 | J15: 昌 玉 | K15: =IFERROR(G15/I15,"") -> 4
A16: 46148 | B16: 1AZ | C16: 芜湖博康机电股份有限公司 | D16: 652352028 | E16: 3.2.50.30.01787-000 | F16: =VLOOKUP(E16,基础数据!E:F,2,0) -> A03HW67.1-采样集成线束 | G16: 400 | H16: =VLOOKUP(E16,基础数据!E:H,4,0) -> 料盒 | I16: =VLOOKUP(E16,基础数据!E:G,3,0) -> 40 | J16: 昌 玉 | K16: =IFERROR(G16/I16,"") -> 10
A17: 46149 | B17: 1AZ | C17: 芜湖博康机电股份有限公司 | D17: 652355241 | E17: 3.1.02.30.00776 | F17: =VLOOKUP(E17,基础数据!E:F,2,0) -> LX00148-CCS总成 | G17: 2040 | H17: =VLOOKUP(E17,基础数据!E:H,4,0) -> 纸箱 | I17: =VLOOKUP(E17,基础数据!E:G,3,0) -> 12 | J17: 昌 玉 | K17: =IFERROR(G17/I17,"") -> 170
A18: 46150 | B18: 1AZ | C18: 芜湖博康机电股份有限公司 | D18: 652363134 | E18: 3.2.50.30.02118-000 | F18: =VLOOKUP(E18,基础数据!E:F,2,0) -> A12EV10-BDU-采样集成线束 | G18: 1500 | H18: =VLOOKUP(E18,基础数据!E:H,4,0) -> 料盒 | I18: =VLOOKUP(E18,基础数据!E:G,3,0) -> 50 | J18: 昌 玉 | K18: =IFERROR(G18/I18,"") -> 30
A19: 46150 | B19: 1AZ | C19: 芜湖博康机电股份有限公司 | D19: 652363134 | E19: 3.2.50.30.02116-000 | F19: =VLOOKUP(E19,基础数据!E:F,2,0) -> A12EV10-通讯-水温-互锁集成线束-500 | G19: 1500 | H19: =VLOOKUP(E19,基础数据!E:H,4,0) -> 料盒 | I19: =VLOOKUP(E19,基础数据!E:G,3,0) -> 30 | J19: 昌 玉 | K19: =IFERROR(G19/I19,"") -> 50
... A45: 46153 | B45: 1AZ | C45: 芜湖博康机电股份有限公司 | D45: 652384384 | E45: 3.2.50.30.01758-000 | F45: =VLOOKUP(E45,基础数据!E:F,2,0) -> 线束总成 | G45: 1000 | H45: =VLOOKUP(E45,基础数据!E:H,4,0) -> 料盒 | I45: =VLOOKUP(E45,基础数据!E:G,3,0) -> 100 | J45: 昌 玉 | K45: =IFERROR(G45/I45,"") -> 10
F94: =IFERROR(VLOOKUP(E94,基础数据!$E$3:$F$23,2,0),"") | H94: =IFERROR(VLOOKUP(E94,日报!E:H,4,0),"") | I94: =IFERROR(VLOOKUP(E94,基础数据!$E$3:$H$21,3,0),"") | K94: =IFERROR(G94/I94,"")
F95: =IFERROR(VLOOKUP(E95,基础数据!$E$3:$F$23,2,0),"") | H95: =IFERROR(VLOOKUP(E95,日报!E:H,4,0),"") | I95: =IFERROR(VLOOKUP(E95,基础数据!$E$3:$H$21,3,0),"") | K95: =IFERROR(G95/I95,"")
F96: =IFERROR(VLOOKUP(E96,基础数据!$E$3:$F$23,2,0),"") | H96: =IFERROR(VLOOKUP(E96,日报!E:H,4,0),"") | I96: =IFERROR(VLOOKUP(E96,基础数据!$E$3:$H$21,3,0),"") | K96: =IFERROR(G96/I96,"")
F97: =IFERROR(VLOOKUP(E97,基础数据!$E$3:$F$23,2,0),"") | H97: =IFERROR(VLOOKUP(E97,日报!E:H,4,0),"") | I97: =IFERROR(VLOOKUP(E97,基础数据!$E$3:$H$21,3,0),"") | K97: =IFERROR(G97/I97,"")
F98: =IFERROR(VLOOKUP(E98,基础数据!$E$3:$F$23,2,0),"") | H98: =IFERROR(VLOOKUP(E98,日报!E:H,4,0),"") | I98: =IFERROR(VLOOKUP(E98,基础数据!$E$3:$H$21,3,0),"") | K98: =IFERROR(G98/I98,"")
F99: =IFERROR(VLOOKUP(E99,基础数据!$E$3:$F$23,2,0),"") | H99: =IFERROR(VLOOKUP(E99,日报!E:H,4,0),"") | I99: =IFERROR(VLOOKUP(E99,基础数据!$E$3:$H$21,3,0),"") | K99: =IFERROR(G99/I99,"")
F100: =IFERROR(VLOOKUP(E100,基础数据!$E$3:$F$23,2,0),"") | H100: =IFERROR(VLOOKUP(E100,日报!E:H,4,0),"") | I100: =IFERROR(VLOOKUP(E100,基础数据!$E$3:$H$21,3,0),"") | K100: =IFERROR(G100/I100,"")
F101: =IFERROR(VLOOKUP(E101,基础数据!$E$3:$F$23,2,0),"") | H101: =IFERROR(VLOOKUP(E101,日报!E:H,4,0),"") | I101: =IFERROR(VLOOKUP(E101,基础数据!$E$3:$H$21,3,0),"") | K101: =IFERROR(G101/I101,"")
F102: =IFERROR(VLOOKUP(E102,基础数据!$E$3:$F$23,2,0),"") | H102: =IFERROR(VLOOKUP(E102,日报!E:H,4,0),"") | I102: =IFERROR(VLOOKUP(E102,基础数据!$E$3:$H$21,3,0),"") | K102: =IFERROR(G102/I102,"")

Sheet 零跑退回
A1: 日期 | B1: 厂家代码 | C1: 供应商名称 | D1: 零件号/空盛具 | E1: 零件名称 | F1: 退货数量 | G1: 发货人 | H1: 备注 | I1: 单号 | J1: 备注2
A2: 46155 | B2: 1AZ | C2: 芜湖博康机电股份有限公司 | D2: 3.2.50.30.01130-000 | E2: A12-高压支路连接线束-400 | F2: 578 | H2: 零跑退回
E6: =IFERROR(VLOOKUP(D6,基础数据!E:F,2,0),"")
E7: =IFERROR(VLOOKUP(D7,基础数据!E:F,2,0),"")
E8: =IFERROR(VLOOKUP(D8,基础数据!E:F,2,0),"")
E9: =IFERROR(VLOOKUP(D9,基础数据!E:F,2,0),"")
E10: =IFERROR(VLOOKUP(D10,基础数据!E:F,2,0),"")
E11: =IFERROR(VLOOKUP(D11,基础数据!E:F,2,0),"")
E12: =IFERROR(VLOOKUP(D12,基础数据!E:F,2,0),"")
E13: =IFERROR(VLOOKUP(D13,基础数据!E:F,2,0),"")
E14: =IFERROR(VLOOKUP(D14,基础数据!E:F,2,0),"")
E15: =IFERROR(VLOOKUP(D15,基础数据!E:F,2,0),"")
E16: =IFERROR(VLOOKUP(D16,基础数据!E:F,2,0),"")
E17: =IFERROR(VLOOKUP(D17,基础数据!E:F,2,0),"")
... E44: =IFERROR(VLOOKUP(D44,基础数据!E:F,2,0),"")

Sheet 退回供应商
A1: 日期 | B1: 厂家代码 | C1: 供应商名称 | D1: 零件号/空盛具 | E1: 零件名称 | F1: 退货数量 | G1: 发货人 | H1: 备注 | I1: 单号 | J1: 备注2
E3: =IFERROR(VLOOKUP(D3,基础数据!E:F,2,0),"")
E4: =IFERROR(VLOOKUP(D4,基础数据!E:F,2,0),"")
E5: =IFERROR(VLOOKUP(D5,基础数据!E:F,2,0),"")
E6: =IFERROR(VLOOKUP(D6,基础数据!E:F,2,0),"")
E7: =IFERROR(VLOOKUP(D7,基础数据!E:F,2,0),"")
E8: =IFERROR(VLOOKUP(D8,基础数据!E:F,2,0),"")
E9: =IFERROR(VLOOKUP(D9,基础数据!E:F,2,0),"")
E10: =IFERROR(VLOOKUP(D10,基础数据!E:F,2,0),"")
E11: =IFERROR(VLOOKUP(D11,基础数据!E:F,2,0),"")
E12: =IFERROR(VLOOKUP(D12,基础数据!E:F,2,0),"")
E13: =IFERROR(VLOOKUP(D13,基础数据!E:F,2,0),"")
E14: =IFERROR(VLOOKUP(D14,基础数据!E:F,2,0),"")
... E34: =IFERROR(VLOOKUP(D34,基础数据!E:F,2,0),"")

Sheet 库内不良
A1: 日期 | B1: 厂家代码 | C1: 供应商名称 | D1: 零件号/空盛具 | E1: 零件名称 | F1: 退货数量 | G1: 发货人 | H1: 备注 | I1: 单号 | J1: 备注2
E3: =IFERROR(VLOOKUP(D3,基础数据!E:F,2,0),"")
E4: =IFERROR(VLOOKUP(D4,基础数据!E:F,2,0),"")
E5: =IFERROR(VLOOKUP(D5,基础数据!E:F,2,0),"")
E6: =IFERROR(VLOOKUP(D6,基础数据!E:F,2,0),"")
E7: =IFERROR(VLOOKUP(D7,基础数据!E:F,2,0),"")
E8: =IFERROR(VLOOKUP(D8,基础数据!E:F,2,0),"")
E9: =IFERROR(VLOOKUP(D9,基础数据!E:F,2,0),"")
E10: =IFERROR(VLOOKUP(D10,基础数据!E:F,2,0),"")
E11: =IFERROR(VLOOKUP(D11,基础数据!E:F,2,0),"")
E12: =IFERROR(VLOOKUP(D12,基础数据!E:F,2,0),"")
E13: =IFERROR(VLOOKUP(D13,基础数据!E:F,2,0),"")
E14: =IFERROR(VLOOKUP(D14,基础数据!E:F,2,0),"")
... E25: =IFERROR(VLOOKUP(D25,基础数据!E:F,2,0),"")

Sheet 基础数据
A1: 序号 | B1: 供应商代码 | C1: 供应商名称 | D1: 供应商内部料号 | E1: 零跑零件编号 | F1: 零件名称 | G1: SNP | H1: 器具类型 | I1: 交付地点
A3: =ROW()-2 -> 1 | B3: 1AZ | C3: 芜湖博康机电股份有限公司 | E3: 3.2.50.30.00806-000 | F3: A12-高压支路连接线束-500 | G3: 20 | H3: 料盒 | I3: 电池
A4: =ROW()-2 -> 2 | B4: 1AZ | C4: 芜湖博康机电股份有限公司 | E4: 3.2.50.30.00927-000 | F4: A12-外部通讯连接线束 | G4: 100 | H4: 料盒 | I4: 电池
A5: =ROW()-2 -> 3 | B5: 1AZ | C5: 芜湖博康机电股份有限公司 | E5: 3.2.50.30.01736-000 | F5: A12EV10-预充电阻连接线束 | G5: 100 | H5: 料盒 | I5: 电池
A6: =ROW()-2 -> 4 | B6: 1AZ | C6: 芜湖博康机电股份有限公司 | E6: 3.2.50.30.00808-000 | F6: A12-预充电阻连接线束1 | G6: 1500 | H6: 料盒 | I6: 电池
A7: =ROW()-2 -> 5 | B7: 1AZ | C7: 芜湖博康机电股份有限公司 | E7: 3.2.50.30.00842-000 | F7: A12-菊花链线束 | G7: 1500 | H7: 料盒 | I7: 电池
A8: =ROW()-2 -> 6 | B8: 1AZ | C8: 芜湖博康机电股份有限公司 | E8: 3.2.50.30.02116-000 | F8: A12EV10-通讯-水温-互锁集成线束-500 | G8: 30 | H8: 料盒 | I8: 电池
A9: =ROW()-2 -> 7 | B9: 1AZ | C9: 芜湖博康机电股份有限公司 | E9: 3.2.50.30.02118-000 | F9: A12EV10-BDU-采样集成线束 | G9: 50 | H9: 料盒 | I9: 电池
A10: =ROW()-2 -> 8 | B10: 1AZ | C10: 芜湖博康机电股份有限公司 | E10: 3.2.50.30.00596-000 | F10: CTC_高压插座线束 | G10: 70 | H10: 料盒 | I10: 电池
A11: =ROW()-2 -> 9 | B11: 1AZ | C11: 芜湖博康机电股份有限公司 | E11: 3.2.50.30.01656-000 | F11: LXC11EV1A-水温-互锁集成线束 | G11: 15 | H11: 料盒 | I11: 电池
A12: =ROW()-2 -> 10 | B12: 1AZ | C12: 芜湖博康机电股份有限公司 | E12: 3.2.50.30.01657-000 | F12: LXC11EV1A-高压支路线束 | G12: 20 | H12: 料盒 | I12: 电池
A13: =ROW()-2 -> 11 | B13: 1AZ | C13: 芜湖博康机电股份有限公司 | E13: 3.2.50.30.01661-000 | F13: LXC11EV1A-BDU内部线束 | G13: 50 | H13: 料盒 | I13: 电池
A14: =ROW()-2 -> 12 | B14: 1AZ | C14: 芜湖博康机电股份有限公司 | E14: 3.2.50.30.01625-000 | F14: LXC11EV1A-快充高压插座线束 | G14: 48 | H14: 料盒 | I14: 电池
... A32: =ROW()-2 -> 30 | B32: 1AZ | C32: 芜湖博康机电股份有限公司 | E32: 3.2.50.30.02363-000 | F32: 线束总成 | G32: 21 | H32: 料盒 | I32: 电池
A33: =ROW()-2 -> 31 | B33: 1AZ | C33: 芜湖博康机电股份有限公司 | E33: 3.2.50.30.01130-000 | F33: A12-高压支路连接线束-400 | H33: 料盒 | I33: 电池
