Workbook

Sheet 日报
A1: 46143 | F1: 注：“可用结存”列中红色数据代表库存量过低;
A2: 序号 | B2: 供应商代码 | C2: 供应商名称 | D2: 车型 | E2: 零跑零件编号 | F2: 零件名称 | G2: SNP | H2: 器具类型 | I2: 良品上月结存 | J2: 不良品上月结存 | K2: 累进 | L2: 累出 | M2: 零跑退回 | N2: 库内不良 | O2: 退回供应商 | P2: 不合格品库存 | Q2: 可用结存 | R2: 最高库存量 | S2: 单车用量 | T2: 入库 | AY2: 出库
T3: 46143 | U3: =T3+1 -> 46144 | V3: =U3+1 -> 46145 | W3: =V3+1 -> 46146 | X3: =W3+1 -> 46147 | Y3: =X3+1 -> 46148 | Z3: =Y3+1 -> 46149 | AA3: =Z3+1 -> 46150 | AB3: =AA3+1 -> 46151 | ... AX3: =AW3+1 -> 46173 | AY3: 46143 | AZ3: =AY3+1 -> 46144 | BA3: =AZ3+1 -> 46145 | BB3: =BA3+1 -> 46146 | BC3: =BB3+1 -> 46147 | BD3: =BC3+1 -> 46148 | BE3: =BD3+1 -> 46149 | BF3: =BE3+1 -> 46150 | BG3: =BF3+1 -> 46151 | ... CC3: =CB3+1 -> 46173
A4: =ROW()-3 -> 1 | B4: =IFERROR(VLOOKUP(基础数据!B3,基础数据!B:B,1,0),"") -> 1DH | C4: =IFERROR(VLOOKUP(基础数据!C3,基础数据!C:C,1,0),"") -> 宁波碧海精工有限公司 | D4: =IFERROR(VLOOKUP(基础数据!D3,基础数据!D:D,1,0),"") | E4: =IFERROR(VLOOKUP(基础数据!E3,基础数据!E:E,1,0),"") -> 3.2.44.30.02154-000 | F4: =IFERROR(VLOOKUP(基础数据!F3,基础数据!F:F,1,0),"") -> 02154端板 | G4: =IFERROR(VLOOKUP(基础数据!G3,基础数据!G:G,1,0),"") -> 84 | H4: =IFERROR(VLOOKUP(基础数据!H3,基础数据!H:H,1,0),"") -> 料盒 | I4: 3360 | J4: 0 | K4: =SUMIF(合格品入货记录!E:E,日报!E4,合格品入货记录!G:G) -> 6720 | L4: =SUMIF(合格品出库记录!E:E,日报!E4,合格品出库记录!G:G) -> 6720 | M4: =SUMIF(零跑退回!D:D,日报!E:E,零跑退回!F:F) -> 0 | N4: =SUMIF(库内不良!D:D,E:E,库内不良!F:F) -> 0 | O4: =SUMIF(退回供应商!D:D,日报!E:E,退回供应商!F:F) -> 0 | P4: =J4+M4+N4-O4 -> 0 | Q4: =I4+K4-L4-N4 -> 3360 | S4: 1 | T4: =IF(SUMIFS(合格品入货记录!$G:$G,合格品入货记录!$E:$E,日报!$E:$E,合格品入货记录!$A:$A,日报!T$3)<>0,SUMIFS(合格品入货记录!$G:$G,合格品入货记录!$E:$E,日报!$E:$E,合格品入货记录!$A:$A,日报!T$3),"") | U4: =IF(SUMIFS(合格品入货记录!$G:$G,合格品入货记录!$E:$E,日报!$E:$E,合格品入货记录!$A:$A,日报!U$3)<>0,SUMIFS(合格品入货记录!$G:$G,合格品入货记录!$E:$E,日报!$E:$E,合格品入货记录!$A:$A,日报!U$3),"") | V4: =IF(SUMIFS(合格品入货记录!$G:$G,合格品入货记录!$E:$E,日报!$E:$E,合格品入货记录!$A:$A,日报!V$3)<>0,SUMIFS(合格品入货记录!$G:$G,合格品入货记录!$E:$E,日报!$E:$E,合格品入货记录!$A:$A,日报!V$3),"") | W4: =IF(SUMIFS(合格品入货记录!$G:$G,合格品入货记录!$E:$E,日报!$E:$E,合格品入货记录!$A:$A,日报!W$3)<>0,SUMIFS(合格品入货记录!$G:$G,合格品入货记录!$E:$E,日报!$E:$E,合格品入货记录!$A:$A,日报!W$3),"") | X4: =IF(SUMIFS(合格品入货记录!$G:$G,合格品入货记录!$E:$E,日报!$E:$E,合格品入货记录!$A:$A,日报!X$3)<>0,SUMIFS(合格品入货记录!$G:$G,合格品入货记录!$E:$E,日报!$E:$E,合格品入货记录!$A:$A,日报!X$3),"") -> 3360 | Y4: =IF(SUMIFS(合格品入货记录!$G:$G,合格品入货记录!$E:$E,日报!$E:$E,合格品入货记录!$A:$A,日报!Y$3)<>0,SUMIFS(合格品入货记录!$G:$G,合格品入货记录!$E:$E,日报!$E:$E,合格品入货记录!$A:$A,日报!Y$3),"") | Z4: =IF(SUMIFS(合格品入货记录!$G:$G,合格品入货记录!$E:$E,日报!$E:$E,合格品入货记录!$A:$A,日报!Z$3)<>0,SUMIFS(合格品入货记录!$G:$G,合格品入货记录!$E:$E,日报!$E:$E,合格品入货记录!$A:$A,日报!Z$3),"") | AA4: =IF(SUMIFS(合格品入货记录!$G:$G,合格品入货记录!$E:$E,日报!$E:$E,合格品入货记录!$A:$A,日报!AA$3)<>0,SUMIFS(合格品入货记录!$G:$G,合格品入货记录!$E:$E,日报!$E:$E,合格品入货记录!$A:$A,日报!AA$3),"") -> 3360 | ... AU4: =IF(SUMIFS(合格品入货记录!$G:$G,合格品入货记录!$E:$E,日报!$E:$E,合格品入货记录!$A:$A,日报!AU$3)<>0,SUMIFS(合格品入货记录!$G:$G,合格品入货记录!$E:$E,日报!$E:$E,合格品入货记录!$A:$A,日报!AU$3),"") | AY4: =IF(SUMIFS(合格品出库记录!$G:$G,合格品出库记录!$E:$E,日报!$E:$E,合格品出库记录!$A:$A,日报!AY$3)<>0,SUMIFS(合格品出库记录!$G:$G,合格品出库记录!$E:$E,日报!$E:$E,合格品出库记录!$A:$A,日报!AY$3),"") | AZ4: =IF(SUMIFS(合格品出库记录!$G:$G,合格品出库记录!$E:$E,日报!$E:$E,合格品出库记录!$A:$A,日报!AZ$3)<>0,SUMIFS(合格品出库记录!$G:$G,合格品出库记录!$E:$E,日报!$E:$E,合格品出库记录!$A:$A,日报!AZ$3),"") | BA4: =IF(SUMIFS(合格品出库记录!$G:$G,合格品出库记录!$E:$E,日报!$E:$E,合格品出库记录!$A:$A,日报!BA$3)<>0,SUMIFS(合格品出库记录!$G:$G,合格品出库记录!$E:$E,日报!$E:$E,合格品出库记录!$A:$A,日报!BA$3),"") -> 3360 | BB4: =IF(SUMIFS(合格品出库记录!$G:$G,合格品出库记录!$E:$E,日报!$E:$E,合格品出库记录!$A:$A,日报!BB$3)<>0,SUMIFS(合格品出库记录!$G:$G,合格品出库记录!$E:$E,日报!$E:$E,合格品出库记录!$A:$A,日报!BB$3),"") | BC4: =IF(SUMIFS(合格品出库记录!$G:$G,合格品出库记录!$E:$E,日报!$E:$E,合格品出库记录!$A:$A,日报!BC$3)<>0,SUMIFS(合格品出库记录!$G:$G,合格品出库记录!$E:$E,日报!$E:$E,合格品出库记录!$A:$A,日报!BC$3),"") | BD4: =IF(SUMIFS(合格品出库记录!$G:$G,合格品出库记录!$E:$E,日报!$E:$E,合格品出库记录!$A:$A,日报!BD$3)<>0,SUMIFS(合格品出库记录!$G:$G,合格品出库记录!$E:$E,日报!$E:$E,合格品出库记录!$A:$A,日报!BD$3),"") | BE4: =IF(SUMIFS(合格品出库记录!$G:$G,合格品出库记录!$E:$E,日报!$E:$E,合格品出库记录!$A:$A,日报!BE$3)<>0,SUMIFS(合格品出库记录!$G:$G,合格品出库记录!$E:$E,日报!$E:$E,合格品出库记录!$A:$A,日报!BE$3),"") | BF4: =IF(SUMIFS(合格品出库记录!$G:$G,合格品出库记录!$E:$E,日报!$E:$E,合格品出库记录!$A:$A,日报!BF$3)<>0,SUMIFS(合格品出库记录!$G:$G,合格品出库记录!$E:$E,日报!$E:$E,合格品出库记录!$A:$A,日报!BF$3),"") | ... CC4: =IF(SUMIFS(合格品出库记录!$G:$G,合格品出库记录!$E:$E,日报!$E:$E,合格品出库记录!$A:$A,日报!CC$3)<>0,SUMIFS(合格品出库记录!$G:$G,合格品出库记录!$E:$E,日报!$E:$E,合格品出库记录!$A:$A,日报!CC$3),"")

Sheet 合格品入货记录
A1: 到货日期 | B1: 厂家代码 | C1: 供应商名称 | D1: 到货单号 | E1: 零件编号 | F1: 零件名称 | G1: 收货数量 | H1: 包装类型 | I1: 包装数量 | J1: 备注 | K1: 箱数
A2: 46147 | B2: 1DH | C2: 宁波碧海精工有限公司 | D2: S260504001 | E2: 3.2.44.30.02154-000 | F2: =IFERROR(VLOOKUP(E2,日报!E:G,2,0),"") -> 02154端板 | G2: 3360 | H2: =IFERROR(VLOOKUP(E2,日报!E:H,4,0),"") -> 料盒 | I2: =IFERROR(VLOOKUP(E2,日报!E:G,3,0),"") -> 84 | J2: 昌 玉 | K2: =IFERROR(G2/I2,"") -> 40
A3: 46150 | B3: 1DH | C3: 宁波碧海精工有限公司 | D3: S260507001 | E3: 3.2.44.30.02154-000 | F3: =IFERROR(VLOOKUP(E3,日报!E:G,2,0),"") -> 02154端板 | G3: 3360 | H3: =IFERROR(VLOOKUP(E3,日报!E:H,4,0),"") -> 料盒 | I3: =IFERROR(VLOOKUP(E3,日报!E:G,3,0),"") -> 84 | J3: 昌 玉 | K3: =IFERROR(G3/I3,"") -> 40
F16: =IFERROR(VLOOKUP(E16,日报!E:F,2,0),"") | H16: =IFERROR(VLOOKUP(E16,日报!E:H,4,0),"") | I16: =IFERROR(VLOOKUP(E16,日报!E:G,4,0),"") | K16: =IFERROR(G16/I16,"")
F17: =IFERROR(VLOOKUP(E17,日报!E:F,2,0),"") | H17: =IFERROR(VLOOKUP(E17,日报!E:H,4,0),"") | I17: =IFERROR(VLOOKUP(E17,日报!E:G,4,0),"") | K17: =IFERROR(G17/I17,"")
F18: =IFERROR(VLOOKUP(E18,日报!E:F,2,0),"") | H18: =IFERROR(VLOOKUP(E18,日报!E:H,4,0),"") | I18: =IFERROR(VLOOKUP(E18,日报!E:G,4,0),"") | K18: =IFERROR(G18/I18,"")
F19: =IFERROR(VLOOKUP(E19,日报!E:F,2,0),"") | H19: =IFERROR(VLOOKUP(E19,日报!E:H,4,0),"") | I19: =IFERROR(VLOOKUP(E19,日报!E:G,4,0),"") | K19: =IFERROR(G19/I19,"")
F20: =IFERROR(VLOOKUP(E20,日报!E:F,2,0),"") | H20: =IFERROR(VLOOKUP(E20,日报!E:H,4,0),"") | I20: =IFERROR(VLOOKUP(E20,日报!E:G,4,0),"") | K20: =IFERROR(G20/I20,"")
F21: =IFERROR(VLOOKUP(E21,日报!E:F,2,0),"") | H21: =IFERROR(VLOOKUP(E21,日报!E:H,4,0),"") | I21: =IFERROR(VLOOKUP(E21,日报!E:G,4,0),"") | K21: =IFERROR(G21/I21,"")
F22: =IFERROR(VLOOKUP(E22,日报!E:F,2,0),"") | H22: =IFERROR(VLOOKUP(E22,日报!E:H,4,0),"") | I22: =IFERROR(VLOOKUP(E22,日报!E:G,4,0),"") | K22: =IFERROR(G22/I22,"")
F23: =IFERROR(VLOOKUP(E23,日报!E:F,2,0),"") | H23: =IFERROR(VLOOKUP(E23,日报!E:H,4,0),"") | I23: =IFERROR(VLOOKUP(E23,日报!E:G,4,0),"") | K23: =IFERROR(G23/I23,"")
F24: =IFERROR(VLOOKUP(E24,日报!E:F,2,0),"") | H24: =IFERROR(VLOOKUP(E24,日报!E:H,4,0),"") | I24: =IFERROR(VLOOKUP(E24,日报!E:G,4,0),"") | K24: =IFERROR(G24/I24,"")
F25: =IFERROR(VLOOKUP(E25,日报!E:F,2,0),"") | H25: =IFERROR(VLOOKUP(E25,日报!E:H,4,0),"") | I25: =IFERROR(VLOOKUP(E25,日报!E:G,4,0),"") | K25: =IFERROR(G25/I25,"")
F26: =IFERROR(VLOOKUP(E26,日报!E:F,2,0),"") | H26: =IFERROR(VLOOKUP(E26,日报!E:H,4,0),"") | I26: =IFERROR(VLOOKUP(E26,日报!E:G,4,0),"") | K26: =IFERROR(G26/I26,"")
F27: =IFERROR(VLOOKUP(E27,日报!E:F,2,0),"") | H27: =IFERROR(VLOOKUP(E27,日报!E:H,4,0),"") | I27: =IFERROR(VLOOKUP(E27,日报!E:G,4,0),"") | K27: =IFERROR(G27/I27,"")
... F140: =IFERROR(VLOOKUP(E140,日报!E:F,2,0),"") | H140: =IFERROR(VLOOKUP(E140,日报!E:H,4,0),"") | I140: =IFERROR(VLOOKUP(E140,日报!E:G,4,0),"") | K140: =IFERROR(G140/I140,"")

Sheet 合格品出库记录
A1: 发货日期 | B1: 厂家代码 | C1: 供应商名称 | D1: 装箱单号 | E1: 零件编号 | F1: 零件名称 | G1: 发货数量 | H1: 包装类型 | I1: 包装数量 | J1: 备注 | K1: 箱数
A2: 46145 | B2: 1DH | C2: 宁波碧海精工有限公司 | D2: 652329279 | E2: 3.2.44.30.02154-000 | F2: =IFERROR(VLOOKUP(E2,日报!E:G,2,0),"") -> 02154端板 | G2: 3360 | H2: =IFERROR(VLOOKUP(E2,日报!E:H,4,0),"") -> 料盒 | I2: =IFERROR(VLOOKUP(E2,日报!E:G,3,0),"") -> 84 | J2: 昌 玉 | K2: =IFERROR(G2/I2,"") -> 40
A3: 46155 | B3: 1DH | C3: 宁波碧海精工有限公司 | D3: 652398258 | E3: 3.2.44.30.02154-000 | F3: =IFERROR(VLOOKUP(E3,日报!E:G,2,0),"") -> 02154端板 | G3: 3360 | H3: =IFERROR(VLOOKUP(E3,日报!E:H,4,0),"") -> 料盒 | I3: =IFERROR(VLOOKUP(E3,日报!E:G,3,0),"") -> 84 | J3: 昌 玉 | K3: =IFERROR(G3/I3,"") -> 40
F15: =IFERROR(VLOOKUP(E15,日报!E:G,2,0),"") | H15: =IFERROR(VLOOKUP(E15,日报!E:H,4,0),"") | I15: =IFERROR(VLOOKUP(E15,日报!E:G,3,0),"") | K15: =IFERROR(G15/I15,"")
F16: =IFERROR(VLOOKUP(E16,日报!E:G,2,0),"") | H16: =IFERROR(VLOOKUP(E16,日报!E:H,4,0),"") | I16: =IFERROR(VLOOKUP(E16,日报!E:G,3,0),"") | K16: =IFERROR(G16/I16,"")
F17: =IFERROR(VLOOKUP(E17,日报!E:G,2,0),"") | H17: =IFERROR(VLOOKUP(E17,日报!E:H,4,0),"") | I17: =IFERROR(VLOOKUP(E17,日报!E:G,3,0),"") | K17: =IFERROR(G17/I17,"")
F18: =IFERROR(VLOOKUP(E18,日报!E:G,2,0),"") | H18: =IFERROR(VLOOKUP(E18,日报!E:H,4,0),"") | I18: =IFERROR(VLOOKUP(E18,日报!E:G,3,0),"") | K18: =IFERROR(G18/I18,"")
F19: =IFERROR(VLOOKUP(E19,日报!E:G,2,0),"") | H19: =IFERROR(VLOOKUP(E19,日报!E:H,4,0),"") | I19: =IFERROR(VLOOKUP(E19,日报!E:G,3,0),"") | K19: =IFERROR(G19/I19,"")
F20: =IFERROR(VLOOKUP(E20,日报!E:G,2,0),"") | H20: =IFERROR(VLOOKUP(E20,日报!E:H,4,0),"") | I20: =IFERROR(VLOOKUP(E20,日报!E:G,3,0),"") | K20: =IFERROR(G20/I20,"")
F21: =IFERROR(VLOOKUP(E21,日报!E:G,2,0),"") | H21: =IFERROR(VLOOKUP(E21,日报!E:H,4,0),"") | I21: =IFERROR(VLOOKUP(E21,日报!E:G,3,0),"") | K21: =IFERROR(G21/I21,"")
F22: =IFERROR(VLOOKUP(E22,日报!E:G,2,0),"") | H22: =IFERROR(VLOOKUP(E22,日报!E:H,4,0),"") | I22: =IFERROR(VLOOKUP(E22,日报!E:G,3,0),"") | K22: =IFERROR(G22/I22,"")
F23: =IFERROR(VLOOKUP(E23,日报!E:G,2,0),"") | H23: =IFERROR(VLOOKUP(E23,日报!E:H,4,0),"") | I23: =IFERROR(VLOOKUP(E23,日报!E:G,3,0),"") | K23: =IFERROR(G23/I23,"")
F24: =IFERROR(VLOOKUP(E24,日报!E:G,2,0),"") | H24: =IFERROR(VLOOKUP(E24,日报!E:H,4,0),"") | I24: =IFERROR(VLOOKUP(E24,日报!E:G,3,0),"") | K24: =IFERROR(G24/I24,"")
F25: =IFERROR(VLOOKUP(E25,日报!E:G,2,0),"") | H25: =IFERROR(VLOOKUP(E25,日报!E:H,4,0),"") | I25: =IFERROR(VLOOKUP(E25,日报!E:G,3,0),"") | K25: =IFERROR(G25/I25,"")
F26: =IFERROR(VLOOKUP(E26,日报!E:G,2,0),"") | H26: =IFERROR(VLOOKUP(E26,日报!E:H,4,0),"") | I26: =IFERROR(VLOOKUP(E26,日报!E:G,3,0),"") | K26: =IFERROR(G26/I26,"")
... F189: =IFERROR(VLOOKUP(E189,日报!E:G,2,0),"") | H189: =IFERROR(VLOOKUP(E189,日报!E:H,4,0),"") | I189: =IFERROR(VLOOKUP(E189,日报!E:G,3,0),"") | K189: =IFERROR(G189/I189,"")

Sheet 零跑退回
A1: 日期 | B1: 厂家代码 | C1: 供应商名称 | D1: 零件号/空盛具 | E1: 零件名称 | F1: 退货数量 | G1: 发货人 | H1: 备注 | I1: 单号 | J1: 备注2
E2: =IFERROR(VLOOKUP(D2,基础数据!E:F,2,0),"")
E3: =IFERROR(VLOOKUP(D3,基础数据!E:F,2,0),"")
E4: =IFERROR(VLOOKUP(D4,基础数据!E:F,2,0),"")
E5: =IFERROR(VLOOKUP(D5,基础数据!E:F,2,0),"")
E6: =IFERROR(VLOOKUP(D6,基础数据!E:F,2,0),"")
E7: =IFERROR(VLOOKUP(D7,基础数据!E:F,2,0),"")
E8: =IFERROR(VLOOKUP(D8,基础数据!E:F,2,0),"")
E9: =IFERROR(VLOOKUP(D9,基础数据!E:F,2,0),"")
E10: =IFERROR(VLOOKUP(D10,基础数据!E:F,2,0),"")
E11: =IFERROR(VLOOKUP(D11,基础数据!E:F,2,0),"")
E12: =IFERROR(VLOOKUP(D12,基础数据!E:F,2,0),"")
E13: =IFERROR(VLOOKUP(D13,基础数据!E:F,2,0),"")
... E44: =IFERROR(VLOOKUP(D44,基础数据!E:F,2,0),"")

Sheet 退回供应商
A1: 日期 | B1: 厂家代码 | C1: 供应商名称 | D1: 零件号/空盛具 | E1: 零件名称 | F1: 退货数量 | G1: 发货人 | H1: 备注 | I1: 单号 | J1: 备注2
E2: =IFERROR(VLOOKUP(D2,基础数据!E:F,2,0),"")
E3: =IFERROR(VLOOKUP(D3,基础数据!E:F,2,0),"")
E4: =IFERROR(VLOOKUP(D4,基础数据!E:F,2,0),"")
E5: =IFERROR(VLOOKUP(D5,基础数据!E:F,2,0),"")
E6: =IFERROR(VLOOKUP(D6,基础数据!E:F,2,0),"")
E7: =IFERROR(VLOOKUP(D7,基础数据!E:F,2,0),"")
E8: =IFERROR(VLOOKUP(D8,基础数据!E:F,2,0),"")
E9: =IFERROR(VLOOKUP(D9,基础数据!E:F,2,0),"")
E10: =IFERROR(VLOOKUP(D10,基础数据!E:F,2,0),"")
E11: =IFERROR(VLOOKUP(D11,基础数据!E:F,2,0),"")
E12: =IFERROR(VLOOKUP(D12,基础数据!E:F,2,0),"")
E13: =IFERROR(VLOOKUP(D13,基础数据!E:F,2,0),"")
... E34: =IFERROR(VLOOKUP(D34,基础数据!E:F,2,0),"")

Sheet 库内不良
A1: 日期 | B1: 厂家代码 | C1: 供应商名称 | D1: 零件号/空盛具 | E1: 零件名称 | F1: 退货数量 | G1: 发货人 | H1: 备注 | I1: 单号 | J1: 备注2
E2: =IFERROR(VLOOKUP(D2,基础数据!E:F,2,0),"")
E3: =IFERROR(VLOOKUP(D3,基础数据!E:F,2,0),"")
E4: =IFERROR(VLOOKUP(D4,基础数据!E:F,2,0),"")
E5: =IFERROR(VLOOKUP(D5,基础数据!E:F,2,0),"")
E6: =IFERROR(VLOOKUP(D6,基础数据!E:F,2,0),"")
E7: =IFERROR(VLOOKUP(D7,基础数据!E:F,2,0),"")
E8: =IFERROR(VLOOKUP(D8,基础数据!E:F,2,0),"")
E9: =IFERROR(VLOOKUP(D9,基础数据!E:F,2,0),"")
E10: =IFERROR(VLOOKUP(D10,基础数据!E:F,2,0),"")
E11: =IFERROR(VLOOKUP(D11,基础数据!E:F,2,0),"")
E12: =IFERROR(VLOOKUP(D12,基础数据!E:F,2,0),"")
E13: =IFERROR(VLOOKUP(D13,基础数据!E:F,2,0),"")
... E25: =IFERROR(VLOOKUP(D25,基础数据!E:F,2,0),"")

Sheet 基础数据
A1: 序号 | B1: 供应商代码 | C1: 供应商名称 | D1: 车型 | E1: 零跑零件编号 | F1: 零件名称 | G1: SNP | H1: 器具类型 | I1: 交付地点
A3: =ROW()-2 -> 1 | B3: 1DH | C3: 宁波碧海精工有限公司 | E3: 3.2.44.30.02154-000 | F3: 02154端板 | G3: 84 | H3: 料盒 | I3: 电池工厂
A4: =ROW()-2 -> 2
A5: =ROW()-2 -> 3
A6: =ROW()-2 -> 4
A7: =ROW()-2 -> 5
A8: =ROW()-2 -> 6
A9: =ROW()-2 -> 7
A10: =ROW()-2 -> 8
A11: =ROW()-2 -> 9
A12: =ROW()-2 -> 10
